"GEO_ID","NAME","B19001_001E","B19001_001M","B19001_002E","B19001_002M","B19001_003E","B19001_003M","B19001_004E","B19001_004M","B19001_005E","B19001_005M","B19001_006E","B19001_006M","B19001_007E","B19001_007M","B19001_008E","B19001_008M","B19001_009E","B19001_009M","B19001_010E","B19001_010M","B19001_011E","B19001_011M","B19001_012E","B19001_012M","B19001_013E","B19001_013M","B19001_014E","B19001_014M","B19001_015E","B19001_015M","B19001_016E","B19001_016M","B19001_017E","B19001_017M",
"Geography","Geographic Area Name","Estimate!!Total:","Margin of Error!!Total:","Estimate!!Total:!!Less than $10,000","Margin of Error!!Total:!!Less than $10,000","Estimate!!Total:!!$10,000 to $14,999","Margin of Error!!Total:!!$10,000 to $14,999","Estimate!!Total:!!$15,000 to $19,999","Margin of Error!!Total:!!$15,000 to $19,999","Estimate!!Total:!!$20,000 to $24,999","Margin of Error!!Total:!!$20,000 to $24,999","Estimate!!Total:!!$25,000 to $29,999","Margin of Error!!Total:!!$25,000 to $29,999","Estimate!!Total:!!$30,000 to $34,999","Margin of Error!!Total:!!$30,000 to $34,999","Estimate!!Total:!!$35,000 to $39,999","Margin of Error!!Total:!!$35,000 to $39,999","Estimate!!Total:!!$40,000 to $44,999","Margin of Error!!Total:!!$40,000 to $44,999","Estimate!!Total:!!$45,000 to $49,999","Margin of Error!!Total:!!$45,000 to $49,999","Estimate!!Total:!!$50,000 to $59,999","Margin of Error!!Total:!!$50,000 to $59,999","Estimate!!Total:!!$60,000 to $74,999","Margin of Error!!Total:!!$60,000 to $74,999","Estimate!!Total:!!$75,000 to $99,999","Margin of Error!!Total:!!$75,000 to $99,999","Estimate!!Total:!!$100,000 to $124,999","Margin of Error!!Total:!!$100,000 to $124,999","Estimate!!Total:!!$125,000 to $149,999","Margin of Error!!Total:!!$125,000 to $149,999","Estimate!!Total:!!$150,000 to $199,999","Margin of Error!!Total:!!$150,000 to $199,999","Estimate!!Total:!!$200,000 or more","Margin of Error!!Total:!!$200,000 or more",
"1500000US040130101011","Block Group 1, Census Tract 101.01, Maricopa County, Arizona","770","160","28","32","0","12","48","77","0","12","16","26","0","12","87","82","15","25","15","23","29","33","47","48","105","54","121","97","51","62","65","53","143","85",
"1500000US040130101012","Block Group 2, Census Tract 101.01, Maricopa County, Arizona","933","186","32","35","0","12","20","33","19","30","14","23","34","38","32","40","0","12","9","18","35","40","85","64","119","73","63","54","116","86","155","89","200","103",
"1500000US040130101013","Block Group 3, Census Tract 101.01, Maricopa County, Arizona","691","136","0","12","14","24","0","12","46","44","0","12","0","12","26","30","28","32","32","36","48","46","142","74","81","58","62","44","34","38","47","44","131","94",
"1500000US040130101021","Block Group 1, Census Tract 101.02, Maricopa County, Arizona","551","198","0","12","0","12","0","12","12","21","17","27","0","12","43","55","0","12","0","12","0","12","16","25","128","110","94","93","97","104","55","52","89","84",
"1500000US040130101022","Block Group 2, Census Tract 101.02, Maricopa County, Arizona","677","165","20","32","0","12","18","28","0","12","0","12","174","117","18","28","0","12","0","12","18","28","15","25","37","27","34","39","47","44","35","47","261","103",
"1500000US040130101023","Block Group 3, Census Tract 101.02, Maricopa County, Arizona","1254","199","91","59","16","25","11","18","18","28","0","12","18","29","31","35","38","31","0","12","17","27","17","27","87","67","147","116","103","72","169","89","491","119",
"1500000US040130304011","Block Group 1, Census Tract 304.01, Maricopa County, Arizona","950","209","34","59","36","58","0","12","0","12","81","91","0","12","46","73","0","12","0","12","74","86","99","109","105","71","132","103","14","23","72","83","257","170",
"1500000US040130304012","Block Group 2, Census Tract 304.01, Maricopa County, Arizona","830","209","0","12","0","12","0","12","0","12","129","112","49","58","61","71","0","12","33","53","64","77","47","74","105","118","32","54","135","120","0","12","175","116",
"1500000US040130304013","Block Group 3, Census Tract 304.01, Maricopa County, Arizona","759","123","0","12","16","26","0","12","0","12","0","12","15","23","25","27","0","12","19","23","16","25","9","15","96","85","40","37","40","44","176","93","307","91",
"1500000US040130304021","Block Group 1, Census Tract 304.02, Maricopa County, Arizona","297","76","27","43","0","12","0","12","11","17","0","12","39","47","0","12","20","22","0","12","0","12","10","14","21","24","71","46","22","18","24","26","52","36",
"1500000US040130304022","Block Group 2, Census Tract 304.02, Maricopa County, Arizona","923","158","63","62","23","26","26","41","54","54","35","32","39","47","20","16","12","18","32","40","69","56","106","52","87","65","76","45","84","73","60","37","137","62",
"1500000US040130304023","Block Group 3, Census Tract 304.02, Maricopa County, Arizona","972","151","65","37","69","70","11","18","21","23","68","65","12","18","0","12","85","60","11","16","28","26","104","56","124","54","86","57","62","54","97","52","129","59",
"1500000US040130405021","Block Group 1, Census Tract 405.02, Maricopa County, Arizona","177","104","0","12","0","12","0","12","20","31","0","12","0","12","16","26","0","12","0","12","0","12","76","95","0","12","0","12","46","40","0","12","19","30",
"1500000US040130405022","Block Group 2, Census Tract 405.02, Maricopa County, Arizona","405","175","0","12","73","92","49","81","19","29","0","12","36","59","37","62","13","23","45","76","0","12","0","12","19","37","38","38","42","45","0","12","34","43",
"1500000US040130405023","Block Group 3, Census Tract 405.02, Maricopa County, Arizona","1290","180","373","155","57","54","101","93","108","120","0","12","0","12","19","30","62","64","26","42","134","84","35","41","121","94","84","60","53","70","19","31","98","78",
"1500000US040130405024","Block Group 4, Census Tract 405.02, Maricopa County, Arizona","649","138","17","27","51","50","36","40","0","12","53","49","31","49","0","12","27","49","30","35","96","77","58","65","73","56","76","104","42","53","33","31","26","44",
"1500000US040130405061","Block Group 1, Census Tract 405.06, Maricopa County, Arizona","1232","176","112","73","55","43","109","94","58","54","91","60","30","34","82","88","95","54","15","24","157","73","151","80","175","117","48","46","16","26","38","45","0","12",
"1500000US040130405062","Block Group 2, Census Tract 405.06, Maricopa County, Arizona","749","132","56","52","0","12","0","12","46","42","79","58","48","43","16","24","63","52","131","98","69","56","86","60","88","60","67","58","0","12","0","12","0","12",
"1500000US040130405063","Block Group 3, Census Tract 405.06, Maricopa County, Arizona","570","101","0","12","33","36","32","36","44","33","32","36","78","53","60","48","13","20","71","75","42","40","30","37","92","62","28","30","0","12","15","25","0","12",
"1500000US040130405064","Block Group 4, Census Tract 405.06, Maricopa County, Arizona","850","140","28","23","42","38","80","57","0","12","32","36","58","47","101","92","14","22","15","23","71","49","166","79","144","70","55","67","44","22","0","12","0","12",
"1500000US040130405071","Block Group 1, Census Tract 405.07, Maricopa County, Arizona","897","119","99","95","30","33","77","82","31","36","60","47","30","33","0","12","30","33","30","35","75","54","123","89","151","65","61","43","42","38","58","47","0","12",
"1500000US040130405072","Block Group 2, Census Tract 405.07, Maricopa County, Arizona","1549","165","138","113","63","50","90","53","122","92","167","102","93","59","61","48","44","40","92","80","76","42","146","59","149","83","166","79","60","48","52","85","30","35",
"1500000US040130405073","Block Group 3, Census Tract 405.07, Maricopa County, Arizona","530","94","45","41","43","40","31","35","28","31","29","32","0","12","15","24","30","32","28","33","101","59","59","34","92","87","14","23","0","12","15","24","0","12",
"1500000US040130405074","Block Group 4, Census Tract 405.07, Maricopa County, Arizona","630","121","33","37","30","34","15","24","31","35","30","33","76","81","0","12","29","32","46","42","87","75","89","57","91","55","59","73","0","12","0","12","14","23",
"1500000US040130405075","Block Group 5, Census Tract 405.07, Maricopa County, Arizona","387","66","15","24","0","12","0","12","0","12","28","32","48","44","13","22","14","23","0","12","60","42","75","52","60","46","15","25","59","47","0","12","0","12",
"1500000US040130405121","Block Group 1, Census Tract 405.12, Maricopa County, Arizona","1017","67","41","20","40","31","34","22","31","20","51","24","75","33","47","27","55","28","81","36","128","35","94","32","165","53","63","31","29","17","46","25","37","29",
"1500000US040130405131","Block Group 1, Census Tract 405.13, Maricopa County, Arizona","748","106","21","25","25","23","36","28","9","14","35","29","18","19","28","21","17","18","25","23","110","60","137","57","110","45","100","61","40","26","28","25","9","14",
"1500000US040130405132","Block Group 2, Census Tract 405.13, Maricopa County, Arizona","982","85","40","32","0","12","25","24","75","42","78","53","98","52","25","39","79","55","58","48","67","37","108","41","102","53","104","61","98","41","16","18","9","14",
"1500000US040130405141","Block Group 1, Census Tract 405.14, Maricopa County, Arizona","1113","119","44","32","18","20","53","37","47","49","99","48","96","43","44","33","45","31","53","33","129","76","189","84","156","50","42","27","43","30","34","38","21","21",
"1500000US040130405142","Block Group 2, Census Tract 405.14, Maricopa County, Arizona","770","80","10","15","49","47","44","32","45","29","25","22","46","34","8","12","17","24","59","29","100","57","73","38","150","71","82","47","10","15","16","18","36","15",
"1500000US040130405151","Block Group 1, Census Tract 405.15, Maricopa County, Arizona","1021","136","78","71","39","38","45","33","105","76","45","32","37","34","57","46","131","66","25","26","38","27","96","53","99","56","75","44","36","30","78","52","37","33",
"1500000US040130405152","Block Group 2, Census Tract 405.15, Maricopa County, Arizona","939","164","50","35","47","43","46","57","29","25","0","12","89","118","35","42","46","45","16","22","69","52","125","76","125","51","100","61","33","30","89","80","40","35",
"1500000US040130405161","Block Group 1, Census Tract 405.16, Maricopa County, Arizona","715","121","10","15","0","12","25","41","7","11","49","44","29","29","26","22","51","57","0","12","38","27","56","35","220","101","40","27","50","33","71","49","43","34",
"1500000US040130405162","Block Group 2, Census Tract 405.16, Maricopa County, Arizona","1609","139","15","16","23","22","17","18","59","45","63","41","75","35","92","54","41","29","98","58","127","63","195","65","270","71","243","78","112","51","109","45","70","37",
"1500000US040130405171","Block Group 1, Census Tract 405.17, Maricopa County, Arizona","1580","186","55","43","135","96","26","32","177","112","37","24","24","14","37","30","102","75","88","67","216","141","142","95","172","105","190","113","23","37","95","76","61","64",
"1500000US040130405172","Block Group 2, Census Tract 405.17, Maricopa County, Arizona","1434","219","17","26","29","32","33","37","16","26","16","26","94","103","56","83","70","56","109","95","134","78","304","138","111","105","225","105","55","55","46","39","119","114",
"1500000US040130405181","Block Group 1, Census Tract 405.18, Maricopa County, Arizona","918","146","90","60","14","24","41","32","45","37","63","67","29","34","32","35","147","109","32","37","81","54","95","70","83","68","23","25","24","26","78","101","41","35",
"1500000US040130405182","Block Group 2, Census Tract 405.18, Maricopa County, Arizona","624","148","16","25","19","30","0","12","38","44","25","43","30","34","0","12","16","24","0","12","53","55","69","115","212","93","36","41","20","34","79","75","11","19",
"1500000US040130405183","Block Group 3, Census Tract 405.18, Maricopa County, Arizona","454","130","17","26","0","12","0","12","0","12","0","12","0","12","0","12","0","12","19","30","52","59","39","45","167","104","17","27","53","62","69","76","21","34",
"1500000US040130405184","Block Group 4, Census Tract 405.18, Maricopa County, Arizona","643","169","0","12","0","12","0","12","0","12","20","31","0","12","0","12","77","92","19","29","24","41","80","68","191","109","74","83","54","65","104","94","0","12",
"1500000US040130405185","Block Group 5, Census Tract 405.18, Maricopa County, Arizona","303","129","18","29","0","12","0","12","0","12","0","12","73","113","70","68","9","14","0","12","20","33","15","23","60","39","15","25","0","12","12","19","11","19",
"1500000US040130405191","Block Group 1, Census Tract 405.19, Maricopa County, Arizona","1703","171","56","45","54","43","0","12","0","12","49","43","24","27","84","91","26","31","34","32","108","68","165","98","282","101","203","83","152","109","201","85","265","90",
"1500000US040130405192","Block Group 2, Census Tract 405.19, Maricopa County, Arizona","667","111","0","12","0","12","14","24","0","12","34","45","8","13","8","12","50","51","0","12","31","35","58","41","169","98","93","50","49","32","82","52","71","51",
"1500000US040130405193","Block Group 3, Census Tract 405.19, Maricopa County, Arizona","563","79","25","29","0","12","24","28","0","12","19","23","0","12","28","30","17","26","61","43","48","36","32","29","66","41","44","34","51","41","31","28","117","59",
"1500000US040130405201","Block Group 1, Census Tract 405.20, Maricopa County, Arizona","786","92","22","27","11","18","13","19","0","12","0","12","13","20","32","26","0","12","17","18","36","30","56","38","67","41","100","61","80","56","181","67","158","68",
"1500000US040130405202","Block Group 2, Census Tract 405.20, Maricopa County, Arizona","1182","146","13","19","13","20","31","38","18","21","8","12","29","47","18","20","8","13","13","20","42","31","242","112","155","59","127","54","51","33","202","113","212","91",
"1500000US040130405211","Block Group 1, Census Tract 405.21, Maricopa County, Arizona","2488","173","26","29","54","39","36","43","98","101","12","18","54","42","32","32","39","31","25","26","203","102","176","72","499","138","604","162","253","97","184","125","193","87",
"1500000US040130405221","Block Group 1, Census Tract 405.22, Maricopa County, Arizona","1158","149","105","55","105","102","15","24","52","48","97","82","97","78","76","55","49","45","29","25","48","38","117","68","185","112","76","55","67","58","40","36","0","12",
"1500000US040130405222","Block Group 2, Census Tract 405.22, Maricopa County, Arizona","763","118","32","36","13","21","35","40","62","51","62","52","76","54","48","74","0","12","44","41","111","65","48","45","90","60","67","86","29","32","33","37","13","20",
"1500000US040130405223","Block Group 3, Census Tract 405.22, Maricopa County, Arizona","613","117","46","43","31","36","44","43","16","25","97","86","17","26","35","39","16","26","14","23","0","12","16","26","124","66","44","42","51","39","17","27","45","42",
"1500000US040130405231","Block Group 1, Census Tract 405.23, Maricopa County, Arizona","1658","141","91","55","37","45","88","48","50","46","48","31","75","42","72","55","27","24","62","46","90","45","206","60","227","74","215","76","117","50","132","57","121","59",
"1500000US040130405241","Block Group 1, Census Tract 405.24, Maricopa County, Arizona","431","49","20","15","14","13","31","18","4","6","5","8","21","17","28","20","3","6","15","12","20","15","76","26","61","30","78","36","15","13","23","15","17","13",
"1500000US040130405242","Block Group 2, Census Tract 405.24, Maricopa County, Arizona","354","39","26","22","4","7","16","19","9","1","14","13","15","14","31","18","5","8","27","18","29","19","15","13","51","23","34","19","20","16","39","18","19","14",
"1500000US040130405251","Block Group 1, Census Tract 405.25, Maricopa County, Arizona","300","51","8","13","9","14","0","12","20","21","18","20","9","14","28","25","25","1","0","12","19","20","52","35","68","47","18","20","19","21","7","12","0","12",
"1500000US040130405252","Block Group 2, Census Tract 405.25, Maricopa County, Arizona","257","47","18","20","8","13","11","16","0","12","0","12","18","20","0","12","0","12","10","16","27","23","37","24","7","12","68","34","18","19","10","15","25","19",
"1500000US040130405253","Block Group 3, Census Tract 405.25, Maricopa County, Arizona","279","48","18","20","0","12","18","20","17","14","17","13","0","12","0","12","0","12","10","15","35","27","35","27","18","20","58","29","26","20","17","19","10","15",
"1500000US040130405254","Block Group 4, Census Tract 405.25, Maricopa County, Arizona","304","42","0","12","10","15","0","12","10","16","10","15","51","45","9","14","9","14","17","20","36","25","17","19","44","30","37","29","8","13","37","29","9","14",
"1500000US040130405255","Block Group 5, Census Tract 405.25, Maricopa County, Arizona","390","54","30","22","9","14","0","12","0","12","10","15","10","13","26","23","18","19","17","18","18","19","81","40","43","30","11","17","51","30","47","51","19","20",
"1500000US040130405256","Block Group 6, Census Tract 405.25, Maricopa County, Arizona","230","65","0","12","0","12","19","21","10","15","9","16","8","14","0","12","0","12","10","16","30","47","68","53","59","25","8","14","0","12","9","13","0","12",
"1500000US040130405261","Block Group 1, Census Tract 405.26, Maricopa County, Arizona","580","85","25","24","8","13","15","19","34","26","17","19","9","14","53","33","35","26","35","25","42","32","137","73","70","39","49","27","17","19","16","19","18","19",
"1500000US040130405262","Block Group 2, Census Tract 405.26, Maricopa County, Arizona","146","34","8","14","9","13","0","12","0","12","16","18","9","14","8","13","9","14","10","15","9","14","8","13","9","15","25","24","17","18","9","14","0","12",
"1500000US040130405263","Block Group 3, Census Tract 405.26, Maricopa County, Arizona","498","61","22","18","26","23","34","27","8","13","18","19","35","27","18","19","41","42","9","14","43","29","106","52","88","41","33","25","0","12","9","13","8","14",
"1500000US040130405271","Block Group 1, Census Tract 405.27, Maricopa County, Arizona","258","66","19","20","8","14","0","12","27","25","18","21","16","18","18","20","0","12","21","16","30","26","37","28","27","23","9","14","8","13","0","12","20","22",
"1500000US040130405272","Block Group 2, Census Tract 405.27, Maricopa County, Arizona","548","123","51","54","40","50","9","15","62","40","18","20","18","19","47","29","18","21","19","20","81","57","55","40","55","50","37","47","28","26","0","12","10","14",
"1500000US040130405273","Block Group 3, Census Tract 405.27, Maricopa County, Arizona","959","101","10","15","14","19","19","22","25","22","42","46","13","20","34","34","16","25","0","12","153","70","116","58","213","91","77","63","173","87","42","49","12","17",
"1500000US040130405281","Block Group 1, Census Tract 405.28, Maricopa County, Arizona","401","75","14","23","15","24","29","32","28","32","14","22","0","12","27","30","14","22","26","29","0","12","140","62","26","29","40","37","14","21","14","23","0","12",
"1500000US040130405282","Block Group 2, Census Tract 405.28, Maricopa County, Arizona","551","108","15","24","0","12","0","12","15","24","14","22","14","22","29","33","116","91","0","12","95","53","28","31","57","45","68","72","14","23","29","32","57","73",
"1500000US040130405283","Block Group 3, Census Tract 405.28, Maricopa County, Arizona","407","97","13","21","0","12","0","12","41","38","15","24","28","32","14","22","14","21","28","31","28","31","20","29","83","44","27","24","13","21","40","38","43","72",
"1500000US040130405284","Block Group 4, Census Tract 405.28, Maricopa County, Arizona","487","95","26","29","0","12","0","12","43","40","0","12","42","38","70","74","44","72","14","22","83","55","28","31","42","39","27","31","53","37","15","23","0","12",
"1500000US040130405285","Block Group 5, Census Tract 405.28, Maricopa County, Arizona","723","137","41","38","13","21","25","29","29","33","77","83","69","72","14","21","41","37","42","39","43","40","39","36","112","60","41","39","13","21","0","12","124","105",
"1500000US040130405286","Block Group 6, Census Tract 405.28, Maricopa County, Arizona","734","129","47","73","0","12","0","12","29","33","15","25","13","20","42","39","30","34","42","40","56","44","116","62","121","72","120","91","14","22","89","86","0","12",
"1500000US040130405291","Block Group 1, Census Tract 405.29, Maricopa County, Arizona","600","79","8","13","0","12","9","15","24","19","17","19","25","22","99","54","56","47","16","18","25","23","89","42","133","57","32","24","17","18","42","30","8","12",
"1500000US040130405292","Block Group 2, Census Tract 405.29, Maricopa County, Arizona","276","52","0","12","0","12","17","18","8","13","16","18","0","12","7","12","16","18","8","13","21","21","58","30","63","34","15","18","8","13","22","23","17","19",
"1500000US040130405293","Block Group 3, Census Tract 405.29, Maricopa County, Arizona","345","90","10","16","0","12","19","29","10","17","35","56","9","15","115","83","0","12","8","13","10","15","34","36","86","51","9","14","0","12","0","12","0","12",
"1500000US040130405294","Block Group 4, Census Tract 405.29, Maricopa County, Arizona","610","101","8","13","8","13","16","18","0","12","51","49","8","13","9","13","24","17","15","16","54","31","122","44","97","59","75","40","53","48","29","26","41","29",
"1500000US040130405301","Block Group 1, Census Tract 405.30, Maricopa County, Arizona","624","84","5","9","0","12","32","28","57","40","25","28","51","34","8","14","41","36","41","34","74","45","19","22","119","66","39","31","44","35","51","50","18","21",
"1500000US040130405302","Block Group 2, Census Tract 405.30, Maricopa County, Arizona","785","133","23","30","9","16","0","12","0","12","12","16","203","100","56","41","65","74","16","25","11","15","111","63","169","74","55","32","32","38","0","12","23","26",
"1500000US040130405311","Block Group 1, Census Tract 405.31, Maricopa County, Arizona","520","85","42","38","17","19","37","47","9","14","8","14","30","48","0","12","39","25","67","49","80","51","48","39","53","36","56","42","26","22","8","14","0","12",
"1500000US040130405312","Block Group 2, Census Tract 405.31, Maricopa County, Arizona","432","76","0","12","0","12","9","13","44","31","38","31","25","22","17","18","20","20","7","13","66","38","50","29","55","32","69","41","15","18","7","11","10","15",
"1500000US040130405313","Block Group 3, Census Tract 405.31, Maricopa County, Arizona","270","93","11","18","0","12","39","50","42","33","48","50","0","12","9","14","22","23","9","14","17","19","23","26","50","54","0","12","0","12","0","12","0","12",
"1500000US040130405314","Block Group 4, Census Tract 405.31, Maricopa County, Arizona","787","137","51","54","31","28","29","26","142","91","74","57","63","62","18","20","84","49","37","50","75","58","109","81","27","26","11","16","0","12","0","12","36","51",
"1500000US040130506031","Block Group 1, Census Tract 506.03, Maricopa County, Arizona","368","90","31","48","14","23","35","55","16","18","12","17","12","16","19","24","11","17","11","18","51","55","38","29","9","13","68","55","4","6","0","12","37","29",
"1500000US040130506032","Block Group 2, Census Tract 506.03, Maricopa County, Arizona","1243","151","74","62","68","53","17","22","42","52","43","52","91","80","42","39","47","53","26","27","81","60","332","131","247","98","86","58","20","23","27","26","0","12",
"1500000US040130506033","Block Group 3, Census Tract 506.03, Maricopa County, Arizona","178","53","8","10","10","12","4","6","8","15","14","22","9","10","24","22","0","12","9","10","9","11","13","16","50","36","6","7","6","8","0","12","8","10",
"1500000US040130506041","Block Group 1, Census Tract 506.04, Maricopa County, Arizona","693","101","105","70","9","15","29","23","15","17","0","12","11","18","17","16","32","28","48","44","66","35","144","75","109","56","49","31","25","19","15","17","19","21",
"1500000US040130506042","Block Group 2, Census Tract 506.04, Maricopa County, Arizona","500","105","40","36","28","27","26","26","15","16","34","33","5","9","22","34","27","34","19","17","46","39","38","35","69","57","84","49","29","35","13","20","5","9",
"1500000US040130506051","Block Group 1, Census Tract 506.05, Maricopa County, Arizona","592","136","9","11","0","12","8","13","36","31","20","33","87","62","29","22","48","47","11","16","51","35","117","67","82","61","44","45","39","42","11","15","0","12",
"1500000US040130506052","Block Group 2, Census Tract 506.05, Maricopa County, Arizona","559","122","0","12","15","23","0","12","32","35","0","12","14","23","0","12","13","22","0","12","74","61","98","128","59","46","180","125","55","47","19","23","0","12",
"1500000US040130506053","Block Group 3, Census Tract 506.05, Maricopa County, Arizona","1516","179","58","74","9","15","14","22","14","23","17","26","12","20","0","17","14","23","20","24","87","81","252","125","265","125","321","117","184","82","116","67","133","64",
"1500000US040130506061","Block Group 1, Census Tract 506.06, Maricopa County, Arizona","974","150","0","12","12","20","18","28","9","14","0","12","53","48","25","28","28","32","0","12","10","16","62","53","199","83","18","27","165","66","245","116","130","84",
"1500000US040130506062","Block Group 2, Census Tract 506.06, Maricopa County, Arizona","1415","170","28","32","24","38","15","24","0","12","18","27","0","12","33","41","0","12","15","25","44","38","108","63","169","78","288","129","221","107","267","127","185","79",
"1500000US040130506063","Block Group 3, Census Tract 506.06, Maricopa County, Arizona","847","203","0","12","17","27","0","12","12","20","69","94","52","84","48","48","70","81","0","12","117","112","59","53","124","93","98","83","39","46","91","67","51","55",
"1500000US040130506071","Block Group 1, Census Tract 506.07, Maricopa County, Arizona","301","110","36","38","11","18","26","35","6","10","0","12","72","57","0","12","6","10","0","12","27","34","0","12","45","57","36","42","5","9","31","38","0","12",
"1500000US040130506072","Block Group 2, Census Tract 506.07, Maricopa County, Arizona","315","119","0","12","0","12","0","12","9","14","0","12","44","57","0","12","5","8","32","37","7","13","19","21","185","116","14","17","0","12","0","12","0","12",
"1500000US040130506073","Block Group 3, Census Tract 506.07, Maricopa County, Arizona","557","129","28","32","9","14","11","18","0","12","23","29","46","49","28","44","0","12","53","48","105","88","28","33","127","71","78","56","17","22","4","7","0","12",
"1500000US040130506074","Block Group 4, Census Tract 506.07, Maricopa County, Arizona","451","116","8","13","0","12","0","12","20","25","8","13","0","12","7","12","0","12","0","12","94","87","31","31","100","73","55","49","94","70","16","25","18","28",
"1500000US040130506075","Block Group 5, Census Tract 506.07, Maricopa County, Arizona","617","142","0","12","7","11","34","34","9","15","49","66","66","89","46","48","8","14","26","36","63","66","153","97","116","71","11","18","0","12","29","33","0","12",
"1500000US040130506081","Block Group 1, Census Tract 506.08, Maricopa County, Arizona","439","108","56","67","35","56","0","12","32","36","12","21","14","21","0","12","0","12","0","12","37","37","56","58","86","62","21","24","35","34","46","60","9","16",
"1500000US040130506082","Block Group 2, Census Tract 506.08, Maricopa County, Arizona","729","162","61","74","13","20","42","39","15","25","8","15","16","20","0","12","76","87","82","56","25","29","154","113","80","47","120","85","24","27","13","23","0","12",
"1500000US040130506083","Block Group 3, Census Tract 506.08, Maricopa County, Arizona","574","150","21","36","0","12","35","44","0","12","48","69","0","12","0","12","13","23","0","12","47","44","134","91","35","34","89","82","54","69","14","23","84","96",
"1500000US040130506084","Block Group 4, Census Tract 506.08, Maricopa County, Arizona","565","135","11","20","11","19","0","12","20","23","0","12","11","20","121","69","11","20","15","23","104","88","71","70","60","46","52","46","24","37","16","29","38","48",
"1500000US040130506091","Block Group 1, Census Tract 506.09, Maricopa County, Arizona","639","104","6","10","0","12","0","12","21","19","0","12","6","10","26","25","27","25","54","40","52","50","114","51","198","91","25","24","68","56","28","24","14","11",
"1500000US040130506092","Block Group 2, Census Tract 506.09, Maricopa County, Arizona","677","99","17","18","0","12","28","22","41","30","60","50","25","22","41","35","48","35","13","16","61","48","122","65","138","55","47","31","20","25","7","10","9","11",
"1500000US040130506093","Block Group 3, Census Tract 506.09, Maricopa County, Arizona","499","94","0","12","0","12","54","65","19","21","13","16","25","22","8","12","16","19","12","13","117","68","53","41","77","52","29","39","23","29","53","47","0","12",
"1500000US040130506101","Block Group 1, Census Tract 506.10, Maricopa County, Arizona","2196","261","11","18","51","63","0","17","21","24","83","73","59","72","38","44","100","76","83","84","287","168","230","130","595","187","204","110","283","150","128","105","23","38",
"1500000US040130506102","Block Group 2, Census Tract 506.10, Maricopa County, Arizona","835","182","12","20","10","17","12","19","0","12","0","12","68","79","8","23","16","25","92","84","156","97","90","58","80","53","39","37","65","47","102","89","85","106",
"1500000US040130506103","Block Group 3, Census Tract 506.10, Maricopa County, Arizona","266","92","0","12","0","12","0","12","13","21","0","12","0","12","0","12","26","29","12","19","30","34","0","12","29","33","62","69","0","12","66","53","28","32",
"1500000US040130506111","Block Group 1, Census Tract 506.11, Maricopa County, Arizona","1081","131","9","13","17","20","33","28","59","70","7","12","0","12","104","64","75","48","28","23","122","56","246","110","146","67","124","60","41","53","8","12","62","65",
"1500000US040130506112","Block Group 2, Census Tract 506.11, Maricopa County, Arizona","451","117","0","12","0","12","0","12","0","12","8","13","52","72","9","14","57","56","0","12","36","45","62","61","42","47","81","61","73","66","18","14","13","20",
"1500000US040130507011","Block Group 1, Census Tract 507.01, Maricopa County, Arizona","889","108","67","59","37","36","7","12","47","41","31","43","31","32","16","20","6","9","33","31","126","72","161","74","123","57","126","59","46","33","23","26","9","15",
"1500000US040130507012","Block Group 2, Census Tract 507.01, Maricopa County, Arizona","926","113","74","52","49","45","69","63","20","34","44","39","44","48","77","48","119","72","51","50","83","64","112","74","97","76","54","38","6","10","27","32","0","12",
"1500000US040130507021","Block Group 1, Census Tract 507.02, Maricopa County, Arizona","607","100","66","53","22","26","15","17","69","53","0","12","36","39","37","34","21","31","27","24","100","67","42","39","106","67","35","30","31","29","0","12","0","12",
"1500000US040130507022","Block Group 2, Census Tract 507.02, Maricopa County, Arizona","384","97","16","17","29","38","52","42","9","15","0","12","16","17","21","31","16","22","10","16","41","34","72","62","80","58","0","12","6","9","16","25","0","12",
"1500000US040130507023","Block Group 3, Census Tract 507.02, Maricopa County, Arizona","578","99","57","44","71","42","7","13","17","19","51","31","62","51","14","20","28","36","47","39","47","30","51","47","59","46","24","26","30","34","13","19","0","12",
"1500000US040130608011","Block Group 1, Census Tract 608.01, Maricopa County, Arizona","290","94","28","21","41","36","21","23","15","22","24","39","20","24","8","12","75","67","0","12","46","53","0","12","0","12","12","21","0","12","0","12","0","12",
"1500000US040130608012","Block Group 2, Census Tract 608.01, Maricopa County, Arizona","321","123","46","51","0","12","10","16","13","17","29","46","4","8","60","66","0","12","35","34","0","12","62","71","21","24","0","12","14","20","27","43","0","12",
"1500000US040130608013","Block Group 3, Census Tract 608.01, Maricopa County, Arizona","428","122","75","67","61","70","55","52","41","49","30","48","71","74","8","16","0","12","0","12","50","55","37","40","0","12","0","12","0","12","0","12","0","12",
"1500000US040130608014","Block Group 4, Census Tract 608.01, Maricopa County, Arizona","878","149","75","58","74","58","64","37","81","53","107","67","98","69","26","23","19","21","37","46","101","65","87","68","46","30","0","12","36","45","0","12","27","45",
"1500000US040130608015","Block Group 5, Census Tract 608.01, Maricopa County, Arizona","293","106","0","12","36","55","51","53","21","24","64","69","0","12","0","12","26","31","0","12","8","14","15","24","72","78","0","12","0","12","0","12","0","12",
"1500000US040130608021","Block Group 1, Census Tract 608.02, Maricopa County, Arizona","377","58","18","12","7","10","20","18","6","7","4","5","60","42","7","15","12","12","13","15","33","24","27","23","90","45","53","46","20","21","7","10","0","12",
"1500000US040130608022","Block Group 2, Census Tract 608.02, Maricopa County, Arizona","530","64","24","27","6","9","0","12","45","40","12","14","25","22","67","42","37","35","13","21","48","28","41","23","80","55","90","41","36","33","6","9","0","12",
"1500000US040130609011","Block Group 1, Census Tract 609.01, Maricopa County, Arizona","217","81","0","12","29","43","0","12","0","12","36","36","63","58","0","12","0","12","22","28","33","29","9","14","0","12","17","27","0","12","0","12","8","14",
"1500000US040130609012","Block Group 2, Census Tract 609.01, Maricopa County, Arizona","625","101","0","12","45","62","15","17","0","12","40","55","14","22","6","11","50","39","35","32","65","52","125","73","123","60","52","56","13","20","28","32","14","20",
"1500000US040130609013","Block Group 3, Census Tract 609.01, Maricopa County, Arizona","660","95","19","22","24","23","0","12","31","22","27","35","49","49","33","25","19","27","75","45","39","27","41","46","151","89","38","41","75","71","37","36","2","9",
"1500000US040130609021","Block Group 1, Census Tract 609.02, Maricopa County, Arizona","258","98","12","17","0","12","0","12","8","11","20","22","0","12","0","12","57","70","0","12","26","27","9","15","86","56","4","9","21","25","7","11","8","16",
"1500000US040130609022","Block Group 2, Census Tract 609.02, Maricopa County, Arizona","370","86","20","24","36","21","96","78","10","14","0","12","29","37","7","12","20","33","33","31","24","29","47","42","48","47","0","12","0","12","0","12","0","12",
"1500000US040130609023","Block Group 3, Census Tract 609.02, Maricopa County, Arizona","316","98","73","53","44","52","7","10","31","27","17","27","4","9","0","12","10","16","44","42","3","7","38","42","12","19","0","12","33","43","0","12","0","12",
"1500000US040130609031","Block Group 1, Census Tract 609.03, Maricopa County, Arizona","254","83","0","12","0","12","16","26","0","12","21","27","27","34","6","10","0","12","13","16","58","52","65","61","34","27","14","23","0","12","0","12","0","12",
"1500000US040130609032","Block Group 2, Census Tract 609.03, Maricopa County, Arizona","299","105","0","12","0","12","83","70","15","19","0","12","0","12","22","33","0","12","13","22","65","65","53","62","32","50","0","12","0","12","0","12","16","24",
"1500000US040130609033","Block Group 3, Census Tract 609.03, Maricopa County, Arizona","553","97","29","45","0","12","26","31","37","45","14","16","21","21","64","54","23","33","33","31","15","20","57","43","100","57","125","71","0","12","9","14","0","12",
"1500000US040130609034","Block Group 4, Census Tract 609.03, Maricopa County, Arizona","442","85","27","41","30","36","0","12","28","33","19","30","65","48","0","12","20","20","27","26","50","44","59","40","40","30","49","34","14","22","7","10","7","11",
"1500000US040130609041","Block Group 1, Census Tract 609.04, Maricopa County, Arizona","184","71","39","38","5","7","24","19","33","31","0","12","0","12","0","12","0","12","10","17","4","7","24","27","33","39","12","19","0","12","0","12","0","12",
"1500000US040130609042","Block Group 2, Census Tract 609.04, Maricopa County, Arizona","510","80","0","12","15","23","0","12","0","12","19","18","31","26","33","32","54","50","67","40","32","28","66","36","95","40","54","44","23","25","12","19","9","13",
"1500000US040130609043","Block Group 3, Census Tract 609.04, Maricopa County, Arizona","377","79","7","9","12","17","31","31","0","12","7","10","30","25","29","22","5","8","69","44","33","24","14","13","93","51","28","24","8","12","11","13","0","12",
"1500000US040130610091","Block Group 1, Census Tract 610.09, Maricopa County, Arizona","1012","197","75","110","0","12","43","68","0","12","160","116","24","29","36","40","29","35","14","23","20","27","50","45","132","85","163","79","143","107","78","61","45","40",
"1500000US040130610092","Block Group 2, Census Tract 610.09, Maricopa County, Arizona","551","143","0","12","21","23","14","21","15","26","0","12","62","57","0","12","0","12","0","12","136","110","23","26","138","63","78","53","42","70","22","26","0","12",
"1500000US040130610093","Block Group 3, Census Tract 610.09, Maricopa County, Arizona","1688","203","93","73","11","19","49","39","22","26","27","30","0","12","24","28","20","24","30","33","126","107","139","66","225","91","285","109","229","117","129","56","279","119",
"1500000US040130610094","Block Group 4, Census Tract 610.09, Maricopa County, Arizona","742","192","107","95","0","12","90","102","0","12","13","21","25","28","0","12","8","15","9","14","100","100","60","51","72","54","52","50","72","96","63","50","71","62",
"1500000US040130610101","Block Group 1, Census Tract 610.10, Maricopa County, Arizona","729","124","84","72","25","31","0","12","60","72","0","12","29","30","13","21","19","23","59","50","111","90","34","44","117","81","68","40","61","39","39","34","10","17",
"1500000US040130610102","Block Group 2, Census Tract 610.10, Maricopa County, Arizona","827","133","74","81","0","12","10","16","10","17","0","12","18","20","0","12","0","12","18","27","102","87","40","42","112","76","103","51","94","59","139","90","107","59",
"1500000US040130610103","Block Group 3, Census Tract 610.10, Maricopa County, Arizona","812","151","21","25","0","12","10","17","4","8","24","29","27","31","83","101","0","12","91","69","69","54","47","42","128","79","104","51","39","39","65","52","100","42",
"1500000US040130610111","Block Group 1, Census Tract 610.11, Maricopa County, Arizona","585","119","0","12","39","63","0","12","9","14","44","53","0","12","0","12","0","12","10","17","60","62","6","10","91","65","207","103","17","24","35","37","67","37",
"1500000US040130610112","Block Group 2, Census Tract 610.11, Maricopa County, Arizona","1322","131","35","34","0","12","0","12","10","16","58","56","33","30","30","34","0","12","48","44","186","98","133","78","291","115","210","83","66","44","102","62","120","63",
"1500000US040130610121","Block Group 1, Census Tract 610.12, Maricopa County, Arizona","1123","176","7","14","76","87","0","12","14","23","28","45","14","22","34","30","0","12","46","62","40","41","165","102","114","73","212","129","91","65","127","83","155","91",
"1500000US040130610122","Block Group 2, Census Tract 610.12, Maricopa County, Arizona","466","149","0","12","17","27","0","12","107","93","130","116","35","58","0","12","0","12","0","12","64","52","50","66","59","65","4","11","0","12","0","12","0","12",
"1500000US040130610123","Block Group 3, Census Tract 610.12, Maricopa County, Arizona","466","140","0","12","14","22","11","18","0","12","19","29","33","42","19","31","29","32","17","30","17","27","37","43","123","90","21","25","67","66","0","12","59","54",
"1500000US040130610124","Block Group 4, Census Tract 610.12, Maricopa County, Arizona","651","129","0","12","0","12","0","12","0","12","59","84","0","12","0","12","20","33","15","25","45","49","143","72","148","91","51","55","19","28","95","84","56","42",
"1500000US040130610131","Block Group 1, Census Tract 610.13, Maricopa County, Arizona","822","107","9","16","10","21","15","18","0","12","0","12","13","14","29","26","49","66","7","11","64","58","142","77","142","94","120","68","52","56","64","35","106","64",
"1500000US040130610132","Block Group 2, Census Tract 610.13, Maricopa County, Arizona","1008","125","16","18","0","12","63","60","7","10","0","12","69","55","0","12","15","16","45","43","44","34","109","63","216","92","104","55","49","34","214","100","57","38",
"1500000US040130610141","Block Group 1, Census Tract 610.14, Maricopa County, Arizona","1824","202","57","43","11","18","100","86","48","37","73","67","261","122","70","79","80","67","92","80","190","101","260","141","171","89","223","112","54","44","111","82","23","24",
"1500000US040130610142","Block Group 2, Census Tract 610.14, Maricopa County, Arizona","756","117","0","12","12","19","11","17","0","12","49","42","99","76","12","18","101","59","12","19","58","40","52","43","80","52","69","56","82","58","37","32","82","89",
"1500000US040130610151","Block Group 1, Census Tract 610.15, Maricopa County, Arizona","856","162","8","16","9","16","0","12","0","12","0","12","0","12","20","32","75","76","21","30","64","63","138","128","88","91","102","63","65","76","170","108","96","83",
"1500000US040130610152","Block Group 2, Census Tract 610.15, Maricopa County, Arizona","248","99","0","12","0","12","16","25","0","12","0","12","12","21","20","25","0","12","8","15","13","28","109","91","46","58","8","14","16","26","0","12","0","12",
"1500000US040130610153","Block Group 3, Census Tract 610.15, Maricopa County, Arizona","708","172","0","12","0","12","31","25","0","12","0","12","0","12","50","62","18","27","19","28","150","100","65","63","113","84","52","53","115","100","32","36","63","43",
"1500000US040130610161","Block Group 1, Census Tract 610.16, Maricopa County, Arizona","2219","99","35","29","33","27","11","17","35","29","70","49","31","31","63","62","16","24","69","67","63","41","153","85","335","111","344","108","308","99","360","104","293","90",
"1500000US040130610171","Block Group 1, Census Tract 610.17, Maricopa County, Arizona","0","12","0","12","0","12","0","12","0","12","0","12","0","12","0","12","0","12","0","12","0","12","0","12","0","12","0","12","0","12","0","12","0","12",
"1500000US040130610181","Block Group 1, Census Tract 610.18, Maricopa County, Arizona","1174","102","33","27","29","33","0","12","41","38","64","69","50","41","60","42","91","59","24","27","79","55","60","42","223","80","109","57","130","67","144","76","37","34",
"1500000US040130610182","Block Group 2, Census Tract 610.18, Maricopa County, Arizona","730","103","31","25","0","12","27","31","29","34","31","35","48","45","0","12","29","47","96","83","85","53","85","54","56","44","68","77","60","47","60","42","25","29",
"1500000US040130610183","Block Group 3, Census Tract 610.18, Maricopa County, Arizona","587","89","19","31","23","27","16","25","40","37","15","25","43","39","0","12","28","31","46","41","70","52","76","55","41","38","89","58","30","33","40","38","11","17",
"1500000US040130610191","Block Group 1, Census Tract 610.19, Maricopa County, Arizona","834","110","12","17","0","12","11","18","30","37","22","21","23","19","48","69","14","20","43","47","40","29","100","53","147","64","170","85","94","54","50","41","30","29",
"1500000US040130610192","Block Group 2, Census Tract 610.19, Maricopa County, Arizona","195","69","0","12","0","12","54","56","0","12","9","13","6","10","0","12","10","15","3","6","48","40","16","18","19","16","22","23","8","12","0","12","0","12",
"1500000US040130610193","Block Group 3, Census Tract 610.19, Maricopa County, Arizona","562","79","0","12","14","16","0","12","0","12","14","18","9","13","20","32","65","48","15","21","62","35","51","34","117","50","100","48","11","12","67","40","17","21",
"1500000US040130610201","Block Group 1, Census Tract 610.20, Maricopa County, Arizona","364","73","0","12","25","39","0","12","0","12","0","12","0","12","0","12","7","11","7","11","30","35","8","11","48","31","59","39","31","35","72","48","77","47",
"1500000US040130610202","Block Group 2, Census Tract 610.20, Maricopa County, Arizona","396","81","0","12","0","12","0","12","6","9","29","44","0","12","0","12","47","47","28","36","51","41","8","13","57","47","62","59","54","40","54","47","0","12",
"1500000US040130610203","Block Group 3, Census Tract 610.20, Maricopa County, Arizona","389","81","0","12","7","11","46","44","8","13","6","9","0","12","0","12","20","19","8","14","22","22","23","21","62","44","46","39","82","56","37","31","22","20",
"1500000US040130610211","Block Group 1, Census Tract 610.21, Maricopa County, Arizona","553","38","4","7","7","10","12","13","6","11","3","6","0","12","21","31","8","12","11","13","14","14","25","21","120","39","79","36","74","37","124","44","45","22",
"1500000US040130610221","Block Group 1, Census Tract 610.22, Maricopa County, Arizona","1201","189","55","68","0","12","0","12","83","90","30","26","0","12","48","50","46","44","40","47","46","45","147","96","61","53","293","164","114","70","85","56","153","114",
"1500000US040130610222","Block Group 2, Census Tract 610.22, Maricopa County, Arizona","1082","181","45","51","0","12","15","24","22","28","22","35","21","33","92","79","82","74","60","57","249","156","84","81","217","142","34","39","42","41","50","59","47","51",
"1500000US040130610223","Block Group 3, Census Tract 610.22, Maricopa County, Arizona","921","183","17","28","17","29","0","12","18","28","13","21","64","72","0","12","38","35","60","74","28","35","265","150","97","57","95","72","83","59","79","60","47","70",
"1500000US040130610231","Block Group 1, Census Tract 610.23, Maricopa County, Arizona","913","159","29","33","0","12","12","20","14","23","55","82","76","89","66","81","20","32","40","38","73","67","89","65","246","128","29","34","87","78","20","33","57","64",
"1500000US040130610232","Block Group 2, Census Tract 610.23, Maricopa County, Arizona","848","182","0","12","0","12","27","34","0","12","29","35","15","24","0","12","20","31","14","22","61","92","68","56","195","126","176","125","137","79","61","55","45","48",
"1500000US040130610233","Block Group 3, Census Tract 610.23, Maricopa County, Arizona","680","159","32","37","0","12","4","10","0","12","0","12","0","12","50","44","55","48","0","12","68","65","56","75","119","83","88","76","161","98","32","39","15","23",
"1500000US040130610234","Block Group 4, Census Tract 610.23, Maricopa County, Arizona","893","175","0","12","13","22","0","12","31","51","17","26","17","25","18","30","66","61","67","49","75","79","143","105","199","119","57","46","49","45","141","107","0","12",
"1500000US040130610241","Block Group 1, Census Tract 610.24, Maricopa County, Arizona","610","38","22","26","6","9","29","23","0","12","26","21","36","26","73","46","0","12","47","37","49","34","70","31","61","29","100","50","66","41","13","17","12","18",
"1500000US040130610251","Block Group 1, Census Tract 610.25, Maricopa County, Arizona","1566","198","55","68","0","17","0","17","0","17","57","75","38","45","16","26","133","124","28","24","56","43","165","82","383","167","226","122","268","146","79","70","62","50",
"1500000US040130610252","Block Group 2, Census Tract 610.25, Maricopa County, Arizona","608","119","0","12","0","12","0","12","0","12","22","36","0","12","10","16","0","12","34","41","65","62","63","52","93","66","183","106","70","56","35","35","33","38",
"1500000US040130610253","Block Group 3, Census Tract 610.25, Maricopa County, Arizona","997","178","16","27","0","12","0","12","0","12","31","36","0","12","31","46","70","82","86","93","165","110","136","97","253","131","78","61","37","42","52","51","42","68",
"1500000US040130610261","Block Group 1, Census Tract 610.26, Maricopa County, Arizona","968","103","57","56","0","12","7","13","7","11","16","18","62","53","75","79","24","21","43","31","189","79","75","56","109","72","167","70","83","53","28","26","26","24",
"1500000US040130610262","Block Group 2, Census Tract 610.26, Maricopa County, Arizona","786","115","22","22","18","22","16","17","0","12","17","19","17","21","25","24","33","31","115","66","55","36","87","47","206","92","62","43","53","46","11","16","49","63",
"1500000US040130610271","Block Group 1, Census Tract 610.27, Maricopa County, Arizona","330","114","0","12","0","12","18","29","0","12","20","32","19","30","0","12","34","38","0","12","18","28","51","41","114","101","38","61","18","28","0","12","0","12",
"1500000US040130610272","Block Group 2, Census Tract 610.27, Maricopa County, Arizona","407","103","0","12","0","12","0","12","0","12","0","12","19","32","0","12","0","12","0","12","15","25","145","76","99","71","46","44","66","53","17","26","0","12",
"1500000US040130610273","Block Group 3, Census Tract 610.27, Maricopa County, Arizona","613","147","32","38","20","33","19","31","0","12","0","12","51","82","12","19","0","12","21","33","76","94","71","57","150","131","58","49","94","84","9","14","0","12",
"1500000US040130610274","Block Group 4, Census Tract 610.27, Maricopa County, Arizona","537","140","14","23","0","12","95","123","25","40","45","52","0","12","0","12","64","71","23","37","49","60","17","27","138","91","17","27","25","39","25","41","0","12",
"1500000US040130610275","Block Group 5, Census Tract 610.27, Maricopa County, Arizona","128","53","4","12","0","12","0","12","20","34","15","23","0","12","0","12","0","12","0","12","0","12","32","36","0","12","0","12","27","23","30","34","0","12",
"1500000US040130610281","Block Group 1, Census Tract 610.28, Maricopa County, Arizona","1173","93","12","15","35","25","27","22","53","45","40","30","83","54","84","55","67","45","35","26","131","66","129","57","189","72","153","79","79","50","24","20","32","19",
"1500000US040130610291","Block Group 1, Census Tract 610.29, Maricopa County, Arizona","532","105","43","33","23","25","7","11","56","55","8","13","54","58","5","9","34","54","32","29","74","46","48","31","86","57","0","12","27","24","22","27","13","20",
"1500000US040130610292","Block Group 2, Census Tract 610.29, Maricopa County, Arizona","448","101","10","17","0","12","8","12","9","15","8","13","21","21","30","23","51","46","27","25","9","15","88","79","105","55","20","21","50","57","0","12","12","19",
"1500000US040130610293","Block Group 3, Census Tract 610.29, Maricopa County, Arizona","563","98","9","15","17","19","35","46","52","39","22","23","52","47","19","22","56","40","19","22","49","39","90","72","23","21","35","33","14","17","42","32","29","29",
"1500000US040130610294","Block Group 4, Census Tract 610.29, Maricopa County, Arizona","504","101","9","14","17","25","8","14","22","20","10","16","0","12","46","59","38","49","26","26","96","55","71","39","18","20","31","29","33","30","30","27","49","60",
"1500000US040130610301","Block Group 1, Census Tract 610.30, Maricopa County, Arizona","603","131","36","43","0","12","0","12","0","12","17","27","0","12","0","12","11","19","0","12","0","12","52","42","146","116","52","62","89","63","185","109","15","28",
"1500000US040130610302","Block Group 2, Census Tract 610.30, Maricopa County, Arizona","826","142","16","24","0","12","16","25","0","12","19","31","38","41","0","12","20","33","62","60","68","57","88","58","122","76","298","141","63","61","0","12","16","26",
"1500000US040130610303","Block Group 3, Census Tract 610.30, Maricopa County, Arizona","912","168","20","32","0","12","19","30","0","12","0","12","0","12","36","45","67","76","96","95","69","52","136","86","189","114","72","61","64","90","68","82","76","72",
"1500000US040130610311","Block Group 1, Census Tract 610.31, Maricopa County, Arizona","1705","94","72","49","11","19","34","30","42","37","48","39","61","41","98","91","40","39","24","24","180","98","147","71","293","121","228","82","117","63","255","106","55","47",
"1500000US040130610321","Block Group 1, Census Tract 610.32, Maricopa County, Arizona","577","103","0","12","37","53","0","12","7","11","9","13","10","16","19","30","20","31","0","12","78","61","86","69","119","60","68","44","77","54","10","16","37","39",
"1500000US040130610322","Block Group 2, Census Tract 610.32, Maricopa County, Arizona","729","103","8","12","9","15","18","20","0","12","10","16","0","12","0","12","59","57","27","26","110","74","66","39","204","79","138","55","22","26","58","48","0","12",
"1500000US040130610323","Block Group 3, Census Tract 610.32, Maricopa County, Arizona","337","80","0","12","0","12","0","12","8","13","8","14","9","16","32","40","12","19","9","15","44","33","62","46","100","67","37","34","0","12","16","18","0","12",
"1500000US040130610324","Block Group 4, Census Tract 610.32, Maricopa County, Arizona","301","67","9","15","25","24","0","12","0","12","0","12","31","39","23","26","30","29","17","21","13","16","39","27","30","26","31","27","27","34","10","16","16","19",
"1500000US040130610331","Block Group 1, Census Tract 610.33, Maricopa County, Arizona","546","88","0","12","0","12","0","12","11","18","0","12","0","12","14","16","98","67","26","30","57","51","47","37","119","58","74","47","78","63","11","17","11","17",
"1500000US040130610332","Block Group 2, Census Tract 610.33, Maricopa County, Arizona","806","103","21","25","25","26","0","12","18","19","12","18","35","40","21","26","26","27","55","43","105","76","119","70","217","83","108","63","35","33","9","16","0","12",
"1500000US040130610333","Block Group 3, Census Tract 610.33, Maricopa County, Arizona","747","135","31","31","12","20","13","22","89","59","0","12","21","30","0","12","25","41","29","22","89","74","111","60","211","111","52","39","10","16","47","50","7","11",
"1500000US040130610341","Block Group 1, Census Tract 610.34, Maricopa County, Arizona","753","156","83","122","0","12","0","12","21","35","32","50","0","12","16","25","7","12","0","12","13","20","0","12","109","96","86","79","88","54","206","143","92","64",
"1500000US040130610342","Block Group 2, Census Tract 610.34, Maricopa County, Arizona","383","95","0","12","0","12","0","12","0","12","5","39","21","32","20","31","0","12","13","22","103","67","29","48","71","63","12","21","31","31","35","53","43","51",
"1500000US040130610343","Block Group 3, Census Tract 610.34, Maricopa County, Arizona","829","203","19","31","0","12","0","12","0","12","31","50","12","22","0","12","99","143","23","28","111","161","144","79","152","179","20","33","23","36","122","103","73","67",
"1500000US040130610344","Block Group 4, Census Tract 610.34, Maricopa County, Arizona","186","96","20","31","0","12","0","12","0","12","0","12","0","12","15","25","0","12","0","12","23","36","51","57","7","12","46","55","0","12","24","36","0","12",
"1500000US040130610351","Block Group 1, Census Tract 610.35, Maricopa County, Arizona","756","162","0","12","17","28","21","34","0","12","0","12","44","50","92","117","55","70","0","12","88","74","169","119","79","62","14","24","134","154","15","25","28","47",
"1500000US040130610352","Block Group 2, Census Tract 610.35, Maricopa County, Arizona","456","125","0","12","18","29","0","12","0","12","0","12","0","12","0","12","66","76","17","28","89","97","69","55","66","66","20","31","87","75","0","12","24","39",
"1500000US040130610353","Block Group 3, Census Tract 610.35, Maricopa County, Arizona","776","181","43","49","0","12","0","12","0","12","87","82","36","41","128","109","19","31","27","32","74","60","81","60","86","92","90","88","84","71","8","14","13","21",
"1500000US040130610354","Block Group 4, Census Tract 610.35, Maricopa County, Arizona","370","126","0","12","19","29","0","12","0","12","0","12","65","61","20","31","0","12","23","36","49","74","48","46","109","68","37","44","0","12","0","12","0","12",
"1500000US040130610361","Block Group 1, Census Tract 610.36, Maricopa County, Arizona","521","81","26","31","0","12","51","61","9","14","40","41","10","15","0","12","6","10","44","47","16","18","7","12","58","28","111","61","27","22","73","47","43","39",
"1500000US040130610362","Block Group 2, Census Tract 610.36, Maricopa County, Arizona","701","77","6","9","0","12","4","7","0","12","0","12","32","28","15","22","14","21","5","8","49","32","110","51","127","69","109","57","71","46","93","45","66","34",
"1500000US040130610371","Block Group 1, Census Tract 610.37, Maricopa County, Arizona","982","106","48","51","0","12","0","12","0","12","25","28","11","18","0","12","29","27","0","12","37","29","91","46","254","84","228","90","134","82","85","42","40","31",
"1500000US040130610372","Block Group 2, Census Tract 610.37, Maricopa County, Arizona","704","120","28","46","9","14","12","19","29","26","0","12","8","13","9","15","11","16","45","61","71","57","23","25","135","77","128","74","104","75","59","45","33","29",
"1500000US040130610381","Block Group 1, Census Tract 610.38, Maricopa County, Arizona","512","88","0","12","7","12","32","43","0","12","11","17","11","17","0","12","0","12","62","49","49","41","113","77","117","58","27","25","42","53","34","29","7","13",
"1500000US040130610382","Block Group 2, Census Tract 610.38, Maricopa County, Arizona","350","64","10","15","0","12","9","14","0","12","0","12","10","16","9","14","0","12","15","18","17","18","66","41","82","39","50","36","75","52","0","12","7","12",
"1500000US040130610383","Block Group 3, Census Tract 610.38, Maricopa County, Arizona","529","99","18","21","21","23","0","12","0","12","12","19","4","11","44","45","39","54","36","42","17","19","74","59","50","34","114","84","55","42","45","37","0","12",
"1500000US040130610391","Block Group 1, Census Tract 610.39, Maricopa County, Arizona","568","89","0","12","0","12","0","12","8","13","0","12","0","12","12","18","10","16","10","17","111","74","62","43","54","38","105","45","30","27","113","55","53","38",
"1500000US040130610392","Block Group 2, Census Tract 610.39, Maricopa County, Arizona","224","67","0","12","0","12","14","22","0","12","0","12","0","12","17","27","0","12","0","12","47","54","11","17","0","12","39","33","16","20","23","24","57","37",
"1500000US040130610393","Block Group 3, Census Tract 610.39, Maricopa County, Arizona","540","94","65","52","0","12","0","12","0","12","0","12","23","34","13","20","0","12","9","15","31","29","55","34","83","70","116","78","44","34","51","50","50","41",
"1500000US040130610401","Block Group 1, Census Tract 610.40, Maricopa County, Arizona","516","129","0","12","0","12","45","34","0","12","22","25","0","12","0","12","40","57","21","26","139","83","50","46","128","71","23","29","13","20","35","29","0","12",
"1500000US040130610402","Block Group 2, Census Tract 610.40, Maricopa County, Arizona","315","97","0","12","11","17","0","12","0","12","35","52","17","28","10","16","17","26","16","26","42","37","32","33","64","56","14","22","45","66","0","12","12","17",
"1500000US040130610403","Block Group 3, Census Tract 610.40, Maricopa County, Arizona","683","144","15","18","0","12","28","42","58","55","0","12","93","87","0","12","59","55","37","39","145","63","46","36","157","101","20","25","11","16","14","18","0","12",
"1500000US040130610411","Block Group 1, Census Tract 610.41, Maricopa County, Arizona","211","90","7","11","10","18","0","12","0","12","0","12","17","27","9","15","7","11","0","12","22","24","14","23","62","44","15","25","48","68","0","12","0","12",
"1500000US040130610412","Block Group 2, Census Tract 610.41, Maricopa County, Arizona","194","79","0","12","0","12","0","12","9","15","0","12","10","15","0","12","6","11","23","38","7","13","67","35","36","36","15","28","21","34","0","12","0","12",
"1500000US040130610413","Block Group 3, Census Tract 610.41, Maricopa County, Arizona","655","157","0","12","0","12","29","33","11","16","70","85","37","41","70","66","11","15","60","55","47","40","89","70","119","66","98","79","14","23","0","12","0","12",
"1500000US040130610414","Block Group 4, Census Tract 610.41, Maricopa County, Arizona","305","136","0","12","23","38","0","12","8","14","0","12","0","12","0","12","0","12","0","12","49","63","92","99","64","44","20","23","49","60","0","12","0","12",
"1500000US040130610421","Block Group 1, Census Tract 610.42, Maricopa County, Arizona","137","51","0","12","0","12","0","12","0","12","10","11","0","12","5","8","10","11","0","12","20","16","39","33","31","22","17","27","0","12","5","9","0","12",
"1500000US040130610422","Block Group 2, Census Tract 610.42, Maricopa County, Arizona","187","56","5","8","5","8","5","9","0","12","0","12","16","14","7","11","17","16","0","12","28","30","25","17","30","28","6","8","24","32","5","9","14","23",
"1500000US040130610423","Block Group 3, Census Tract 610.42, Maricopa County, Arizona","184","51","19","15","0","12","6","8","0","12","1","5","0","12","0","12","17","27","2","5","70","34","0","12","55","33","14","13","0","12","0","12","0","12",
"1500000US040130610424","Block Group 4, Census Tract 610.42, Maricopa County, Arizona","407","53","7","12","21","22","6","10","6","11","13","14","0","12","0","12","30","33","55","46","90","52","53","34","109","50","5","9","0","12","12","19","0","12",
"1500000US040130610431","Block Group 1, Census Tract 610.43, Maricopa County, Arizona","488","60","11","16","0","12","22","33","0","12","55","40","19","24","36","25","20","25","54","39","56","39","115","63","55","36","17","14","0","12","15","24","13","14",
"1500000US040130610432","Block Group 2, Census Tract 610.43, Maricopa County, Arizona","284","58","0","12","0","12","0","12","25","32","0","12","5","7","9","15","6","9","0","12","24","17","21","16","74","39","22","22","53","37","17","17","28","23",
"1500000US040130610441","Block Group 1, Census Tract 610.44, Maricopa County, Arizona","1030","185","0","12","18","29","0","12","0","12","0","12","36","42","0","12","76","95","19","31","18","37","57","50","264","171","154","126","74","62","191","126","123","111",
"1500000US040130610442","Block Group 2, Census Tract 610.44, Maricopa County, Arizona","755","176","19","31","0","12","0","12","74","76","0","12","50","48","42","61","20","33","0","12","75","59","75","90","191","96","109","82","37","42","39","45","24","42",
"1500000US040130610443","Block Group 3, Census Tract 610.44, Maricopa County, Arizona","725","138","0","12","0","12","16","26","17","26","42","61","0","12","0","12","16","27","76","49","24","39","125","86","161","84","55","57","49","45","144","107","0","12",
"1500000US040130610451","Block Group 1, Census Tract 610.45, Maricopa County, Arizona","609","106","0","12","12","18","0","12","0","12","13","22","0","12","31","49","42","54","15","16","61","67","59","38","38","29","132","53","90","67","63","37","53","46",
"1500000US040130610452","Block Group 2, Census Tract 610.45, Maricopa County, Arizona","801","130","0","12","10","16","0","12","9","14","0","12","10","17","10","16","0","12","20","21","24","27","34","38","138","78","121","76","145","60","98","53","182","83",
"1500000US040130610453","Block Group 3, Census Tract 610.45, Maricopa County, Arizona","757","147","9","16","0","12","0","12","10","15","77","44","0","12","26","41","58","48","0","12","65","58","40","28","117","76","91","69","106","67","74","44","84","48",
"1500000US040130610461","Block Group 1, Census Tract 610.46, Maricopa County, Arizona","815","131","26","29","57","43","75","48","117","66","86","75","67","72","79","81","46","44","18","28","80","54","50","54","60","40","29","28","0","12","11","22","14","23",
"1500000US040130610462","Block Group 2, Census Tract 610.46, Maricopa County, Arizona","1417","158","180","117","0","12","19","22","96","80","40","64","25","29","61","54","61","74","0","12","132","71","136","85","199","92","243","94","59","41","129","81","37","33",
"1500000US040130610471","Block Group 1, Census Tract 610.47, Maricopa County, Arizona","845","54","5","8","24","28","6","9","4","8","22","33","17","25","0","12","20","24","24","18","23","15","117","55","104","43","118","62","110","58","93","46","158","51",
"1500000US040130610472","Block Group 2, Census Tract 610.47, Maricopa County, Arizona","234","53","0","12","0","12","0","12","5","7","0","12","0","12","0","12","0","12","0","12","5","9","6","9","13","15","45","34","57","36","25","19","78","49",
"1500000US040130611001","Block Group 1, Census Tract 611, Maricopa County, Arizona","0","12","0","12","0","12","0","12","0","12","0","12","0","12","0","12","0","12","0","12","0","12","0","12","0","12","0","12","0","12","0","12","0","12",
"1500000US040130611002","Block Group 2, Census Tract 611, Maricopa County, Arizona","159","42","0","12","0","12","0","12","0","12","0","12","18","27","7","10","30","35","12","17","37","32","12","13","36","22","3","5","0","12","0","12","4","7",
"1500000US040130611003","Block Group 3, Census Tract 611, Maricopa County, Arizona","347","60","0","12","0","12","4","8","11","13","14","15","0","12","0","12","54","43","39","24","63","34","47","24","68","29","34","26","13","15","0","12","0","12",
"1500000US040130612001","Block Group 1, Census Tract 612, Maricopa County, Arizona","665","140","89","56","45","43","24","23","41","48","45","49","53","67","46","54","97","85","40","49","57","60","66","39","50","34","12","19","0","12","0","12","0","12",
"1500000US040130612002","Block Group 2, Census Tract 612, Maricopa County, Arizona","280","97","10","16","0","12","11","17","36","47","32","42","44","40","0","12","19","27","57","49","18","29","0","12","25","32","5","10","0","12","23","26","0","12",
"1500000US040130612003","Block Group 3, Census Tract 612, Maricopa County, Arizona","671","130","120","67","136","70","86","61","38","45","95","82","14","22","0","12","59","59","0","12","10","16","28","29","40","52","21","24","19","23","5","8","0","12",
"1500000US040130612004","Block Group 4, Census Tract 612, Maricopa County, Arizona","302","89","31","42","27","47","22","24","33","43","31","37","25","40","31","37","0","12","38","47","10","14","0","12","23","23","31","29","0","12","0","12","0","12",
"1500000US040130613001","Block Group 1, Census Tract 613, Maricopa County, Arizona","646","50","48","38","19","17","34","28","52","35","30","23","49","35","52","29","49","35","0","12","138","52","66","38","57","31","17","14","21","18","7","9","7","9",
"1500000US040130614011","Block Group 1, Census Tract 614.01, Maricopa County, Arizona","252","56","25","26","21","26","24","30","22","25","20","21","19","27","54","39","33","30","5","7","21","26","0","12","0","12","8","12","0","12","0","12","0","12",
"1500000US040130614012","Block Group 2, Census Tract 614.01, Maricopa County, Arizona","437","59","122","47","0","12","24","27","18","23","52","41","45","39","26","28","8","11","9","10","33","31","42","26","29","30","19","26","5","9","5","7","0","12",
"1500000US040130614021","Block Group 1, Census Tract 614.02, Maricopa County, Arizona","574","117","58","53","27","42","45","53","73","57","17","19","49","55","20","33","51","53","0","12","42","29","78","64","66","41","48","38","0","12","0","12","0","12",
"1500000US040130614022","Block Group 2, Census Tract 614.02, Maricopa County, Arizona","589","110","66","38","87","69","62","43","90","69","9","13","16","19","0","12","23","37","23","36","46","49","44","49","64","59","32","38","27","36","0","12","0","12",
"1500000US040130614023","Block Group 3, Census Tract 614.02, Maricopa County, Arizona","601","117","131","69","47","32","20","23","24","40","51","58","21","34","0","12","0","12","37","47","61","49","30","26","77","43","44","38","47","35","0","12","11","17",
"1500000US040130715031","Block Group 1, Census Tract 715.03, Maricopa County, Arizona","441","77","16","25","15","22","53","36","15","24","69","54","16","25","65","44","62","51","34","39","51","47","0","12","18","27","19","29","8","16","0","12","0","12",
"1500000US040130715032","Block Group 2, Census Tract 715.03, Maricopa County, Arizona","436","120","15","24","0","12","70","57","18","28","33","38","77","83","71","57","16","26","15","24","18","28","31","36","53","84","0","12","0","12","19","30","0","12",
"1500000US040130715033","Block Group 3, Census Tract 715.03, Maricopa County, Arizona","481","102","28","25","0","12","76","48","57","72","0","12","16","26","18","28","33","38","46","43","30","35","38","52","94","62","29","35","0","12","0","12","16","26",
"1500000US040130715034","Block Group 4, Census Tract 715.03, Maricopa County, Arizona","1558","171","74","52","170","85","89","61","78","51","194","102","150","101","132","77","44","43","112","69","91","60","111","71","100","62","119","58","43","40","18","28","33","38",
"1500000US040130715041","Block Group 1, Census Tract 715.04, Maricopa County, Arizona","521","101","16","24","37","42","86","79","14","23","0","12","53","53","96","76","63","43","11","19","55","46","33","25","40","39","17","28","0","12","0","12","0","12",
"1500000US040130715042","Block Group 2, Census Tract 715.04, Maricopa County, Arizona","535","90","15","24","11","19","74","60","28","32","15","24","31","34","45","38","11","18","11","18","42","38","65","52","122","66","21","16","0","12","13","21","31","32",
"1500000US040130715043","Block Group 3, Census Tract 715.04, Maricopa County, Arizona","412","91","0","12","42","67","0","12","28","30","31","36","43","38","30","34","15","24","12","18","64","71","28","34","102","75","0","12","17","27","0","12","0","12",
"1500000US040130715044","Block Group 4, Census Tract 715.04, Maricopa County, Arizona","641","107","0","12","14","24","31","35","8","13","77","66","48","38","39","36","41","40","47","37","108","60","80","54","92","57","40","45","0","12","16","26","0","12",
"1500000US040130715051","Block Group 1, Census Tract 715.05, Maricopa County, Arizona","1346","164","138","65","44","40","73","53","207","118","60","48","132","80","29","33","51","47","0","12","203","99","161","93","129","68","62","39","0","12","42","66","15","26",
"1500000US040130715052","Block Group 2, Census Tract 715.05, Maricopa County, Arizona","423","84","0","12","0","12","27","30","16","25","45","41","65","49","50","44","8","14","15","24","29","31","86","60","14","23","13","22","44","72","11","18","0","12",
"1500000US040130715053","Block Group 3, Census Tract 715.05, Maricopa County, Arizona","771","127","31","37","14","22","44","45","47","44","15","23","77","56","45","45","0","12","102","82","44","41","108","84","151","92","28","31","16","24","49","44","0","12",
"1500000US040130715054","Block Group 4, Census Tract 715.05, Maricopa County, Arizona","1287","169","176","78","123","89","43","41","77","53","141","100","117","82","56","46","43","41","28","33","165","73","69","50","78","56","109","75","13","22","32","37","17","28",
"1500000US040130715061","Block Group 1, Census Tract 715.06, Maricopa County, Arizona","516","129","59","74","45","35","48","79","44","41","33","35","27","30","42","38","0","12","17","26","38","31","60","72","26","31","50","61","14","23","13","20","0","12",
"1500000US040130715062","Block Group 2, Census Tract 715.06, Maricopa County, Arizona","965","110","29","34","80","49","17","26","65","50","42","38","48","44","72","51","115","57","26","30","144","71","94","50","110","83","44","43","47","44","14","22","18","28",
"1500000US040130715063","Block Group 3, Census Tract 715.06, Maricopa County, Arizona","402","87","0","12","12","20","15","24","0","12","16","24","31","27","26","29","26","30","0","12","73","53","42","36","106","91","27","30","28","31","0","12","0","12",
"1500000US040130715064","Block Group 4, Census Tract 715.06, Maricopa County, Arizona","469","91","43","41","15","23","27","30","47","43","56","47","29","32","0","12","27","20","0","12","42","40","14","21","100","61","27","30","29","32","13","22","0","12",
"1500000US040130715091","Block Group 1, Census Tract 715.09, Maricopa County, Arizona","773","138","0","12","20","31","0","12","0","12","18","29","22","34","0","12","56","63","51","57","81","60","0","12","65","53","124","79","139","86","158","98","39","46",
"1500000US040130715092","Block Group 2, Census Tract 715.09, Maricopa County, Arizona","390","102","0","12","0","12","0","12","59","91","15","25","0","12","11","17","0","12","0","12","0","12","29","32","20","33","30","46","85","72","36","42","105","62",
"1500000US040130715093","Block Group 3, Census Tract 715.09, Maricopa County, Arizona","490","113","17","28","20","31","97","89","53","51","42","49","36","41","45","55","0","12","0","12","40","44","9","22","79","54","15","24","18","28","19","30","0","12",
"1500000US040130715094","Block Group 4, Census Tract 715.09, Maricopa County, Arizona","347","95","0","12","0","12","16","26","0","12","21","34","14","20","12","19","42","46","22","33","16","24","29","43","0","12","6","14","68","67","80","59","21","33",
"1500000US040130715101","Block Group 1, Census Tract 715.10, Maricopa County, Arizona","531","81","10","16","0","12","0","12","0","12","0","12","0","12","0","12","0","12","4","7","0","12","24","24","123","54","71","51","111","50","80","47","108","52",
"1500000US040130715102","Block Group 2, Census Tract 715.10, Maricopa County, Arizona","388","68","20","29","0","12","0","12","0","12","10","15","8","12","28","31","4","9","9","13","13","20","32","29","87","60","37","38","35","32","62","43","43","28",
"1500000US040130715103","Block Group 3, Census Tract 715.10, Maricopa County, Arizona","283","52","0","12","0","12","18","26","0","12","0","12","0","12","19","28","0","12","0","12","28","28","30","34","46","37","20","23","10","17","37","26","75","42",
"1500000US040130715111","Block Group 1, Census Tract 715.11, Maricopa County, Arizona","1029","118","20","22","82","71","27","31","73","74","6","11","7","11","32","46","41","28","52","46","74","41","167","83","154","69","83","48","70","45","62","45","79","51",
"1500000US040130715112","Block Group 2, Census Tract 715.11, Maricopa County, Arizona","354","77","54","40","0","12","30","29","9","16","48","38","12","21","24","27","0","12","52","45","43","33","30","29","42","33","10","15","0","12","0","12","0","12",
"1500000US040130715121","Block Group 1, Census Tract 715.12, Maricopa County, Arizona","621","129","33","43","10","16","22","24","63","73","46","44","10","18","25","28","19","23","12","21","153","111","39","63","111","72","35","46","21","25","0","12","22","34",
"1500000US040130715122","Block Group 2, Census Tract 715.12, Maricopa County, Arizona","398","115","0","12","0","12","0","12","0","12","0","12","42","36","13","21","0","12","0","12","0","12","21","35","20","27","76","68","184","117","18","28","24","38",
"1500000US040130715123","Block Group 3, Census Tract 715.12, Maricopa County, Arizona","398","117","0","12","13","28","20","31","37","58","0","12","14","25","0","12","29","34","48","48","12","19","33","42","78","75","28","27","63","51","23","36","0","12",
"1500000US040130715124","Block Group 4, Census Tract 715.12, Maricopa County, Arizona","546","125","0","12","8","14","0","12","17","28","12","21","0","12","0","12","0","12","0","12","13","21","51","50","135","99","58","46","85","66","31","44","136","89",
"1500000US040130715131","Block Group 1, Census Tract 715.13, Maricopa County, Arizona","262","38","13","21","0","12","0","12","0","12","4","6","0","12","27","24","0","12","6","9","11","16","21","18","19","15","55","23","8","11","46","27","52","33",
"1500000US040130715132","Block Group 2, Census Tract 715.13, Maricopa County, Arizona","260","43","0","12","0","12","0","12","0","12","0","12","0","12","10","15","14","17","6","8","45","35","27","20","18","16","56","29","14","13","25","18","45","31",
"1500000US040130715141","Block Group 1, Census Tract 715.14, Maricopa County, Arizona","251","62","0","12","32","50","0","12","0","12","0","12","8","11","0","12","9","14","6","10","0","12","35","26","57","39","20","15","0","12","74","53","10","17",
"1500000US040130715142","Block Group 2, Census Tract 715.14, Maricopa County, Arizona","559","97","68","66","15","17","11","18","9","14","0","12","0","12","27","31","57","78","45","35","19","21","83","46","145","76","32","38","37","43","11","17","0","12",
"1500000US040130715143","Block Group 3, Census Tract 715.14, Maricopa County, Arizona","653","94","10","15","0","12","6","10","11","20","0","12","9","13","11","16","7","11","10","15","74","53","105","47","73","43","129","92","61","36","85","51","62","38",
"1500000US040130715151","Block Group 1, Census Tract 715.15, Maricopa County, Arizona","380","82","8","13","21","25","22","22","0","12","0","12","42","27","0","12","11","18","56","39","8","13","35","33","95","69","34","28","0","12","16","24","32","31",
"1500000US040130715152","Block Group 2, Census Tract 715.15, Maricopa County, Arizona","307","64","8","14","0","12","0","12","8","13","7","11","28","24","0","12","8","12","18","20","54","36","40","32","47","31","25","20","48","35","16","23","0","12",
"1500000US040130715153","Block Group 3, Census Tract 715.15, Maricopa County, Arizona","791","103","30","26","10","16","10","15","83","59","39","50","40","33","9","14","42","31","78","55","19","23","56","36","91","51","103","54","67","46","90","39","24","29",
"1500000US040130715161","Block Group 1, Census Tract 715.16, Maricopa County, Arizona","1348","139","177","108","31","25","56","50","35","30","100","61","80","48","59","43","143","77","54","38","184","102","169","84","119","55","76","42","25","20","20","23","20","23",
"1500000US040130715162","Block Group 2, Census Tract 715.16, Maricopa County, Arizona","600","92","48","32","67","48","51","35","71","41","56","39","58","37","79","57","67","48","11","17","12","15","11","18","0","12","24","22","9","14","36","30","0","12",
"1500000US040130715171","Block Group 1, Census Tract 715.17, Maricopa County, Arizona","417","82","13","20","0","12","0","12","9","15","12","17","45","41","0","12","10","15","10","15","51","38","29","24","92","43","57","36","24","26","53","31","12","18",
"1500000US040130715172","Block Group 2, Census Tract 715.17, Maricopa County, Arizona","261","57","9","15","0","12","0","12","12","20","0","12","0","12","30","45","8","13","9","15","41","32","42","32","53","33","22","25","10","17","11","18","14","20",
"1500000US040130715173","Block Group 3, Census Tract 715.17, Maricopa County, Arizona","635","91","38","47","0","12","0","12","50","57","24","24","7","12","19","30","15","25","27","24","46","44","82","71","135","76","85","62","89","47","11","19","7","13",
"1500000US040130716001","Block Group 1, Census Tract 716, Maricopa County, Arizona","1061","132","118","75","68","41","201","83","107","58","107","69","67","55","62","40","55","55","78","55","75","57","56","63","39","38","8","13","0","12","0","12","20","22",
"1500000US040130716002","Block Group 2, Census Tract 716, Maricopa County, Arizona","631","115","56","47","60","52","17","27","45","41","36","29","45","46","48","39","77","55","13","20","33","35","63","46","110","61","8","14","0","12","13","20","7","12",
"1500000US040130717011","Block Group 1, Census Tract 717.01, Maricopa County, Arizona","905","72","44","39","12","15","49","33","49","38","46","45","0","12","49","34","66","47","8","11","64","43","172","62","167","55","102","38","32","26","45","22","0","12",
"1500000US040130717021","Block Group 1, Census Tract 717.02, Maricopa County, Arizona","404","134","33","31","0","12","14","22","10","16","86","95","27","22","27","31","33","36","30","35","42","62","15","23","50","41","37","56","0","12","0","12","0","12",
"1500000US040130717022","Block Group 2, Census Tract 717.02, Maricopa County, Arizona","386","90","26","22","13","20","11","19","14","22","24","26","26","29","30","34","11","19","118","53","11","19","95","82","0","12","7","12","0","12","0","12","0","12",
"1500000US040130717023","Block Group 3, Census Tract 717.02, Maricopa County, Arizona","338","85","17","28","12","19","76","74","14","23","16","25","41","37","13","21","11","17","42","40","11","17","31","34","16","24","38","37","0","12","0","12","0","12",
"1500000US040130717024","Block Group 4, Census Tract 717.02, Maricopa County, Arizona","454","108","15","24","25","29","83","74","33","37","11","19","66","38","10","18","0","12","7","12","77","48","19","30","64","47","25","30","19","30","0","12","0","12",
"1500000US040130717025","Block Group 5, Census Tract 717.02, Maricopa County, Arizona","355","57","42","41","42","33","24","28","49","34","30","34","16","25","67","48","0","12","22","26","35","32","28","32","0","12","0","12","0","12","0","12","0","12",
"1500000US040130718011","Block Group 1, Census Tract 718.01, Maricopa County, Arizona","891","163","120","100","97","89","49","45","52","44","17","26","46","36","76","65","94","98","66","44","95","56","79","58","17","27","83","64","0","12","0","12","0","12",
"1500000US040130718012","Block Group 2, Census Tract 718.01, Maricopa County, Arizona","295","68","33","38","0","12","0","12","16","27","43","44","22","38","34","38","15","24","13","21","15","23","42","38","36","40","13","21","13","22","0","12","0","12",
"1500000US040130718013","Block Group 3, Census Tract 718.01, Maricopa County, Arizona","618","134","69","52","50","42","66","53","74","57","16","25","55","45","60","54","42","38","19","30","78","78","10","25","33","36","29","36","0","12","17","27","0","12",
"1500000US040130718014","Block Group 4, Census Tract 718.01, Maricopa County, Arizona","524","136","0","12","84","78","16","25","32","38","96","80","66","54","16","27","18","28","21","39","18","29","54","65","35","40","0","12","68","88","0","12","0","12",
"1500000US040130718015","Block Group 5, Census Tract 718.01, Maricopa County, Arizona","276","77","13","21","0","12","49","45","18","28","10","18","0","12","16","26","0","12","47","42","17","27","67","58","13","21","0","12","13","20","0","12","13","22",
"1500000US040130718016","Block Group 6, Census Tract 718.01, Maricopa County, Arizona","244","68","0","12","34","40","14","22","15","23","0","12","62","43","61","50","14","24","0","12","0","12","17","27","15","23","12","19","0","12","0","12","0","12",
"1500000US040130718021","Block Group 1, Census Tract 718.02, Maricopa County, Arizona","657","104","28","32","115","102","43","39","42","38","99","58","70","45","27","31","58","42","15","23","43","39","42","38","15","23","0","12","46","70","14","22","0","12",
"1500000US040130718022","Block Group 2, Census Tract 718.02, Maricopa County, Arizona","424","89","26","29","15","24","90","67","27","32","43","32","15","24","54","43","15","23","14","24","14","23","28","33","55","44","14","23","0","12","0","12","14","23",
"1500000US040130718023","Block Group 3, Census Tract 718.02, Maricopa County, Arizona","568","121","143","123","30","34","28","22","14","23","56","59","14","22","42","39","44","40","0","12","85","70","73","51","26","31","0","12","0","12","13","21","0","12",
"1500000US040130718024","Block Group 4, Census Tract 718.02, Maricopa County, Arizona","500","101","14","23","15","24","29","33","41","39","58","76","28","32","55","73","60","80","0","12","57","48","28","33","87","76","14","22","0","12","0","12","14","22",
"1500000US040130719031","Block Group 1, Census Tract 719.03, Maricopa County, Arizona","334","105","0","12","0","12","23","32","9","15","17","28","0","12","40","52","0","12","14","23","63","83","34","55","21","31","96","85","17","30","0","12","0","12",
"1500000US040130719032","Block Group 2, Census Tract 719.03, Maricopa County, Arizona","280","127","0","12","0","12","0","12","40","44","0","12","12","19","85","104","0","12","0","12","47","54","0","12","52","59","29","38","15","23","0","12","0","12",
"1500000US040130719033","Block Group 3, Census Tract 719.03, Maricopa County, Arizona","253","112","0","12","13","23","0","12","4","13","0","12","20","33","7","15","0","12","0","12","10","19","0","12","69","41","48","46","82","93","0","12","0","12",
"1500000US040130719034","Block Group 4, Census Tract 719.03, Maricopa County, Arizona","242","99","11","22","9","16","31","47","0","12","0","12","39","60","10","16","0","12","0","12","44","49","50","50","18","22","8","14","22","36","0","12","0","12",
"1500000US040130719035","Block Group 5, Census Tract 719.03, Maricopa County, Arizona","217","107","10","17","0","12","0","12","17","28","16","26","0","12","22","35","0","12","0","12","0","12","15","24","56","71","6","17","60","80","15","28","0","12",
"1500000US040130719036","Block Group 6, Census Tract 719.03, Maricopa County, Arizona","328","94","37","48","0","12","0","12","0","12","0","12","45","46","0","12","69","80","0","12","29","46","33","41","23","23","78","64","0","12","14","23","0","12",
"1500000US040130719037","Block Group 7, Census Tract 719.03, Maricopa County, Arizona","426","117","24","38","0","12","34","42","27","32","20","24","56","59","0","12","10","16","57","53","67","44","31","36","27","36","57","82","0","12","0","12","16","26",
"1500000US040130719061","Block Group 1, Census Tract 719.06, Maricopa County, Arizona","788","95","36","33","18","20","18","20","8","12","56","40","50","40","76","51","52","40","0","12","97","65","83","47","111","52","59","38","83","70","41","45","0","12",
"1500000US040130719062","Block Group 2, Census Tract 719.06, Maricopa County, Arizona","579","98","60","38","34","28","18","20","29","45","0","12","0","12","34","38","6","10","42","45","69","51","73","38","115","57","22","23","36","29","41","32","0","12",
"1500000US040130719063","Block Group 3, Census Tract 719.06, Maricopa County, Arizona","404","84","0","12","9","14","15","20","0","12","21","34","53","48","21","23","6","10","44","30","58","52","41","31","50","31","50","38","22","24","14","18","0","12",
"1500000US040130719091","Block Group 1, Census Tract 719.09, Maricopa County, Arizona","475","71","29","24","8","13","79","42","64","49","30","37","51","45","53","42","45","29","22","25","18","20","32","26","15","16","22","20","0","12","7","11","0","12",
"1500000US040130719092","Block Group 2, Census Tract 719.09, Maricopa County, Arizona","285","73","0","12","0","12","23","21","0","12","0","12","0","12","0","12","39","47","0","12","46","36","38","34","47","37","28","32","13","20","31","26","20","23",
"1500000US040130719093","Block Group 3, Census Tract 719.09, Maricopa County, Arizona","241","51","0","12","0","12","18","17","9","14","0","12","0","12","14","15","0","12","9","15","10","15","15","12","92","51","36","28","19","16","11","16","8","12",
"1500000US040130719094","Block Group 4, Census Tract 719.09, Maricopa County, Arizona","613","85","16","18","16","17","53","53","0","12","23","22","18","20","21","20","73","45","8","12","55","37","64","44","167","79","99","71","0","12","0","12","0","12",
"1500000US040130719101","Block Group 1, Census Tract 719.10, Maricopa County, Arizona","462","163","0","12","15","24","0","12","15","24","14","24","55","118","27","32","38","46","43","51","77","55","17","30","120","106","41","51","0","12","0","12","0","12",
"1500000US040130719102","Block Group 2, Census Tract 719.10, Maricopa County, Arizona","153","80","16","27","21","34","0","12","0","12","0","12","26","39","17","26","0","12","18","30","0","12","17","26","0","12","15","25","23","39","0","12","0","12",
"1500000US040130719103","Block Group 3, Census Tract 719.10, Maricopa County, Arizona","332","140","0","12","0","12","20","33","16","27","0","12","56","88","11","18","66","79","36","43","17","29","93","90","0","12","0","12","17","27","0","12","0","12",
"1500000US040130719104","Block Group 4, Census Tract 719.10, Maricopa County, Arizona","595","164","0","12","0","12","21","35","15","24","87","116","0","12","78","81","29","34","41","52","85","122","85","83","93","100","16","30","32","29","13","22","0","12",
"1500000US040130719105","Block Group 5, Census Tract 719.10, Maricopa County, Arizona","704","131","53","65","30","26","53","46","64","82","17","28","41","46","33","41","48","61","112","36","52","45","42","55","91","61","0","12","53","58","15","23","0","12",
"1500000US040130719111","Block Group 1, Census Tract 719.11, Maricopa County, Arizona","944","98","6","11","29","29","8","13","13","19","30","28","12","19","55","44","44","34","60","35","60","40","152","60","143","56","144","72","90","51","74","57","24","27",
"1500000US040130719121","Block Group 1, Census Tract 719.12, Maricopa County, Arizona","307","96","9","14","21","23","0","12","0","12","0","12","10","16","42","54","0","12","17","26","0","12","26","42","162","82","11","17","0","12","9","13","0","12",
"1500000US040130719122","Block Group 2, Census Tract 719.12, Maricopa County, Arizona","240","94","11","18","35","54","24","24","13","19","52","53","13","20","0","12","0","12","6","10","30","26","11","17","45","59","0","12","0","12","0","12","0","12",
"1500000US040130719123","Block Group 3, Census Tract 719.12, Maricopa County, Arizona","551","112","40","27","54","55","75","64","136","102","32","30","0","12","0","12","35","29","0","12","27","25","62","42","79","46","0","12","11","18","0","12","0","12",
"1500000US040130719131","Block Group 1, Census Tract 719.13, Maricopa County, Arizona","725","105","2","10","8","12","29","46","13","21","20","25","0","12","31","38","20","18","41","58","65","52","90","55","212","79","128","65","46","47","20","24","0","12",
"1500000US040130719132","Block Group 2, Census Tract 719.13, Maricopa County, Arizona","723","123","126","87","67","62","46","56","27","31","64","73","68","74","57","59","26","29","28","27","48","57","96","76","23","26","47","53","0","12","0","12","0","12",
"1500000US040130719133","Block Group 3, Census Tract 719.13, Maricopa County, Arizona","341","114","40","28","0","12","0","12","10","16","0","12","0","12","37","29","54","57","0","12","33","29","36","38","94","73","10","16","27","33","0","12","0","12",
"1500000US040130719141","Block Group 1, Census Tract 719.14, Maricopa County, Arizona","251","52","7","10","6","9","40","28","0","12","11","15","21","23","26","22","9","12","13","14","12","11","39","36","29","21","18","16","12","12","8","12","0","12",
"1500000US040130719142","Block Group 2, Census Tract 719.14, Maricopa County, Arizona","224","50","19","20","17","14","0","12","19","16","39","34","0","12","15","15","16","14","9","13","20","17","46","33","10","11","14","16","0","12","0","12","0","12",
"1500000US040130719143","Block Group 3, Census Tract 719.14, Maricopa County, Arizona","414","59","17","18","32","39","2","6","4","7","11","12","18","18","0","12","20","18","9","13","64","35","83","54","40","27","57","34","48","37","9","13","0","12",
"1500000US040130719151","Block Group 1, Census Tract 719.15, Maricopa County, Arizona","303","94","15","20","0","12","18","19","55","39","42","51","0","12","48","63","0","12","10","16","8","12","44","39","13","20","29","28","7","11","14","21","0","12",
"1500000US040130719152","Block Group 2, Census Tract 719.15, Maricopa County, Arizona","382","78","37","37","26","34","31","29","11","18","0","12","0","12","34","32","25","25","30","36","17","19","26","38","61","37","54","44","14","22","8","13","8","13",
"1500000US040130719153","Block Group 3, Census Tract 719.15, Maricopa County, Arizona","489","95","39","37","0","12","10","17","11","17","0","12","5","9","15","22","26","42","41","38","14","16","103","62","98","68","71","56","33","30","23","26","0","12",
"1500000US040130820021","Block Group 1, Census Tract 820.02, Maricopa County, Arizona","899","208","45","50","49","78","18","28","0","12","0","12","50","56","40","44","124","118","97","86","44","41","137","98","207","136","30","34","9","16","27","32","22","35",
"1500000US040130820022","Block Group 2, Census Tract 820.02, Maricopa County, Arizona","840","168","93","101","101","106","24","35","0","12","27","30","39","47","58","92","59","92","21","35","47","75","122","108","137","75","63","69","49","47","0","12","0","12",
"1500000US040130820023","Block Group 3, Census Tract 820.02, Maricopa County, Arizona","617","168","43","66","0","12","0","12","74","72","0","12","0","12","41","48","16","27","0","12","34","55","190","108","106","116","39","45","32","45","42","49","0","12",
"1500000US040130820071","Block Group 1, Census Tract 820.07, Maricopa County, Arizona","738","87","22","23","25","37","65","59","21","33","56","50","20","22","86","52","16","17","32","31","120","82","88","59","81","48","50","32","47","47","9","14","0","12",
"1500000US040130820072","Block Group 2, Census Tract 820.07, Maricopa County, Arizona","525","103","6","11","34","35","0","12","44","34","23","25","32","41","36","48","30","25","40","41","78","57","88","63","69","47","45","49","0","12","0","12","0","12",
"1500000US040130820081","Block Group 1, Census Tract 820.08, Maricopa County, Arizona","437","101","15","18","0","12","0","12","18","28","81","67","21","24","45","55","78","56","0","12","22","27","86","67","21","35","5","14","26","28","0","12","19","26",
"1500000US040130820082","Block Group 2, Census Tract 820.08, Maricopa County, Arizona","585","124","43","51","8","11","8","12","32","28","46","45","59","59","48","49","15","18","34","42","24","30","102","74","90","62","34","44","0","12","17","27","25","37",
"1500000US040130820083","Block Group 3, Census Tract 820.08, Maricopa County, Arizona","468","107","42","43","17","21","6","10","34","32","12","17","70","57","0","12","0","12","59","57","42","36","40","34","76","54","55","43","6","12","9","15","0","12",
"1500000US040130820091","Block Group 1, Census Tract 820.09, Maricopa County, Arizona","649","106","55","49","52","44","11","18","8","12","55","39","59","43","26","41","24","25","30","36","84","55","106","72","58","48","54","40","0","12","19","21","8","15",
"1500000US040130820092","Block Group 2, Census Tract 820.09, Maricopa County, Arizona","744","104","10","17","33","40","11","18","0","12","41","50","95","82","9","15","85","53","30","32","51","44","78","59","125","71","101","72","12","17","63","72","0","12",
"1500000US040130820101","Block Group 1, Census Tract 820.10, Maricopa County, Arizona","634","100","12","18","33","30","23","36","89","65","11","17","21","23","65","51","0","12","56","60","86","53","72","51","28","31","62","42","37","53","39","48","0","12",
"1500000US040130820102","Block Group 2, Census Tract 820.10, Maricopa County, Arizona","567","103","0","12","12","18","82","69","61","51","12","19","41","52","35","43","59","41","0","12","28","26","0","12","161","73","66","49","0","12","10","17","0","12",
"1500000US040130820121","Block Group 1, Census Tract 820.12, Maricopa County, Arizona","975","128","26","25","40","48","32","49","11","19","54","64","30","47","50","56","30","49","64","73","128","81","201","69","186","75","28","30","18","20","77","70","0","12",
"1500000US040130820122","Block Group 2, Census Tract 820.12, Maricopa County, Arizona","1008","127","17","26","0","12","41","39","17","21","39","44","14","21","0","12","62","60","25","25","110","72","153","69","277","118","147","72","51","41","41","35","14","16",
"1500000US040130820161","Block Group 1, Census Tract 820.16, Maricopa County, Arizona","773","36","8","11","0","12","5","7","39","29","46","34","26","25","49","43","21","20","63","43","50","37","89","49","152","63","75","50","91","54","44","27","15","22",
"1500000US040130820171","Block Group 1, Census Tract 820.17, Maricopa County, Arizona","890","135","44","40","11","18","9","22","22","22","47","37","15","18","21","29","16","17","78","55","85","60","202","92","123","64","69","46","65","47","17","21","66","56",
"1500000US040130820172","Block Group 2, Census Tract 820.17, Maricopa County, Arizona","417","119","37","57","9","14","40","63","8","16","38","58","28","30","0","12","9","14","7","15","46","47","60","57","26","22","99","78","10","16","0","12","0","12",
"1500000US040130820181","Block Group 1, Census Tract 820.18, Maricopa County, Arizona","627","118","0","12","15","17","18","21","26","39","73","65","82","73","37","45","22","27","32","33","30","31","52","39","105","64","78","54","30","28","16","18","11","17",
"1500000US040130820182","Block Group 2, Census Tract 820.18, Maricopa County, Arizona","860","117","45","54","32","31","14","21","53","49","9","13","23","28","45","41","56","40","23","37","151","80","146","89","131","70","90","60","11","17","0","12","31","28",
"1500000US040130820191","Block Group 1, Census Tract 820.19, Maricopa County, Arizona","516","80","13","21","15","19","0","12","0","12","31","36","19","30","46","61","12","20","0","12","68","59","68","48","39","38","60","46","29","28","110","60","6","9",
"1500000US040130820192","Block Group 2, Census Tract 820.19, Maricopa County, Arizona","341","71","0","12","0","12","0","12","6","9","0","12","4","6","0","12","11","13","12","21","16","23","52","39","47","36","105","58","41","32","36","45","11","14",
"1500000US040130820201","Block Group 1, Census Tract 820.20, Maricopa County, Arizona","747","115","0","12","13","25","30","36","15","27","0","12","0","12","0","12","101","66","0","12","120","67","95","73","106","66","195","104","39","41","33","33","0","12",
"1500000US040130820202","Block Group 2, Census Tract 820.20, Maricopa County, Arizona","536","122","12","21","0","12","0","12","16","21","6","12","0","12","0","12","0","12","48","43","61","69","61","54","46","42","80","58","89","86","108","103","9","15",
"1500000US040130820211","Block Group 1, Census Tract 820.21, Maricopa County, Arizona","692","44","29","37","23","33","76","74","18","22","0","12","20","19","26","39","16","20","5","9","70","46","94","80","132","75","54","36","81","80","22","26","26","29",
"1500000US040130820221","Block Group 1, Census Tract 820.22, Maricopa County, Arizona","815","114","72","60","0","12","0","12","11","18","59","47","21","23","0","12","12","22","19","24","65","44","66","52","190","74","141","84","89","56","44","32","26","30",
"1500000US040130820222","Block Group 2, Census Tract 820.22, Maricopa County, Arizona","796","119","0","12","24","24","31","26","32","46","82","47","82","67","213","89","54","44","22","22","105","64","51","57","46","41","46","41","8","14","0","12","0","12",
"1500000US040130820231","Block Group 1, Census Tract 820.23, Maricopa County, Arizona","352","78","22","36","0","12","0","12","0","12","9","15","16","18","0","12","0","12","15","18","41","51","59","41","86","47","34","33","33","24","22","25","15","16",
"1500000US040130820232","Block Group 2, Census Tract 820.23, Maricopa County, Arizona","624","100","25","23","6","10","2","10","21","24","18","21","15","17","16","17","35","43","87","60","24","22","43","31","130","85","37","31","65","40","51","27","49","51",
"1500000US040130820233","Block Group 3, Census Tract 820.23, Maricopa County, Arizona","751","127","72","64","0","12","0","12","42","50","7","12","16","19","33","40","0","12","61","57","61","62","70","41","153","70","103","60","9","13","108","74","16","19",
"1500000US040130820241","Block Group 1, Census Tract 820.24, Maricopa County, Arizona","493","92","31","38","0","12","0","12","12","18","0","12","0","12","12","20","0","12","43","49","81","65","4","10","97","75","106","58","37","33","39","41","31","46",
"1500000US040130820242","Block Group 2, Census Tract 820.24, Maricopa County, Arizona","1053","112","62","48","45","54","23","27","70","49","136","89","68","67","85","60","34","39","45","39","64","50","209","98","156","79","28","25","13","17","15","21","0","12",
"1500000US040130820251","Block Group 1, Census Tract 820.25, Maricopa County, Arizona","842","50","17","14","0","12","16","18","0","12","37","23","40","24","18","17","6","8","54","32","76","41","99","47","285","66","120","54","48","27","12","13","14","18",
"1500000US040130820261","Block Group 1, Census Tract 820.26, Maricopa County, Arizona","1144","134","18","20","45","57","88","67","37","29","29","35","55","55","110","78","74","79","51","48","97","53","116","78","165","91","109","61","41","35","73","69","36","43",
"1500000US040130820262","Block Group 2, Census Tract 820.26, Maricopa County, Arizona","798","126","51","47","0","12","10","16","8","13","31","30","110","82","30","30","15","16","17","20","10","16","78","43","149","80","115","58","115","78","24","28","35","43",
"1500000US040130820271","Block Group 1, Census Tract 820.27, Maricopa County, Arizona","482","122","37","55","0","12","0","12","38","42","20","22","16","18","21","23","18","18","6","10","105","84","85","75","91","66","4","9","0","12","16","23","25","40",
"1500000US040130820272","Block Group 2, Census Tract 820.27, Maricopa County, Arizona","952","119","18","22","27","29","20","32","7","13","54","45","28","27","45","50","10","16","31","35","184","108","173","91","126","70","85","45","32","33","85","71","27","26",
"1500000US040130820281","Block Group 1, Census Tract 820.28, Maricopa County, Arizona","506","106","57","52","37","44","0","12","29","28","0","12","65","45","43","33","10","16","34","42","27","25","122","67","65","49","0","12","17","20","0","12","0","12",
"1500000US040130820282","Block Group 2, Census Tract 820.28, Maricopa County, Arizona","881","116","60","57","33","40","20","32","56","59","48","52","47","64","49","57","0","12","24","39","129","74","76","55","147","90","78","55","62","48","25","39","27","42",
"1500000US040130822031","Block Group 1, Census Tract 822.03, Maricopa County, Arizona","1808","233","52","91","0","17","19","29","0","17","41","42","69","109","0","17","108","95","168","152","206","128","85","99","487","178","348","187","84","105","52","66","89","76",
"1500000US040130822032","Block Group 2, Census Tract 822.03, Maricopa County, Arizona","546","189","46","69","0","12","0","12","0","12","0","12","16","26","0","12","0","12","17","28","65","68","62","67","226","147","32","32","24","41","58","57","0","12",
"1500000US040130822033","Block Group 3, Census Tract 822.03, Maricopa County, Arizona","706","178","22","35","43","61","14","24","0","12","0","12","16","25","0","12","22","36","27","43","114","105","130","113","93","88","42","49","99","62","84","82","0","12",
"1500000US040130822041","Block Group 1, Census Tract 822.04, Maricopa County, Arizona","556","104","18","28","0","12","0","12","0","12","25","42","27","30","0","12","40","37","65","63","69","58","123","71","74","64","79","50","36","36","0","12","0","12",
"1500000US040130822042","Block Group 2, Census Tract 822.04, Maricopa County, Arizona","974","164","0","12","0","12","64","68","58","67","32","49","18","32","80","74","50","37","18","29","39","37","98","65","208","125","144","92","64","64","67","57","34","35",
"1500000US040130822051","Block Group 1, Census Tract 822.05, Maricopa County, Arizona","640","117","10","15","12","17","0","12","12","19","38","57","0","12","59","47","11","17","50","55","44","42","71","68","165","85","141","80","2","7","12","26","13","12",
"1500000US040130822052","Block Group 2, Census Tract 822.05, Maricopa County, Arizona","1031","110","44","51","32","36","16","19","11","20","0","12","54","56","51","50","64","43","126","67","120","70","173","81","159","96","50","34","69","57","34","39","28","28",
"1500000US040130822061","Block Group 1, Census Tract 822.06, Maricopa County, Arizona","1161","44","15","17","0","17","0","17","9","16","9","12","25","24","59","41","45","49","23","21","196","72","129","58","213","58","175","69","94","51","93","55","76","45",
"1500000US040130822071","Block Group 1, Census Tract 822.07, Maricopa County, Arizona","369","65","44","41","5","8","0","12","0","12","24","22","16","20","26","24","67","50","4","7","65","34","32","28","50","29","11","16","12","12","0","12","13","20",
"1500000US040130822072","Block Group 2, Census Tract 822.07, Maricopa County, Arizona","553","64","0","12","0","12","9","15","9","10","11","17","15","16","18","26","46","37","60","46","104","52","95","48","72","37","46","30","37","29","24","26","7","11",
"1500000US040130822081","Block Group 1, Census Tract 822.08, Maricopa County, Arizona","490","71","31","29","33","25","22","27","26","23","9","9","33","27","32","31","21","25","51","29","24","24","106","51","60","36","31","25","7","10","4","6","0","12",
"1500000US040130822082","Block Group 2, Census Tract 822.08, Maricopa County, Arizona","287","66","7","11","0","12","0","12","17","19","12","15","10","11","8","12","0","12","13","20","52","46","52","36","52","38","16","17","19","17","18","27","11","16",
"1500000US040130822091","Block Group 1, Census Tract 822.09, Maricopa County, Arizona","213","56","50","39","0","12","23","38","0","12","7","11","9","17","8","15","33","26","6","13","19","28","10","16","30","30","6","8","7","10","5","12","0","12",
"1500000US040130822092","Block Group 2, Census Tract 822.09, Maricopa County, Arizona","634","80","39","34","20","33","0","12","45","34","20","32","48","40","43","47","37","39","43","48","146","81","49","42","107","71","19","31","5","9","0","12","13","14",
"1500000US040130822101","Block Group 1, Census Tract 822.10, Maricopa County, Arizona","788","122","53","42","0","12","38","56","35","32","20","23","10","16","19","21","64","53","45","41","25","26","161","83","158","96","68","40","36","30","36","29","20","27",
"1500000US040130822102","Block Group 2, Census Tract 822.10, Maricopa County, Arizona","632","124","9","13","27","41","11","18","0","12","0","12","60","57","32","50","41","41","24","27","103","83","82","59","90","52","43","37","37","39","29","43","44","54",
"1500000US040130822111","Block Group 1, Census Tract 822.11, Maricopa County, Arizona","273","83","14","21","0","12","0","12","29","31","0","12","33","52","0","12","12","20","23","35","0","12","0","12","34","39","80","65","8","13","27","40","13","20",
"1500000US040130822112","Block Group 2, Census Tract 822.11, Maricopa County, Arizona","1049","114","43","57","0","12","0","12","36","50","24","26","8","13","10","16","96","63","27","30","165","74","76","46","260","103","87","71","121","73","87","61","9","14",
"1500000US040130822113","Block Group 3, Census Tract 822.11, Maricopa County, Arizona","295","83","0","12","0","12","0","12","0","12","0","12","0","12","16","26","10","16","0","12","22","25","44","36","99","51","48","36","44","52","0","12","12","19",
"1500000US040130830001","Block Group 1, Census Tract 830, Maricopa County, Arizona","1049","169","110","88","37","33","39","40","98","86","38","49","75","75","43","29","123","90","15","18","42","50","66","69","247","108","68","69","48","58","0","12","0","12",
"1500000US040130830002","Block Group 2, Census Tract 830, Maricopa County, Arizona","697","158","73","66","25","39","12","15","12","20","77","66","57","63","74","71","51","59","24","30","29","27","93","88","92","65","67","65","11","19","0","12","0","12",
"1500000US040130830003","Block Group 3, Census Tract 830, Maricopa County, Arizona","300","91","5","10","10","17","0","12","12","18","0","12","11","18","9","16","16","27","32","43","6","10","44","39","0","12","57","40","32","35","66","72","0","12",
"1500000US040130923051","Block Group 1, Census Tract 923.05, Maricopa County, Arizona","743","100","27","25","9","14","36","46","44","54","10","15","45","46","29","25","28","32","32","23","98","68","109","64","72","45","135","67","8","13","52","50","9","14",
"1500000US040130923052","Block Group 2, Census Tract 923.05, Maricopa County, Arizona","686","95","42","54","55","42","111","78","17","18","65","49","12","19","35","36","48","61","9","14","111","79","47","29","55","37","40","29","0","12","27","24","12","21",
"1500000US040130923061","Block Group 1, Census Tract 923.06, Maricopa County, Arizona","459","123","37","42","0","12","15","27","18","30","0","12","16","27","17","29","14","23","0","12","86","71","67","59","11","18","0","12","114","86","36","43","28","45",
"1500000US040130923062","Block Group 2, Census Tract 923.06, Maricopa County, Arizona","408","119","96","101","44","52","13","21","22","36","31","30","15","24","41","48","0","12","41","40","0","12","34","42","19","30","52","47","0","12","0","12","0","12",
"1500000US040130923063","Block Group 3, Census Tract 923.06, Maricopa County, Arizona","590","138","28","33","0","12","0","12","0","12","36","38","0","12","0","12","0","12","131","112","31","38","134","113","115","55","27","31","29","44","59","56","0","12",
"1500000US040130923064","Block Group 4, Census Tract 923.06, Maricopa County, Arizona","653","141","0","12","0","12","0","12","81","51","89","97","13","23","16","26","56","52","71","89","49","60","55","47","72","58","74","47","16","25","61","74","0","12",
"1500000US040130923071","Block Group 1, Census Tract 923.07, Maricopa County, Arizona","734","170","77","50","73","80","13","21","77","97","12","18","62","46","19","31","25","38","0","12","0","12","251","114","22","36","76","74","13","27","0","12","14","24",
"1500000US040130923072","Block Group 2, Census Tract 923.07, Maricopa County, Arizona","382","146","0","12","0","12","75","89","0","12","0","12","72","96","14","22","0","12","0","12","74","106","16","23","62","56","32","37","37","50","0","12","0","12",
"1500000US040130923073","Block Group 3, Census Tract 923.07, Maricopa County, Arizona","621","146","0","12","69","83","0","12","0","12","0","12","0","12","0","12","34","56","109","89","0","12","35","53","158","103","91","79","66","56","24","40","35","40",
"1500000US040130923074","Block Group 4, Census Tract 923.07, Maricopa County, Arizona","396","125","13","20","0","12","0","12","51","62","0","12","0","12","14","29","28","32","42","45","42","51","81","68","24","31","11","23","80","85","10","16","0","12",
"1500000US040130923081","Block Group 1, Census Tract 923.08, Maricopa County, Arizona","527","152","19","31","13","21","0","12","21","38","19","32","12","20","0","12","81","76","58","68","141","90","0","12","109","92","37","61","0","12","17","26","0","12",
"1500000US040130923082","Block Group 2, Census Tract 923.08, Maricopa County, Arizona","894","160","99","96","0","12","64","50","48","53","33","36","46","63","76","81","51","79","69","86","156","109","127","100","73","57","13","27","23","39","16","30","0","12",
"1500000US040130923083","Block Group 3, Census Tract 923.08, Maricopa County, Arizona","472","141","0","12","63","85","20","36","24","28","0","12","20","35","0","12","0","12","0","12","29","36","27","33","131","108","76","85","62","102","20","37","0","12",
"1500000US040130923084","Block Group 4, Census Tract 923.08, Maricopa County, Arizona","459","129","34","40","0","12","0","12","40","61","13","24","93","88","23","29","0","12","0","12","14","23","18","23","115","83","62","61","35","37","12","19","0","12",
"1500000US040130923091","Block Group 1, Census Tract 923.09, Maricopa County, Arizona","453","106","30","40","0","12","0","12","7","11","0","12","9","15","8","14","20","33","10","17","66","48","43","63","109","78","65","41","58","57","21","21","7","11",
"1500000US040130923092","Block Group 2, Census Tract 923.09, Maricopa County, Arizona","556","92","51","32","0","12","10","16","33","30","25","23","28","26","31","38","71","41","14","11","37","44","112","81","43","37","37","35","9","14","34","42","21","25",
"1500000US040130923093","Block Group 3, Census Tract 923.09, Maricopa County, Arizona","637","109","9","14","104","92","38","39","34","27","41","50","0","12","48","43","33","30","9","14","31","26","47","31","113","62","36","32","32","24","55","41","7","12",
"1500000US040130923094","Block Group 4, Census Tract 923.09, Maricopa County, Arizona","282","75","0","12","0","12","5","11","8","13","0","12","16","20","9","13","15","16","29","23","58","57","9","14","37","36","22","20","58","50","16","21","0","12",
"1500000US040130923111","Block Group 1, Census Tract 923.11, Maricopa County, Arizona","502","109","113","83","26","29","20","27","42","37","60","55","21","24","43","40","51","54","12","11","27","25","29","27","51","45","0","12","0","12","0","12","7","11",
"1500000US040130923112","Block Group 2, Census Tract 923.11, Maricopa County, Arizona","790","136","111","79","101","55","55","42","29","23","49","40","83","60","16","24","16","26","50","41","96","83","70","51","19","30","27","41","15","22","53","68","0","12",
"1500000US040130923121","Block Group 1, Census Tract 923.12, Maricopa County, Arizona","329","101","18","28","13","22","0","12","54","55","0","12","16","23","0","12","13","20","0","12","50","51","72","57","19","32","20","33","29","46","0","12","25","37",
"1500000US040130923122","Block Group 2, Census Tract 923.12, Maricopa County, Arizona","983","150","200","110","133","82","87","60","44","42","47","34","68","48","35","55","96","76","0","12","97","83","59","64","58","70","25","39","0","12","8","15","26","36",
"1500000US040130923123","Block Group 3, Census Tract 923.12, Maricopa County, Arizona","595","167","32","39","59","90","11","17","99","116","45","37","63","64","69","77","40","39","101","63","20","30","32","35","0","12","24","38","0","12","0","12","0","12",
"1500000US040130923124","Block Group 4, Census Tract 923.12, Maricopa County, Arizona","536","139","74","85","20","33","32","38","41","65","72","54","11","15","72","81","23","36","35","40","12","22","86","86","32","39","0","12","0","12","13","23","13","21",
"1500000US040130924011","Block Group 1, Census Tract 924.01, Maricopa County, Arizona","669","121","65","60","56","60","45","31","37","29","120","78","81","73","113","64","16","18","0","12","47","52","52","56","0","12","0","12","0","12","0","12","37","42",
"1500000US040130924012","Block Group 2, Census Tract 924.01, Maricopa County, Arizona","364","75","30","26","63","51","10","15","21","24","17","19","21","21","29","24","18","21","48","45","17","21","47","29","8","12","18","19","0","12","0","12","17","19",
"1500000US040130924013","Block Group 3, Census Tract 924.01, Maricopa County, Arizona","708","125","47","52","15","18","0","12","48","48","10","16","6","10","75","65","47","44","19","25","144","89","49","45","82","42","46","32","67","58","43","40","10","17",
"1500000US040130924021","Block Group 1, Census Tract 924.02, Maricopa County, Arizona","499","109","0","12","0","12","0","12","73","45","0","12","18","21","101","89","7","11","18","21","62","43","71","55","63","48","0","12","32","31","32","34","22","21",
"1500000US040130924022","Block Group 2, Census Tract 924.02, Maricopa County, Arizona","421","96","13","17","114","61","21","24","8","12","9","13","35","40","28","35","26","22","49","42","74","77","7","12","15","17","22","33","0","12","0","12","0","12",
"1500000US040130924023","Block Group 3, Census Tract 924.02, Maricopa County, Arizona","523","107","76","55","143","88","10","14","16","21","29","34","16","27","43","51","22","33","21","23","10","17","20","24","66","54","19","16","7","12","25","27","0","12",
"1500000US040130925001","Block Group 1, Census Tract 925, Maricopa County, Arizona","624","113","29","27","88","61","30","26","58","56","65","73","30","30","0","12","30","46","0","12","86","75","52","30","54","41","60","60","29","29","13","19","0","12",
"1500000US040130925002","Block Group 2, Census Tract 925, Maricopa County, Arizona","769","139","160","89","85","77","45","38","26","26","115","65","52","44","14","18","38","31","67","67","45","36","67","52","0","12","39","43","0","12","16","26","0","12",
"1500000US040130925003","Block Group 3, Census Tract 925, Maricopa County, Arizona","206","77","30","49","0","12","9","15","22","24","18","21","19","21","0","12","12","19","0","12","24","26","26","31","13","22","0","12","1","6","32","43","0","12",
"1500000US040130925004","Block Group 4, Census Tract 925, Maricopa County, Arizona","325","66","0","12","17","19","8","14","0","12","18","19","4","9","20","23","9","14","11","20","12","25","57","43","72","61","19","30","0","12","8","13","70","74",
"1500000US040130926001","Block Group 1, Census Tract 926, Maricopa County, Arizona","258","83","89","76","19","31","0","12","0","12","27","33","7","18","20","26","29","33","0","12","49","37","18","24","0","12","0","12","0","12","0","12","0","12",
"1500000US040130926002","Block Group 2, Census Tract 926, Maricopa County, Arizona","388","111","90","60","40","26","47","53","31","51","62","59","45","39","6","14","30","36","0","12","0","12","37","50","0","12","0","12","0","12","0","12","0","12",
"1500000US040130926003","Block Group 3, Census Tract 926, Maricopa County, Arizona","376","116","135","93","65","67","25","41","0","12","11","20","0","12","0","12","0","12","40","66","44","37","32","39","17","20","0","12","0","12","7","14","0","12",
"1500000US040130927051","Block Group 1, Census Tract 927.05, Maricopa County, Arizona","730","102","91","58","34","31","65","48","60","52","9","15","46","48","74","60","33","36","90","51","12","19","62","40","97","59","33","32","13","19","11","17","0","12",
"1500000US040130927052","Block Group 2, Census Tract 927.05, Maricopa County, Arizona","805","97","7","11","9","16","7","11","100","65","24","20","83","60","63","51","64","42","52","43","150","65","88","60","66","43","67","46","25","30","0","12","0","12",
"1500000US040130927081","Block Group 1, Census Tract 927.08, Maricopa County, Arizona","734","38","34","23","8","12","0","12","43","34","48","37","79","48","51","40","22","18","29","19","126","55","79","35","83","40","44","26","42","25","34","22","12","13",
"1500000US040130927091","Block Group 1, Census Tract 927.09, Maricopa County, Arizona","818","114","34","33","6","9","32","33","0","12","45","43","52","44","27","30","4","15","6","9","121","58","97","51","151","92","120","60","54","61","40","37","29","34",
"1500000US040130927092","Block Group 2, Census Tract 927.09, Maricopa County, Arizona","546","131","35","39","0","12","52","49","14","17","42","48","28","29","0","12","8","14","56","57","22","24","77","74","131","111","53","47","0","12","13","20","15","19",
"1500000US040130927101","Block Group 1, Census Tract 927.10, Maricopa County, Arizona","819","110","61","62","13","20","15","23","29","25","11","15","36","44","10","14","60","61","50","57","47","31","94","64","109","60","99","55","32","29","121","63","32","31",
"1500000US040130927102","Block Group 2, Census Tract 927.10, Maricopa County, Arizona","724","91","38","58","0","12","0","12","19","20","0","12","23","24","7","12","44","47","43","33","19","22","89","47","110","59","96","68","83","60","115","56","38","36",
"1500000US040130927111","Block Group 1, Census Tract 927.11, Maricopa County, Arizona","536","82","9","10","25","25","6","9","52","36","31","38","30","22","44","36","20","30","28","31","49","46","54","37","61","34","52","41","15","18","27","21","33","37",
"1500000US040130927112","Block Group 2, Census Tract 927.11, Maricopa County, Arizona","532","76","56","45","41","26","50","42","13","13","34","26","25","23","27","32","24","27","6","9","22","17","24","23","81","36","77","35","17","17","35","33","0","12",
"1500000US040130927121","Block Group 1, Census Tract 927.12, Maricopa County, Arizona","831","107","25","23","17","29","8","13","81","71","49","47","41","38","58","41","87","71","35","52","39","33","66","38","159","87","99","61","41","35","26","32","0","12",
"1500000US040130927122","Block Group 2, Census Tract 927.12, Maricopa County, Arizona","799","101","0","12","11","18","0","12","11","16","49","54","27","42","12","18","25","23","8","13","75","49","56","63","152","99","57","42","63","47","154","95","99","57",
"1500000US040130927131","Block Group 1, Census Tract 927.13, Maricopa County, Arizona","660","123","0","12","24","26","39","45","40","41","19","19","18","20","65","75","15","21","23","21","31","40","21","27","109","65","175","97","13","16","48","33","20","18",
"1500000US040130927132","Block Group 2, Census Tract 927.13, Maricopa County, Arizona","801","122","90","69","22","31","0","12","15","17","17","19","43","39","16","17","18","19","61","52","114","57","83","59","98","64","207","116","5","10","12","20","0","12",
"1500000US040130927151","Block Group 1, Census Tract 927.15, Maricopa County, Arizona","235","74","0","12","0","12","0","12","0","12","11","18","4","9","0","12","43","43","0","12","13","20","39","36","78","66","34","32","13","20","0","12","0","12",
"1500000US040130927152","Block Group 2, Census Tract 927.15, Maricopa County, Arizona","503","119","49","53","27","44","50","57","103","87","31","40","31","25","25","39","10","14","24","29","46","50","50","49","18","20","15","23","16","25","0","12","8","13",
"1500000US040130927153","Block Group 3, Census Tract 927.15, Maricopa County, Arizona","509","93","0","12","17","19","15","23","0","12","6","9","0","12","53","47","33","48","25","34","60","46","44","38","36","33","134","72","12","19","74","55","0","12",
"1500000US040130927161","Block Group 1, Census Tract 927.16, Maricopa County, Arizona","617","104","24","36","39","41","0","12","28","43","29","46","21","38","28","36","7","12","31","37","105","57","87","62","137","95","59","34","0","12","22","32","0","12",
"1500000US040130927162","Block Group 2, Census Tract 927.16, Maricopa County, Arizona","240","70","4","8","20","30","16","20","0","12","10","16","9","15","17","22","17","22","0","12","0","12","28","27","85","51","8","14","0","12","18","22","8","13",
"1500000US040130927163","Block Group 3, Census Tract 927.16, Maricopa County, Arizona","324","95","10","16","0","12","10","16","27","32","12","19","10","16","43","41","9","14","20","32","17","19","71","78","58","49","28","32","9","15","0","12","0","12",
"1500000US040130927171","Block Group 1, Census Tract 927.17, Maricopa County, Arizona","948","130","81","68","55","36","31","36","105","62","32","29","77","62","146","85","46","40","71","60","96","77","35","41","106","69","37","48","30","43","0","12","0","12",
"1500000US040130927172","Block Group 2, Census Tract 927.17, Maricopa County, Arizona","656","109","18","21","0","12","59","59","8","13","33","47","69","46","13","19","58","43","7","11","51","46","107","56","52","36","95","52","38","38","38","49","10","17",
"1500000US040130927181","Block Group 1, Census Tract 927.18, Maricopa County, Arizona","351","76","0","12","26","45","0","12","84","65","18","30","12","19","0","12","7","12","0","12","5","11","55","37","71","46","44","43","19","23","10","17","0","12",
"1500000US040130927182","Block Group 2, Census Tract 927.18, Maricopa County, Arizona","859","91","149","93","56","41","33","37","109","74","62","65","71","68","25","38","42","37","55","56","85","54","17","22","67","51","62","66","26","30","0","12","0","12",
"1500000US040130927191","Block Group 1, Census Tract 927.19, Maricopa County, Arizona","816","132","11","16","0","12","56","60","26","39","35","31","37","31","50","45","0","12","72","73","101","68","198","95","78","52","27","30","55","58","37","49","33","33",
"1500000US040130927192","Block Group 2, Census Tract 927.19, Maricopa County, Arizona","766","102","25","32","50","67","2","9","17","21","0","12","39","40","7","10","73","63","9","16","133","74","121","61","116","68","87","61","35","34","52","49","0","12",
"1500000US040130927201","Block Group 1, Census Tract 927.20, Maricopa County, Arizona","567","116","35","38","27","45","0","12","47","55","76","89","11","16","56","66","11","18","31","34","68","65","61","68","94","57","0","12","17","27","33","37","0","12",
"1500000US040130927202","Block Group 2, Census Tract 927.20, Maricopa County, Arizona","269","75","17","26","23","30","0","12","5","9","0","12","0","12","18","20","20","26","0","12","0","12","32","31","46","35","23","26","17","19","59","47","9","15",
"1500000US040130927203","Block Group 3, Census Tract 927.20, Maricopa County, Arizona","580","127","0","12","0","12","54","63","30","48","0","12","0","12","0","12","22","29","0","12","58","56","85","79","100","60","74","58","27","26","107","93","23","26",
"1500000US040130927204","Block Group 4, Census Tract 927.20, Maricopa County, Arizona","703","123","0","12","59","56","21","23","16","24","25","26","0","12","31","27","41","66","41","42","36","35","79","62","168","90","53","40","62","52","63","54","8","15",
"1500000US040130927211","Block Group 1, Census Tract 927.21, Maricopa County, Arizona","645","70","21","18","0","12","7","10","0","12","7","11","0","12","5","8","15","17","21","17","20","19","92","46","116","45","127","61","47","28","120","50","47","34",
"1500000US040130927212","Block Group 2, Census Tract 927.21, Maricopa County, Arizona","393","63","6","9","8","11","0","12","18","21","0","12","0","12","5","8","6","10","0","12","14","13","40","31","57","24","65","33","35","22","72","45","67","32",
"1500000US040130927231","Block Group 1, Census Tract 927.23, Maricopa County, Arizona","970","108","49","33","64","84","34","28","29","23","41","44","41","42","35","26","90","56","32","32","91","58","114","64","147","80","104","49","15","18","44","33","40","35",
"1500000US040130927232","Block Group 2, Census Tract 927.23, Maricopa County, Arizona","555","84","8","12","14","16","21","16","16","18","15","17","13","21","44","39","22","27","48","42","54","36","44","30","136","75","83","54","0","12","37","36","0","12",
"1500000US040130927241","Block Group 1, Census Tract 927.24, Maricopa County, Arizona","551","83","0","12","62","49","43","43","33","42","32","21","20","21","62","58","26","23","86","61","22","21","91","55","47","34","15","18","12","21","0","12","0","12",
"1500000US040130927242","Block Group 2, Census Tract 927.24, Maricopa County, Arizona","584","99","13","15","42","27","64","50","55","45","69","50","24","18","35","36","38","27","58","42","61","51","46","30","33","25","20","19","9","16","8","13","9","13",
"1500000US040130927243","Block Group 3, Census Tract 927.24, Maricopa County, Arizona","322","79","35","44","0","12","8","12","6","10","0","12","13","16","0","12","2","7","19","29","35","32","53","55","85","51","57","38","0","12","9","14","0","12",
"1500000US040130928011","Block Group 1, Census Tract 928.01, Maricopa County, Arizona","375","115","52","61","0","12","44","56","49","49","50","49","0","12","23","30","45","50","31","50","41","53","7","10","27","27","0","12","0","12","6","11","0","12",
"1500000US040130928012","Block Group 2, Census Tract 928.01, Maricopa County, Arizona","423","118","89","65","36","47","26","41","59","58","29","29","0","12","8","14","52","60","0","12","45","40","49","56","10","16","0","12","9","14","11","17","0","12",
"1500000US040130928013","Block Group 3, Census Tract 928.01, Maricopa County, Arizona","443","115","67","65","0","12","28","34","68","41","79","76","24","22","10","16","10","16","65","62","48","57","29","43","7","11","0","12","8","12","0","12","0","12",
"1500000US040130928014","Block Group 4, Census Tract 928.01, Maricopa County, Arizona","396","129","110","78","0","12","0","12","76","54","12","19","22","35","32","45","28","46","0","12","0","12","14","16","78","72","24","36","0","12","0","12","0","12",
"1500000US040130928021","Block Group 1, Census Tract 928.02, Maricopa County, Arizona","791","123","81","70","157","95","49","48","53","60","29","47","64","50","27","20","34","41","96","75","93","68","61","62","36","44","11","17","0","12","0","12","0","12",
"1500000US040130928022","Block Group 2, Census Tract 928.02, Maricopa County, Arizona","218","77","10","16","0","12","0","12","10","16","18","27","43","32","0","12","37","33","0","12","7","12","24","30","25","42","31","45","0","12","13","18","0","12",
"1500000US040130928023","Block Group 3, Census Tract 928.02, Maricopa County, Arizona","284","82","0","12","51","50","11","19","70","46","10","15","19","31","12","17","0","12","0","12","43","54","68","53","0","12","0","12","0","12","0","12","0","12",
"1500000US040130928024","Block Group 4, Census Tract 928.02, Maricopa County, Arizona","371","99","77","60","27","42","0","12","16","23","22","23","13","23","26","27","26","27","10","16","51","39","46","46","32","39","10","20","0","12","8","13","7","13",
"1500000US040130929001","Block Group 1, Census Tract 929, Maricopa County, Arizona","445","62","56","36","22","18","17","15","25","17","44","37","23","21","32","23","27","24","33","29","65","40","32","24","47","33","16","23","6","8","0","12","0","12",
"1500000US040130929002","Block Group 2, Census Tract 929, Maricopa County, Arizona","602","63","87","40","55","31","108","53","49","32","34","27","56","37","0","12","69","39","13","20","49","34","36","30","39","31","0","12","0","12","7","10","0","12",
"1500000US040130930011","Block Group 1, Census Tract 930.01, Maricopa County, Arizona","1052","124","126","80","58","55","79","59","116","80","103","72","38","33","40","45","36","29","31","38","104","62","127","87","74","41","102","75","18","27","0","12","0","12",
"1500000US040130930012","Block Group 2, Census Tract 930.01, Maricopa County, Arizona","463","114","42","45","9","13","31","38","58","57","61","54","0","12","47","59","20","21","19","24","61","53","40","44","62","57","13","21","0","12","0","12","0","12",
"1500000US040130930013","Block Group 3, Census Tract 930.01, Maricopa County, Arizona","466","107","54","42","50","52","7","12","57","29","39","31","50","45","9","14","0","12","11","19","71","51","31","50","17","19","0","12","70","59","0","12","0","12",
"1500000US040130930021","Block Group 1, Census Tract 930.02, Maricopa County, Arizona","257","92","38","52","0","12","33","38","13","15","45","51","25","39","7","11","0","12","0","12","0","12","11","19","40","54","0","12","45","75","0","12","0","12",
"1500000US040130930022","Block Group 2, Census Tract 930.02, Maricopa County, Arizona","638","118","82","73","51","48","13","15","32","46","80","61","52","40","0","12","46","56","10","15","29","36","175","78","43","45","0","12","18","28","0","12","7","11",
"1500000US040130930023","Block Group 3, Census Tract 930.02, Maricopa County, Arizona","383","105","0","12","49","41","8","13","0","12","7","12","105","82","45","39","0","12","23","23","25","28","76","61","28","34","17","26","0","12","0","12","0","12",
"1500000US040130931011","Block Group 1, Census Tract 931.01, Maricopa County, Arizona","315","100","0","12","84","61","0","12","15","18","53","72","45","35","51","64","0","12","6","16","9","15","18","26","34","39","0","12","0","12","0","12","0","12",
"1500000US040130931012","Block Group 2, Census Tract 931.01, Maricopa County, Arizona","362","104","19","30","0","12","8","13","24","37","0","12","30","38","10","15","13","27","13","16","53","45","117","90","7","15","33","32","14","25","0","12","21","24",
"1500000US040130931013","Block Group 3, Census Tract 931.01, Maricopa County, Arizona","320","122","0","12","0","12","0","12","98","87","0","12","84","80","0","12","16","24","0","12","14","22","29","37","25","38","0","12","14","22","40","58","0","12",
"1500000US040130931014","Block Group 4, Census Tract 931.01, Maricopa County, Arizona","718","141","81","54","36","30","90","72","45","56","119","94","49","46","11","17","71","81","62","70","23","24","87","68","44","42","0","12","0","12","0","12","0","12",
"1500000US040130931041","Block Group 1, Census Tract 931.04, Maricopa County, Arizona","715","117","123","64","83","63","7","12","156","79","19","20","78","52","45","40","70","57","69","57","47","33","0","12","18","29","0","12","0","12","0","12","0","12",
"1500000US040130931042","Block Group 2, Census Tract 931.04, Maricopa County, Arizona","334","93","36","34","9","15","64","58","37","37","0","12","49","43","45","49","28","29","21","33","0","12","0","12","0","12","23","36","22","35","0","12","0","12",
"1500000US040130931043","Block Group 3, Census Tract 931.04, Maricopa County, Arizona","430","98","74","51","49","47","40","45","9","14","9","14","18","23","43","42","31","37","61","56","89","56","0","12","0","12","0","12","7","14","0","12","0","12",
"1500000US040130931044","Block Group 4, Census Tract 931.04, Maricopa County, Arizona","116","58","17","28","0","12","0","12","0","12","0","12","37","42","0","12","0","12","0","12","8","12","42","35","12","18","0","12","0","12","0","12","0","12",
"1500000US040130931051","Block Group 1, Census Tract 931.05, Maricopa County, Arizona","373","100","111","72","20","26","9","15","90","69","18","20","0","12","36","44","34","28","10","16","8","14","0","12","9","14","0","12","0","12","22","35","6","10",
"1500000US040130931052","Block Group 2, Census Tract 931.05, Maricopa County, Arizona","520","145","167","87","37","48","87","59","10","17","34","43","64","67","30","35","0","12","0","12","27","42","21","38","43","45","0","12","0","12","0","12","0","12",
"1500000US040130931053","Block Group 3, Census Tract 931.05, Maricopa County, Arizona","665","136","199","91","68","56","81","52","100","74","63","52","11","16","40","34","22","34","9","15","13","22","30","46","18","27","11","21","0","12","0","12","0","12",
"1500000US040130931054","Block Group 4, Census Tract 931.05, Maricopa County, Arizona","434","101","33","39","12","21","16","26","9","15","9","14","37","38","48","46","8","16","41","51","0","12","119","60","73","44","6","10","23","37","0","12","0","12",
"1500000US040130931061","Block Group 1, Census Tract 931.06, Maricopa County, Arizona","348","107","9","14","0","12","0","12","30","47","9","15","8","13","23","30","43","48","7","16","25","35","25","30","71","43","61","50","24","28","13","20","0","12",
"1500000US040130931062","Block Group 2, Census Tract 931.06, Maricopa County, Arizona","495","111","86","79","70","50","51","40","53","57","0","12","76","77","34","40","17","28","35","47","13","23","10","16","22","32","28","36","0","12","0","12","0","12",
"1500000US040130931063","Block Group 3, Census Tract 931.06, Maricopa County, Arizona","326","90","7","12","0","12","25","39","5","22","18","26","0","12","0","12","0","12","25","30","0","12","124","86","57","57","7","12","31","36","27","38","0","12",
"1500000US040130932001","Block Group 1, Census Tract 932, Maricopa County, Arizona","472","98","62","51","7","11","77","53","44","49","15","17","63","41","23","21","30","30","65","62","7","12","29","38","14","22","36","52","0","12","0","12","0","12",
"1500000US040130932002","Block Group 2, Census Tract 932, Maricopa County, Arizona","71","47","0","12","0","12","0","12","0","12","0","12","0","12","0","12","0","12","30","41","25","28","10","16","6","9","0","12","0","12","0","12","0","12",
"1500000US040130932003","Block Group 3, Census Tract 932, Maricopa County, Arizona","790","140","79","58","19","22","44","44","39","42","31","36","47","44","22","34","67","57","52","50","185","91","50","46","69","56","57","48","0","12","18","22","11","20",
"1500000US040131032051","Block Group 1, Census Tract 1032.05, Maricopa County, Arizona","459","50","4","6","0","12","0","12","0","12","15","13","27","25","0","12","48","28","4","7","27","21","45","19","54","27","40","20","40","30","50","29","105","43",
"1500000US040131032052","Block Group 2, Census Tract 1032.05, Maricopa County, Arizona","557","51","10","10","36","31","0","12","27","20","10","10","5","7","17","20","31","25","32","31","24","20","60","45","104","44","44","26","34","33","67","38","56","30",
"1500000US040131032061","Block Group 1, Census Tract 1032.06, Maricopa County, Arizona","443","57","6","10","7","10","0","12","22","35","6","9","7","10","12","12","21","15","0","12","16","16","6","9","49","26","65","32","31","20","85","27","110","50",
"1500000US040131032062","Block Group 2, Census Tract 1032.06, Maricopa County, Arizona","481","57","0","12","0","12","0","12","19","30","6","9","11","12","27","34","10","11","9","13","31","22","41","21","68","34","86","53","22","20","83","35","68","27",
"1500000US040131032071","Block Group 1, Census Tract 1032.07, Maricopa County, Arizona","408","55","0","12","5","7","21","15","0","12","5","8","4","7","15","13","23","23","0","12","10","10","9","8","53","33","60","26","48","24","62","34","93","50",
"1500000US040131032072","Block Group 2, Census Tract 1032.07, Maricopa County, Arizona","479","59","5","8","0","12","6","8","0","12","0","12","11","15","5","7","5","8","10","11","5","7","17","13","112","49","77","42","46","24","53","31","127","42",
"1500000US040131032081","Block Group 1, Census Tract 1032.08, Maricopa County, Arizona","623","112","55","54","36","41","0","12","0","12","26","40","19","30","19","31","19","30","21","33","33","39","46","54","145","89","25","38","0","12","72","58","107","80",
"1500000US040131032082","Block Group 2, Census Tract 1032.08, Maricopa County, Arizona","989","171","27","32","42","38","28","32","35","38","36","42","46","42","60","49","66","62","49","42","142","104","121","77","191","105","102","89","0","12","44","42","0","12",
"1500000US040131032083","Block Group 3, Census Tract 1032.08, Maricopa County, Arizona","524","124","21","34","34","43","58","74","0","12","56","51","21","33","0","12","69","53","14","27","0","12","15","26","38","45","34","41","58","46","28","38","78","59",
"1500000US040131032091","Block Group 1, Census Tract 1032.09, Maricopa County, Arizona","267","69","22","34","15","25","0","12","0","12","0","12","0","12","44","46","0","12","0","12","16","26","41","43","0","12","14","23","14","24","34","38","67","50",
"1500000US040131032092","Block Group 2, Census Tract 1032.09, Maricopa County, Arizona","482","129","0","12","14","22","38","44","59","56","18","30","47","75","50","78","35","40","25","40","46","45","17","27","86","93","16","27","0","12","0","12","31","40",
"1500000US040131032093","Block Group 3, Census Tract 1032.09, Maricopa County, Arizona","785","117","74","96","0","12","12","20","55","87","0","12","0","12","37","42","0","12","31","34","35","40","40","45","80","53","71","52","77","61","34","36","239","92",
"1500000US040131032094","Block Group 4, Census Tract 1032.09, Maricopa County, Arizona","763","149","71","56","18","29","23","35","39","60","77","60","19","31","0","12","74","87","0","12","65","75","0","12","34","40","14","23","49","46","56","45","224","99",
"1500000US040131032101","Block Group 1, Census Tract 1032.10, Maricopa County, Arizona","546","139","0","12","41","67","0","12","72","90","10","17","29","35","124","96","23","26","24","28","28","24","31","35","61","87","32","37","42","45","18","29","11","18",
"1500000US040131032102","Block Group 2, Census Tract 1032.10, Maricopa County, Arizona","826","175","74","54","45","43","28","32","25","29","56","73","0","12","57","76","35","39","15","26","59","50","128","114","152","114","0","12","54","67","64","82","34","52",
"1500000US040131032103","Block Group 3, Census Tract 1032.10, Maricopa County, Arizona","723","153","110","96","14","24","0","12","18","30","91","82","17","26","44","42","19","31","28","33","46","45","221","98","16","27","81","84","0","12","0","12","18","27",
"1500000US040131032104","Block Group 4, Census Tract 1032.10, Maricopa County, Arizona","365","141","0","12","12","20","25","28","0","12","0","12","38","36","14","22","0","12","13","21","9","15","49","49","134","143","51","37","0","12","20","21","0","12",
"1500000US040131032105","Block Group 5, Census Tract 1032.10, Maricopa County, Arizona","428","138","46","36","43","39","64","83","0","12","95","115","62","80","0","12","0","12","72","89","33","37","0","12","13","20","0","12","0","12","0","12","0","12",
"1500000US040131032106","Block Group 6, Census Tract 1032.10, Maricopa County, Arizona","521","145","28","35","0","12","0","12","45","34","68","70","16","24","35","39","14","22","100","102","85","58","29","32","73","77","0","12","28","31","0","12","0","12",
"1500000US040131032111","Block Group 1, Census Tract 1032.11, Maricopa County, Arizona","442","67","0","12","12","20","5","9","0","12","0","12","20","21","33","30","0","12","15","24","47","41","27","25","67","43","61","54","73","40","57","36","25","22",
"1500000US040131032112","Block Group 2, Census Tract 1032.11, Maricopa County, Arizona","759","84","0","12","38","45","0","12","10","15","21","22","0","12","10","17","0","12","0","12","57","42","107","70","120","56","105","47","48","41","98","50","145","66",
"1500000US040131032113","Block Group 3, Census Tract 1032.11, Maricopa County, Arizona","465","68","12","18","30","28","0","12","24","25","21","21","22","23","23","24","0","12","39","32","79","47","31","28","60","39","62","40","12","18","41","27","9","14",
"1500000US040131032121","Block Group 1, Census Tract 1032.12, Maricopa County, Arizona","566","84","1","6","12","18","13","20","13","20","23","26","0","12","21","23","0","12","11","16","20","22","30","28","69","42","111","56","26","25","91","45","125","69",
"1500000US040131032122","Block Group 2, Census Tract 1032.12, Maricopa County, Arizona","602","87","24","28","0","12","0","12","10","17","0","12","8","12","10","17","33","54","0","12","64","73","56","38","125","53","65","38","34","31","102","49","71","45",
"1500000US040131032123","Block Group 3, Census Tract 1032.12, Maricopa County, Arizona","476","75","0","12","0","12","9","15","24","26","21","24","0","12","0","12","0","12","22","23","18","19","57","30","52","33","67","34","38","28","123","76","45","32",
"1500000US040131032141","Block Group 1, Census Tract 1032.14, Maricopa County, Arizona","455","81","0","12","0","12","0","12","17","24","13","20","7","10","0","12","0","12","11","14","32","40","55","49","29","36","70","44","85","41","62","46","74","65",
"1500000US040131032142","Block Group 2, Census Tract 1032.14, Maricopa County, Arizona","588","75","0","12","20","32","11","17","0","12","7","12","23","22","25","28","8","13","0","12","15","18","44","27","91","44","38","24","86","49","122","52","98","49",
"1500000US040131032143","Block Group 3, Census Tract 1032.14, Maricopa County, Arizona","491","70","26","40","8","13","9","13","0","12","16","13","8","12","12","19","0","12","12","19","40","38","37","26","77","43","116","72","46","34","20","23","64","40",
"1500000US040131032151","Block Group 1, Census Tract 1032.15, Maricopa County, Arizona","474","72","9","13","0","12","7","11","0","12","24","21","0","12","21","23","15","17","0","12","26","29","40","39","62","31","58","36","30","26","95","46","87","45",
"1500000US040131032152","Block Group 2, Census Tract 1032.15, Maricopa County, Arizona","616","77","64","91","0","12","7","11","25","23","21","16","7","11","19","21","0","12","11","16","35","22","33","25","82","59","64","38","64","37","107","41","77","38",
"1500000US040131032161","Block Group 1, Census Tract 1032.16, Maricopa County, Arizona","433","104","71","85","0","12","16","25","0","12","38","43","0","12","38","48","0","12","15","24","19","29","23","40","46","55","58","50","13","21","44","43","52","53",
"1500000US040131032162","Block Group 2, Census Tract 1032.16, Maricopa County, Arizona","603","91","0","12","8","15","19","30","20","33","39","45","0","12","13","22","16","24","20","31","18","26","52","50","95","61","82","67","15","25","35","40","171","86",
"1500000US040131032163","Block Group 3, Census Tract 1032.16, Maricopa County, Arizona","439","116","14","23","32","35","0","12","0","12","0","12","78","84","0","12","0","12","38","41","20","32","43","47","71","69","62","50","22","33","44","51","15","26",
"1500000US040131032164","Block Group 4, Census Tract 1032.16, Maricopa County, Arizona","474","118","15","24","0","12","16","25","0","12","61","74","0","12","49","49","42","42","0","12","52","50","45","43","132","94","0","12","20","31","28","34","14","26",
"1500000US040131032171","Block Group 1, Census Tract 1032.17, Maricopa County, Arizona","505","110","0","12","0","12","19","29","0","12","5","13","30","33","14","22","0","12","6","10","27","36","22","35","50","55","89","76","33","50","105","70","105","71",
"1500000US040131032172","Block Group 2, Census Tract 1032.17, Maricopa County, Arizona","610","122","0","12","0","12","32","52","0","12","38","42","15","24","0","12","67","76","13","23","23","36","17","29","105","72","48","44","29","33","159","120","64","59",
"1500000US040131032173","Block Group 3, Census Tract 1032.17, Maricopa County, Arizona","445","101","0","12","46","45","22","34","0","12","14","22","20","31","50","43","15","31","16","27","24","36","11","17","45","47","47","44","71","50","4","8","60","39",
"1500000US040131032174","Block Group 4, Census Tract 1032.17, Maricopa County, Arizona","1034","162","19","30","0","12","0","12","123","132","17","28","32","50","116","95","0","12","103","116","118","82","182","175","173","135","90","76","14","23","47","52","0","12",
"1500000US040131032191","Block Group 1, Census Tract 1032.19, Maricopa County, Arizona","620","111","17","18","0","12","11","17","0","12","9","14","16","18","0","12","0","12","12","19","65","50","83","40","122","76","76","44","60","35","52","54","97","43",
"1500000US040131032192","Block Group 2, Census Tract 1032.19, Maricopa County, Arizona","467","79","31","48","0","12","0","12","20","15","0","12","23","21","10","15","18","20","25","33","0","12","34","28","36","33","33","40","18","22","123","71","96","60",
"1500000US040131032193","Block Group 3, Census Tract 1032.19, Maricopa County, Arizona","424","66","6","10","9","14","0","12","9","14","0","12","8","12","9","13","7","11","36","44","19","21","36","28","105","48","46","34","46","32","57","41","31","23",
"1500000US040131032201","Block Group 1, Census Tract 1032.20, Maricopa County, Arizona","444","79","0","12","8","12","0","12","0","12","13","16","7","10","0","12","15","18","0","12","38","31","34","24","53","34","58","45","26","27","73","41","119","75",
"1500000US040131032202","Block Group 2, Census Tract 1032.20, Maricopa County, Arizona","294","66","9","14","14","16","0","12","7","12","17","19","39","40","0","12","24","24","35","44","24","22","26","41","21","22","0","12","11","11","27","24","40","26",
"1500000US040131032203","Block Group 3, Census Tract 1032.20, Maricopa County, Arizona","620","109","7","11","68","55","0","12","0","12","52","46","41","42","12","18","6","10","50","36","42","37","44","38","69","51","123","69","78","58","10","15","18","20",
"1500000US040131033021","Block Group 1, Census Tract 1033.02, Maricopa County, Arizona","616","137","36","31","21","32","17","28","0","12","21","33","0","12","25","40","18","28","0","12","89","109","118","71","112","74","17","28","78","97","64","62","0","12",
"1500000US040131033022","Block Group 2, Census Tract 1033.02, Maricopa County, Arizona","811","167","16","27","0","12","25","41","22","33","0","12","46","50","33","47","55","50","19","31","86","100","140","75","142","92","104","86","66","95","45","42","12","19",
"1500000US040131033023","Block Group 3, Census Tract 1033.02, Maricopa County, Arizona","658","128","0","12","34","36","67","81","0","12","78","66","66","83","20","31","19","33","84","102","57","52","28","35","45","41","124","101","0","12","21","33","15","25",
"1500000US040131033024","Block Group 4, Census Tract 1033.02, Maricopa County, Arizona","276","121","16","27","0","12","0","12","16","28","0","12","32","38","16","25","0","12","128","98","41","45","27","36","0","12","0","12","0","12","0","12","0","12",
"1500000US040131033031","Block Group 1, Census Tract 1033.03, Maricopa County, Arizona","648","96","0","12","0","12","0","12","42","37","35","40","8","12","48","41","37","44","39","39","99","52","51","33","72","55","88","49","78","59","20","21","31","30",
"1500000US040131033032","Block Group 2, Census Tract 1033.03, Maricopa County, Arizona","621","75","55","40","22","24","7","12","66","43","66","47","23","21","89","74","21","17","24","22","102","66","48","38","72","46","7","12","7","10","12","18","0","12",
"1500000US040131033033","Block Group 3, Census Tract 1033.03, Maricopa County, Arizona","396","71","48","50","25","21","0","12","16","20","8","12","18","19","52","33","13","19","0","12","46","56","46","36","30","37","22","26","14","23","39","33","19","22",
"1500000US040131033041","Block Group 1, Census Tract 1033.04, Maricopa County, Arizona","653","154","56","58","31","29","55","45","69","66","55","51","94","71","53","60","34","55","14","16","90","75","26","23","52","40","14","23","10","20","0","12","0","12",
"1500000US040131033042","Block Group 2, Census Tract 1033.04, Maricopa County, Arizona","427","132","12","18","92","79","59","68","42","40","17","20","14","21","84","76","8","13","21","34","19","21","53","58","0","12","0","12","0","12","0","12","6","12",
"1500000US040131033043","Block Group 3, Census Tract 1033.04, Maricopa County, Arizona","644","160","30","24","53","61","40","47","11","17","0","12","169","113","46","53","0","12","13","21","71","68","108","103","78","49","7","11","0","12","18","27","0","12",
"1500000US040131033051","Block Group 1, Census Tract 1033.05, Maricopa County, Arizona","547","85","62","46","17","17","28","31","95","53","36","35","46","40","62","43","38","34","29","32","76","55","17","21","23","26","5","7","5","9","0","12","8","11",
"1500000US040131033052","Block Group 2, Census Tract 1033.05, Maricopa County, Arizona","539","93","61","45","9","10","45","33","60","41","59","44","39","29","17","25","16","16","53","43","14","20","74","68","68","47","4","9","0","12","0","12","20","28",
"1500000US040131033061","Block Group 1, Census Tract 1033.06, Maricopa County, Arizona","509","106","33","40","34","38","58","48","43","44","82","61","25","28","50","50","0","12","27","37","29","29","51","44","30","35","16","25","18","29","13","19","0","12",
"1500000US040131033062","Block Group 2, Census Tract 1033.06, Maricopa County, Arizona","935","88","79","52","112","70","68","49","56","44","48","38","29","34","88","70","77","51","27","27","82","55","84","60","102","66","29","32","30","34","24","22","0","12",
"1500000US040131034001","Block Group 1, Census Tract 1034, Maricopa County, Arizona","679","112","21","33","18","21","48","37","9","14","15","25","62","60","17","16","26","25","11","10","92","69","55","42","143","66","62","50","33","33","54","46","13","20",
"1500000US040131034002","Block Group 2, Census Tract 1034, Maricopa County, Arizona","384","105","9","14","6","9","17","14","0","12","10","14","0","12","0","12","26","27","7","10","24","22","42","40","149","90","34","27","42","65","18","25","0","12",
"1500000US040131034003","Block Group 3, Census Tract 1034, Maricopa County, Arizona","581","106","8","14","19","17","29","28","21","24","0","12","0","12","25","35","51","45","7","12","123","75","34","31","64","41","76","49","64","59","37","42","23","25",
"1500000US040131035011","Block Group 1, Census Tract 1035.01, Maricopa County, Arizona","430","75","40","54","31","47","18","25","49","42","0","12","17","19","36","34","28","25","26","22","13","20","33","29","78","46","29","38","8","13","24","28","0","12",
"1500000US040131035012","Block Group 2, Census Tract 1035.01, Maricopa County, Arizona","415","66","0","12","0","12","26","23","27","25","19","23","0","12","0","12","9","14","4","7","0","12","20","16","76","52","108","55","25","22","63","59","38","30",
"1500000US040131035013","Block Group 3, Census Tract 1035.01, Maricopa County, Arizona","361","61","41","41","12","19","16","19","10","16","20","21","8","11","0","12","0","12","0","12","11","17","25","24","36","38","35","26","76","45","37","27","34","26",
"1500000US040131035021","Block Group 1, Census Tract 1035.02, Maricopa County, Arizona","710","134","0","12","25","40","0","12","19","30","39","45","55","67","30","23","16","27","84","109","34","41","15","22","161","130","46","43","57","42","114","60","15","24",
"1500000US040131035022","Block Group 2, Census Tract 1035.02, Maricopa County, Arizona","363","92","0","12","0","12","0","12","0","12","0","12","0","12","32","28","35","34","20","32","34","40","42","32","175","92","0","12","25","30","0","12","0","12",
"1500000US040131035023","Block Group 3, Census Tract 1035.02, Maricopa County, Arizona","405","81","0","12","0","12","17","27","0","12","29","33","0","12","46","57","0","12","17","28","31","35","66","45","59","55","62","42","64","50","0","12","14","22",
"1500000US040131035024","Block Group 4, Census Tract 1035.02, Maricopa County, Arizona","533","146","80","122","49","57","0","12","0","12","0","12","0","12","59","94","18","28","20","32","0","12","116","70","89","80","54","41","14","22","0","12","34","50",
"1500000US040131035025","Block Group 5, Census Tract 1035.02, Maricopa County, Arizona","550","130","0","12","13","20","0","12","0","12","31","34","0","12","14","23","111","94","18","29","136","97","0","12","126","100","51","48","33","39","0","12","17","27",
"1500000US040131036041","Block Group 1, Census Tract 1036.04, Maricopa County, Arizona","618","103","13","15","52","67","50","70","9","14","17","19","36","54","29","26","48","57","42","35","51","49","23","27","101","55","69","59","40","34","38","37","0","12",
"1500000US040131036042","Block Group 2, Census Tract 1036.04, Maricopa County, Arizona","417","63","0","12","17","19","17","20","18","20","11","16","0","12","29","28","9","15","12","18","9","14","55","38","50","39","25","27","41","48","63","39","61","34",
"1500000US040131036043","Block Group 3, Census Tract 1036.04, Maricopa County, Arizona","748","99","45","49","16","20","9","14","120","77","53","45","81","64","26","23","0","12","39","30","66","41","17","21","178","79","43","33","22","18","0","12","33","26",
"1500000US040131036051","Block Group 1, Census Tract 1036.05, Maricopa County, Arizona","600","129","77","97","0","12","17","28","26","31","0","12","0","12","15","24","71","109","38","44","66","55","0","12","45","44","57","55","29","36","30","37","129","77",
"1500000US040131036052","Block Group 2, Census Tract 1036.05, Maricopa County, Arizona","891","109","14","23","0","12","0","12","15","25","50","46","18","29","44","54","0","12","30","35","33","37","47","44","75","53","163","77","133","66","27","30","242","116",
"1500000US040131036053","Block Group 3, Census Tract 1036.05, Maricopa County, Arizona","466","104","0","12","38","43","0","12","48","46","32","38","0","12","15","24","9","16","10","17","30","34","19","30","122","84","41","38","31","36","29","34","42","48",
"1500000US040131036054","Block Group 4, Census Tract 1036.05, Maricopa County, Arizona","400","103","0","12","0","12","0","12","0","12","0","12","0","12","17","30","14","22","14","23","0","12","13","21","33","39","93","83","106","74","45","38","65","44",
"1500000US040131036061","Block Group 1, Census Tract 1036.06, Maricopa County, Arizona","571","84","21","24","24","27","31","28","22","25","0","12","77","66","37","33","12","19","44","44","20","22","75","46","101","62","31","28","51","53","13","19","12","19",
"1500000US040131036062","Block Group 2, Census Tract 1036.06, Maricopa County, Arizona","551","84","33","29","0","12","8","12","0","12","9","14","0","12","0","12","65","59","19","22","85","70","48","38","60","37","74","38","35","25","40","43","75","39",
"1500000US040131036063","Block Group 3, Census Tract 1036.06, Maricopa County, Arizona","769","102","8","13","99","76","12","20","38","32","66","55","62","40","30","27","29","27","42","32","34","32","63","45","90","43","80","42","70","53","24","27","22","25",
"1500000US040131036071","Block Group 1, Census Tract 1036.07, Maricopa County, Arizona","476","83","32","30","18","21","10","16","7","11","12","19","17","20","85","64","0","12","58","37","30","32","24","23","105","59","8","12","52","40","10","16","8","12",
"1500000US040131036072","Block Group 2, Census Tract 1036.07, Maricopa County, Arizona","541","75","28","30","0","12","63","65","0","12","10","16","6","11","14","21","35","32","23","22","18","20","10","15","125","62","78","56","57","34","74","41","0","12",
"1500000US040131036073","Block Group 3, Census Tract 1036.07, Maricopa County, Arizona","432","64","8","12","0","12","0","12","11","17","0","12","22","23","0","12","12","20","0","12","23","23","23","20","30","29","22","26","45","45","85","52","151","61",
"1500000US040131036074","Block Group 4, Census Tract 1036.07, Maricopa County, Arizona","434","80","31","29","5","8","12","18","11","16","0","12","0","12","10","15","8","14","11","17","9","15","37","33","81","49","25","27","58","53","57","34","79","45",
"1500000US040131036081","Block Group 1, Census Tract 1036.08, Maricopa County, Arizona","960","116","23","26","9","13","0","12","52","49","16","29","8","12","36","25","54","31","61","55","47","39","88","49","210","76","100","55","110","65","46","42","100","66",
"1500000US040131036082","Block Group 2, Census Tract 1036.08, Maricopa County, Arizona","607","105","46","40","10","15","0","12","79","66","107","86","29","27","31","35","0","12","22","26","66","45","54","35","22","25","42","38","14","21","45","60","40","33",
"1500000US040131036091","Block Group 1, Census Tract 1036.09, Maricopa County, Arizona","541","112","12","21","0","12","56","56","0","12","0","12","7","20","64","53","26","39","12","20","0","12","36","35","268","106","32","35","0","12","11","19","17","26",
"1500000US040131036092","Block Group 2, Census Tract 1036.09, Maricopa County, Arizona","453","104","6","15","8","18","15","21","29","45","36","29","58","53","0","12","0","12","36","44","42","44","39","34","42","42","47","38","40","37","55","69","0","12",
"1500000US040131036093","Block Group 3, Census Tract 1036.09, Maricopa County, Arizona","761","163","34","40","0","12","88","78","32","27","83","70","62","50","38","44","79","95","0","12","99","76","146","102","100","81","0","12","0","12","0","12","0","12",
"1500000US040131036094","Block Group 4, Census Tract 1036.09, Maricopa County, Arizona","670","129","65","82","0","12","37","40","36","44","33","37","62","58","30","35","125","96","130","101","69","58","83","96","0","12","0","12","0","12","0","12","0","12",
"1500000US040131036111","Block Group 1, Census Tract 1036.11, Maricopa County, Arizona","762","135","67","69","18","29","0","12","17","28","0","12","32","38","49","79","52","50","0","12","0","12","80","95","160","84","135","76","57","51","55","55","40","43",
"1500000US040131036112","Block Group 2, Census Tract 1036.11, Maricopa County, Arizona","522","111","0","12","0","12","0","12","0","12","0","12","7","23","0","12","0","12","27","43","12","19","100","49","83","66","19","31","99","90","52","47","123","69",
"1500000US040131036113","Block Group 3, Census Tract 1036.11, Maricopa County, Arizona","1009","113","0","12","0","12","60","45","12","20","0","12","17","27","29","31","22","36","32","38","54","38","62","53","151","78","96","93","116","62","42","52","316","105",
"1500000US040131036121","Block Group 1, Census Tract 1036.12, Maricopa County, Arizona","649","198","54","55","23","38","146","128","55","52","42","50","75","90","0","12","19","29","0","12","0","12","22","36","123","122","21","32","69","114","0","12","0","12",
"1500000US040131036122","Block Group 2, Census Tract 1036.12, Maricopa County, Arizona","404","80","25","39","0","12","0","12","45","49","0","12","0","12","19","32","0","12","25","41","15","23","30","35","20","31","77","55","53","45","52","51","43","38",
"1500000US040131036123","Block Group 3, Census Tract 1036.12, Maricopa County, Arizona","737","124","0","12","14","22","0","12","0","12","16","29","22","34","20","31","21","33","46","47","64","60","20","33","51","50","75","59","92","70","88","64","208","114",
"1500000US040131036124","Block Group 4, Census Tract 1036.12, Maricopa County, Arizona","730","127","19","31","0","12","56","56","0","12","19","29","70","95","55","52","38","46","44","52","216","148","99","96","114","86","0","12","0","12","0","12","0","12",
"1500000US040131036141","Block Group 1, Census Tract 1036.14, Maricopa County, Arizona","731","76","52","45","22","24","20","23","20","24","26","35","10","15","100","56","9","16","7","11","48","33","61","41","105","47","78","50","51","35","57","37","65","34",
"1500000US040131036142","Block Group 2, Census Tract 1036.14, Maricopa County, Arizona","440","67","0","12","0","12","10","16","0","12","19","22","9","16","18","19","0","12","34","30","12","18","47","33","81","38","42","35","42","40","60","36","66","38",
"1500000US040131036151","Block Group 1, Census Tract 1036.15, Maricopa County, Arizona","447","85","66","44","48","43","0","12","9","13","20","32","25","31","23","37","17","20","37","37","21","18","97","54","26","30","32","47","8","13","18","21","0","12",
"1500000US040131036152","Block Group 2, Census Tract 1036.15, Maricopa County, Arizona","714","117","69","52","66","56","96","60","43","43","16","19","45","40","64","52","81","63","30","37","44","37","34","32","74","62","18","28","0","12","0","12","34","52",
"1500000US040131036153","Block Group 3, Census Tract 1036.15, Maricopa County, Arizona","660","124","110","69","84","48","35","32","99","60","49","46","64","45","52","56","0","12","0","12","128","61","29","38","10","15","0","12","0","12","0","12","0","12",
"1500000US040131037011","Block Group 1, Census Tract 1037.01, Maricopa County, Arizona","729","167","131","103","45","70","39","43","47","43","94","90","30","34","73","96","19","33","15","25","98","85","19","31","53","55","48","77","0","12","0","12","18","29",
"1500000US040131037012","Block Group 2, Census Tract 1037.01, Maricopa County, Arizona","1133","177","132","116","0","12","12","20","17","27","34","56","144","90","17","27","104","53","68","91","44","41","112","64","99","53","167","99","18","28","31","36","134","56",
"1500000US040131037013","Block Group 3, Census Tract 1037.01, Maricopa County, Arizona","508","145","34","38","108","106","46","52","30","24","0","12","0","12","42","37","0","12","0","12","73","56","94","63","62","82","0","12","19","28","0","12","0","12",
"1500000US040131037021","Block Group 1, Census Tract 1037.02, Maricopa County, Arizona","324","69","18","19","16","17","18","19","8","12","0","12","36","31","0","12","34","42","0","12","34","28","45","35","20","24","59","35","9","16","19","20","8","14",
"1500000US040131037022","Block Group 2, Census Tract 1037.02, Maricopa County, Arizona","657","89","19","22","58","60","22","20","21","20","0","12","21","23","18","30","7","11","15","17","77","63","34","27","128","60","100","67","24","23","53","41","60","47",
"1500000US040131037023","Block Group 3, Census Tract 1037.02, Maricopa County, Arizona","572","82","37","29","33","43","19","24","41","51","9","14","32","30","10","15","8","12","7","12","35","42","100","58","122","51","26","26","21","25","19","27","53","30",
"1500000US040131039001","Block Group 1, Census Tract 1039, Maricopa County, Arizona","406","142","74","93","15","25","48","44","0","12","100","114","0","12","30","38","0","12","0","12","0","12","0","12","52","39","87","71","0","12","0","12","0","12",
"1500000US040131039002","Block Group 2, Census Tract 1039, Maricopa County, Arizona","312","132","59","91","0","12","0","12","36","44","20","36","21","36","55","68","17","28","11","31","18","31","55","64","20","30","0","12","0","12","0","12","0","12",
"1500000US040131039003","Block Group 3, Census Tract 1039, Maricopa County, Arizona","697","165","0","12","0","12","47","53","52","81","47","55","20","36","23","38","32","38","55","68","58","72","25","43","113","151","144","126","81","141","0","12","0","12",
"1500000US040131039004","Block Group 4, Census Tract 1039, Maricopa County, Arizona","907","173","68","89","17","27","17","26","48","50","137","124","81","64","13","20","117","117","32","40","159","110","100","95","28","35","30","38","35","41","21","35","4","48",
"1500000US040131040001","Block Group 1, Census Tract 1040, Maricopa County, Arizona","592","155","73","73","17","26","32","27","95","104","43","67","15","25","20","33","23","26","78","82","19","32","104","91","44","52","18","31","0","12","0","12","11","20",
"1500000US040131040002","Block Group 2, Census Tract 1040, Maricopa County, Arizona","488","149","28","47","14","22","0","12","0","12","0","12","15","25","67","103","12","19","37","43","20","31","30","35","151","109","98","92","0","12","16","21","0","12",
"1500000US040131040003","Block Group 3, Census Tract 1040, Maricopa County, Arizona","654","124","0","12","27","41","44","54","51","76","20","33","51","42","112","114","46","43","52","42","60","55","62","51","36","42","18","24","59","48","16","27","0","12",
"1500000US040131040004","Block Group 4, Census Tract 1040, Maricopa County, Arizona","931","188","184","140","29","34","59","54","72","78","22","34","98","85","43","51","50","49","16","26","100","100","70","89","25","35","92","98","22","37","0","12","49","79",
"1500000US040131041001","Block Group 1, Census Tract 1041, Maricopa County, Arizona","599","166","66","56","0","12","0","12","41","48","15","26","62","61","126","125","52","58","38","45","18","37","105","93","76","66","0","12","0","12","0","12","0","12",
"1500000US040131041002","Block Group 2, Census Tract 1041, Maricopa County, Arizona","669","204","34","39","70","111","17","28","0","12","15","24","16","30","0","12","22","38","0","12","165","141","74","53","132","84","18","29","90","97","16","26","0","12",
"1500000US040131041003","Block Group 3, Census Tract 1041, Maricopa County, Arizona","528","139","0","12","0","12","22","35","21","37","26","42","100","103","0","12","0","12","0","12","15","25","85","66","110","76","43","52","0","12","16","27","90","108",
"1500000US040131041004","Block Group 4, Census Tract 1041, Maricopa County, Arizona","633","158","71","80","0","12","19","30","0","12","0","12","74","78","51","80","180","121","43","50","19","35","100","73","36","39","14","25","15","25","0","12","11","18",
"1500000US040131042021","Block Group 1, Census Tract 1042.02, Maricopa County, Arizona","502","78","21","23","11","17","9","14","0","12","57","55","66","49","9","14","23","25","0","12","68","38","65","54","70","44","58","36","13","21","18","19","14","22",
"1500000US040131042022","Block Group 2, Census Tract 1042.02, Maricopa County, Arizona","701","94","32","28","0","12","0","12","0","12","11","16","31","27","0","12","51","38","30","27","103","73","75","45","141","76","107","58","16","16","35","44","69","46",
"1500000US040131042023","Block Group 3, Census Tract 1042.02, Maricopa County, Arizona","613","93","37","29","30","27","8","15","11","19","11","17","9","15","28","24","17","20","28","21","67","40","91","55","117","80","78","47","42","41","24","27","15","18",
"1500000US040131042031","Block Group 1, Census Tract 1042.03, Maricopa County, Arizona","499","142","7","12","0","12","0","12","23","38","0","12","19","31","14","23","59","58","52","52","7","14","191","134","89","97","0","12","9","16","29","43","0","12",
"1500000US040131042032","Block Group 2, Census Tract 1042.03, Maricopa County, Arizona","401","107","0","12","0","12","0","12","27","34","0","12","0","12","0","12","0","12","0","12","48","41","137","79","96","91","22","34","50","54","21","32","0","12",
"1500000US040131042033","Block Group 3, Census Tract 1042.03, Maricopa County, Arizona","376","154","53","73","103","146","13","26","32","44","0","12","19","35","5","9","0","12","0","12","19","31","71","85","61","86","0","12","0","12","0","12","0","12",
"1500000US040131042034","Block Group 4, Census Tract 1042.03, Maricopa County, Arizona","397","104","12","22","0","12","0","12","31","38","0","12","0","12","34","47","0","12","0","12","85","74","82","83","41","39","53","49","31","50","28","33","0","12",
"1500000US040131042035","Block Group 5, Census Tract 1042.03, Maricopa County, Arizona","625","126","4","9","11","19","8","13","11","17","83","52","37","36","14","22","13","23","0","12","58","68","64","56","131","87","104","91","24","43","63","64","0","12",
"1500000US040131042041","Block Group 1, Census Tract 1042.04, Maricopa County, Arizona","396","71","0","12","15","20","8","14","21","23","10","15","11","18","41","33","17","27","20","24","43","36","49","33","91","43","24","27","25","28","21","24","0","12",
"1500000US040131042042","Block Group 2, Census Tract 1042.04, Maricopa County, Arizona","684","79","0","12","10","16","26","31","11","19","7","12","50","45","22","17","57","36","13","21","81","50","102","73","111","59","116","72","13","21","38","36","27","28",
"1500000US040131042051","Block Group 1, Census Tract 1042.05, Maricopa County, Arizona","525","87","26","31","0","12","20","31","0","12","0","12","0","12","0","12","24","39","0","12","47","50","85","70","73","63","153","105","26","32","24","41","47","52",
"1500000US040131042052","Block Group 2, Census Tract 1042.05, Maricopa County, Arizona","770","185","175","115","17","28","0","12","61","85","65","53","38","42","0","12","241","144","19","31","60","96","32","37","62","58","0","12","0","12","0","12","0","12",
"1500000US040131042053","Block Group 3, Census Tract 1042.05, Maricopa County, Arizona","384","130","0","12","0","12","19","31","0","12","42","68","41","57","38","44","0","12","0","12","0","12","43","50","122","112","14","28","16","22","0","12","49","55",
"1500000US040131042054","Block Group 4, Census Tract 1042.05, Maricopa County, Arizona","687","148","154","94","18","29","41","46","63","57","35","41","65","82","38","45","21","33","14","22","38","38","18","28","130","105","11","20","0","12","41","68","0","12",
"1500000US040131042061","Block Group 1, Census Tract 1042.06, Maricopa County, Arizona","416","94","62","64","10","15","17","19","48","39","0","12","9","14","9","13","15","16","34","36","64","49","52","36","56","40","33","26","0","12","7","11","0","12",
"1500000US040131042062","Block Group 2, Census Tract 1042.06, Maricopa County, Arizona","500","102","60","49","0","12","39","39","0","12","40","52","44","51","0","12","28","27","13","20","59","54","61","49","58","49","20","23","39","48","29","42","10","15",
"1500000US040131042063","Block Group 3, Census Tract 1042.06, Maricopa County, Arizona","469","88","0","12","10","18","9","12","24","21","6","11","7","11","41","38","6","10","13","14","42","28","90","62","174","86","7","11","20","32","20","28","0","12",
"1500000US040131042071","Block Group 1, Census Tract 1042.07, Maricopa County, Arizona","585","94","7","11","22","27","10","16","17","19","0","12","8","12","16","19","18","20","0","12","56","33","80","45","195","103","22","24","55","38","52","45","27","32",
"1500000US040131042072","Block Group 2, Census Tract 1042.07, Maricopa County, Arizona","484","87","0","12","8","14","0","12","10","16","29","27","0","12","0","12","0","12","13","20","24","24","79","47","105","61","98","60","67","47","35","31","16","15",
"1500000US040131042073","Block Group 3, Census Tract 1042.07, Maricopa County, Arizona","703","123","120","77","63","59","45","32","50","56","27","27","92","76","18","19","17","26","69","59","69","40","31","31","86","68","9","15","7","13","0","12","0","12",
"1500000US040131042121","Block Group 1, Census Tract 1042.12, Maricopa County, Arizona","344","144","0","12","0","12","0","12","130","127","0","12","0","12","81","74","35","52","0","12","54","87","20","35","0","12","12","22","0","12","12","18","0","12",
"1500000US040131042122","Block Group 2, Census Tract 1042.12, Maricopa County, Arizona","498","105","0","12","0","12","0","12","27","38","18","29","0","12","35","37","0","12","11","18","165","108","64","55","86","88","11","19","0","12","70","92","11","20",
"1500000US040131042123","Block Group 3, Census Tract 1042.12, Maricopa County, Arizona","656","136","30","35","0","12","0","12","0","12","48","44","7","18","14","22","31","40","0","12","174","109","70","61","65","57","129","94","35","43","0","12","53","65",
"1500000US040131042124","Block Group 4, Census Tract 1042.12, Maricopa County, Arizona","612","135","23","37","33","37","40","63","8","14","36","42","60","63","8","14","17","27","31","50","32","38","95","73","98","76","117","102","0","12","0","12","14","21",
"1500000US040131042141","Block Group 1, Census Tract 1042.14, Maricopa County, Arizona","402","55","4","7","6","9","0","12","17","13","17","16","0","12","19","17","7","10","29","18","26","20","90","48","75","30","19","16","30","30","46","29","17","14",
"1500000US040131042142","Block Group 2, Census Tract 1042.14, Maricopa County, Arizona","322","51","17","25","0","12","0","12","17","15","6","9","6","9","0","12","14","14","6","9","35","23","38","22","29","21","35","19","40","24","51","33","28","29",
"1500000US040131042151","Block Group 1, Census Tract 1042.15, Maricopa County, Arizona","265","62","0","12","0","12","30","28","11","17","88","68","17","25","8","12","12","20","10","17","19","22","8","12","30","28","10","16","11","18","11","16","0","12",
"1500000US040131042152","Block Group 2, Census Tract 1042.15, Maricopa County, Arizona","431","100","35","37","23","26","58","41","44","59","33","30","23","24","78","71","19","23","0","12","47","39","20","23","0","12","51","59","0","12","0","12","0","12",
"1500000US040131042153","Block Group 3, Census Tract 1042.15, Maricopa County, Arizona","231","64","0","12","10","15","0","12","0","12","0","12","27","41","0","12","13","19","10","16","8","16","17","19","61","32","35","26","33","37","17","20","0","12",
"1500000US040131042154","Block Group 4, Census Tract 1042.15, Maricopa County, Arizona","150","48","0","12","0","12","0","12","0","12","0","12","16","20","0","12","12","17","9","14","0","12","0","12","62","36","21","26","8","15","22","19","0","12",
"1500000US040131042155","Block Group 5, Census Tract 1042.15, Maricopa County, Arizona","505","99","13","19","0","12","23","27","21","23","56","63","30","23","19","31","19","31","6","10","0","12","121","56","53","41","68","45","45","54","23","27","8","12",
"1500000US040131042161","Block Group 1, Census Tract 1042.16, Maricopa County, Arizona","721","115","103","79","17","20","36","32","43","48","83","56","28","26","32","37","28","25","58","52","89","57","11","17","138","84","37","46","8","13","0","12","10","15",
"1500000US040131042162","Block Group 2, Census Tract 1042.16, Maricopa County, Arizona","378","58","0","12","9","13","9","15","9","14","8","14","12","19","26","40","37","44","0","12","0","12","41","31","109","55","65","35","28","27","15","17","10","15",
"1500000US040131042163","Block Group 3, Census Tract 1042.16, Maricopa County, Arizona","778","96","0","12","0","12","23","27","0","12","46","46","18","20","0","12","55","59","19","22","67","41","124","70","199","69","119","50","46","30","34","29","28","21",
"1500000US040131042171","Block Group 1, Census Tract 1042.17, Maricopa County, Arizona","643","79","19","21","31","30","9","14","0","12","19","22","15","17","20","22","51","49","20","24","36","33","85","43","178","69","66","62","33","28","35","29","26","28",
"1500000US040131042172","Block Group 2, Census Tract 1042.17, Maricopa County, Arizona","546","99","21","23","0","12","47","47","0","12","10","15","8","13","11","18","25","28","17","20","28","28","65","41","155","82","61","33","28","35","61","52","9","13",
"1500000US040131042173","Block Group 3, Census Tract 1042.17, Maricopa County, Arizona","687","101","87","69","46","32","18","21","29","26","9","13","58","39","47","33","58","33","32","30","77","67","80","43","73","49","20","23","23","25","30","27","0","12",
"1500000US040131042181","Block Group 1, Census Tract 1042.18, Maricopa County, Arizona","401","93","47","39","8","13","40","62","0","12","0","12","0","12","8","14","29","40","22","26","27","26","30","27","76","46","75","39","15","22","19","24","5","10",
"1500000US040131042182","Block Group 2, Census Tract 1042.18, Maricopa County, Arizona","370","79","23","23","9","14","0","12","0","12","0","12","18","22","46","66","20","24","11","17","39","21","26","30","63","49","45","39","58","37","12","18","0","12",
"1500000US040131042183","Block Group 3, Census Tract 1042.18, Maricopa County, Arizona","730","111","25","28","57","45","31","30","30","28","11","18","46","37","127","84","34","31","0","12","80","57","67","62","210","110","12","19","0","12","0","12","0","12",
"1500000US040131042191","Block Group 1, Census Tract 1042.19, Maricopa County, Arizona","440","59","12","13","0","12","0","12","10","11","0","12","12","13","28","29","6","9","41","23","38","34","73","31","98","43","69","28","24","21","19","14","10","11",
"1500000US040131042192","Block Group 2, Census Tract 1042.19, Maricopa County, Arizona","558","59","7","11","20","18","28","32","5","8","30","20","26","19","25","22","53","44","17","16","48","26","66","32","108","36","69","35","39","30","9","11","8","11",
"1500000US040131042211","Block Group 1, Census Tract 1042.21, Maricopa County, Arizona","450","106","0","12","10","16","6","10","15","25","58","76","22","20","75","61","13","22","11","17","43","35","42","38","39","37","72","77","21","23","16","18","7","14",
"1500000US040131042212","Block Group 2, Census Tract 1042.21, Maricopa County, Arizona","600","109","57","72","34","32","10","16","55","44","9","15","25","27","22","23","14","20","26","28","23","25","74","48","134","71","31","24","54","39","20","25","12","19",
"1500000US040131042213","Block Group 3, Census Tract 1042.21, Maricopa County, Arizona","277","83","9","15","0","12","10","17","16","19","6","9","6","10","46","54","5","8","14","21","0","12","17","20","75","59","31","28","26","30","11","18","5","9",
"1500000US040131042214","Block Group 4, Census Tract 1042.21, Maricopa County, Arizona","657","113","25","27","0","12","0","12","12","18","62","61","32","31","28","43","59","67","0","12","38","29","90","52","158","76","64","44","42","30","47","37","0","12",
"1500000US040131042221","Block Group 1, Census Tract 1042.22, Maricopa County, Arizona","434","110","44","67","0","12","41","45","0","12","0","12","19","29","17","31","0","12","0","12","48","52","0","12","69","51","121","81","19","33","56","47","0","12",
"1500000US040131042222","Block Group 2, Census Tract 1042.22, Maricopa County, Arizona","436","117","0","12","0","12","62","67","0","12","0","12","0","12","0","12","27","42","0","12","96","75","25","39","106","65","45","48","48","59","27","35","0","12",
"1500000US040131042223","Block Group 3, Census Tract 1042.22, Maricopa County, Arizona","436","130","0","12","0","12","48","38","0","12","47","52","36","48","61","58","14","26","32","49","45","38","16","25","44","53","70","71","23","36","0","12","0","12",
"1500000US040131042224","Block Group 4, Census Tract 1042.22, Maricopa County, Arizona","976","160","70","68","124","78","34","52","49","54","58","86","44","46","0","12","45","50","18","28","86","81","177","149","126","79","31","35","84","66","14","25","16","26",
"1500000US040131042231","Block Group 1, Census Tract 1042.23, Maricopa County, Arizona","277","43","6","9","0","12","6","9","0","12","6","9","12","13","7","10","6","9","0","12","7","10","12","13","29","20","50","24","60","36","34","21","42","22",
"1500000US040131042232","Block Group 2, Census Tract 1042.23, Maricopa County, Arizona","327","42","7","10","0","12","24","30","6","9","0","12","6","10","0","12","0","12","7","10","27","23","6","9","24","18","69","33","52","26","35","21","64","39",
"1500000US040131042241","Block Group 1, Census Tract 1042.24, Maricopa County, Arizona","456","149","79","81","0","12","0","12","35","54","37","43","23","36","14","20","41","46","80","121","25","40","62","89","0","12","60","59","0","12","0","12","0","12",
"1500000US040131042242","Block Group 2, Census Tract 1042.24, Maricopa County, Arizona","609","141","0","12","87","90","0","12","0","12","34","38","32","39","34","36","0","12","17","27","69","63","28","38","90","59","63","56","75","79","49","62","31","40",
"1500000US040131042243","Block Group 3, Census Tract 1042.24, Maricopa County, Arizona","847","167","213","128","33","38","62","53","48","44","64","48","69","85","35","41","0","12","97","61","55","47","76","61","45","77","14","23","0","12","36","44","0","12",
"1500000US040131042244","Block Group 4, Census Tract 1042.24, Maricopa County, Arizona","440","143","0","12","0","12","0","12","0","12","40","67","13","22","26","37","0","12","0","12","10","19","98","64","17","27","114","104","110","77","0","12","12","19",
"1500000US040131042251","Block Group 1, Census Tract 1042.25, Maricopa County, Arizona","517","84","22","23","23","25","0","12","0","12","0","12","31","26","7","11","35","42","49","43","74","55","53","46","85","46","30","28","34","31","63","52","11","16",
"1500000US040131042252","Block Group 2, Census Tract 1042.25, Maricopa County, Arizona","394","71","7","12","25","26","0","12","19","21","9","14","0","12","11","17","18","21","0","12","0","12","41","38","80","61","74","43","46","42","34","26","30","29",
"1500000US040131042253","Block Group 3, Census Tract 1042.25, Maricopa County, Arizona","352","79","31","31","0","12","11","16","25","24","78","77","0","12","10","14","0","12","14","16","36","26","67","53","56","28","0","12","13","17","0","12","11","17",
"1500000US040131042261","Block Group 1, Census Tract 1042.26, Maricopa County, Arizona","460","133","100","80","14","23","11","17","98","92","14","22","3","14","0","12","17","15","76","93","35","33","39","28","13","20","25","23","0","12","15","17","0","12",
"1500000US040131042262","Block Group 2, Census Tract 1042.26, Maricopa County, Arizona","507","86","14","21","11","17","51","63","28","26","8","13","25","27","11","17","9","14","0","12","74","39","70","56","46","29","35","26","61","51","28","25","36","53",
"1500000US040131042263","Block Group 3, Census Tract 1042.26, Maricopa County, Arizona","310","103","18","21","21","24","36","47","20","23","28","24","19","22","56","58","16","25","0","12","54","54","13","19","14","20","0","12","15","25","0","12","0","12",
"1500000US040131042264","Block Group 4, Census Tract 1042.26, Maricopa County, Arizona","448","127","0","12","9","14","0","12","11","17","0","12","9","14","0","12","0","12","19","22","55","45","38","29","54","41","61","38","77","84","108","77","7","13",
"1500000US040131042271","Block Group 1, Census Tract 1042.27, Maricopa County, Arizona","504","70","10","12","33","31","40","35","5","8","24","30","58","45","27","27","16","16","12","15","47","31","57","32","51","42","79","43","19","17","20","16","6","9",
"1500000US040131042272","Block Group 2, Census Tract 1042.27, Maricopa County, Arizona","290","63","6","9","13","11","5","8","9","15","40","40","50","50","23","16","5","8","0","12","23","17","17","15","48","35","41","31","5","8","0","12","5","9",
"1500000US040131043011","Block Group 1, Census Tract 1043.01, Maricopa County, Arizona","590","100","33","30","0","12","11","17","20","23","0","12","11","17","80","79","19","21","14","21","20","23","59","40","182","88","36","32","12","20","51","54","42","29",
"1500000US040131043012","Block Group 2, Census Tract 1043.01, Maricopa County, Arizona","624","98","56","46","19","21","12","15","29","33","9","15","10","17","31","30","31","25","20","29","51","35","128","75","108","72","57","43","46","34","17","28","0","12",
"1500000US040131043021","Block Group 1, Census Tract 1043.02, Maricopa County, Arizona","801","148","121","75","99","74","69","52","51","36","28","26","53","55","28","23","75","61","40","35","79","65","79","56","5","11","74","66","0","12","0","12","0","12",
"1500000US040131043022","Block Group 2, Census Tract 1043.02, Maricopa County, Arizona","1023","149","88","61","32","34","137","76","8","13","56","51","29","25","75","61","129","103","63","39","231","95","61","55","57","45","48","36","9","16","0","12","0","12",
"1500000US040131044011","Block Group 1, Census Tract 1044.01, Maricopa County, Arizona","782","164","60","47","81","91","0","12","54","75","16","26","0","12","81","103","90","84","48","47","100","85","81","69","119","75","52","65","0","12","0","12","0","12",
"1500000US040131044012","Block Group 2, Census Tract 1044.01, Maricopa County, Arizona","553","229","0","12","12","19","37","44","161","159","0","12","50","63","18","30","35","33","132","116","35","42","22","39","25","47","26","47","0","12","0","12","0","12",
"1500000US040131044013","Block Group 3, Census Tract 1044.01, Maricopa County, Arizona","889","228","76","74","67","67","100","66","267","174","41","39","30","37","92","108","77","84","0","12","33","41","75","87","18","30","0","12","13","22","0","12","0","12",
"1500000US040131044021","Block Group 1, Census Tract 1044.02, Maricopa County, Arizona","1117","117","109","71","33","30","100","72","23","23","129","81","74","73","68","61","11","16","11","22","105","61","141","80","215","101","71","58","10","15","10","15","7","18",
"1500000US040131045011","Block Group 1, Census Tract 1045.01, Maricopa County, Arizona","454","81","8","14","31","31","27","31","24","21","14","15","7","11","27","38","33","44","46","43","47","42","81","72","37","31","10","11","15","26","42","33","5","7",
"1500000US040131045012","Block Group 2, Census Tract 1045.01, Maricopa County, Arizona","491","110","112","62","69","55","17","29","40","28","36","40","69","58","72","44","13","16","22","23","0","12","0","12","0","12","20","32","0","12","0","12","21","33",
"1500000US040131045013","Block Group 3, Census Tract 1045.01, Maricopa County, Arizona","429","89","60","52","48","44","0","12","75","56","63","45","33","35","52","59","13","22","9","15","35","47","38","41","3","6","0","12","0","12","0","12","0","12",
"1500000US040131045021","Block Group 1, Census Tract 1045.02, Maricopa County, Arizona","532","110","49","31","24","30","26","43","88","72","65","43","21","32","6","10","19","18","19","30","98","60","63","51","54","56","0","12","0","12","0","12","0","12",
"1500000US040131045022","Block Group 2, Census Tract 1045.02, Maricopa County, Arizona","618","137","85","64","20","31","121","74","22","36","16","19","37","43","33","45","98","81","4","8","0","12","57","59","96","66","0","12","20","34","9","15","0","12",
"1500000US040131045023","Block Group 3, Census Tract 1045.02, Maricopa County, Arizona","453","110","66","66","0","12","9","12","33","32","44","36","17","30","69","45","59","61","13","18","19","29","81","58","4","9","39","35","0","12","0","12","0","12",
"1500000US040131046001","Block Group 1, Census Tract 1046, Maricopa County, Arizona","796","167","30","30","35","45","10","17","41","52","104","93","45","32","53","57","38","28","28","27","62","39","88","60","81","62","21","23","19","21","101","76","40","32",
"1500000US040131046002","Block Group 2, Census Tract 1046, Maricopa County, Arizona","505","136","27","25","18","22","170","109","49","47","26","27","0","12","10","16","38","47","31","49","96","77","0","12","12","18","18","21","0","12","10","15","0","12",
"1500000US040131046003","Block Group 3, Census Tract 1046, Maricopa County, Arizona","393","114","10","16","9","14","62","58","0","12","42","51","0","12","10","15","35","28","7","11","64","62","30","29","81","74","33","31","10","15","0","12","0","12",
"1500000US040131047011","Block Group 1, Census Tract 1047.01, Maricopa County, Arizona","698","130","40","44","93","75","104","81","68","72","27","20","34","24","101","83","10","16","23","37","58","51","59","54","44","39","23","26","14","20","0","12","0","12",
"1500000US040131047012","Block Group 2, Census Tract 1047.01, Maricopa County, Arizona","420","85","37","32","8","13","9","14","25","23","39","45","39","28","17","19","30","38","23","25","35","30","37","32","88","54","25","26","0","12","8","14","0","12",
"1500000US040131047013","Block Group 3, Census Tract 1047.01, Maricopa County, Arizona","301","77","75","62","0","12","9","14","16","18","0","12","18","20","34","20","34","27","17","19","7","10","52","34","17","19","11","16","0","12","11","19","0","12",
"1500000US040131047021","Block Group 1, Census Tract 1047.02, Maricopa County, Arizona","373","101","9","14","50","44","72","63","40","41","68","68","0","12","0","12","41","34","16","25","16","17","15","17","21","33","25","39","0","12","0","12","0","12",
"1500000US040131047022","Block Group 2, Census Tract 1047.02, Maricopa County, Arizona","563","117","110","76","30","27","6","10","65","55","46","61","38","36","41","32","29","38","8","13","22","32","22","27","23","23","63","62","25","40","26","28","9","13",
"1500000US040131047023","Block Group 3, Census Tract 1047.02, Maricopa County, Arizona","505","116","24","21","9","14","0","12","74","50","27","24","39","42","18","21","16","14","41","57","74","51","50","40","0","12","75","62","29","32","29","34","0","12",
"1500000US040131047024","Block Group 4, Census Tract 1047.02, Maricopa County, Arizona","409","84","27","23","45","51","61","33","55","39","40","46","8","12","33","27","33","42","19","21","71","46","8","12","0","12","0","12","0","12","9","15","0","12",
"1500000US040131048011","Block Group 1, Census Tract 1048.01, Maricopa County, Arizona","793","84","0","12","44","53","5","10","23","26","40","48","10","16","28","27","36","33","39","36","37","40","52","33","110","55","97","49","101","43","97","48","74","44",
"1500000US040131048012","Block Group 2, Census Tract 1048.01, Maricopa County, Arizona","678","98","0","12","29","26","41","37","29","27","0","12","10","15","10","15","51","63","0","12","80","55","49","39","95","67","5","10","38","35","79","39","162","48",
"1500000US040131048021","Block Group 1, Census Tract 1048.02, Maricopa County, Arizona","444","109","0","12","0","12","35","43","0","12","0","12","0","12","18","30","16","26","19","29","62","54","24","30","72","77","111","83","51","44","0","12","36","45",
"1500000US040131048022","Block Group 2, Census Tract 1048.02, Maricopa County, Arizona","610","126","42","48","15","25","99","95","71","60","20","33","0","12","13","21","34","28","46","73","61","45","24","22","110","71","43","52","0","12","22","25","10","16",
"1500000US040131048023","Block Group 3, Census Tract 1048.02, Maricopa County, Arizona","618","107","0","12","0","12","0","12","0","12","0","12","17","25","22","37","0","12","0","12","0","12","65","55","23","28","109","82","93","76","231","85","58","46",
"1500000US040131048024","Block Group 4, Census Tract 1048.02, Maricopa County, Arizona","363","83","27","34","0","12","0","12","0","12","0","12","0","12","46","50","0","12","0","12","18","28","22","25","78","55","86","81","42","34","15","24","29","25",
"1500000US040131048025","Block Group 5, Census Tract 1048.02, Maricopa County, Arizona","355","130","18","28","0","12","17","26","0","12","37","45","40","48","16","27","37","44","0","12","45","45","75","90","70","88","0","12","0","12","0","12","0","12",
"1500000US040131049001","Block Group 1, Census Tract 1049, Maricopa County, Arizona","526","72","41","31","20","22","0","12","19","20","8","13","20","21","0","12","18","19","19","15","39","49","34","25","82","52","108","50","83","54","13","21","22","25",
"1500000US040131049002","Block Group 2, Census Tract 1049, Maricopa County, Arizona","481","68","0","12","8","13","17","20","23","19","18","22","9","14","8","13","24","24","27","24","20","16","76","39","69","53","41","32","32","25","27","26","82","41",
"1500000US040131049003","Block Group 3, Census Tract 1049, Maricopa County, Arizona","614","68","9","14","0","12","31","37","40","31","0","12","25","23","8","12","7","13","8","13","97","60","73","43","73","38","57","34","56","35","63","42","67","40",
"1500000US040131050021","Block Group 1, Census Tract 1050.02, Maricopa County, Arizona","394","99","0","12","0","12","0","12","10","16","0","12","31","51","0","12","0","12","0","12","34","30","0","12","21","24","12","19","18","21","43","55","225","70",
"1500000US040131050022","Block Group 2, Census Tract 1050.02, Maricopa County, Arizona","806","123","54","52","14","22","33","29","0","12","10","17","0","12","19","23","0","12","9","15","35","30","70","46","107","76","14","15","31","28","49","35","361","94",
"1500000US040131050031","Block Group 1, Census Tract 1050.03, Maricopa County, Arizona","844","105","14","21","13","19","21","24","10","16","0","12","0","12","25","38","0","12","0","12","11","18","23","25","21","24","57","55","74","60","73","38","502","95",
"1500000US040131050032","Block Group 2, Census Tract 1050.03, Maricopa County, Arizona","787","117","0","12","24","27","21","23","12","18","0","12","8","14","0","12","43","35","12","17","0","12","18","20","41","32","56","61","48","35","77","54","427","105",
"1500000US040131050041","Block Group 1, Census Tract 1050.04, Maricopa County, Arizona","562","91","9","16","0","12","0","12","0","12","9","15","12","19","0","12","33","30","0","12","9","14","11","18","13","21","58","39","41","32","34","31","333","72",
"1500000US040131050042","Block Group 2, Census Tract 1050.04, Maricopa County, Arizona","406","69","12","18","0","12","12","17","23","26","0","12","0","12","11","17","0","12","0","12","0","12","0","12","48","46","48","45","11","17","31","27","210","63",
"1500000US040131050043","Block Group 3, Census Tract 1050.04, Maricopa County, Arizona","392","93","0","12","0","12","0","12","0","12","0","12","0","12","0","12","0","12","12","18","0","12","34","54","47","45","11","17","0","12","39","31","249","79",
"1500000US040131051011","Block Group 1, Census Tract 1051.01, Maricopa County, Arizona","422","66","10","17","0","12","0","12","8","12","0","12","0","12","0","12","10","15","10","15","7","13","0","12","68","42","55","40","70","41","75","58","109","48",
"1500000US040131051012","Block Group 2, Census Tract 1051.01, Maricopa County, Arizona","674","88","21","21","0","12","0","12","42","61","28","25","6","10","10","15","10","16","0","12","8","13","50","45","26","26","70","41","33","29","68","42","302","75",
"1500000US040131051013","Block Group 3, Census Tract 1051.01, Maricopa County, Arizona","665","80","33","29","0","12","0","12","22","33","30","28","4","7","12","20","0","12","17","19","12","19","41","35","95","47","105","53","53","38","126","60","115","55",
"1500000US040131051021","Block Group 1, Census Tract 1051.02, Maricopa County, Arizona","275","96","0","12","0","12","0","12","0","12","0","12","0","12","0","12","0","12","0","12","0","12","0","12","59","45","0","12","18","28","0","12","198","94",
"1500000US040131051022","Block Group 2, Census Tract 1051.02, Maricopa County, Arizona","707","98","24","37","18","30","0","12","15","29","0","12","55","52","55","85","0","12","23","35","45","43","17","28","18","28","53","49","65","55","75","55","244","90",
"1500000US040131051023","Block Group 3, Census Tract 1051.02, Maricopa County, Arizona","937","182","55","66","30","53","32","50","0","12","0","12","51","81","49","66","18","29","19","31","33","38","131","76","221","119","116","95","29","34","91","73","62","58",
"1500000US040131051024","Block Group 4, Census Tract 1051.02, Maricopa County, Arizona","603","121","48","79","17","26","50","58","17","27","0","12","0","12","0","12","20","32","54","58","0","12","81","65","80","63","62","56","104","91","43","44","27","36",
"1500000US040131051031","Block Group 1, Census Tract 1051.03, Maricopa County, Arizona","357","64","9","13","8","13","0","12","0","12","0","12","0","12","28","32","0","12","9","14","0","12","27","23","33","26","32","30","13","19","71","51","127","58",
"1500000US040131051032","Block Group 2, Census Tract 1051.03, Maricopa County, Arizona","352","76","8","13","10","15","0","12","12","17","0","12","0","12","0","12","10","16","14","22","0","12","36","44","31","50","23","18","40","42","27","24","141","54",
"1500000US040131051033","Block Group 3, Census Tract 1051.03, Maricopa County, Arizona","628","99","37","44","0","12","9","14","0","12","8","13","0","12","8","12","9","13","9","15","9","15","56","48","34","42","32","29","29","28","126","69","262","70",
"1500000US040131052001","Block Group 1, Census Tract 1052, Maricopa County, Arizona","590","146","0","12","50","78","14","22","31","34","0","12","16","27","0","12","0","12","8","20","68","54","113","106","12","19","42","51","87","83","91","72","58","42",
"1500000US040131052002","Block Group 2, Census Tract 1052, Maricopa County, Arizona","724","141","57","73","18","29","15","25","65","66","16","25","35","53","15","24","31","36","30","36","101","65","83","67","137","91","16","25","34","52","71","64","0","12",
"1500000US040131052003","Block Group 3, Census Tract 1052, Maricopa County, Arizona","708","148","0","12","17","30","52","48","77","74","0","12","45","56","58","87","69","81","34","32","91","73","31","38","127","87","90","84","17","30","0","12","0","12",
"1500000US040131052004","Block Group 4, Census Tract 1052, Maricopa County, Arizona","709","160","60","70","29","35","0","12","59","75","50","80","52","50","0","12","47","44","60","70","25","27","71","47","35","53","10","17","11","17","129","94","71","59",
"1500000US040131053001","Block Group 1, Census Tract 1053, Maricopa County, Arizona","665","96","43","39","10","17","0","12","0","12","9","15","18","30","62","51","11","19","36","38","48","48","82","52","113","58","29","36","50","57","72","57","82","48",
"1500000US040131053002","Block Group 2, Census Tract 1053, Maricopa County, Arizona","910","155","112","71","52","56","22","25","42","67","55","65","49","38","21","25","87","75","72","70","64","55","71","58","131","73","110","87","22","35","0","12","0","12",
"1500000US040131053003","Block Group 3, Census Tract 1053, Maricopa County, Arizona","671","96","35","50","11","17","11","16","10","16","0","12","14","23","51","51","13","20","11","18","27","31","140","97","70","43","73","44","23","26","56","47","126","70",
"1500000US040131054001","Block Group 1, Census Tract 1054, Maricopa County, Arizona","456","78","0","12","0","12","0","12","12","19","0","12","11","17","10","16","0","12","11","17","0","12","44","30","48","34","37","29","18","19","79","42","186","73",
"1500000US040131054002","Block Group 2, Census Tract 1054, Maricopa County, Arizona","517","68","58","57","23","25","0","12","0","12","22","24","0","12","11","16","0","12","0","12","12","18","39","31","93","43","44","34","51","40","78","38","86","51",
"1500000US040131054003","Block Group 3, Census Tract 1054, Maricopa County, Arizona","485","95","9","13","0","12","0","12","10","17","76","65","49","62","9","15","13","20","49","33","64","48","45","37","50","62","10","16","36","29","42","29","23","22",
"1500000US040131055011","Block Group 1, Census Tract 1055.01, Maricopa County, Arizona","549","81","91","56","38","32","48","40","36","29","20","24","19","15","15","24","36","26","20","15","26","28","37","26","94","51","25","18","10","12","6","10","28","29",
"1500000US040131055012","Block Group 2, Census Tract 1055.01, Maricopa County, Arizona","475","84","37","23","26","31","59","40","86","41","43","36","0","12","46","28","20","18","13","14","33","32","66","39","21","27","6","10","0","12","0","12","19","29",
"1500000US040131055021","Block Group 1, Census Tract 1055.02, Maricopa County, Arizona","436","74","64","41","10","16","29","25","18","14","26","25","42","40","49","30","57","41","4","7","53","40","5","9","52","41","15","25","0","12","0","12","12","18",
"1500000US040131055022","Block Group 2, Census Tract 1055.02, Maricopa County, Arizona","456","73","103","48","35","29","42","28","37","34","21","26","12","12","62","41","34","20","33","32","24","17","16","26","17","27","0","12","19","20","1","4","0","12",
"1500000US040131055031","Block Group 1, Census Tract 1055.03, Maricopa County, Arizona","129","81","10","15","19","29","62","59","0","12","0","12","0","12","0","12","0","12","38","54","0","12","0","12","0","12","0","12","0","12","0","12","0","12",
"1500000US040131055032","Block Group 2, Census Tract 1055.03, Maricopa County, Arizona","869","142","82","46","114","81","21","24","88","62","39","28","48","39","47","32","49","47","65","60","51","41","90","66","83","57","41","48","22","24","11","17","18","30",
"1500000US040131055033","Block Group 3, Census Tract 1055.03, Maricopa County, Arizona","830","126","68","59","72","52","80","65","103","76","76","49","69","49","21","25","55","43","56","49","97","67","64","56","38","41","18","21","0","12","0","12","13","19",
"1500000US040131056011","Block Group 1, Census Tract 1056.01, Maricopa County, Arizona","623","100","12","16","35","34","49","59","19","22","45","42","142","74","48","38","33","32","33","29","31","28","11","15","84","62","33","28","0","12","22","24","26","28",
"1500000US040131056012","Block Group 2, Census Tract 1056.01, Maricopa County, Arizona","601","100","66","68","0","12","55","40","21","23","27","28","38","28","59","41","87","74","22","25","22","23","97","75","10","14","84","52","0","12","0","12","13","21",
"1500000US040131056021","Block Group 1, Census Tract 1056.02, Maricopa County, Arizona","611","157","189","125","17","28","14","22","43","43","20","44","0","12","18","30","0","12","15","24","47","51","74","127","101","106","17","27","40","47","0","12","16","24",
"1500000US040131056022","Block Group 2, Census Tract 1056.02, Maricopa County, Arizona","747","169","58","69","95","104","0","12","119","107","0","12","54","53","61","74","124","109","110","107","54","51","12","22","12","19","15","24","0","12","14","23","19","27",
"1500000US040131056023","Block Group 3, Census Tract 1056.02, Maricopa County, Arizona","895","205","168","135","29","54","140","156","111","109","75","91","32","36","99","82","35","48","15","23","18","31","55","61","81","92","37","52","0","12","0","12","0","12",
"1500000US040131057011","Block Group 1, Census Tract 1057.01, Maricopa County, Arizona","508","86","33","26","0","12","13","18","8","12","0","12","9","14","9","16","50","63","30","31","124","82","21","28","82","51","43","38","31","32","38","37","17","27",
"1500000US040131057012","Block Group 2, Census Tract 1057.01, Maricopa County, Arizona","678","112","52","61","42","42","21","24","46","59","18","21","41","42","15","23","156","87","6","11","63","47","133","94","26","30","18","28","0","12","0","12","41","37",
"1500000US040131057021","Block Group 1, Census Tract 1057.02, Maricopa County, Arizona","846","118","72","78","45","42","0","12","37","39","6","9","6","9","0","12","99","72","36","40","70","60","200","106","145","88","56","56","0","12","36","36","38","43",
"1500000US040131057022","Block Group 2, Census Tract 1057.02, Maricopa County, Arizona","594","115","25","33","33","34","51","44","32","36","44","37","46","43","36","34","14","18","7","14","124","85","67","40","16","18","35","28","56","50","8","13","0","12",
"1500000US040131058001","Block Group 1, Census Tract 1058, Maricopa County, Arizona","500","83","34","27","39","46","28","43","8","13","9","17","43","35","24","38","16","20","22","26","0","12","81","71","93","65","50","39","9","14","20","24","24","26",
"1500000US040131058002","Block Group 2, Census Tract 1058, Maricopa County, Arizona","549","102","8","12","96","72","0","12","40","43","30","30","15","14","66","55","8","13","18","34","35","34","93","46","68","40","9","14","16","25","13","19","34","42",
"1500000US040131058003","Block Group 3, Census Tract 1058, Maricopa County, Arizona","538","112","13","15","13","20","0","12","8","12","8","12","71","69","0","12","63","56","14","22","51","41","75","42","148","72","0","12","12","18","47","38","15","23",
"1500000US040131058004","Block Group 4, Census Tract 1058, Maricopa County, Arizona","493","89","17","19","39","34","10","17","53","46","19","15","21","37","0","12","55","70","17","19","29","28","54","34","84","51","62","39","13","19","0","12","20","23",
"1500000US040131059001","Block Group 1, Census Tract 1059, Maricopa County, Arizona","663","144","24","27","57","49","35","33","73","78","71","64","38","37","18","27","32","30","8","13","125","91","41","24","10","16","87","61","34","32","9","15","1","12",
"1500000US040131059002","Block Group 2, Census Tract 1059, Maricopa County, Arizona","701","157","212","115","0","12","22","34","25","29","8","15","10","15","0","12","97","80","46","49","57","67","32","32","109","55","36","35","23","33","24","24","0","12",
"1500000US040131059003","Block Group 3, Census Tract 1059, Maricopa County, Arizona","729","143","94","61","60","70","78","71","95","66","8","14","118","71","27","24","7","13","16","22","61","41","35","28","38","34","68","46","0","12","24","27","0","12",
"1500000US040131060011","Block Group 1, Census Tract 1060.01, Maricopa County, Arizona","591","48","123","58","13","14","61","45","44","26","0","12","31","20","52","42","45","35","21","19","84","44","83","48","8","9","21","19","0","12","0","12","5","8",
"1500000US040131060021","Block Group 1, Census Tract 1060.02, Maricopa County, Arizona","793","75","89","55","34","27","79","56","86","40","41","23","111","64","20","19","59","46","42","31","19","18","77","38","51","38","40","24","18","23","7","11","20","21",
"1500000US040131060022","Block Group 2, Census Tract 1060.02, Maricopa County, Arizona","381","63","38","30","0","12","27","20","26","23","52","31","28","24","36","30","29","22","6","9","30","36","23","19","27","22","54","52","0","12","5","7","0","12",
"1500000US040131060031","Block Group 1, Census Tract 1060.03, Maricopa County, Arizona","835","119","58","59","79","57","36","28","136","98","27","32","34","39","60","45","20","23","36","33","40","32","127","81","34","29","94","81","43","43","11","19","0","12",
"1500000US040131060032","Block Group 2, Census Tract 1060.03, Maricopa County, Arizona","540","113","0","12","5","8","94","56","32","39","86","67","19","19","18","20","55","48","42","39","75","63","50","33","18","25","5","10","10","18","27","34","4","9",
"1500000US040131061001","Block Group 1, Census Tract 1061, Maricopa County, Arizona","393","81","0","12","0","12","0","12","0","12","16","24","0","12","0","12","0","12","16","26","0","12","20","32","49","49","56","46","159","82","35","39","42","39",
"1500000US040131061002","Block Group 2, Census Tract 1061, Maricopa County, Arizona","412","89","0","12","0","12","0","12","38","44","0","12","0","12","0","12","0","12","27","22","0","12","83","53","45","51","66","76","21","33","65","58","67","41",
"1500000US040131061003","Block Group 3, Census Tract 1061, Maricopa County, Arizona","432","124","60","70","0","12","0","12","0","12","53","82","0","12","0","12","61","59","0","12","33","38","56","59","106","76","17","29","28","22","18","28","0","12",
"1500000US040131061004","Block Group 4, Census Tract 1061, Maricopa County, Arizona","471","115","0","12","61","98","20","33","0","12","33","37","56","90","0","12","0","12","0","12","21","25","40","41","24","27","43","46","102","83","53","44","18","28",
"1500000US040131061005","Block Group 5, Census Tract 1061, Maricopa County, Arizona","1004","192","189","139","73","54","104","70","77","82","148","130","92","114","54","86","37","40","15","25","62","80","55","47","16","25","30","36","0","12","0","12","52","52",
"1500000US040131062001","Block Group 1, Census Tract 1062, Maricopa County, Arizona","590","68","21","24","0","12","0","12","0","12","0","12","8","12","7","12","12","19","13","19","35","30","24","23","8","12","110","55","35","25","119","46","198","60",
"1500000US040131062002","Block Group 2, Census Tract 1062, Maricopa County, Arizona","599","78","0","12","8","13","0","12","0","12","8","12","9","13","8","14","0","12","0","12","15","17","55","47","38","31","8","13","69","39","90","42","291","69",
"1500000US040131063001","Block Group 1, Census Tract 1063, Maricopa County, Arizona","510","133","0","12","25","47","0","12","24","37","31","35","20","31","21","36","16","25","24","38","101","106","18","30","57","53","100","82","28","34","5","12","40","46",
"1500000US040131063002","Block Group 2, Census Tract 1063, Maricopa County, Arizona","690","138","60","77","0","12","15","25","80","73","14","23","30","34","34","40","0","12","33","38","65","74","39","43","109","68","127","74","21","35","16","25","47","41",
"1500000US040131063003","Block Group 3, Census Tract 1063, Maricopa County, Arizona","605","161","15","24","0","12","0","12","32","53","14","21","14","23","72","91","47","49","22","28","86","67","39","48","116","83","34","39","32","40","43","67","39","44",
"1500000US040131063004","Block Group 4, Census Tract 1063, Maricopa County, Arizona","581","141","54","48","15","23","0","12","15","25","0","12","0","12","0","12","18","29","23","34","14","22","85","80","134","111","22","38","42","50","50","67","109","73",
"1500000US040131064001","Block Group 1, Census Tract 1064, Maricopa County, Arizona","576","83","23","26","0","12","19","20","8","13","12","19","20","22","9","15","23","21","10","14","46","31","102","66","84","43","20","22","41","52","111","63","48","35",
"1500000US040131064002","Block Group 2, Census Tract 1064, Maricopa County, Arizona","837","105","39","33","0","12","55","50","19","22","30","49","62","55","40","52","48","41","41","34","55","49","140","94","83","66","56","31","41","41","54","40","74","47",
"1500000US040131065011","Block Group 1, Census Tract 1065.01, Maricopa County, Arizona","737","120","38","35","11","14","79","66","36","48","25","21","23","33","0","12","22","21","38","49","29","27","165","93","69","38","32","27","24","22","55","46","91","66",
"1500000US040131065012","Block Group 2, Census Tract 1065.01, Maricopa County, Arizona","746","99","85","56","70","54","8","12","44","38","32","34","18","21","68","57","0","12","0","12","50","58","93","68","82","44","77","46","16","20","22","36","81","65",
"1500000US040131065021","Block Group 1, Census Tract 1065.02, Maricopa County, Arizona","765","125","69","61","46","51","0","12","73","59","73","43","36","46","59","51","52","55","25","23","59","49","97","64","49","53","61","53","8","15","30","26","28","33",
"1500000US040131065022","Block Group 2, Census Tract 1065.02, Maricopa County, Arizona","557","109","33","40","8","11","8","13","15","16","22","20","17","14","43","31","15","17","50","53","44","41","36","25","113","65","38","29","37","30","18","21","60","49",
"1500000US040131065023","Block Group 3, Census Tract 1065.02, Maricopa County, Arizona","593","95","72","43","31","38","71","63","12","19","15","19","0","12","38","41","59","58","8","14","67","51","87","55","46","26","26","24","7","12","31","41","23","22",
"1500000US040131066001","Block Group 1, Census Tract 1066, Maricopa County, Arizona","910","110","9","15","78","74","37","33","23","27","11","14","19","20","9","14","13","20","74","66","50","61","61","43","103","81","114","72","86","50","21","21","202","71",
"1500000US040131066002","Block Group 2, Census Tract 1066, Maricopa County, Arizona","828","113","78","76","52","49","33","29","47","58","6","11","0","12","0","12","0","12","46","62","40","33","40","30","68","39","28","20","53","38","56","35","281","100",
"1500000US040131067011","Block Group 1, Census Tract 1067.01, Maricopa County, Arizona","642","124","126","64","98","72","68","41","97","70","0","12","84","58","18","20","0","12","63","43","28","33","34","41","26","40","0","12","0","12","0","12","0","12",
"1500000US040131067012","Block Group 2, Census Tract 1067.01, Maricopa County, Arizona","601","100","78","40","22","25","7","11","18","20","39","35","51","56","31","29","27","35","108","71","82","64","2","5","83","42","17","20","36","40","0","12","0","12",
"1500000US040131067013","Block Group 3, Census Tract 1067.01, Maricopa County, Arizona","552","120","35","38","49","50","54","56","0","12","33","40","23","33","60","52","49","60","30","50","17","19","34","42","42","39","38","19","32","36","56","47","0","12",
"1500000US040131067021","Block Group 1, Census Tract 1067.02, Maricopa County, Arizona","553","41","31","23","58","34","20","15","8","8","16","13","13","13","21","17","10","11","30","24","49","25","81","40","58","30","51","30","27","22","39","25","41","27",
"1500000US040131067031","Block Group 1, Census Tract 1067.03, Maricopa County, Arizona","464","48","17","15","38","28","17","14","37","24","10","10","10","10","7","9","23","17","14","16","54","31","43","25","93","40","33","20","20","18","17","13","31","25",
"1500000US040131067032","Block Group 2, Census Tract 1067.03, Maricopa County, Arizona","511","48","5","9","9","10","11","12","25","19","25","25","33","24","4","7","5","9","24","27","26","17","69","42","34","22","94","32","20","16","22","19","105","42",
"1500000US040131068011","Block Group 1, Census Tract 1068.01, Maricopa County, Arizona","655","129","88","70","51","49","133","78","99","78","36","44","20","32","70","80","14","22","41","48","34","35","55","47","12","18","0","12","0","12","0","12","2","10",
"1500000US040131068012","Block Group 2, Census Tract 1068.01, Maricopa County, Arizona","682","130","69","52","28","38","140","87","132","98","57","60","47","51","18","21","31","36","95","75","18","22","12","20","17","20","0","12","10","14","0","12","8","12",
"1500000US040131068013","Block Group 3, Census Tract 1068.01, Maricopa County, Arizona","472","110","96","75","59","48","47","35","33","31","39","46","45","37","24","26","34","40","12","18","32","40","30","49","0","12","9","15","0","12","0","12","12","19",
"1500000US040131068021","Block Group 1, Census Tract 1068.02, Maricopa County, Arizona","501","80","21","34","17","19","49","39","27","32","52","49","28","30","46","42","48","31","8","12","89","60","54","34","15","17","8","16","0","12","19","23","20","31",
"1500000US040131068022","Block Group 2, Census Tract 1068.02, Maricopa County, Arizona","398","75","0","12","23","37","16","17","10","17","30","35","0","12","29","28","17","20","25","30","46","38","57","33","58","40","52","38","8","13","8","13","19","25",
"1500000US040131068023","Block Group 3, Census Tract 1068.02, Maricopa County, Arizona","428","91","93","57","0","12","17","20","39","38","44","41","57","35","10","15","6","9","36","36","0","12","42","39","18","29","13","17","0","12","30","35","23","38",
"1500000US040131069001","Block Group 1, Census Tract 1069, Maricopa County, Arizona","520","161","0","12","0","12","0","12","167","134","16","26","0","12","20","33","74","72","0","12","40","38","75","102","85","85","22","35","0","12","0","12","21","43",
"1500000US040131069002","Block Group 2, Census Tract 1069, Maricopa County, Arizona","564","173","67","89","10","22","22","36","24","42","16","27","57","93","0","12","39","45","49","68","35","43","23","34","158","136","39","48","25","36","0","12","0","12",
"1500000US040131069003","Block Group 3, Census Tract 1069, Maricopa County, Arizona","341","129","0","12","12","24","0","12","24","35","15","26","41","48","6","17","27","40","0","12","52","41","73","90","72","53","19","32","0","12","0","12","0","12",
"1500000US040131069004","Block Group 4, Census Tract 1069, Maricopa County, Arizona","745","170","79","92","65","78","0","12","0","12","0","12","0","12","17","26","49","67","90","100","67","76","88","86","207","119","35","43","48","67","0","12","0","12",
"1500000US040131070001","Block Group 1, Census Tract 1070, Maricopa County, Arizona","744","182","50","58","158","118","14","23","20","32","116","125","36","43","41","47","0","12","67","102","18","30","144","99","19","32","38","40","0","12","23","36","0","12",
"1500000US040131070002","Block Group 2, Census Tract 1070, Maricopa County, Arizona","680","189","106","118","0","12","20","32","54","65","0","12","65","102","24","41","20","33","29","45","174","144","0","12","21","34","148","142","0","12","19","32","0","12",
"1500000US040131070003","Block Group 3, Census Tract 1070, Maricopa County, Arizona","524","170","0","12","85","104","26","42","0","12","18","30","29","47","35","42","39","45","13","23","20","32","84","103","80","65","39","49","56","84","0","12","0","12",
"1500000US040131070004","Block Group 4, Census Tract 1070, Maricopa County, Arizona","691","196","61","72","26","44","0","12","128","186","47","50","58","69","125","194","4","15","19","30","0","12","40","64","30","37","138","105","15","27","0","12","0","12",
"1500000US040131071011","Block Group 1, Census Tract 1071.01, Maricopa County, Arizona","383","104","10","17","49","56","9","14","0","12","8","12","7","11","60","49","55","59","11","17","8","13","94","67","30","26","12","15","0","12","25","24","5","8",
"1500000US040131071012","Block Group 2, Census Tract 1071.01, Maricopa County, Arizona","801","131","13","20","95","67","20","23","107","96","64","65","53","54","0","12","68","75","52","59","27","22","67","50","113","84","67","55","46","44","9","13","0","12",
"1500000US040131071021","Block Group 1, Census Tract 1071.02, Maricopa County, Arizona","433","109","67","60","30","46","23","24","12","19","66","59","32","52","0","12","27","29","45","51","81","56","33","31","17","22","0","12","0","12","0","12","0","12",
"1500000US040131071022","Block Group 2, Census Tract 1071.02, Maricopa County, Arizona","667","134","96","77","68","61","23","34","33","53","64","50","48","52","73","72","11","16","10","15","62","56","98","77","48","38","0","12","23","36","0","12","10","16",
"1500000US040131071023","Block Group 3, Census Tract 1071.02, Maricopa County, Arizona","630","124","41","34","47","44","77","61","37","34","49","50","58","65","34","33","79","64","12","19","54","52","37","43","52","44","33","28","0","12","0","12","20","32",
"1500000US040131072011","Block Group 1, Census Tract 1072.01, Maricopa County, Arizona","63","46","0","12","9","13","5","10","0","12","24","30","7","11","0","12","0","12","0","12","18","29","0","12","0","12","0","12","0","12","0","12","0","12",
"1500000US040131072012","Block Group 2, Census Tract 1072.01, Maricopa County, Arizona","296","83","66","62","33","31","0","12","41","37","9","13","0","12","27","32","8","16","39","43","32","41","10","21","20","35","11","17","0","12","0","12","0","12",
"1500000US040131072021","Block Group 1, Census Tract 1072.02, Maricopa County, Arizona","758","108","66","53","0","12","57","61","80","66","37","31","21","25","17","24","79","71","69","54","102","79","86","54","42","41","27","27","8","16","40","52","27","41",
"1500000US040131072022","Block Group 2, Census Tract 1072.02, Maricopa County, Arizona","634","114","37","45","83","74","79","73","46","37","73","59","21","34","58","60","36","29","52","56","23","29","40","31","67","48","9","16","10","20","0","12","0","12",
"1500000US040131073001","Block Group 1, Census Tract 1073, Maricopa County, Arizona","616","133","9","16","52","59","25","41","27","34","22","39","30","35","0","12","20","32","60","53","124","82","53","61","100","64","55","52","12","20","12","20","15","26",
"1500000US040131073002","Block Group 2, Census Tract 1073, Maricopa County, Arizona","427","136","55","63","50","61","34","56","30","36","14","24","0","12","28","35","0","12","31","27","37","43","92","72","41","60","15","27","0","12","0","12","0","12",
"1500000US040131073003","Block Group 3, Census Tract 1073, Maricopa County, Arizona","328","158","0","12","31","35","30","38","53","87","0","12","37","44","30","33","64","101","51","83","17","26","15","24","0","12","0","12","0","12","0","12","0","12",
"1500000US040131073004","Block Group 4, Census Tract 1073, Maricopa County, Arizona","724","217","37","49","70","86","18","30","218","157","152","124","43","52","14","24","13","20","0","12","52","82","50","68","57","82","0","12","0","12","0","12","0","12",
"1500000US040131074001","Block Group 1, Census Tract 1074, Maricopa County, Arizona","532","133","44","41","0","12","0","12","23","37","13","25","19","30","0","12","0","12","0","12","0","12","54","57","77","64","37","58","30","35","147","104","88","64",
"1500000US040131074002","Block Group 2, Census Tract 1074, Maricopa County, Arizona","287","79","31","34","0","12","0","12","0","12","18","29","35","40","0","12","0","12","11","18","27","30","15","23","4","12","48","45","28","33","70","50","0","12",
"1500000US040131074003","Block Group 3, Census Tract 1074, Maricopa County, Arizona","455","142","130","73","63","71","79","78","32","52","28","48","0","12","21","32","59","69","0","12","0","12","0","12","23","30","20","35","0","12","0","12","0","12",
"1500000US040131074004","Block Group 4, Census Tract 1074, Maricopa County, Arizona","575","143","76","71","0","12","33","50","14","24","35","55","57","57","76","79","24","37","93","88","91","86","0","12","76","72","0","12","0","12","0","12","0","12",
"1500000US040131074005","Block Group 5, Census Tract 1074, Maricopa County, Arizona","456","127","0","12","0","12","89","70","0","12","0","12","29","34","32","36","79","66","94","90","47","74","22","36","32","36","0","12","0","12","32","28","0","12",
"1500000US040131074006","Block Group 6, Census Tract 1074, Maricopa County, Arizona","798","202","138","97","132","114","78","99","92","101","49","59","43","43","97","95","43","70","0","12","37","41","23","37","49","46","17","27","0","12","0","12","0","12",
"1500000US040131075001","Block Group 1, Census Tract 1075, Maricopa County, Arizona","399","81","7","12","15","17","39","49","0","12","0","12","0","12","0","12","8","12","0","12","0","12","15","17","51","35","28","21","9","13","111","58","116","65",
"1500000US040131075002","Block Group 2, Census Tract 1075, Maricopa County, Arizona","643","98","7","11","13","16","7","10","0","12","25","39","0","12","17","18","73","79","17","19","0","12","25","23","20","22","92","62","19","21","138","63","190","65",
"1500000US040131075003","Block Group 3, Census Tract 1075, Maricopa County, Arizona","628","106","16","17","0","12","16","26","9","14","40","46","8","12","22","22","62","47","43","36","55","45","47","35","83","58","105","58","17","19","52","31","53","39",
"1500000US040131076011","Block Group 1, Census Tract 1076.01, Maricopa County, Arizona","487","89","15","17","20","32","52","29","50","44","36","36","0","12","47","43","41","39","23","25","30","23","33","41","29","32","79","53","6","9","15","17","11","15",
"1500000US040131076012","Block Group 2, Census Tract 1076.01, Maricopa County, Arizona","716","126","19","23","100","80","52","44","42","52","44","41","25","23","37","45","0","12","58","53","66","66","48","61","27","25","91","84","27","26","41","34","39","49",
"1500000US040131076013","Block Group 3, Census Tract 1076.01, Maricopa County, Arizona","747","113","68","47","44","46","60","43","25","28","25","23","15","17","11","18","30","26","38","29","71","43","42","42","156","85","69","42","20","19","59","57","14","16",
"1500000US040131076021","Block Group 1, Census Tract 1076.02, Maricopa County, Arizona","598","73","0","12","9","14","0","12","21","23","0","12","31","27","8","13","0","12","10","14","51","32","56","48","58","40","108","68","53","38","95","46","98","40",
"1500000US040131076022","Block Group 2, Census Tract 1076.02, Maricopa County, Arizona","758","91","67","49","9","13","73","64","25","28","111","70","18","19","59","56","31","44","9","13","100","56","64","44","71","41","50","46","35","33","6","10","30","26",
"1500000US040131077001","Block Group 1, Census Tract 1077, Maricopa County, Arizona","449","120","0","12","0","12","7","15","0","12","10","17","0","12","0","12","0","12","0","12","127","80","0","12","48","40","12","16","16","27","42","37","187","120",
"1500000US040131077002","Block Group 2, Census Tract 1077, Maricopa County, Arizona","297","92","0","12","0","12","11","18","27","31","31","37","0","12","20","26","8","15","19","29","30","38","27","32","25","32","99","75","0","12","0","12","0","12",
"1500000US040131077003","Block Group 3, Census Tract 1077, Maricopa County, Arizona","565","138","24","41","23","39","14","23","22","36","0","12","38","46","0","12","19","22","75","67","8","13","114","127","63","60","40","34","98","89","14","25","13","21",
"1500000US040131077004","Block Group 4, Census Tract 1077, Maricopa County, Arizona","337","102","0","12","0","12","0","12","38","49","0","12","21","33","17","28","6","9","0","12","22","36","12","20","92","92","28","32","39","40","21","33","41","39",
"1500000US040131077005","Block Group 5, Census Tract 1077, Maricopa County, Arizona","530","152","0","12","28","36","30","35","56","65","24","39","0","12","46","60","28","33","8","14","35","41","153","135","61","56","0","12","49","64","0","12","12","19",
"1500000US040131078001","Block Group 1, Census Tract 1078, Maricopa County, Arizona","436","83","0","12","0","12","9","14","8","13","7","12","0","12","0","12","15","18","0","12","0","12","10","18","53","48","40","30","60","54","63","43","171","60",
"1500000US040131078002","Block Group 2, Census Tract 1078, Maricopa County, Arizona","985","120","64","42","33","42","0","12","16","18","60","58","24","24","18","20","0","12","14","16","117","84","114","56","162","93","81","53","37","25","55","35","190","58",
"1500000US040131079001","Block Group 1, Census Tract 1079, Maricopa County, Arizona","296","76","31","50","8","13","0","12","0","12","11","16","9","15","0","12","17","19","0","12","37","42","0","12","0","12","34","41","12","21","7","12","130","52",
"1500000US040131079002","Block Group 2, Census Tract 1079, Maricopa County, Arizona","675","98","0","12","12","17","0","12","18","21","25","29","10","16","11","16","11","16","18","20","22","24","30","27","0","12","35","30","61","37","145","90","277","83",
"1500000US040131079003","Block Group 3, Census Tract 1079, Maricopa County, Arizona","740","143","110","90","10","16","31","45","0","12","19","22","62","60","85","68","31","29","24","28","78","66","83","72","91","76","35","54","10","16","19","21","52","32",
"1500000US040131080001","Block Group 1, Census Tract 1080, Maricopa County, Arizona","389","76","0","12","0","12","0","12","11","20","31","44","8","11","0","12","0","12","10","15","0","12","4","11","5","9","28","33","51","55","48","31","193","68",
"1500000US040131080002","Block Group 2, Census Tract 1080, Maricopa County, Arizona","549","90","57","50","0","12","0","12","0","12","9","14","0","12","0","12","0","12","9","13","0","12","29","27","8","13","51","39","46","36","74","42","266","77",
"1500000US040131081001","Block Group 1, Census Tract 1081, Maricopa County, Arizona","989","67","15","19","6","9","14","16","96","71","43","38","55","42","12","14","52","40","28","22","69","65","43","33","49","32","114","66","82","43","65","45","246","79",
"1500000US040131082001","Block Group 1, Census Tract 1082, Maricopa County, Arizona","455","91","42","55","0","12","34","32","10","16","45","37","11","16","32","45","0","12","8","13","45","51","30","27","37","28","88","60","12","17","12","18","49","34",
"1500000US040131082002","Block Group 2, Census Tract 1082, Maricopa County, Arizona","456","99","17","21","13","15","10","15","12","19","45","48","16","19","8","13","58","53","63","63","13","19","12","19","12","14","26","25","52","38","36","31","63","32",
"1500000US040131082003","Block Group 3, Census Tract 1082, Maricopa County, Arizona","642","101","14","15","0","12","8","12","8","13","31","23","20","19","67","61","9","14","28","27","59","51","23","21","75","54","61","52","37","31","54","36","148","69",
"1500000US040131083011","Block Group 1, Census Tract 1083.01, Maricopa County, Arizona","505","85","19","22","10","15","11","18","0","12","0","12","0","12","30","45","9","14","44","35","10","15","9","15","28","27","32","31","13","18","89","61","201","84",
"1500000US040131083012","Block Group 2, Census Tract 1083.01, Maricopa County, Arizona","530","80","48","48","9","13","9","14","0","12","9","14","0","12","30","41","18","19","0","12","51","43","36","46","75","40","36","32","36","28","42","29","131","55",
"1500000US040131083013","Block Group 3, Census Tract 1083.01, Maricopa County, Arizona","651","119","26","26","25","20","0","12","17","20","106","74","16","19","15","16","11","17","28","27","72","63","41","27","50","35","28","26","53","45","38","35","125","58",
"1500000US040131083021","Block Group 1, Census Tract 1083.02, Maricopa County, Arizona","634","108","30","47","0","12","42","50","34","30","10","15","43","42","24","28","12","16","19","20","58","54","50","43","69","31","46","35","74","46","72","46","51","37",
"1500000US040131083022","Block Group 2, Census Tract 1083.02, Maricopa County, Arizona","1022","125","51","36","28","25","22","23","60","39","58","54","112","78","70","62","47","49","63","43","57","55","125","87","105","75","30","27","42","32","85","56","67","61",
"1500000US040131084001","Block Group 1, Census Tract 1084, Maricopa County, Arizona","476","168","0","12","33","40","130","107","119","99","76","95","0","12","41","48","0","12","38","60","0","12","0","12","20","32","19","30","0","12","0","12","0","12",
"1500000US040131084002","Block Group 2, Census Tract 1084, Maricopa County, Arizona","430","112","0","12","0","12","56","85","0","12","17","27","32","29","16","27","12","22","0","12","39","43","40","40","100","56","18","28","0","12","43","45","57","48",
"1500000US040131084003","Block Group 3, Census Tract 1084, Maricopa County, Arizona","704","211","138","124","91","117","18","29","0","12","32","35","0","12","173","158","0","12","15","25","14","23","80","79","28","34","17","30","88","97","10","18","0","12",
"1500000US040131084004","Block Group 4, Census Tract 1084, Maricopa County, Arizona","970","181","66","66","0","12","0","12","16","27","10","17","0","12","17","26","77","94","0","12","49","45","91","61","112","69","37","42","50","50","222","93","223","121",
"1500000US040131084005","Block Group 5, Census Tract 1084, Maricopa County, Arizona","408","132","0","12","36","42","0","12","74","59","22","34","11","17","0","12","14","22","0","12","58","52","21","33","71","56","21","33","0","12","13","21","67","79",
"1500000US040131085011","Block Group 1, Census Tract 1085.01, Maricopa County, Arizona","588","106","11","17","10","15","82","56","63","62","9","14","15","23","13","22","58","37","16","21","75","67","8","15","102","54","45","29","49","35","32","28","0","12",
"1500000US040131085012","Block Group 2, Census Tract 1085.01, Maricopa County, Arizona","472","101","19","22","22","27","0","12","42","52","25","39","3","10","17","14","24","26","6","9","8","12","106","65","58","36","53","47","39","29","14","17","36","30",
"1500000US040131085021","Block Group 1, Census Tract 1085.02, Maricopa County, Arizona","453","171","0","12","0","12","0","12","50","80","82","107","17","27","31","44","0","12","104","81","0","12","0","12","37","37","42","47","79","71","11","23","0","12",
"1500000US040131085022","Block Group 2, Census Tract 1085.02, Maricopa County, Arizona","500","168","0","12","0","12","12","21","24","38","16","25","62","95","14","22","117","92","0","12","17","30","0","12","104","98","99","112","0","12","17","29","18","27",
"1500000US040131085023","Block Group 3, Census Tract 1085.02, Maricopa County, Arizona","670","171","40","59","44","72","0","12","70","79","0","12","0","12","86","68","35","46","14","24","57","56","60","72","83","77","67","72","53","85","16","26","45","57",
"1500000US040131085024","Block Group 4, Census Tract 1085.02, Maricopa County, Arizona","373","138","16","25","0","12","0","12","0","12","0","12","0","12","60","79","79","95","0","12","0","12","66","59","26","32","0","12","15","25","47","36","64","49",
"1500000US040131086011","Block Group 1, Census Tract 1086.01, Maricopa County, Arizona","800","124","155","84","41","40","86","58","120","61","21","24","38","39","38","42","21","30","35","31","97","63","45","30","63","54","8","13","13","20","0","12","19","20",
"1500000US040131086012","Block Group 2, Census Tract 1086.01, Maricopa County, Arizona","482","90","12","17","20","23","32","27","58","48","54","53","65","58","22","23","11","16","0","12","44","34","81","52","83","43","0","12","0","12","0","12","0","12",
"1500000US040131086021","Block Group 1, Census Tract 1086.02, Maricopa County, Arizona","742","186","54","78","30","35","67","89","32","51","64","80","65","69","16","27","24","28","50","59","33","54","47","42","119","113","123","65","0","12","18","34","0","12",
"1500000US040131086022","Block Group 2, Census Tract 1086.02, Maricopa County, Arizona","944","190","134","104","55","62","0","12","96","92","0","12","39","60","39","63","102","79","31","51","128","98","64","78","156","110","16","25","84","63","0","12","0","12",
"1500000US040131086023","Block Group 3, Census Tract 1086.02, Maricopa County, Arizona","489","133","48","75","0","12","28","41","51","49","24","39","15","26","20","32","0","12","38","63","38","45","31","36","28","46","62","52","62","72","36","58","8","16",
"1500000US040131086024","Block Group 4, Census Tract 1086.02, Maricopa County, Arizona","621","138","55","63","69","71","39","45","29","46","50","46","43","42","39","57","0","12","0","12","96","74","52","45","51","52","51","69","0","12","15","24","32","47",
"1500000US040131088021","Block Group 1, Census Tract 1088.02, Maricopa County, Arizona","884","88","61","48","26","21","51","45","43","35","47","36","70","41","25","28","49","34","49","31","75","43","133","65","44","35","39","29","136","52","8","13","28","24",
"1500000US040131088022","Block Group 2, Census Tract 1088.02, Maricopa County, Arizona","182","52","13","16","21","25","0","12","0","12","0","12","4","6","7","12","23","31","0","12","14","15","19","22","9","15","6","9","24","27","25","26","17","19",
"1500000US040131089011","Block Group 1, Census Tract 1089.01, Maricopa County, Arizona","300","82","73","64","12","19","0","12","13","15","0","12","8","12","0","12","34","38","45","51","14","16","25","24","32","39","26","35","3","8","4","7","11","17",
"1500000US040131089012","Block Group 2, Census Tract 1089.01, Maricopa County, Arizona","426","100","0","12","57","48","24","27","25","29","74","69","6","10","6","11","22","33","59","56","61","59","24","27","45","33","13","24","3","6","4","7","3","7",
"1500000US040131089013","Block Group 3, Census Tract 1089.01, Maricopa County, Arizona","378","81","0","12","7","11","38","42","45","45","0","12","35","32","21","36","8","11","0","12","36","23","28","27","37","33","19","24","15","17","21","23","68","42",
"1500000US040131089021","Block Group 1, Census Tract 1089.02, Maricopa County, Arizona","556","134","46","49","96","62","49","50","10","14","41","40","59","64","31","29","14","18","39","32","77","53","47","37","14","15","9","15","10","15","0","12","14","20",
"1500000US040131089022","Block Group 2, Census Tract 1089.02, Maricopa County, Arizona","773","142","67","54","10","18","66","74","103","95","60","54","90","56","24","25","61","51","31","26","46","36","93","61","49","36","66","45","0","12","7","11","0","12",
"1500000US040131089023","Block Group 3, Census Tract 1089.02, Maricopa County, Arizona","513","118","81","61","53","57","18","25","69","72","32","51","33","52","16","18","8","12","0","12","31","28","60","50","18","22","71","57","16","13","7","12","0","12",
"1500000US040131089024","Block Group 4, Census Tract 1089.02, Maricopa County, Arizona","331","64","66","56","8","12","0","12","13","20","0","12","18","21","6","10","5","12","0","12","67","51","9","14","38","27","32","25","19","20","38","36","12","13",
"1500000US040131090011","Block Group 1, Census Tract 1090.01, Maricopa County, Arizona","598","127","87","61","58","39","35","41","32","30","99","61","73","54","39","36","39","39","23","36","40","44","33","37","40","38","0","12","0","12","0","12","0","12",
"1500000US040131090012","Block Group 2, Census Tract 1090.01, Maricopa County, Arizona","951","151","115","73","72","52","152","83","99","68","68","60","87","67","10","16","23","36","54","51","89","71","81","65","53","49","24","38","24","37","0","12","0","12",
"1500000US040131090021","Block Group 1, Census Tract 1090.02, Maricopa County, Arizona","503","102","80","60","44","49","6","9","70","55","79","58","0","12","45","48","0","12","18","20","39","44","42","32","52","38","9","13","19","21","0","12","0","12",
"1500000US040131090022","Block Group 2, Census Tract 1090.02, Maricopa County, Arizona","751","139","89","57","85","71","47","45","102","66","97","67","85","65","33","39","19","20","13","19","42","47","65","54","40","43","23","28","11","23","0","12","0","12",
"1500000US040131090023","Block Group 3, Census Tract 1090.02, Maricopa County, Arizona","299","84","9","14","8","12","10","15","24","36","38","36","9","13","8","13","0","12","10","14","18","15","66","52","39","29","51","47","0","12","9","15","0","12",
"1500000US040131090031","Block Group 1, Census Tract 1090.03, Maricopa County, Arizona","647","108","92","56","86","57","61","44","55","43","17","23","28","44","41","37","15","25","54","51","53","48","46","52","39","29","46","45","14","23","0","12","0","12",
"1500000US040131090032","Block Group 2, Census Tract 1090.03, Maricopa County, Arizona","750","114","236","92","55","54","46","39","127","78","47","37","0","12","38","33","51","46","16","26","37","33","53","59","40","34","4","7","0","12","0","12","0","12",
"1500000US040131090033","Block Group 3, Census Tract 1090.03, Maricopa County, Arizona","293","86","14","15","10","17","18","29","55","48","45","50","16","25","0","12","44","36","14","25","0","12","51","36","0","12","0","12","0","12","26","39","0","12",
"1500000US040131090034","Block Group 4, Census Tract 1090.03, Maricopa County, Arizona","308","81","47","37","17","27","40","43","2","15","0","12","53","50","44","41","49","50","30","33","21","26","0","12","0","12","5","13","0","12","0","12","0","12",
"1500000US040131091011","Block Group 1, Census Tract 1091.01, Maricopa County, Arizona","445","73","23","19","0","12","35","28","46","31","12","14","30","29","29","35","28","28","7","11","57","38","42","29","46","40","45","37","7","10","38","32","0","12",
"1500000US040131091012","Block Group 2, Census Tract 1091.01, Maricopa County, Arizona","433","76","37","36","0","12","25","31","22","24","46","39","35","31","28","25","24","28","24","29","25","25","77","52","70","41","8","11","12","21","0","12","0","12",
"1500000US040131091021","Block Group 1, Census Tract 1091.02, Maricopa County, Arizona","598","120","90","66","8","13","72","73","43","54","0","12","98","75","16","27","78","73","40","47","42","49","17","24","52","47","26","36","16","30","0","12","0","12",
"1500000US040131091022","Block Group 2, Census Tract 1091.02, Maricopa County, Arizona","576","122","59","63","15","19","10","15","35","47","0","12","35","34","67","65","13","17","4","15","77","59","106","81","94","69","11","19","25","27","25","38","0","12",
"1500000US040131091023","Block Group 3, Census Tract 1091.02, Maricopa County, Arizona","486","128","108","100","0","12","4","8","20","32","50","65","6","10","15","25","29","32","0","12","92","72","58","62","25","26","50","66","29","32","0","12","0","12",
"1500000US040131092001","Block Group 1, Census Tract 1092, Maricopa County, Arizona","379","112","70","58","39","45","0","12","32","36","12","21","12","21","70","58","18","28","13","21","0","12","0","12","69","51","4","8","40","52","0","12","0","12",
"1500000US040131092002","Block Group 2, Census Tract 1092, Maricopa County, Arizona","666","123","67","59","65","42","63","49","176","93","9","14","0","12","0","12","94","73","0","12","123","91","37","36","12","20","10","15","10","17","0","12","0","12",
"1500000US040131092003","Block Group 3, Census Tract 1092, Maricopa County, Arizona","409","105","163","87","89","76","0","12","0","12","4","9","41","50","28","38","19","30","19","30","10","15","14","22","0","12","22","31","0","12","0","12","0","12",
"1500000US040131093001","Block Group 1, Census Tract 1093, Maricopa County, Arizona","352","101","50","50","4","8","33","45","4","9","5","9","14","18","0","12","22","23","11","17","21","25","59","77","78","58","0","12","44","46","0","12","7","14",
"1500000US040131093002","Block Group 2, Census Tract 1093, Maricopa County, Arizona","481","119","10","18","0","12","0","12","42","59","9","15","36","47","51","70","0","12","45","53","86","65","42","44","145","62","0","12","15","23","0","12","0","12",
"1500000US040131093003","Block Group 3, Census Tract 1093, Maricopa County, Arizona","267","80","0","12","12","19","0","12","35","46","0","12","0","12","50","59","0","12","0","12","61","42","44","57","50","38","15","26","0","12","0","12","0","12",
"1500000US040131094001","Block Group 1, Census Tract 1094, Maricopa County, Arizona","298","110","0","12","11","21","0","12","0","12","47","52","0","12","0","12","63","68","51","43","35","39","6","17","45","64","25","45","0","12","15","36","0","12",
"1500000US040131094002","Block Group 2, Census Tract 1094, Maricopa County, Arizona","445","133","0","12","108","106","49","42","60","75","41","65","0","12","28","45","13","22","0","12","14","24","56","66","39","60","37","60","0","12","0","12","0","12",
"1500000US040131094003","Block Group 3, Census Tract 1094, Maricopa County, Arizona","820","167","128","90","109","77","90","75","83","63","47","55","37","62","53","71","13","21","87","83","20","32","118","128","14","27","21","37","0","12","0","12","0","12",
"1500000US040131094004","Block Group 4, Census Tract 1094, Maricopa County, Arizona","493","162","0","12","24","39","40","64","89","75","52","66","0","12","121","105","15","25","59","71","0","12","12","22","0","12","50","69","31","50","0","12","0","12",
"1500000US040131094005","Block Group 5, Census Tract 1094, Maricopa County, Arizona","409","125","54","71","30","50","0","12","0","12","0","12","44","70","33","50","0","12","51","51","13","22","15","27","64","74","38","56","67","97","0","12","0","12",
"1500000US040131095001","Block Group 1, Census Tract 1095, Maricopa County, Arizona","625","105","0","12","8","12","47","54","14","21","29","34","25","28","47","50","63","64","36","35","44","49","52","40","89","65","39","40","83","77","6","11","43","61",
"1500000US040131095002","Block Group 2, Census Tract 1095, Maricopa County, Arizona","349","92","32","43","0","12","42","52","11","18","9","13","0","12","28","43","51","60","0","12","16","23","18","27","58","47","28","29","7","13","8","14","41","34",
"1500000US040131095003","Block Group 3, Census Tract 1095, Maricopa County, Arizona","520","99","19","22","9","14","9","15","43","36","23","25","21","22","14","16","55","59","23","28","111","74","28","28","74","50","16","19","26","41","49","42","0","12",
"1500000US040131096011","Block Group 1, Census Tract 1096.01, Maricopa County, Arizona","595","123","32","33","0","12","0","12","82","65","20","24","0","12","47","55","59","65","47","51","87","86","105","68","71","56","21","33","0","12","8","14","16","25",
"1500000US040131096012","Block Group 2, Census Tract 1096.01, Maricopa County, Arizona","327","108","26","30","18","19","26","40","37","51","2","10","0","12","19","22","24","33","40","49","48","51","6","12","66","59","15","23","0","12","0","12","0","12",
"1500000US040131096013","Block Group 3, Census Tract 1096.01, Maricopa County, Arizona","473","109","26","31","5","10","28","31","48","47","38","58","27","32","16","17","48","59","39","39","39","43","34","30","39","42","58","65","15","22","13","22","0","12",
"1500000US040131096021","Block Group 1, Census Tract 1096.02, Maricopa County, Arizona","355","90","11","17","10","17","7","12","43","45","64","55","26","21","0","12","0","12","9","13","44","41","37","44","62","46","42","45","0","12","0","12","0","12",
"1500000US040131096022","Block Group 2, Census Tract 1096.02, Maricopa County, Arizona","884","132","80","63","64","50","85","61","76","58","130","85","57","52","89","61","39","44","108","87","8","14","63","62","29","26","26","41","0","12","30","38","0","12",
"1500000US040131096023","Block Group 3, Census Tract 1096.02, Maricopa County, Arizona","489","101","9","14","45","46","7","11","7","12","29","44","44","41","77","62","26","31","36","45","103","76","32","46","33","29","0","12","19","28","22","33","0","12",
"1500000US040131096031","Block Group 1, Census Tract 1096.03, Maricopa County, Arizona","303","81","8","13","17","26","11","23","9","16","35","47","20","22","8","12","0","12","28","29","20","21","72","68","15","24","45","38","15","23","0","12","0","12",
"1500000US040131096032","Block Group 2, Census Tract 1096.03, Maricopa County, Arizona","254","91","6","11","9","14","24","36","40","46","21","29","0","12","71","63","0","12","0","12","16","21","59","36","8","14","0","12","0","12","0","12","0","12",
"1500000US040131096033","Block Group 3, Census Tract 1096.03, Maricopa County, Arizona","413","87","0","12","0","12","7","11","18","32","0","12","79","69","66","59","13","23","29","45","69","48","8","13","82","61","11","17","0","12","31","45","0","12",
"1500000US040131096034","Block Group 4, Census Tract 1096.03, Maricopa County, Arizona","372","96","8","12","0","12","31","35","0","12","0","12","30","46","45","40","0","12","33","44","59","55","71","76","34","30","26","28","21","27","0","12","14","25",
"1500000US040131096041","Block Group 1, Census Tract 1096.04, Maricopa County, Arizona","362","83","44","47","15","24","24","22","5","9","74","54","6","10","66","53","52","38","15","16","27","29","12","14","5","8","17","25","0","12","0","12","0","12",
"1500000US040131096042","Block Group 2, Census Tract 1096.04, Maricopa County, Arizona","650","105","36","29","26","32","26","27","84","57","25","25","50","43","41","38","7","11","28","30","67","39","97","63","44","32","33","27","28","29","34","29","24","32",
"1500000US040131097011","Block Group 1, Census Tract 1097.01, Maricopa County, Arizona","350","119","0","12","30","48","38","61","18","28","37","60","21","33","45","44","19","31","23","37","106","98","0","12","13","21","0","12","0","12","0","12","0","12",
"1500000US040131097012","Block Group 2, Census Tract 1097.01, Maricopa County, Arizona","694","172","74","80","54","65","103","89","117","79","37","58","53","63","0","12","24","38","0","12","101","79","59","73","14","31","26","32","32","52","0","12","0","12",
"1500000US040131097013","Block Group 3, Census Tract 1097.01, Maricopa County, Arizona","896","178","39","43","124","108","74","75","103","81","29","47","123","84","73","56","0","12","51","82","171","106","109","107","0","12","0","12","0","12","0","12","0","12",
"1500000US040131097014","Block Group 4, Census Tract 1097.01, Maricopa County, Arizona","790","174","83","95","72","83","93","96","61","74","65","74","55","63","131","103","50","59","0","12","36","39","104","101","19","30","0","12","0","12","0","12","21","33",
"1500000US040131097021","Block Group 1, Census Tract 1097.02, Maricopa County, Arizona","445","91","4","10","8","15","3","6","12","20","0","12","68","52","50","52","66","51","0","12","25","25","58","44","87","83","25","28","39","57","0","12","0","12",
"1500000US040131097022","Block Group 2, Census Tract 1097.02, Maricopa County, Arizona","582","106","0","12","49","59","79","69","17","20","4","6","97","62","20","25","25","29","67","60","85","59","0","12","45","46","21","26","44","58","29","34","0","12",
"1500000US040131097023","Block Group 3, Census Tract 1097.02, Maricopa County, Arizona","315","76","31","36","0","12","0","12","0","12","63","63","9","20","22","34","45","62","34","40","16","26","36","42","59","60","0","12","0","12","0","12","0","12",
"1500000US040131097031","Block Group 1, Census Tract 1097.03, Maricopa County, Arizona","384","80","29","24","7","10","41","35","12","12","50","48","0","12","15","15","10","15","32","29","38","36","66","45","43","26","4","9","20","24","7","10","10","14",
"1500000US040131097032","Block Group 2, Census Tract 1097.03, Maricopa County, Arizona","516","81","29","30","22","16","19","17","62","48","38","33","64","51","41","37","31","24","77","57","39","34","23","21","51","35","9","14","8","12","0","12","3","6",
"1500000US040131097041","Block Group 1, Census Tract 1097.04, Maricopa County, Arizona","310","60","12","14","0","12","21","25","8","11","14","23","34","29","23","20","25","28","15","14","94","48","29","25","35","25","0","12","0","12","0","12","0","12",
"1500000US040131097042","Block Group 2, Census Tract 1097.04, Maricopa County, Arizona","247","60","14","16","12","16","0","12","8","12","24","24","34","33","31","31","6","9","33","31","32","35","20","17","33","26","0","12","0","12","0","12","0","12",
"1500000US040131097051","Block Group 1, Census Tract 1097.05, Maricopa County, Arizona","218","42","13","20","6","9","7","9","6","9","7","11","26","27","10","13","10","15","8","12","32","21","1","5","41","31","38","35","7","10","0","12","6","11",
"1500000US040131097052","Block Group 2, Census Tract 1097.05, Maricopa County, Arizona","313","44","0","12","25","27","15","22","0","12","0","12","17","24","20","23","19","24","36","26","60","43","37","28","49","35","23","19","0","12","5","9","7","10",
"1500000US040131098011","Block Group 1, Census Tract 1098.01, Maricopa County, Arizona","683","58","16","19","25","23","27","25","101","52","47","32","64","41","45","39","31","26","15","23","61","46","67","36","127","55","43","35","14","16","0","12","0","12",
"1500000US040131098012","Block Group 2, Census Tract 1098.01, Maricopa County, Arizona","503","59","29","27","70","38","0","12","18","20","29","25","52","31","56","33","29","23","27","28","37","26","60","33","76","35","4","7","13","17","3","6","0","12",
"1500000US040131098021","Block Group 1, Census Tract 1098.02, Maricopa County, Arizona","460","102","0","12","9","14","48","46","20","22","59","54","26","24","17","15","20","24","0","12","40","50","78","68","29","28","35","44","55","45","24","24","0","12",
"1500000US040131098022","Block Group 2, Census Tract 1098.02, Maricopa County, Arizona","456","100","11","17","0","12","19","21","0","12","57","55","10","17","36","42","40","52","61","53","7","10","153","75","39","50","12","19","0","12","11","16","0","12",
"1500000US040131098023","Block Group 3, Census Tract 1098.02, Maricopa County, Arizona","316","87","17","19","9","13","25","23","0","12","0","12","31","48","29","26","9","13","33","53","11","17","17","21","65","56","32","40","31","50","7","10","0","12",
"1500000US040131099001","Block Group 1, Census Tract 1099, Maricopa County, Arizona","513","125","11","16","50","43","29","45","20","34","53","56","56","63","28","31","35","44","12","19","8","14","98","70","72","70","7","11","11","19","23","38","0","12",
"1500000US040131099002","Block Group 2, Census Tract 1099, Maricopa County, Arizona","630","147","148","92","63","54","47","51","10","15","0","12","68","55","52","59","40","49","0","12","37","44","156","86","0","12","9","14","0","12","0","12","0","12",
"1500000US040131099003","Block Group 3, Census Tract 1099, Maricopa County, Arizona","446","128","0","12","23","22","12","19","76","68","66","65","40","46","0","12","25","30","9","14","32","37","58","67","76","66","12","20","0","12","17","26","0","12",
"1500000US040131099004","Block Group 4, Census Tract 1099, Maricopa County, Arizona","236","86","0","12","9","13","0","12","0","12","0","12","35","45","8","12","0","12","28","43","49","51","59","46","26","37","0","12","8","13","0","12","14","23",
"1500000US040131100011","Block Group 1, Census Tract 1100.01, Maricopa County, Arizona","587","80","35","37","27","31","13","12","45","33","46","35","24","29","42","33","83","50","30","29","108","58","21","21","45","28","56","34","0","12","12","13","0","12",
"1500000US040131100012","Block Group 2, Census Tract 1100.01, Maricopa County, Arizona","477","75","28","24","16","24","31","36","0","12","7","11","33","36","68","47","9","13","52","46","46","33","67","38","65","34","43","37","9","17","0","12","3","5",
"1500000US040131100021","Block Group 1, Census Tract 1100.02, Maricopa County, Arizona","303","83","52","47","0","12","6","10","6","12","0","12","30","47","18","21","3","7","22","25","37","30","21","23","65","60","38","42","5","11","0","12","0","12",
"1500000US040131100022","Block Group 2, Census Tract 1100.02, Maricopa County, Arizona","747","95","44","44","38","58","58","46","52","49","47","45","38","39","88","66","80","60","27","41","76","65","35","29","76","64","88","63","0","12","0","12","0","12",
"1500000US040131101001","Block Group 1, Census Tract 1101, Maricopa County, Arizona","434","99","71","63","47","53","122","70","0","12","26","41","10","16","18","28","44","45","0","12","17","28","50","44","21","27","0","12","8","13","0","12","0","12",
"1500000US040131101002","Block Group 2, Census Tract 1101, Maricopa County, Arizona","530","111","14","23","59","53","69","62","22","34","63","51","23","37","24","25","28","36","61","58","57","51","53","51","57","40","0","12","0","12","0","12","0","12",
"1500000US040131101003","Block Group 3, Census Tract 1101, Maricopa County, Arizona","561","96","53","45","35","40","57","41","51","43","0","12","24","39","33","39","44","42","48","47","50","43","68","48","40","33","16","20","23","37","19","22","0","12",
"1500000US040131101004","Block Group 4, Census Tract 1101, Maricopa County, Arizona","411","82","77","60","26","29","0","12","24","39","19","31","32","39","21","33","30","32","10","16","35","32","17","19","40","28","32","27","24","28","12","21","12","19",
"1500000US040131104001","Block Group 1, Census Tract 1104, Maricopa County, Arizona","590","155","0","12","27","33","0","12","15","24","57","49","0","12","68","62","0","12","48","75","130","101","86","91","18","29","76","74","53","48","12","21","0","12",
"1500000US040131104002","Block Group 2, Census Tract 1104, Maricopa County, Arizona","607","161","91","84","40","64","37","57","132","108","20","30","42","70","24","38","30","37","11","22","14","21","54","57","47","71","49","45","0","12","0","12","16","26",
"1500000US040131104003","Block Group 3, Census Tract 1104, Maricopa County, Arizona","571","145","13","21","16","24","25","30","0","12","90","96","0","12","28","33","40","49","13","23","28","33","57","75","101","69","19","31","42","42","55","58","44","44",
"1500000US040131104004","Block Group 4, Census Tract 1104, Maricopa County, Arizona","508","131","0","12","0","12","52","63","5","15","28","45","18","27","0","12","15","24","41","53","17","27","99","98","58","71","63","56","10","19","13","23","89","72",
"1500000US040131105011","Block Group 1, Census Tract 1105.01, Maricopa County, Arizona","421","110","12","22","0","12","0","12","28","43","8","12","18","20","0","12","73","59","60","52","39","30","45","35","31","27","37","29","36","27","34","42","0","12",
"1500000US040131105012","Block Group 2, Census Tract 1105.01, Maricopa County, Arizona","1035","162","40","35","28","26","33","32","64","43","34","36","93","79","37","36","204","83","76","69","87","49","122","72","129","81","42","38","21","24","14","20","11","16",
"1500000US040131105013","Block Group 3, Census Tract 1105.01, Maricopa County, Arizona","407","90","149","78","30","28","36","43","0","12","11","17","25","24","9","14","24","31","0","12","19","15","28","34","21","23","18","20","22","23","15","16","0","12",
"1500000US040131105021","Block Group 1, Census Tract 1105.02, Maricopa County, Arizona","874","112","119","60","109","76","33","40","47","32","15","24","25","45","25","39","8","14","10","16","100","76","104","55","151","87","15","18","57","47","22","26","34","36",
"1500000US040131105022","Block Group 2, Census Tract 1105.02, Maricopa County, Arizona","738","120","48","45","41","42","62","50","9","15","9","16","32","29","17","19","42","30","15","24","58","41","100","64","88","56","64","39","21","23","85","58","47","38",
"1500000US040131106001","Block Group 1, Census Tract 1106, Maricopa County, Arizona","487","128","0","12","17","27","0","12","0","12","0","12","0","12","0","12","31","34","20","33","63","78","154","123","94","58","48","44","15","23","32","39","13","21",
"1500000US040131106002","Block Group 2, Census Tract 1106, Maricopa County, Arizona","536","146","15","24","18","27","0","12","35","43","15","24","49","79","85","103","21","36","60","74","73","62","58","45","61","45","46","56","0","12","0","12","0","12",
"1500000US040131106003","Block Group 3, Census Tract 1106, Maricopa County, Arizona","383","127","0","12","16","26","0","12","0","12","0","12","0","12","0","12","113","93","18","29","88","87","9","17","112","92","0","12","27","47","0","12","0","12",
"1500000US040131106004","Block Group 4, Census Tract 1106, Maricopa County, Arizona","758","173","0","12","43","67","0","12","0","12","0","12","15","24","68","65","126","104","51","48","29","34","149","107","79","59","58","56","25","28","16","26","99","62",
"1500000US040131107011","Block Group 1, Census Tract 1107.01, Maricopa County, Arizona","567","123","50","44","52","64","27","21","43","59","0","12","0","12","30","34","43","47","56","52","83","79","54","44","99","47","15","24","0","12","15","23","0","12",
"1500000US040131107012","Block Group 2, Census Tract 1107.01, Maricopa County, Arizona","633","105","118","63","23","28","32","30","39","31","30","31","59","45","19","22","32","40","64","54","19","22","34","29","89","51","49","39","18","29","8","14","0","12",
"1500000US040131107021","Block Group 1, Census Tract 1107.02, Maricopa County, Arizona","627","100","28","44","7","11","0","12","69","59","0","12","39","48","13","15","43","42","23","27","35","28","59","42","177","81","45","38","15","17","45","33","29","27",
"1500000US040131107022","Block Group 2, Census Tract 1107.02, Maricopa County, Arizona","916","115","89","67","40","35","7","10","0","12","71","61","75","67","78","65","40","53","52","59","37","29","94","61","124","68","69","56","17","20","89","65","34","50",
"1500000US040131108011","Block Group 1, Census Tract 1108.01, Maricopa County, Arizona","749","171","79","71","33","57","34","50","119","120","12","22","56","60","24","28","43","46","23","34","92","72","64","63","136","108","10","16","0","12","24","28","0","12",
"1500000US040131108012","Block Group 2, Census Tract 1108.01, Maricopa County, Arizona","582","151","54","53","43","60","69","69","30","36","31","58","0","12","127","98","34","54","0","12","61","68","60","65","11","21","27","34","0","12","35","40","0","12",
"1500000US040131108013","Block Group 3, Census Tract 1108.01, Maricopa County, Arizona","692","196","69","69","11","17","10","17","33","52","73","65","44","48","24","27","24","44","37","55","47","48","32","51","99","82","110","134","79","91","0","12","0","12",
"1500000US040131108021","Block Group 1, Census Tract 1108.02, Maricopa County, Arizona","498","63","69","42","10","11","16","15","12","12","18","22","60","34","30","18","40","31","0","12","46","25","34","32","47","28","43","35","24","16","11","12","38","33",
"1500000US040131108022","Block Group 2, Census Tract 1108.02, Maricopa County, Arizona","492","53","13","11","27","23","20","15","49","37","24","16","23","18","22","23","22","22","26","18","38","23","21","15","60","33","47","29","49","25","32","17","19","14",
"1500000US040131109011","Block Group 1, Census Tract 1109.01, Maricopa County, Arizona","349","78","0","12","9","15","8","15","8","12","19","21","0","12","0","12","0","12","20","25","19","32","30","33","32","29","69","45","9","14","33","38","93","59",
"1500000US040131109012","Block Group 2, Census Tract 1109.01, Maricopa County, Arizona","1171","125","275","109","137","71","74","52","68","48","110","66","109","80","38","45","33","35","66","69","53","42","31","37","26","28","91","73","14","16","28","37","18","22",
"1500000US040131109021","Block Group 1, Census Tract 1109.02, Maricopa County, Arizona","914","116","106","53","41","38","61","41","30","25","40","35","58","45","126","75","63","49","29","35","6","10","97","58","101","52","68","50","10","16","14","17","64","47",
"1500000US040131109022","Block Group 2, Census Tract 1109.02, Maricopa County, Arizona","1072","129","111","67","31","40","45","41","100","80","108","82","20","21","95","79","36","40","29","28","45","47","152","87","95","77","87","55","60","51","45","39","13","14",
"1500000US040131110001","Block Group 1, Census Tract 1110, Maricopa County, Arizona","460","135","61","62","0","12","26","27","71","86","19","31","0","12","0","12","44","65","12","19","79","89","15","24","29","37","11","18","16","30","34","43","43","47",
"1500000US040131110002","Block Group 2, Census Tract 1110, Maricopa County, Arizona","327","90","14","22","0","12","0","12","21","32","16","27","0","12","0","12","22","35","11","19","0","12","0","12","83","62","0","12","67","57","43","45","50","47",
"1500000US040131110003","Block Group 3, Census Tract 1110, Maricopa County, Arizona","479","103","20","34","0","12","0","12","0","12","17","26","0","12","0","12","0","12","14","23","40","44","20","37","71","72","21","34","35","41","108","61","133","66",
"1500000US040131110004","Block Group 4, Census Tract 1110, Maricopa County, Arizona","297","94","13","24","12","19","0","12","0","12","0","12","19","32","14","22","0","12","0","12","20","32","16","26","65","59","38","44","37","55","12","20","51","48",
"1500000US040131110005","Block Group 5, Census Tract 1110, Maricopa County, Arizona","390","96","0","12","21","33","20","32","0","12","0","12","0","12","40","64","0","12","6","15","0","12","35","30","77","54","68","60","28","35","48","50","47","53",
"1500000US040131111001","Block Group 1, Census Tract 1111, Maricopa County, Arizona","502","104","17","18","0","12","61","58","9","14","0","12","10","16","8","14","49","51","10","15","38","31","39","31","47","32","38","29","50","41","39","34","87","42",
"1500000US040131111002","Block Group 2, Census Tract 1111, Maricopa County, Arizona","582","110","22","25","18","20","28","26","64","60","97","87","29","21","57","60","47","64","10","17","18","21","8","13","66","44","60","50","0","12","10","17","48","47",
"1500000US040131111003","Block Group 3, Census Tract 1111, Maricopa County, Arizona","680","109","9","15","0","12","26","34","0","12","21","31","15","18","6","9","7","11","0","12","28","25","35","28","33","18","123","75","44","34","90","44","243","86",
"1500000US040131112011","Block Group 1, Census Tract 1112.01, Maricopa County, Arizona","688","161","71","57","36","45","61","75","100","80","0","12","21","33","48","45","99","90","12","20","38","42","114","108","88","94","0","12","0","12","0","12","0","12",
"1500000US040131112012","Block Group 2, Census Tract 1112.01, Maricopa County, Arizona","660","173","0","12","44","41","19","31","11","18","51","61","80","65","0","12","40","44","58","73","38","45","88","94","81","69","74","102","41","63","0","12","35","44",
"1500000US040131112013","Block Group 3, Census Tract 1112.01, Maricopa County, Arizona","862","182","33","38","67","80","11","21","18","32","114","98","51","47","38","47","180","131","0","12","156","101","104","118","55","51","0","12","0","12","0","12","35","42",
"1500000US040131112014","Block Group 4, Census Tract 1112.01, Maricopa County, Arizona","506","109","49","36","0","12","0","12","0","12","15","24","13","21","97","69","52","49","19","31","0","12","8","15","25","28","63","60","68","59","65","74","32","39",
"1500000US040131112021","Block Group 1, Census Tract 1112.02, Maricopa County, Arizona","899","39","54","34","66","32","90","41","70","39","44","38","91","45","46","42","28","28","109","53","62","43","127","49","26","24","41","30","34","38","11","12","0","12",
"1500000US040131112031","Block Group 1, Census Tract 1112.03, Maricopa County, Arizona","876","45","108","51","82","37","62","27","93","39","46","26","28","18","27","19","102","52","55","30","85","37","120","51","45","26","16","19","7","11","0","12","0","12",
"1500000US040131112041","Block Group 1, Census Tract 1112.04, Maricopa County, Arizona","1397","84","70","58","34","29","9","14","28","36","127","76","96","55","131","71","101","51","165","91","168","72","202","97","110","48","127","72","20","32","9","13","0","12",
"1500000US040131113001","Block Group 1, Census Tract 1113, Maricopa County, Arizona","492","155","0","12","42","68","0","12","16","30","84","96","60","72","0","12","0","12","19","32","131","113","27","31","61","58","0","12","0","12","52","81","0","12",
"1500000US040131113002","Block Group 2, Census Tract 1113, Maricopa County, Arizona","524","115","28","22","0","12","16","26","0","12","0","12","72","82","32","35","0","12","0","12","56","67","69","51","59","57","56","70","71","71","50","45","15","23",
"1500000US040131113003","Block Group 3, Census Tract 1113, Maricopa County, Arizona","417","138","26","40","21","33","20","35","0","12","22","36","54","62","0","12","62","79","14","23","60","50","47","47","91","96","0","12","0","12","0","12","0","12",
"1500000US040131113004","Block Group 4, Census Tract 1113, Maricopa County, Arizona","508","111","14","23","0","12","56","61","0","12","19","29","0","12","0","12","12","20","0","12","100","81","74","72","70","62","100","69","26","21","13","23","24","27",
"1500000US040131113005","Block Group 5, Census Tract 1113, Maricopa County, Arizona","568","141","15","23","0","12","15","23","33","40","73","85","0","12","79","68","17","26","65","78","41","64","96","94","68","53","35","40","16","26","15","28","0","12",
"1500000US040131114011","Block Group 1, Census Tract 1114.01, Maricopa County, Arizona","645","135","15","18","28","29","26","42","50","50","52","42","136","92","47","39","34","43","30","39","18","27","53","52","66","53","67","76","23","30","0","12","0","12",
"1500000US040131114012","Block Group 2, Census Tract 1114.01, Maricopa County, Arizona","728","134","73","63","15","16","7","10","73","63","12","23","74","62","37","35","35","38","0","12","105","73","132","71","84","51","11","18","70","76","0","12","0","12",
"1500000US040131114021","Block Group 1, Census Tract 1114.02, Maricopa County, Arizona","739","96","129","89","19","21","10","12","55","50","99","59","21","23","75","58","44","51","11","17","38","42","42","52","93","61","21","20","0","12","37","43","45","48",
"1500000US040131114022","Block Group 2, Census Tract 1114.02, Maricopa County, Arizona","770","104","42","38","114","70","91","68","37","32","23","24","65","59","26","41","41","33","34","34","99","70","42","36","74","61","20","19","24","25","24","19","14","23",
"1500000US040131115011","Block Group 1, Census Tract 1115.01, Maricopa County, Arizona","617","61","63","44","48","42","6","8","48","32","70","51","38","42","50","44","7","10","47","53","34","31","64","49","96","48","24","28","3","8","19","22","0","12",
"1500000US040131115021","Block Group 1, Census Tract 1115.02, Maricopa County, Arizona","517","105","85","58","0","12","11","17","30","33","21","22","67","53","18","20","19","21","9","14","85","61","57","51","42","44","38","48","8","14","18","20","9","13",
"1500000US040131115022","Block Group 2, Census Tract 1115.02, Maricopa County, Arizona","626","120","16","17","9","14","13","17","85","65","45","51","8","12","64","54","79","69","40","42","51","55","67","55","48","41","33","40","63","65","5","8","0","12",
"1500000US040131115023","Block Group 3, Census Tract 1115.02, Maricopa County, Arizona","629","125","46","45","113","89","0","12","55","46","106","77","9","15","50","52","65","61","51","46","46","45","78","58","10","17","0","12","0","12","0","12","0","12",
"1500000US040131115024","Block Group 4, Census Tract 1115.02, Maricopa County, Arizona","360","100","63","48","26","41","29","26","41","52","18","21","31","29","20","32","10","16","9","14","50","41","37","47","10","18","0","12","16","18","0","12","0","12",
"1500000US040131116011","Block Group 1, Census Tract 1116.01, Maricopa County, Arizona","569","89","50","42","40","28","13","16","51","37","38","35","26","29","7","11","29","25","73","53","0","12","65","45","48","44","11","18","76","47","15","18","27","24",
"1500000US040131116012","Block Group 2, Census Tract 1116.01, Maricopa County, Arizona","494","83","0","12","35","38","28","32","43","45","0","12","42","32","54","40","82","58","14","20","67","49","19","21","32","32","43","36","18","23","17","28","0","12",
"1500000US040131116021","Block Group 1, Census Tract 1116.02, Maricopa County, Arizona","355","80","27","33","17","18","0","12","44","44","34","31","32","33","34","39","23","30","45","42","46","36","28","33","16","25","9","15","0","12","0","12","0","12",
"1500000US040131116022","Block Group 2, Census Tract 1116.02, Maricopa County, Arizona","610","118","81","58","77","52","18","21","30","37","46","43","16","24","33","37","27","31","12","21","68","47","53","46","36","38","62","40","21","27","16","25","14","25",
"1500000US040131116023","Block Group 3, Census Tract 1116.02, Maricopa County, Arizona","724","111","68","54","43","38","72","57","103","58","54","49","50","45","54","45","36","35","33","39","48","41","32","32","104","49","27","33","0","12","0","12","0","12",
"1500000US040131117001","Block Group 1, Census Tract 1117, Maricopa County, Arizona","754","194","99","85","0","12","42","63","12","18","67","106","30","38","16","27","17","29","76","96","38","43","84","63","61","78","137","84","16","26","59","46","0","12",
"1500000US040131117002","Block Group 2, Census Tract 1117, Maricopa County, Arizona","574","188","79","112","0","12","20","32","0","12","0","12","33","35","21","35","85","98","0","12","0","12","35","41","154","93","85","63","0","12","32","51","30","41",
"1500000US040131117003","Block Group 3, Census Tract 1117, Maricopa County, Arizona","707","176","79","82","43","42","19","30","29","47","0","12","0","12","121","122","0","12","0","12","41","51","101","87","114","74","76","92","17","26","67","73","0","12",
"1500000US040131117004","Block Group 4, Census Tract 1117, Maricopa County, Arizona","489","138","52","55","0","12","31","52","0","12","0","12","0","12","49","62","0","12","11","19","16","28","62","79","123","81","50","50","23","32","15","25","57","50",
"1500000US040131118001","Block Group 1, Census Tract 1118, Maricopa County, Arizona","330","112","60","54","62","86","0","12","13","21","0","12","8","12","0","12","25","26","0","12","10","16","33","32","63","47","0","12","0","12","21","23","35","28",
"1500000US040131118002","Block Group 2, Census Tract 1118, Maricopa County, Arizona","541","114","26","29","0","12","30","29","9","14","0","12","0","12","87","78","14","22","30","48","14","21","12","19","57","42","64","51","41","34","40","32","117","68",
"1500000US040131118003","Block Group 3, Census Tract 1118, Maricopa County, Arizona","721","131","28","46","13","22","0","12","19","30","23","28","0","12","9","13","40","33","0","12","38","31","25","30","68","46","91","56","46","47","139","100","182","86",
"1500000US040131118004","Block Group 4, Census Tract 1118, Maricopa County, Arizona","468","113","0","12","45","49","27","25","11","16","19","21","34","43","0","12","0","12","23","27","59","56","76","81","16","26","16","19","0","12","87","55","55","41",
"1500000US040131119001","Block Group 1, Census Tract 1119, Maricopa County, Arizona","439","67","38","29","0","12","0","12","9","13","8","13","25","40","34","39","16","17","0","12","32","27","0","12","39","31","16","18","135","69","36","33","51","41",
"1500000US040131119002","Block Group 2, Census Tract 1119, Maricopa County, Arizona","299","69","9","14","21","25","0","12","0","12","0","12","0","12","20","23","8","13","0","12","37","34","0","12","61","42","35","23","9","14","27","34","72","42",
"1500000US040131119003","Block Group 3, Census Tract 1119, Maricopa County, Arizona","426","83","46","53","15","16","21","24","0","12","23","25","0","12","0","12","25","38","26","23","11","18","102","50","28","24","40","35","31","31","45","32","13","21",
"1500000US040131121001","Block Group 1, Census Tract 1121, Maricopa County, Arizona","317","66","0","12","12","19","6","9","17","28","0","12","61","48","25","20","30","30","0","12","42","31","83","49","10","12","15","22","3","5","13","16","0","12",
"1500000US040131121002","Block Group 2, Census Tract 1121, Maricopa County, Arizona","362","61","38","32","41","33","49","40","30","21","33","29","21","27","36","24","10","16","9","12","3","6","21","19","23","24","17","22","16","19","10","11","5","9",
"1500000US040131121003","Block Group 3, Census Tract 1121, Maricopa County, Arizona","234","64","43","33","15","16","0","12","67","47","7","11","10","16","0","12","6","9","41","36","0","12","8","12","32","32","5","9","0","12","0","12","0","12",
"1500000US040131122011","Block Group 1, Census Tract 1122.01, Maricopa County, Arizona","456","130","25","39","39","37","0","12","0","12","67","69","12","18","41","49","0","12","67","71","10","17","102","96","33","36","19","20","33","38","0","12","8","13",
"1500000US040131122012","Block Group 2, Census Tract 1122.01, Maricopa County, Arizona","608","120","9","17","11","17","90","92","11","17","57","46","159","104","51","45","0","12","17","28","24","23","50","65","17","23","49","40","26","30","37","55","0","12",
"1500000US040131122021","Block Group 1, Census Tract 1122.02, Maricopa County, Arizona","382","101","16","18","39","34","28","46","6","10","48","49","41","49","0","12","46","44","50","58","0","12","10","19","9","14","16","23","24","34","0","12","49","49",
"1500000US040131122022","Block Group 2, Census Tract 1122.02, Maricopa County, Arizona","320","77","7","12","0","12","0","12","29","37","20","22","33","27","36","44","0","12","0","12","23","37","34","41","10","13","91","68","19","24","12","16","6","10",
"1500000US040131122023","Block Group 3, Census Tract 1122.02, Maricopa County, Arizona","759","113","207","92","17","20","97","54","70","50","87","49","30","31","32","32","13","16","52","53","40","41","88","60","19","22","7","11","0","12","0","12","0","12",
"1500000US040131123011","Block Group 1, Census Tract 1123.01, Maricopa County, Arizona","731","113","170","89","137","72","82","52","18","29","43","41","136","85","0","12","19","30","20","32","18","19","20","33","68","52","0","12","0","12","0","12","0","12",
"1500000US040131123012","Block Group 2, Census Tract 1123.01, Maricopa County, Arizona","605","97","0","12","31","31","38","44","61","57","20","32","47","45","0","12","66","41","50","44","72","48","50","37","77","46","63","43","30","42","0","12","0","12",
"1500000US040131123013","Block Group 3, Census Tract 1123.01, Maricopa County, Arizona","479","106","26","33","0","12","0","12","18","25","48","34","19","29","0","12","6","11","60","53","92","69","60","47","144","65","0","12","6","12","0","12","0","12",
"1500000US040131123021","Block Group 1, Census Tract 1123.02, Maricopa County, Arizona","531","111","14","22","20","32","85","67","40","39","71","64","68","57","107","70","37","43","0","12","9","15","13","21","38","40","0","12","29","27","0","12","0","12",
"1500000US040131123022","Block Group 2, Census Tract 1123.02, Maricopa County, Arizona","448","109","55","53","55","54","35","32","32","37","51","54","0","12","0","12","23","36","20","32","73","54","22","28","18","30","20","32","24","32","20","33","0","12",
"1500000US040131123023","Block Group 3, Census Tract 1123.02, Maricopa County, Arizona","294","96","29","34","10","16","21","33","9","15","20","23","21","35","0","12","9","15","22","35","31","36","49","47","0","12","22","36","51","48","0","12","0","12",
"1500000US040131123024","Block Group 4, Census Tract 1123.02, Maricopa County, Arizona","425","96","132","58","41","29","79","58","35","38","0","12","9","14","33","48","0","12","0","12","0","12","50","43","21","34","0","12","25","39","0","12","0","12",
"1500000US040131123025","Block Group 5, Census Tract 1123.02, Maricopa County, Arizona","449","83","57","58","0","12","0","12","10","17","38","44","25","33","29","31","35","44","23","27","62","59","13","20","115","64","16","25","19","22","7","14","0","12",
"1500000US040131124011","Block Group 1, Census Tract 1124.01, Maricopa County, Arizona","483","116","101","65","21","34","71","57","29","35","72","72","0","12","8","12","63","64","0","12","0","12","0","12","82","65","36","35","0","12","0","12","0","12",
"1500000US040131124012","Block Group 2, Census Tract 1124.01, Maricopa County, Arizona","638","129","24","29","16","27","94","92","41","57","31","34","41","47","55","41","65","56","73","56","0","12","91","93","61","65","10","16","0","12","26","32","10","16",
"1500000US040131124013","Block Group 3, Census Tract 1124.01, Maricopa County, Arizona","487","118","51","42","0","12","32","39","10","15","6","10","63","64","27","42","40","41","0","12","82","80","73","56","60","40","32","32","11","17","0","12","0","12",
"1500000US040131124021","Block Group 1, Census Tract 1124.02, Maricopa County, Arizona","682","140","17","27","0","12","0","12","49","76","90","67","41","44","11","14","23","24","3","7","42","46","164","128","48","59","168","136","0","12","21","31","5","10",
"1500000US040131124022","Block Group 2, Census Tract 1124.02, Maricopa County, Arizona","335","126","6","10","0","12","15","26","19","32","0","12","0","12","26","31","9","23","31","43","37","63","37","38","99","104","0","12","56","86","0","12","0","12",
"1500000US040131124023","Block Group 3, Census Tract 1124.02, Maricopa County, Arizona","342","119","13","21","0","12","0","12","37","48","31","47","0","12","21","32","54","60","56","84","12","19","6","9","78","70","21","34","13","23","0","12","0","12",
"1500000US040131125021","Block Group 1, Census Tract 1125.02, Maricopa County, Arizona","813","116","29","47","71","59","0","12","37","43","110","77","32","37","17","17","53","51","79","63","90","67","113","70","89","56","26","41","16","26","16","26","35","38",
"1500000US040131125022","Block Group 2, Census Tract 1125.02, Maricopa County, Arizona","215","71","44","45","0","12","7","12","0","12","10","16","0","12","0","12","20","33","30","37","23","33","9","13","35","33","28","36","0","12","9","15","0","12",
"1500000US040131125023","Block Group 3, Census Tract 1125.02, Maricopa County, Arizona","351","96","0","12","0","12","32","49","0","12","27","35","7","13","36","52","55","62","16","28","50","54","77","62","21","19","10","15","0","12","0","12","20","31",
"1500000US040131125031","Block Group 1, Census Tract 1125.03, Maricopa County, Arizona","606","142","64","76","28","34","112","75","0","12","0","12","11","19","59","65","32","51","0","12","39","47","137","92","100","79","0","12","0","12","24","40","0","12",
"1500000US040131125032","Block Group 2, Census Tract 1125.03, Maricopa County, Arizona","499","156","10","18","0","12","32","55","0","12","18","23","16","24","30","36","145","89","0","12","139","105","57","63","52","59","0","12","0","12","0","12","0","12",
"1500000US040131125033","Block Group 3, Census Tract 1125.03, Maricopa County, Arizona","526","204","41","64","10","17","0","12","27","41","48","45","0","12","41","57","0","12","48","56","75","75","70","65","128","173","29","51","9","15","0","12","0","12",
"1500000US040131125034","Block Group 4, Census Tract 1125.03, Maricopa County, Arizona","669","245","8","13","29","46","0","12","0","12","0","12","21","25","64","65","95","77","0","12","32","33","56","64","264","197","73","67","0","12","0","12","27","47",
"1500000US040131125041","Block Group 1, Census Tract 1125.04, Maricopa County, Arizona","548","73","47","29","6","10","13","20","38","33","32","28","44","32","22","23","45","35","0","12","61","27","61","36","106","41","39","34","17","16","11","17","6","9",
"1500000US040131125042","Block Group 2, Census Tract 1125.04, Maricopa County, Arizona","576","75","62","37","53","36","66","42","37","29","64","43","43","36","68","33","21","25","12","19","75","47","56","39","6","10","13","14","0","12","0","12","0","12",
"1500000US040131125051","Block Group 1, Census Tract 1125.05, Maricopa County, Arizona","755","160","11","17","25","42","46","54","30","49","32","49","65","77","29","34","115","93","95","132","101","97","180","161","15","26","11","20","0","12","0","12","0","12",
"1500000US040131125052","Block Group 2, Census Tract 1125.05, Maricopa County, Arizona","681","146","0","12","105","66","156","136","0","12","29","48","47","65","45","53","49","70","122","95","49","55","23","37","29","46","0","12","0","12","27","42","0","12",
"1500000US040131125053","Block Group 3, Census Tract 1125.05, Maricopa County, Arizona","297","120","0","12","59","71","0","12","1","16","0","12","47","64","88","74","30","37","52","62","0","12","0","12","0","12","20","34","0","12","0","12","0","12",
"1500000US040131125054","Block Group 4, Census Tract 1125.05, Maricopa County, Arizona","475","164","24","35","78","80","27","44","44","73","34","55","0","12","31","50","62","73","44","72","45","76","0","12","86","85","0","12","0","12","0","12","0","12",
"1500000US040131125055","Block Group 5, Census Tract 1125.05, Maricopa County, Arizona","497","176","50","76","0","12","0","12","57","63","34","53","90","89","0","12","61","61","0","12","28","45","95","99","0","12","66","79","16","28","0","12","0","12",
"1500000US040131125071","Block Group 1, Census Tract 1125.07, Maricopa County, Arizona","352","65","49","40","15","24","7","9","19","24","50","34","68","49","7","11","27","30","56","43","18","29","17","26","19","23","0","12","0","12","0","12","0","12",
"1500000US040131125072","Block Group 2, Census Tract 1125.07, Maricopa County, Arizona","495","60","26","29","69","43","63","45","43","31","35","34","70","46","85","48","32","26","28","25","19","21","7","11","0","12","12","19","0","12","6","9","0","12",
"1500000US040131125081","Block Group 1, Census Tract 1125.08, Maricopa County, Arizona","642","55","53","41","49","39","41","30","61","46","37","27","25","32","55","37","45","36","38","27","103","53","64","45","54","32","17","26","0","12","0","12","0","12",
"1500000US040131125091","Block Group 1, Census Tract 1125.09, Maricopa County, Arizona","796","225","52","59","19","30","33","46","26","41","152","129","78","90","70","59","25","39","86","106","80","100","72","87","76","86","0","12","27","42","0","12","0","12",
"1500000US040131125092","Block Group 2, Census Tract 1125.09, Maricopa County, Arizona","1586","237","118","96","24","39","38","41","68","60","38","43","51","85","115","87","151","128","122","108","206","135","269","146","89","60","104","77","147","83","27","42","19","30",
"1500000US040131125093","Block Group 3, Census Tract 1125.09, Maricopa County, Arizona","847","221","0","12","119","122","37","56","0","12","41","61","112","82","96","100","54","85","38","46","148","136","39","49","105","118","21","34","37","61","0","12","0","12",
"1500000US040131125101","Block Group 1, Census Tract 1125.10, Maricopa County, Arizona","917","99","0","12","44","64","0","12","101","73","45","43","40","43","39","38","0","12","0","12","144","85","131","61","182","97","39","39","48","53","57","55","47","44",
"1500000US040131125102","Block Group 2, Census Tract 1125.10, Maricopa County, Arizona","343","102","57","65","21","30","0","12","0","12","11","17","0","12","0","12","0","12","0","12","105","67","9","15","66","74","20","26","30","46","24","28","0","12",
"1500000US040131125111","Block Group 1, Census Tract 1125.11, Maricopa County, Arizona","928","136","0","12","0","12","0","12","44","38","19","19","45","42","0","12","12","20","81","50","58","49","89","51","243","118","120","75","108","62","69","56","40","44",
"1500000US040131125112","Block Group 2, Census Tract 1125.11, Maricopa County, Arizona","1092","149","93","81","0","17","0","17","53","44","0","17","44","38","8","12","14","12","44","51","193","110","135","64","266","93","125","87","74","57","43","40","0","17",
"1500000US040131125113","Block Group 3, Census Tract 1125.11, Maricopa County, Arizona","301","86","42","46","46","45","0","12","0","12","31","49","33","49","0","12","8","13","11","19","57","48","44","39","6","11","7","14","0","12","9","15","7","11",
"1500000US040131125121","Block Group 1, Census Tract 1125.12, Maricopa County, Arizona","286","63","27","30","13","21","16","16","26","25","8","11","0","12","18","21","28","32","9","10","49","36","81","58","7","11","0","12","4","6","0","12","0","12",
"1500000US040131125131","Block Group 1, Census Tract 1125.13, Maricopa County, Arizona","1173","173","0","12","39","59","0","12","105","100","11","20","125","96","132","98","164","111","44","69","192","115","121","88","57","66","42","45","141","122","0","12","0","12",
"1500000US040131125132","Block Group 2, Census Tract 1125.13, Maricopa County, Arizona","0","12","0","12","0","12","0","12","0","12","0","12","0","12","0","12","0","12","0","12","0","12","0","12","0","12","0","12","0","12","0","12","0","12",
"1500000US040131125133","Block Group 3, Census Tract 1125.13, Maricopa County, Arizona","715","160","47","59","0","12","23","40","45","69","0","12","120","122","81","82","20","33","36","41","95","83","93","78","17","29","24","37","0","12","70","70","44","59",
"1500000US040131125134","Block Group 4, Census Tract 1125.13, Maricopa County, Arizona","599","147","43","65","0","12","24","39","21","33","0","12","61","76","0","12","0","12","60","55","79","62","129","108","78","95","87","91","0","12","17","32","0","12",
"1500000US040131125141","Block Group 1, Census Tract 1125.14, Maricopa County, Arizona","760","131","15","25","15","23","0","12","8","12","52","69","16","19","0","12","59","62","26","25","56","48","118","90","159","60","169","90","33","29","20","22","14","23",
"1500000US040131125142","Block Group 2, Census Tract 1125.14, Maricopa County, Arizona","702","137","35","38","95","75","10","16","11","17","0","12","36","42","20","23","10","17","25","27","133","79","48","36","125","80","131","71","0","12","12","16","11","21",
"1500000US040131126011","Block Group 1, Census Tract 1126.01, Maricopa County, Arizona","490","76","130","43","57","28","36","29","74","43","46","38","0","12","30","29","12","12","6","8","42","34","26","25","21","22","6","8","0","12","0","12","4","6",
"1500000US040131126012","Block Group 2, Census Tract 1126.01, Maricopa County, Arizona","504","64","74","42","22","25","6","9","61","38","51","41","56","42","37","30","21","22","14","14","42","29","48","30","38","30","24","22","4","6","0","12","6","9",
"1500000US040131126021","Block Group 1, Census Tract 1126.02, Maricopa County, Arizona","628","123","84","60","49","37","33","39","68","59","15","22","17","27","66","44","34","32","71","60","92","60","32","48","27","27","40","45","0","12","0","12","0","12",
"1500000US040131126022","Block Group 2, Census Tract 1126.02, Maricopa County, Arizona","560","96","66","50","39","43","62","56","61","49","49","45","34","31","31","37","36","30","0","12","65","59","66","55","33","43","0","12","0","12","18","29","0","12",
"1500000US040131126023","Block Group 3, Census Tract 1126.02, Maricopa County, Arizona","256","74","16","24","18","23","8","14","0","12","42","40","19","23","10","15","14","21","34","43","27","32","20","28","48","44","0","12","0","12","0","12","0","12",
"1500000US040131126024","Block Group 4, Census Tract 1126.02, Maricopa County, Arizona","631","111","10","15","53","49","79","73","106","75","24","27","31","35","101","62","21","34","42","49","78","65","0","12","63","61","0","12","9","14","14","22","0","12",
"1500000US040131127001","Block Group 1, Census Tract 1127, Maricopa County, Arizona","524","98","105","62","19","20","20","32","73","57","18","25","17","26","46","47","9","14","9","14","24","27","57","49","38","42","37","32","0","12","52","45","0","12",
"1500000US040131127002","Block Group 2, Census Tract 1127, Maricopa County, Arizona","456","109","81","61","32","37","53","52","20","31","40","40","21","25","32","49","20","22","32","30","17","28","23","36","23","25","11","20","20","33","31","45","0","12",
"1500000US040131127003","Block Group 3, Census Tract 1127, Maricopa County, Arizona","551","131","31","24","0","12","52","50","48","42","100","67","68","59","26","33","90","55","22","36","21","29","0","12","33","38","30","29","0","12","30","33","0","12",
"1500000US040131127004","Block Group 4, Census Tract 1127, Maricopa County, Arizona","267","68","71","53","13","23","0","12","16","26","20","32","13","21","0","12","0","12","17","28","14","22","33","41","16","27","32","36","0","12","22","31","0","12",
"1500000US040131129001","Block Group 1, Census Tract 1129, Maricopa County, Arizona","476","88","45","37","21","32","43","27","31","29","7","12","30","36","20","22","23","35","0","12","10","16","64","38","75","44","34","27","29","27","28","21","16","20",
"1500000US040131129002","Block Group 2, Census Tract 1129, Maricopa County, Arizona","517","94","40","25","10","16","78","63","18","21","25","23","70","51","7","12","26","23","10","16","44","45","30","37","81","63","18","20","22","23","20","32","18","18",
"1500000US040131129003","Block Group 3, Census Tract 1129, Maricopa County, Arizona","441","116","97","57","0","12","76","65","0","12","36","45","50","44","0","12","10","15","31","34","55","49","36","42","50","47","0","12","0","12","0","12","0","12",
"1500000US040131129004","Block Group 4, Census Tract 1129, Maricopa County, Arizona","557","125","160","83","8","12","0","12","47","42","107","69","11","17","42","43","17","18","85","72","12","21","31","42","16","26","5","11","9","14","7","10","0","12",
"1500000US040131130001","Block Group 1, Census Tract 1130, Maricopa County, Arizona","864","110","0","12","11","16","36","39","55","56","71","65","89","53","92","65","39","30","21","21","52","36","99","69","56","41","64","36","39","31","40","29","100","49",
"1500000US040131130002","Block Group 2, Census Tract 1130, Maricopa County, Arizona","614","105","173","96","65","54","28","25","26","30","20","21","0","12","20","22","12","20","0","12","69","51","0","12","57","37","67","55","30","29","18","20","29","22",
"1500000US040131131001","Block Group 1, Census Tract 1131, Maricopa County, Arizona","644","136","76","59","91","66","66","40","22","24","58","39","27","31","28","31","40","37","35","47","144","108","10","16","22","23","17","17","0","12","0","12","8","12",
"1500000US040131131002","Block Group 2, Census Tract 1131, Maricopa County, Arizona","1281","172","407","123","139","69","105","55","27","33","26","25","17","24","66","60","59","54","10","16","31","37","30","27","152","88","102","118","28","32","68","47","14","35",
"1500000US040131132011","Block Group 1, Census Tract 1132.01, Maricopa County, Arizona","384","75","50","36","17","21","44","43","20","25","38","32","36","29","22","20","23","29","6","8","35","35","17","16","61","41","4","7","6","9","5","10","0","12",
"1500000US040131132012","Block Group 2, Census Tract 1132.01, Maricopa County, Arizona","394","83","65","47","20","24","66","46","34","32","15","23","23","29","27","26","9","11","34","36","44","40","14","22","0","12","28","31","0","12","5","8","10","11",
"1500000US040131132021","Block Group 1, Census Tract 1132.02, Maricopa County, Arizona","394","59","9","15","31","40","49","34","38","37","19","23","42","27","13","16","20","19","17","23","45","31","17","19","9","12","37","26","13","20","9","13","26","26",
"1500000US040131132022","Block Group 2, Census Tract 1132.02, Maricopa County, Arizona","305","60","47","23","46","33","8","12","53","32","41","34","22","23","28","30","15","13","0","12","11","18","34","27","0","12","0","12","0","12","0","12","0","12",
"1500000US040131132031","Block Group 1, Census Tract 1132.03, Maricopa County, Arizona","742","82","49","39","84","41","87","45","72","45","57","38","32","31","47","36","21","27","41","30","102","49","55","30","38","23","19","25","5","8","22","27","11","13",
"1500000US040131132032","Block Group 2, Census Tract 1132.03, Maricopa County, Arizona","250","56","48","36","37","33","13","13","5","8","8","9","53","43","22","28","0","12","13","14","0","12","20","17","18","30","5","10","8","12","0","12","0","12",
"1500000US040131133001","Block Group 1, Census Tract 1133, Maricopa County, Arizona","492","90","32","38","53","50","23","22","9","14","43","56","16","25","0","12","28","40","53","63","7","10","61","50","63","37","47","45","15","26","42","58","0","12",
"1500000US040131133002","Block Group 2, Census Tract 1133, Maricopa County, Arizona","461","116","205","84","122","75","58","54","55","47","11","17","10","15","0","12","0","12","0","12","0","12","0","12","0","12","0","12","0","12","0","12","0","12",
"1500000US040131133003","Block Group 3, Census Tract 1133, Maricopa County, Arizona","719","126","193","80","136","73","75","49","66","52","58","52","49","49","23","27","7","10","23","27","16","25","23","37","44","48","0","12","0","12","0","12","6","9",
"1500000US040131134001","Block Group 1, Census Tract 1134, Maricopa County, Arizona","0","12","0","12","0","12","0","12","0","12","0","12","0","12","0","12","0","12","0","12","0","12","0","12","0","12","0","12","0","12","0","12","0","12",
"1500000US040131135011","Block Group 1, Census Tract 1135.01, Maricopa County, Arizona","689","88","64","51","56","47","58","51","78","55","50","36","104","74","18","19","38","37","46","43","58","54","41","34","50","50","19","23","9","15","0","12","0","12",
"1500000US040131135012","Block Group 2, Census Tract 1135.01, Maricopa County, Arizona","856","91","110","69","74","49","48","42","106","77","26","29","44","36","66","49","68","44","0","12","37","29","161","86","34","36","0","12","65","41","17","18","0","12",
"1500000US040131135021","Block Group 1, Census Tract 1135.02, Maricopa County, Arizona","803","41","65","39","14","15","91","49","61","32","110","58","55","36","46","33","49","38","44","38","95","52","93","49","29","21","28","21","0","12","23","27","0","12",
"1500000US040131136011","Block Group 1, Census Tract 1136.01, Maricopa County, Arizona","1020","102","63","45","0","12","56","47","40","34","75","60","74","49","34","29","71","40","95","58","89","62","164","75","138","58","78","59","26","25","8","13","9","15",
"1500000US040131136012","Block Group 2, Census Tract 1136.01, Maricopa County, Arizona","535","97","35","41","88","60","11","16","34","44","36","42","59","45","0","12","12","19","41","45","52","53","23","27","77","53","48","47","10","20","0","12","9","15",
"1500000US040131136021","Block Group 1, Census Tract 1136.02, Maricopa County, Arizona","623","99","11","17","42","39","142","92","82","55","49","58","17","23","20","33","34","43","7","12","63","47","146","76","0","12","0","12","10","17","0","12","0","12",
"1500000US040131136022","Block Group 2, Census Tract 1136.02, Maricopa County, Arizona","615","96","42","31","74","57","82","56","51","40","51","49","0","12","36","42","28","46","0","12","26","30","108","53","16","25","66","62","21","19","0","12","14","25",
"1500000US040131137001","Block Group 1, Census Tract 1137, Maricopa County, Arizona","212","120","0","12","35","53","16","28","0","12","0","12","0","12","46","76","48","79","5","10","15","23","47","76","0","12","0","12","0","12","0","12","0","12",
"1500000US040131137002","Block Group 2, Census Tract 1137, Maricopa County, Arizona","416","124","0","12","48","60","0","12","73","85","33","34","0","12","39","61","0","12","18","33","56","63","8","16","49","47","33","36","14","22","45","66","0","12",
"1500000US040131137003","Block Group 3, Census Tract 1137, Maricopa County, Arizona","649","114","0","12","0","12","58","59","0","12","0","12","16","25","63","79","39","44","84","67","50","47","122","79","118","74","86","75","13","22","0","12","0","12",
"1500000US040131137004","Block Group 4, Census Tract 1137, Maricopa County, Arizona","1091","202","121","86","66","85","128","111","51","58","234","144","0","12","49","57","104","105","60","68","0","12","45","35","128","101","73","75","15","24","17","28","0","12",
"1500000US040131137005","Block Group 5, Census Tract 1137, Maricopa County, Arizona","802","191","80","83","66","92","95","80","39","61","20","34","86","73","43","70","31","50","56","68","102","91","63","76","27","42","0","12","94","105","0","12","0","12",
"1500000US040131138011","Block Group 1, Census Tract 1138.01, Maricopa County, Arizona","922","81","22","25","46","35","22","19","10","11","58","42","47","32","48","27","52","27","52","36","149","54","126","56","80","44","84","45","92","41","18","29","16","14",
"1500000US040131138012","Block Group 2, Census Tract 1138.01, Maricopa County, Arizona","220","73","37","39","0","12","27","31","15","27","26","30","62","61","6","10","14","16","16","25","0","12","17","21","0","12","0","12","0","12","0","12","0","12",
"1500000US040131138021","Block Group 1, Census Tract 1138.02, Maricopa County, Arizona","0","12","0","12","0","12","0","12","0","12","0","12","0","12","0","12","0","12","0","12","0","12","0","12","0","12","0","12","0","12","0","12","0","12",
"1500000US040131139001","Block Group 1, Census Tract 1139, Maricopa County, Arizona","442","51","89","42","84","48","53","36","42","38","45","40","30","29","20","17","0","12","27","29","36","30","6","11","8","12","2","6","0","12","0","12","0","12",
"1500000US040131140001","Block Group 1, Census Tract 1140, Maricopa County, Arizona","1235","101","170","75","87","48","53","44","203","61","62","53","49","52","102","63","41","40","28","33","12","20","164","76","125","57","51","37","47","52","19","23","22","19",
"1500000US040131140002","Block Group 2, Census Tract 1140, Maricopa County, Arizona","28","45","0","12","20","41","0","12","0","12","8","14","0","12","0","12","0","12","0","12","0","12","0","12","0","12","0","12","0","12","0","12","0","12",
"1500000US040131141001","Block Group 1, Census Tract 1141, Maricopa County, Arizona","728","69","164","58","58","38","29","24","39","26","6","10","18","18","0","12","18","20","6","10","15","17","44","32","42","27","74","46","33","26","62","32","120","53",
"1500000US040131142001","Block Group 1, Census Tract 1142, Maricopa County, Arizona","316","50","47","28","22","28","42","34","9","10","37","34","29","30","29","35","28","27","0","12","21","18","13","23","28","23","6","10","0","12","5","8","0","12",
"1500000US040131143011","Block Group 1, Census Tract 1143.01, Maricopa County, Arizona","252","50","43","27","18","17","17","22","12","10","20","23","43","33","8","12","14","17","0","12","14","11","8","9","23","19","4","6","13","11","15","12","0","12",
"1500000US040131143021","Block Group 1, Census Tract 1143.02, Maricopa County, Arizona","374","76","64","42","40","34","40","30","64","45","25","28","34","31","12","20","4","7","22","23","8","11","22","26","24","23","0","12","0","12","15","19","0","12",
"1500000US040131143022","Block Group 2, Census Tract 1143.02, Maricopa County, Arizona","638","82","165","62","107","52","55","44","43","24","46","38","87","55","27","29","10","17","0","12","19","20","58","45","6","9","0","12","0","12","0","12","15","17",
"1500000US040131144011","Block Group 1, Census Tract 1144.01, Maricopa County, Arizona","458","66","70","48","0","12","37","33","44","48","45","37","29","24","36","30","0","12","0","12","78","49","4","8","43","32","36","35","36","40","0","12","0","12",
"1500000US040131144021","Block Group 1, Census Tract 1144.02, Maricopa County, Arizona","297","41","36","28","34","29","10","11","23","25","25","21","50","30","19","19","22","26","8","10","30","23","15","16","25","23","0","12","0","12","0","12","0","12",
"1500000US040131144022","Block Group 2, Census Tract 1144.02, Maricopa County, Arizona","325","51","40","30","5","7","30","23","5","8","34","27","0","12","35","30","21","20","13","16","35","28","45","29","44","28","18","16","0","12","0","12","0","12",
"1500000US040131145001","Block Group 1, Census Tract 1145, Maricopa County, Arizona","423","103","44","33","10","16","0","12","43","34","11","16","14","21","13","21","0","12","57","45","123","76","41","41","45","37","0","12","0","12","0","12","22","27",
"1500000US040131145002","Block Group 2, Census Tract 1145, Maricopa County, Arizona","335","111","84","58","25","40","0","12","52","60","60","56","0","12","16","18","12","18","0","12","39","45","0","12","0","12","24","37","23","38","0","12","0","12",
"1500000US040131145003","Block Group 3, Census Tract 1145, Maricopa County, Arizona","415","102","43","41","0","12","0","12","99","73","54","46","0","12","18","27","53","53","16","25","56","50","30","37","0","12","0","12","0","12","46","52","0","12",
"1500000US040131146001","Block Group 1, Census Tract 1146, Maricopa County, Arizona","471","55","79","59","25","24","30","29","48","37","44","36","69","56","7","10","0","12","0","12","29","27","77","59","36","38","22","34","0","12","5","11","0","12",
"1500000US040131147031","Block Group 1, Census Tract 1147.03, Maricopa County, Arizona","335","50","75","42","33","31","15","12","56","40","16","15","32","30","24","24","6","8","3","5","38","35","29","23","2","5","6","9","0","12","0","12","0","12",
"1500000US040131147032","Block Group 2, Census Tract 1147.03, Maricopa County, Arizona","0","12","0","12","0","12","0","12","0","12","0","12","0","12","0","12","0","12","0","12","0","12","0","12","0","12","0","12","0","12","0","12","0","12",
"1500000US040131148001","Block Group 1, Census Tract 1148, Maricopa County, Arizona","423","58","37","28","33","25","23","23","35","25","56","36","53","29","6","8","10","16","11","11","46","31","36","27","22","25","17","19","27","27","0","12","11","18",
"1500000US040131148002","Block Group 2, Census Tract 1148, Maricopa County, Arizona","401","62","49","25","16","18","25","19","53","33","4","7","52","30","23","19","10","12","6","8","35","27","42","36","49","33","30","26","7","11","0","12","0","12",
"1500000US040131149001","Block Group 1, Census Tract 1149, Maricopa County, Arizona","283","62","69","34","30","29","13","17","5","7","4","8","13","14","14","20","31","29","15","22","64","40","6","8","0","12","10","17","0","12","9","11","0","12",
"1500000US040131149002","Block Group 2, Census Tract 1149, Maricopa County, Arizona","642","89","240","66","82","44","60","38","44","38","14","18","53","41","22","26","53","41","3","6","35","30","6","9","21","20","9","14","0","12","0","12","0","12",
"1500000US040131152001","Block Group 1, Census Tract 1152, Maricopa County, Arizona","269","89","24","24","12","18","0","12","8","11","21","27","60","64","51","43","0","12","50","46","5","8","0","12","29","32","9","13","0","12","0","12","0","12",
"1500000US040131152002","Block Group 2, Census Tract 1152, Maricopa County, Arizona","321","82","13","17","55","42","13","15","24","29","26","29","16","25","0","12","18","20","5","11","12","20","33","36","47","44","16","21","31","22","0","12","12","20",
"1500000US040131152003","Block Group 3, Census Tract 1152, Maricopa County, Arizona","318","114","64","66","17","20","0","12","32","36","0","12","37","51","23","22","25","34","0","12","25","23","14","25","41","34","40","44","0","12","0","12","0","12",
"1500000US040131153001","Block Group 1, Census Tract 1153, Maricopa County, Arizona","661","76","123","53","71","40","90","43","57","35","58","40","39","34","37","29","0","12","28","24","46","31","75","42","31","31","0","12","6","11","0","12","0","12",
"1500000US040131153002","Block Group 2, Census Tract 1153, Maricopa County, Arizona","403","68","59","36","103","45","39","28","19","20","13","13","7","11","6","9","6","10","28","29","36","30","21","16","36","32","7","10","23","26","0","12","0","12",
"1500000US040131154001","Block Group 1, Census Tract 1154, Maricopa County, Arizona","283","56","59","39","33","28","17","20","10","11","36","33","15","24","16","19","0","12","28","29","3","7","0","12","40","36","0","12","26","32","0","12","0","12",
"1500000US040131154002","Block Group 2, Census Tract 1154, Maricopa County, Arizona","282","60","52","36","35","30","0","12","8","12","27","24","36","27","19","21","13","21","25","25","26","25","15","17","12","16","0","12","5","10","0","12","9","15",
"1500000US040131155001","Block Group 1, Census Tract 1155, Maricopa County, Arizona","491","84","45","32","4","6","77","55","17","20","48","32","30","35","21","20","42","39","9","13","54","42","62","34","20","18","19","29","0","12","38","41","5","7",
"1500000US040131155002","Block Group 2, Census Tract 1155, Maricopa County, Arizona","578","75","47","40","71","53","47","26","50","39","20","16","27","30","41","34","0","12","35","37","27","33","144","68","36","30","20","24","0","12","0","12","13","14",
"1500000US040131156001","Block Group 1, Census Tract 1156, Maricopa County, Arizona","1142","87","47","44","92","74","19","22","105","68","125","86","48","36","150","102","65","62","43","35","151","81","71","49","121","58","79","59","19","27","7","11","0","12",
"1500000US040131157001","Block Group 1, Census Tract 1157, Maricopa County, Arizona","774","120","66","60","0","12","26","32","32","30","63","59","141","73","8","12","34","55","6","11","25","29","139","74","71","46","90","63","36","34","0","12","37","41",
"1500000US040131157002","Block Group 2, Census Tract 1157, Maricopa County, Arizona","602","112","40","48","48","56","0","12","5","10","54","45","51","59","22","22","27","44","35","32","41","33","98","61","112","71","15","22","11","18","34","53","9","15",
"1500000US040131157003","Block Group 3, Census Tract 1157, Maricopa County, Arizona","518","103","51","49","0","12","23","29","63","46","61","65","24","18","14","21","15","24","32","28","96","60","20","25","73","63","17","28","29","28","0","12","0","12",
"1500000US040131158011","Block Group 1, Census Tract 1158.01, Maricopa County, Arizona","868","120","85","53","120","70","71","65","88","57","33","38","80","66","38","35","0","12","129","104","55","58","98","74","18","22","0","12","0","12","45","43","8","15",
"1500000US040131158012","Block Group 2, Census Tract 1158.01, Maricopa County, Arizona","514","108","91","60","18","25","81","60","17","20","73","54","14","18","64","61","31","48","40","34","43","50","24","33","8","14","0","12","10","16","0","12","0","12",
"1500000US040131158021","Block Group 1, Census Tract 1158.02, Maricopa County, Arizona","525","101","20","21","73","56","47","35","61","55","31","38","26","42","54","49","15","23","38","42","9","14","40","46","66","55","18","23","27","44","0","12","0","12",
"1500000US040131158022","Block Group 2, Census Tract 1158.02, Maricopa County, Arizona","557","87","36","34","94","64","32","27","72","56","37","45","60","53","7","10","54","51","14","21","0","12","28","29","30","35","60","38","33","50","0","12","0","12",
"1500000US040131159001","Block Group 1, Census Tract 1159, Maricopa County, Arizona","629","113","71","60","27","32","30","26","62","56","0","12","16","26","55","56","97","58","36","43","79","57","52","48","44","38","51","42","9","14","0","12","0","12",
"1500000US040131159002","Block Group 2, Census Tract 1159, Maricopa County, Arizona","1081","121","40","31","65","64","56","38","52","35","26","28","54","47","24","38","66","51","106","72","145","59","62","46","130","58","154","83","63","58","38","41","0","12",
"1500000US040131160001","Block Group 1, Census Tract 1160, Maricopa County, Arizona","444","121","34","40","73","72","0","12","9","15","34","45","8","13","19","24","35","39","15","23","44","52","98","74","31","34","34","41","10","15","0","12","0","12",
"1500000US040131160002","Block Group 2, Census Tract 1160, Maricopa County, Arizona","958","125","96","69","42","47","62","70","16","20","17","21","37","46","73","63","45","39","61","62","90","70","105","66","64","39","128","69","44","35","49","35","29","30",
"1500000US040131160003","Block Group 3, Census Tract 1160, Maricopa County, Arizona","738","125","127","70","101","74","86","53","70","62","11","19","26","24","28","32","32","40","9","14","98","75","87","68","8","14","22","36","33","38","0","12","0","12",
"1500000US040131161001","Block Group 1, Census Tract 1161, Maricopa County, Arizona","632","97","62","47","115","62","23","21","32","35","46","39","43","37","78","48","44","42","13","20","53","50","28","30","34","32","21","26","0","12","20","27","20","31",
"1500000US040131161002","Block Group 2, Census Tract 1161, Maricopa County, Arizona","465","79","28","23","7","11","34","34","14","22","23","25","11","18","44","39","35","35","24","27","104","62","22","24","13","15","92","74","14","22","0","12","0","12",
"1500000US040131161003","Block Group 3, Census Tract 1161, Maricopa County, Arizona","179","60","0","12","14","22","0","12","0","12","6","10","0","12","9","14","57","50","14","23","25","24","32","36","22","29","0","12","0","12","0","12","0","12",
"1500000US040131162021","Block Group 1, Census Tract 1162.02, Maricopa County, Arizona","457","124","13","20","0","12","12","18","18","21","7","11","0","12","26","40","43","65","7","12","101","86","8","14","106","62","30","34","52","47","19","23","15","18",
"1500000US040131162022","Block Group 2, Census Tract 1162.02, Maricopa County, Arizona","549","116","82","81","28","45","7","12","0","12","16","19","29","32","20","32","0","12","61","49","104","77","125","81","30","29","47","31","0","12","0","12","0","12",
"1500000US040131162023","Block Group 3, Census Tract 1162.02, Maricopa County, Arizona","198","65","0","12","0","12","0","12","15","17","7","11","7","11","0","12","0","12","0","12","6","10","40","39","69","48","16","19","6","10","0","12","32","32",
"1500000US040131162024","Block Group 4, Census Tract 1162.02, Maricopa County, Arizona","215","79","0","12","13","21","0","12","14","18","8","12","0","12","44","59","0","12","8","15","42","58","27","36","59","51","0","12","0","12","0","12","0","12",
"1500000US040131162031","Block Group 1, Census Tract 1162.03, Maricopa County, Arizona","393","136","0","12","69","70","0","12","10","15","13","24","0","12","0","12","45","69","0","12","61","59","87","88","43","54","42","66","23","39","0","12","0","12",
"1500000US040131162032","Block Group 2, Census Tract 1162.03, Maricopa County, Arizona","996","166","37","37","17","28","18","29","0","12","85","83","10","18","86","74","36","50","168","125","82","71","49","43","210","108","73","50","29","29","41","55","55","41",
"1500000US040131162033","Block Group 3, Census Tract 1162.03, Maricopa County, Arizona","659","131","19","22","0","12","14","25","44","39","0","12","5","11","15","18","14","15","21","32","41","38","80","59","126","89","58","56","45","44","117","70","60","51",
"1500000US040131162041","Block Group 1, Census Tract 1162.04, Maricopa County, Arizona","560","92","50","42","0","12","7","12","50","44","44","49","11","13","19","24","11","17","38","43","36","47","23","28","160","77","86","52","17","20","8","14","0","12",
"1500000US040131162042","Block Group 2, Census Tract 1162.04, Maricopa County, Arizona","231","73","0","12","22","35","24","37","6","10","19","22","7","12","0","12","32","32","31","24","0","12","39","39","44","41","7","11","0","12","0","12","0","12",
"1500000US040131162043","Block Group 3, Census Tract 1162.04, Maricopa County, Arizona","416","78","15","23","13","21","64","65","7","12","48","38","0","12","69","74","0","12","20","31","88","63","17","27","51","51","24","32","0","12","0","12","0","12",
"1500000US040131162051","Block Group 1, Census Tract 1162.05, Maricopa County, Arizona","594","137","41","36","24","21","20","31","16","24","18","21","5","8","20","22","139","105","9","13","59","57","139","81","47","49","25","23","12","19","11","17","9","13",
"1500000US040131162052","Block Group 2, Census Tract 1162.05, Maricopa County, Arizona","438","84","0","12","13","16","17","21","31","30","0","12","28","25","0","12","0","12","12","20","55","54","86","63","98","56","30","22","45","28","14","18","9","14",
"1500000US040131162053","Block Group 3, Census Tract 1162.05, Maricopa County, Arizona","711","129","24","28","13","19","63","45","14","22","23","26","138","71","70","47","77","66","26","28","103","65","101","89","43","55","16","25","0","12","0","12","0","12",
"1500000US040131163001","Block Group 1, Census Tract 1163, Maricopa County, Arizona","706","136","87","65","0","12","0","12","133","101","56","39","11","17","89","67","15","19","10","16","33","43","48","50","117","61","82","60","0","12","25","41","0","12",
"1500000US040131163002","Block Group 2, Census Tract 1163, Maricopa County, Arizona","600","105","31","37","15","24","10","15","0","12","36","37","57","59","0","12","34","48","17","20","64","54","25","25","179","88","35","29","65","54","12","19","20","24",
"1500000US040131163003","Block Group 3, Census Tract 1163, Maricopa County, Arizona","694","122","34","55","9","15","29","45","86","82","8","12","7","13","0","12","48","41","9","14","94","55","43","44","186","85","74","49","26","25","31","40","10","15",
"1500000US040131164001","Block Group 1, Census Tract 1164, Maricopa County, Arizona","429","126","33","28","36","57","29","26","56","65","31","39","9","15","27","43","10","16","9","14","9","14","27","24","63","56","57","58","0","12","0","12","33","38",
"1500000US040131164002","Block Group 2, Census Tract 1164, Maricopa County, Arizona","243","96","0","12","36","56","7","12","10","17","0","12","0","12","27","42","22","32","8","14","33","52","0","12","76","78","24","28","0","12","0","12","0","12",
"1500000US040131164003","Block Group 3, Census Tract 1164, Maricopa County, Arizona","924","158","32","30","28","46","27","25","9","15","78","65","150","103","96","75","67","53","41","33","105","74","68","46","62","40","57","50","57","55","47","50","0","12",
"1500000US040131165001","Block Group 1, Census Tract 1165, Maricopa County, Arizona","643","144","63","66","18","21","114","101","0","12","82","87","55","52","69","79","20","24","16","25","28","30","30","28","69","53","35","31","30","45","0","12","14","28",
"1500000US040131165002","Block Group 2, Census Tract 1165, Maricopa County, Arizona","395","124","42","52","0","12","14","23","46","49","63","68","11","18","5","10","33","35","0","12","56","45","87","52","30","38","8","13","0","12","0","12","0","12",
"1500000US040131165003","Block Group 3, Census Tract 1165, Maricopa County, Arizona","389","129","87","75","39","58","10","18","0","12","73","78","0","12","0","12","21","27","20","27","0","12","58","74","25","35","18","24","27","55","11","17","0","12",
"1500000US040131166021","Block Group 1, Census Tract 1166.02, Maricopa County, Arizona","1389","180","335","132","49","53","94","74","36","42","74","75","104","72","39","49","55","57","96","93","33","38","169","90","97","61","139","107","29","37","31","47","9","18",
"1500000US040131166022","Block Group 2, Census Tract 1166.02, Maricopa County, Arizona","909","161","144","98","19","27","69","87","95","128","21","24","19","24","0","12","47","49","92","90","74","56","66","68","144","102","40","51","0","12","0","12","79","85",
"1500000US040131166031","Block Group 1, Census Tract 1166.03, Maricopa County, Arizona","1119","145","157","101","6","10","0","12","11","17","87","91","11","17","9","14","15","23","44","38","57","47","160","96","222","88","146","85","70","45","46","39","78","49",
"1500000US040131166032","Block Group 2, Census Tract 1166.03, Maricopa County, Arizona","792","140","0","12","0","12","9","13","21","26","0","12","0","12","34","45","53","48","16","25","62","44","157","88","133","88","111","64","38","31","127","89","31","35",
"1500000US040131166041","Block Group 1, Census Tract 1166.04, Maricopa County, Arizona","740","110","55","64","12","18","64","57","0","12","0","12","16","19","0","12","62","59","19","30","84","66","62","53","75","53","147","77","76","54","36","35","32","33",
"1500000US040131166042","Block Group 2, Census Tract 1166.04, Maricopa County, Arizona","708","117","87","75","0","12","0","12","0","12","0","12","91","90","18","28","48","62","11","18","44","38","91","94","47","38","162","98","47","36","51","43","11","19",
"1500000US040131166051","Block Group 1, Census Tract 1166.05, Maricopa County, Arizona","543","117","0","12","14","21","0","12","0","12","0","12","0","12","19","22","12","19","0","12","92","63","146","89","39","39","88","76","7","12","75","62","51","57",
"1500000US040131166052","Block Group 2, Census Tract 1166.05, Maricopa County, Arizona","1410","133","32","31","0","17","84","80","39","34","83","64","61","61","0","17","84","83","75","57","39","34","180","108","380","120","203","87","28","31","50","55","72","71",
"1500000US040131166061","Block Group 1, Census Tract 1166.06, Maricopa County, Arizona","598","121","0","12","28","32","0","12","62","70","78","72","0","12","0","12","0","12","16","24","98","69","41","29","159","89","35","34","47","63","34","35","0","12",
"1500000US040131166062","Block Group 2, Census Tract 1166.06, Maricopa County, Arizona","512","138","24","27","0","12","0","12","27","33","0","12","74","82","15","17","6","11","87","57","79","60","79","50","83","80","15","19","23","27","0","12","0","12",
"1500000US040131166063","Block Group 3, Census Tract 1166.06, Maricopa County, Arizona","556","153","0","12","0","12","72","90","16","24","0","12","48","48","0","12","23","25","0","12","27","29","122","107","151","79","37","41","32","35","17","22","11","17",
"1500000US040131166071","Block Group 1, Census Tract 1166.07, Maricopa County, Arizona","983","35","41","30","17","18","34","35","12","14","8","11","62","48","87","70","12","15","43","31","72","48","155","51","210","69","112","47","86","50","12","20","20","27",
"1500000US040131166081","Block Group 1, Census Tract 1166.08, Maricopa County, Arizona","998","114","95","66","0","12","8","14","25","28","36","35","12","18","104","90","114","80","58","40","87","64","91","68","95","59","110","63","62","61","49","39","52","38",
"1500000US040131166082","Block Group 2, Census Tract 1166.08, Maricopa County, Arizona","476","104","8","12","0","12","0","12","7","13","90","56","41","51","41","44","15","18","10","16","40","42","49","40","49","37","80","53","25","27","21","34","0","12",
"1500000US040131166091","Block Group 1, Census Tract 1166.09, Maricopa County, Arizona","516","113","12","18","0","12","8","12","26","40","9","17","48","60","7","11","0","12","16","19","40","45","102","77","119","62","46","30","18","20","26","23","39","44",
"1500000US040131166092","Block Group 2, Census Tract 1166.09, Maricopa County, Arizona","888","97","9","15","9","13","0","12","0","12","10","16","22","23","28","44","13","20","13","17","7","11","112","74","210","82","137","71","160","85","130","70","28","27",
"1500000US040131166101","Block Group 1, Census Tract 1166.10, Maricopa County, Arizona","513","103","13","22","0","12","0","12","0","12","7","12","0","12","26","30","0","12","43","49","66","63","53","53","68","61","110","59","76","51","44","37","7","11",
"1500000US040131166102","Block Group 2, Census Tract 1166.10, Maricopa County, Arizona","1249","112","39","44","0","12","0","12","22","24","20","31","14","23","61","56","49","75","126","94","128","80","58","47","270","102","221","91","123","75","57","35","61","50",
"1500000US040131166111","Block Group 1, Census Tract 1166.11, Maricopa County, Arizona","479","113","0","12","0","12","9","15","9","16","17","23","0","12","14","16","0","12","0","12","24","31","33","30","92","63","24","26","41","31","65","58","151","75",
"1500000US040131166112","Block Group 2, Census Tract 1166.11, Maricopa County, Arizona","599","120","17","21","5","12","34","56","19","20","16","26","88","80","0","12","0","12","0","12","32","29","16","18","111","70","112","75","40","39","57","35","52","59",
"1500000US040131166121","Block Group 1, Census Tract 1166.12, Maricopa County, Arizona","836","137","11","18","0","12","94","90","7","17","24","40","0","12","43","41","15","24","10","15","11","18","50","43","253","105","152","65","26","35","65","65","75","57",
"1500000US040131166122","Block Group 2, Census Tract 1166.12, Maricopa County, Arizona","313","127","0","12","0","12","0","12","0","12","49","73","0","12","0","12","11","18","0","12","0","12","40","29","39","34","23","29","52","71","24","31","75","69",
"1500000US040131166123","Block Group 3, Census Tract 1166.12, Maricopa County, Arizona","688","131","0","12","14","21","16","25","0","12","15","23","43","50","0","12","10","14","0","12","96","74","145","105","106","52","93","64","11","16","86","61","53","63",
"1500000US040131166131","Block Group 1, Census Tract 1166.13, Maricopa County, Arizona","805","186","55","66","0","12","0","12","94","139","0","12","0","12","0","12","52","74","96","109","46","50","91","75","195","136","96","81","45","63","0","12","35","46",
"1500000US040131166132","Block Group 2, Census Tract 1166.13, Maricopa County, Arizona","632","146","0","12","25","46","0","12","0","12","0","12","0","12","54","87","52","51","47","55","106","74","23","31","117","85","61","56","22","31","88","85","37","58",
"1500000US040131166133","Block Group 3, Census Tract 1166.13, Maricopa County, Arizona","1060","176","6","11","9","16","0","12","0","12","18","24","50","66","73","101","68","62","0","12","110","105","69","54","184","99","167","99","215","116","48","52","43","59",
"1500000US040131167021","Block Group 1, Census Tract 1167.02, Maricopa County, Arizona","586","175","0","12","69","76","0","12","0","12","28","46","61","87","21","38","74","85","58","84","103","91","39","46","121","90","12","18","0","12","0","12","0","12",
"1500000US040131167022","Block Group 2, Census Tract 1167.02, Maricopa County, Arizona","720","201","36","45","82","87","71","71","12","22","51","53","23","38","49","62","178","126","0","12","48","62","119","114","30","48","3","26","0","12","18","35","0","12",
"1500000US040131167023","Block Group 3, Census Tract 1167.02, Maricopa County, Arizona","674","178","32","41","11","16","20","32","26","53","118","108","43","59","14","24","0","12","31","37","149","138","61","49","101","81","55","64","13","21","0","12","0","12",
"1500000US040131167024","Block Group 4, Census Tract 1167.02, Maricopa County, Arizona","415","129","0","12","14","23","0","12","0","12","0","12","17","28","56","57","8","14","0","12","12","19","17","24","90","78","69","66","72","78","60","75","0","12",
"1500000US040131167025","Block Group 5, Census Tract 1167.02, Maricopa County, Arizona","261","133","24","39","3","11","0","12","86","106","0","12","0","12","0","12","0","12","0","12","48","57","31","36","34","38","15","26","0","12","20","33","0","12",
"1500000US040131167031","Block Group 1, Census Tract 1167.03, Maricopa County, Arizona","787","126","37","33","10","16","33","32","22","35","26","27","29","27","79","79","22","26","69","62","57","49","37","31","187","71","35","44","77","64","51","51","16","19",
"1500000US040131167032","Block Group 2, Census Tract 1167.03, Maricopa County, Arizona","736","122","0","12","0","12","36","56","0","12","34","42","27","25","8","13","0","12","9","14","47","56","110","74","108","77","151","82","60","57","48","32","98","62",
"1500000US040131167041","Block Group 1, Census Tract 1167.04, Maricopa County, Arizona","892","209","33","41","0","12","0","12","42","47","0","12","37","42","45","50","34","40","117","102","15","24","245","140","117","66","61","87","54","50","32","38","60","56",
"1500000US040131167042","Block Group 2, Census Tract 1167.04, Maricopa County, Arizona","1374","215","14","23","54","52","0","12","64","100","0","12","114","108","59","58","81","98","63","52","81","76","221","163","284","139","134","86","94","108","70","58","41","40",
"1500000US040131167043","Block Group 3, Census Tract 1167.04, Maricopa County, Arizona","1210","193","33","39","0","12","54","87","27","35","20","36","35","42","0","12","0","12","0","12","65","56","146","96","51","50","201","124","88","63","268","96","222","122",
"1500000US040131167071","Block Group 1, Census Tract 1167.07, Maricopa County, Arizona","632","65","10","16","11","17","25","25","0","12","36","35","18","22","54","53","37","33","9","15","45","46","39","33","80","41","43","30","75","59","78","49","72","58",
"1500000US040131167072","Block Group 2, Census Tract 1167.07, Maricopa County, Arizona","556","70","22","24","9","15","0","12","0","12","0","12","9","15","18","20","25","27","0","12","20","22","34","32","61","43","102","50","56","36","127","64","73","54",
"1500000US040131167081","Block Group 1, Census Tract 1167.08, Maricopa County, Arizona","578","90","33","37","0","12","0","12","0","12","41","40","60","48","0","12","15","24","39","64","58","48","58","48","84","59","45","45","49","46","0","12","96","56",
"1500000US040131167082","Block Group 2, Census Tract 1167.08, Maricopa County, Arizona","523","121","15","25","0","12","29","32","33","36","47","36","77","83","16","26","15","24","0","12","66","52","46","42","48","45","54","38","15","23","30","35","32","36",
"1500000US040131167083","Block Group 3, Census Tract 1167.08, Maricopa County, Arizona","738","141","14","23","0","12","16","25","34","38","62","76","67","42","48","46","102","79","0","12","44","46","55","44","149","108","119","99","13","21","15","29","0","12",
"1500000US040131167084","Block Group 4, Census Tract 1167.08, Maricopa County, Arizona","754","117","0","12","47","44","49","45","12","20","50","45","60","42","72","73","30","34","29","25","42","38","57","45","64","38","90","56","28","30","45","43","79","89",
"1500000US040131167091","Block Group 1, Census Tract 1167.09, Maricopa County, Arizona","890","85","98","80","18","22","19","21","41","66","6","9","29","22","22","21","56","40","10","16","107","67","162","66","156","85","58","37","35","25","34","29","39","26",
"1500000US040131167092","Block Group 2, Census Tract 1167.09, Maricopa County, Arizona","320","43","6","9","5","8","6","9","7","10","0","12","5","9","10","15","15","17","7","14","27","30","104","42","22","19","57","38","20","18","25","23","4","6",
"1500000US040131167101","Block Group 1, Census Tract 1167.10, Maricopa County, Arizona","584","74","15","24","0","12","0","12","0","12","11","17","0","12","10","15","42","49","12","18","19","22","43","33","58","35","71","46","34","27","89","41","180","51",
"1500000US040131167102","Block Group 2, Census Tract 1167.10, Maricopa County, Arizona","621","68","9","15","23","25","0","12","14","21","0","12","0","12","20","22","0","12","0","12","10","15","68","48","56","37","31","28","81","54","91","45","218","60",
"1500000US040131167103","Block Group 3, Census Tract 1167.10, Maricopa County, Arizona","526","65","0","12","0","12","0","12","0","12","0","12","0","12","0","12","0","12","0","12","32","29","43","33","46","32","79","38","66","36","107","51","153","65",
"1500000US040131167111","Block Group 1, Census Tract 1167.11, Maricopa County, Arizona","291","41","23","18","0","12","10","11","11","13","5","7","5","8","9","11","5","8","21","20","10","12","23","15","60","28","33","22","21","18","39","22","16","15",
"1500000US040131167112","Block Group 2, Census Tract 1167.11, Maricopa County, Arizona","514","53","14","15","0","12","21","24","0","12","0","12","0","12","42","43","82","53","8","10","42","42","84","51","63","41","77","47","16","14","37","28","28","21",
"1500000US040131167121","Block Group 1, Census Tract 1167.12, Maricopa County, Arizona","1551","206","62","56","56","90","19","30","48","59","125","112","54","60","128","82","124","150","17","28","85","70","276","184","282","165","70","55","33","37","72","70","100","77",
"1500000US040131167122","Block Group 2, Census Tract 1167.12, Maricopa County, Arizona","665","190","0","12","0","12","0","12","0","12","26","36","0","12","24","39","0","12","0","12","55","85","122","127","85","73","254","153","60","52","39","48","0","12",
"1500000US040131167123","Block Group 3, Census Tract 1167.12, Maricopa County, Arizona","997","158","0","12","20","31","20","33","25","41","0","12","27","43","19","31","0","12","0","12","38","40","126","97","236","127","183","96","95","67","133","85","75","65",
"1500000US040131167131","Block Group 1, Census Tract 1167.13, Maricopa County, Arizona","514","127","20","32","0","12","34","39","59","71","40","46","57","87","40","42","0","12","35","40","35","41","57","52","22","36","48","47","19","33","31","33","17","29",
"1500000US040131167132","Block Group 2, Census Tract 1167.13, Maricopa County, Arizona","361","88","0","12","0","12","0","12","0","12","0","12","0","12","23","32","18","29","0","12","12","21","18","28","85","64","84","75","32","47","27","34","62","52",
"1500000US040131167133","Block Group 3, Census Tract 1167.13, Maricopa County, Arizona","389","123","20","30","17","25","0","12","0","12","0","12","0","12","0","12","0","12","0","12","11","19","39","44","140","105","0","12","87","73","23","27","52","48",
"1500000US040131167134","Block Group 4, Census Tract 1167.13, Maricopa County, Arizona","647","116","17","26","17","26","21","33","12","19","0","12","17","27","0","12","12","20","70","57","11","16","79","60","50","46","136","83","55","67","75","47","75","68",
"1500000US040131167135","Block Group 5, Census Tract 1167.13, Maricopa County, Arizona","405","99","0","12","10","18","0","12","26","29","0","12","25","42","0","12","19","30","32","36","12","20","14","24","39","46","108","71","46","48","74","57","0","12",
"1500000US040131167141","Block Group 1, Census Tract 1167.14, Maricopa County, Arizona","640","64","7","13","16","24","0","12","0","12","45","44","19","21","6","11","42","54","13","22","36","21","23","18","73","43","101","75","115","60","64","49","80","38",
"1500000US040131167142","Block Group 2, Census Tract 1167.14, Maricopa County, Arizona","621","73","20","21","0","12","7","14","9","13","0","12","24","26","7","11","0","12","0","12","77","60","57","39","110","60","74","39","47","34","71","52","118","57",
"1500000US040131167151","Block Group 1, Census Tract 1167.15, Maricopa County, Arizona","489","48","14","21","3","5","0","12","13","11","4","7","13","12","4","6","26","28","14","16","28","25","44","27","35","31","124","37","20","19","68","26","79","36",
"1500000US040131167152","Block Group 2, Census Tract 1167.15, Maricopa County, Arizona","392","54","8","8","12","19","19","15","11","10","24","21","20","14","7","9","9","9","17","15","34","22","31","25","43","20","24","16","14","14","54","33","65","41",
"1500000US040131167171","Block Group 1, Census Tract 1167.17, Maricopa County, Arizona","824","120","88","56","0","12","12","18","85","54","0","12","59","47","16","19","83","56","8","16","81","71","199","87","99","73","38","35","17","26","30","32","9","14",
"1500000US040131167172","Block Group 2, Census Tract 1167.17, Maricopa County, Arizona","722","97","12","17","11","21","7","18","56","49","75","65","34","36","105","75","11","19","13","19","104","63","47","46","91","66","51","33","77","48","13","19","15","23",
"1500000US040131167181","Block Group 1, Census Tract 1167.18, Maricopa County, Arizona","1311","99","105","60","59","66","57","55","53","50","35","28","76","47","22","21","11","17","73","58","145","55","190","81","195","81","171","89","34","26","65","41","20","20",
"1500000US040131167191","Block Group 1, Census Tract 1167.19, Maricopa County, Arizona","691","118","0","12","0","12","0","12","0","12","0","12","14","24","48","46","0","12","0","12","77","66","34","37","99","68","155","70","64","60","73","57","127","104",
"1500000US040131167192","Block Group 2, Census Tract 1167.19, Maricopa County, Arizona","472","136","27","44","0","12","22","36","0","12","0","12","0","12","54","67","83","122","26","44","43","53","0","12","102","76","48","50","23","36","44","48","0","12",
"1500000US040131167193","Block Group 3, Census Tract 1167.19, Maricopa County, Arizona","611","157","0","12","20","30","0","12","26","39","22","38","0","12","0","12","9","17","0","12","30","35","18","32","57","58","86","92","66","83","58","61","219","122",
"1500000US040131167194","Block Group 4, Census Tract 1167.19, Maricopa County, Arizona","761","187","54","52","0","12","0","12","0","12","0","12","0","12","64","95","0","12","15","25","60","61","92","84","92","70","106","96","70","60","122","78","86","65",
"1500000US040131167201","Block Group 1, Census Tract 1167.20, Maricopa County, Arizona","632","85","45","57","0","12","11","16","21","20","18","20","16","24","16","25","43","34","0","12","54","42","65","41","108","56","82","50","39","35","55","36","59","36",
"1500000US040131167202","Block Group 2, Census Tract 1167.20, Maricopa County, Arizona","412","76","16","26","14","22","0","12","41","33","6","9","36","44","21","24","23","26","14","16","24","29","40","34","115","65","30","31","18","26","14","23","0","12",
"1500000US040131167203","Block Group 3, Census Tract 1167.20, Maricopa County, Arizona","739","94","21","34","12","21","0","12","20","34","68","73","34","38","83","54","11","13","19","18","124","71","88","50","88","45","82","52","12","18","41","34","36","32",
"1500000US040131167211","Block Group 1, Census Tract 1167.21, Maricopa County, Arizona","546","75","19","22","0","12","8","13","18","19","0","12","0","12","0","12","8","12","0","12","38","21","26","24","85","41","83","42","81","42","44","27","136","65",
"1500000US040131167212","Block Group 2, Census Tract 1167.21, Maricopa County, Arizona","768","90","0","12","0","12","9","13","16","19","10","17","15","17","35","40","33","25","0","12","89","58","106","70","81","53","172","76","63","53","70","37","69","38",
"1500000US040131167251","Block Group 1, Census Tract 1167.25, Maricopa County, Arizona","377","104","0","12","6","16","0","12","0","12","0","12","0","12","17","28","56","72","17","28","11","19","9","20","34","44","50","57","48","45","87","62","42","34",
"1500000US040131167252","Block Group 2, Census Tract 1167.25, Maricopa County, Arizona","366","150","18","28","0","12","11","18","0","12","0","12","48","47","25","38","31","47","27","33","0","12","0","12","57","89","37","45","60","97","0","12","52","52",
"1500000US040131167253","Block Group 3, Census Tract 1167.25, Maricopa County, Arizona","589","115","28","35","0","12","0","12","0","12","0","12","0","12","21","30","0","12","17","27","11","20","67","50","19","29","69","84","38","44","55","52","264","75",
"1500000US040131167254","Block Group 4, Census Tract 1167.25, Maricopa County, Arizona","953","162","127","147","0","12","0","12","47","76","21","32","19","31","25","30","24","37","51","52","140","119","85","86","149","130","42","53","25","34","48","50","150","112",
"1500000US040131167271","Block Group 1, Census Tract 1167.27, Maricopa County, Arizona","885","84","43","31","9","16","0","12","8","13","7","12","0","12","0","12","0","12","0","12","11","18","53","35","129","53","110","74","99","48","176","69","240","75",
"1500000US040131167272","Block Group 2, Census Tract 1167.27, Maricopa County, Arizona","538","70","9","14","0","12","0","12","0","12","8","12","0","12","10","15","0","12","0","12","36","31","18","21","41","33","96","52","32","29","84","44","204","62",
"1500000US040131167281","Block Group 1, Census Tract 1167.28, Maricopa County, Arizona","417","78","0","12","0","12","0","12","22","24","0","12","0","12","0","12","0","12","0","12","8","11","4","8","80","60","98","51","22","21","90","45","93","49",
"1500000US040131167282","Block Group 2, Census Tract 1167.28, Maricopa County, Arizona","724","76","4","7","14","16","0","12","9","15","19","21","0","12","7","12","10","16","11","16","0","12","51","33","106","49","50","35","30","26","113","50","300","66",
"1500000US040131167283","Block Group 3, Census Tract 1167.28, Maricopa County, Arizona","537","79","0","12","0","12","0","12","0","12","0","12","0","12","0","12","0","12","0","12","23","36","18","22","32","29","77","54","63","52","145","74","179","65",
"1500000US040131167291","Block Group 1, Census Tract 1167.29, Maricopa County, Arizona","438","73","0","12","0","12","0","12","0","12","0","12","0","12","22","24","18","20","0","12","9","15","20","22","36","25","65","37","75","50","77","39","116","59",
"1500000US040131167292","Block Group 2, Census Tract 1167.29, Maricopa County, Arizona","672","81","8","13","65","63","0","12","11","18","8","12","0","12","36","30","0","12","11","18","24","26","33","26","28","29","68","41","79","43","57","35","244","78",
"1500000US040131167293","Block Group 3, Census Tract 1167.29, Maricopa County, Arizona","369","57","0","12","0","12","14","23","5","9","0","12","5","8","0","12","0","12","0","12","18","21","14","19","16","17","38","37","11","17","86","58","162","55",
"1500000US040131167301","Block Group 1, Census Tract 1167.30, Maricopa County, Arizona","627","47","0","12","7","10","5","8","8","11","0","12","6","8","25","34","8","9","16","16","17","16","53","34","48","33","97","43","61","32","127","39","149","44",
"1500000US040131167311","Block Group 1, Census Tract 1167.31, Maricopa County, Arizona","704","96","26","35","0","12","0","12","0","12","0","12","0","12","0","12","23","25","33","28","58","41","40","24","99","52","58","40","82","54","162","67","123","53",
"1500000US040131167312","Block Group 2, Census Tract 1167.31, Maricopa County, Arizona","444","74","0","12","0","12","0","12","0","12","9","15","0","12","0","12","0","12","0","12","0","12","19","22","47","38","66","49","98","54","84","38","121","54",
"1500000US040131167321","Block Group 1, Census Tract 1167.32, Maricopa County, Arizona","718","114","30","27","58","67","27","25","13","20","12","19","45","37","27","29","0","12","11","17","55","60","41","34","93","72","92","51","46","34","56","40","112","58",
"1500000US040131167322","Block Group 2, Census Tract 1167.32, Maricopa County, Arizona","434","99","0","12","12","20","38","42","10","15","50","44","39","35","24","28","32","51","10","16","34","35","27","27","38","55","42","61","0","12","0","12","78","69",
"1500000US040131167331","Block Group 1, Census Tract 1167.33, Maricopa County, Arizona","103","34","18","23","0","12","0","12","5","8","0","12","4","8","5","7","0","12","0","12","0","12","0","12","10","8","0","12","11","12","0","12","50","29",
"1500000US040131168001","Block Group 1, Census Tract 1168, Maricopa County, Arizona","363","87","84","64","64","58","42","42","8","12","0","12","24","31","23","36","4","8","56","54","0","12","26","42","8","13","0","12","0","12","24","38","0","12",
"1500000US040131168002","Block Group 2, Census Tract 1168, Maricopa County, Arizona","709","86","34","28","6","11","20","20","59","46","36","24","101","64","6","10","66","47","44","30","13","14","54","29","66","35","69","47","33","20","31","22","71","39",
"1500000US040131169001","Block Group 1, Census Tract 1169, Maricopa County, Arizona","602","57","61","48","4","6","69","43","35","25","88","60","28","36","13","13","90","58","12","16","63","45","27","22","78","49","6","10","15","18","13","19","0","12",
"1500000US040131170001","Block Group 1, Census Tract 1170, Maricopa County, Arizona","728","198","39","43","20","32","25","40","65","86","48","55","40","51","55","85","21","37","41","33","183","139","19","30","97","66","12","21","36","33","19","36","8","15",
"1500000US040131170002","Block Group 2, Census Tract 1170, Maricopa County, Arizona","899","194","124","101","109","74","166","134","15","26","17","31","62","85","0","12","36","59","68","53","0","12","58","47","177","134","7","30","0","12","60","93","0","12",
"1500000US040131170003","Block Group 3, Census Tract 1170, Maricopa County, Arizona","705","161","95","69","21","33","0","12","19","31","218","144","53","86","0","12","72","68","0","12","56","78","101","71","24","38","19","33","0","12","22","35","5","14",
"1500000US040131171001","Block Group 1, Census Tract 1171, Maricopa County, Arizona","1065","107","95","58","9","14","95","74","42","52","19","22","90","71","45","42","45","34","25","26","119","60","125","81","124","61","136","70","46","47","0","12","50","55",
"1500000US040131171002","Block Group 2, Census Tract 1171, Maricopa County, Arizona","382","101","9","15","0","12","21","25","0","12","9","14","0","12","21","27","2","8","26","27","8","14","65","56","114","77","37","31","19","29","14","22","37","36",
"1500000US040131172001","Block Group 1, Census Tract 1172, Maricopa County, Arizona","88","28","7","7","0","12","0","12","0","12","5","7","6","8","0","12","0","12","7","8","9","14","39","24","3","6","12","15","0","12","0","12","0","12",
"1500000US040131172002","Block Group 2, Census Tract 1172, Maricopa County, Arizona","223","55","8","8","32","26","5","7","22","20","8","12","14","13","21","21","26","25","16","22","29","28","25","23","9","10","0","12","4","5","4","6","0","12",
"1500000US040131173001","Block Group 1, Census Tract 1173, Maricopa County, Arizona","225","55","24","15","6","12","34","35","9","16","32","34","6","8","15","20","5","13","0","12","40","29","0","12","43","35","11","17","0","12","0","12","0","12",
"1500000US040131173002","Block Group 2, Census Tract 1173, Maricopa County, Arizona","180","54","77","36","39","36","7","13","19","22","0","12","11","16","0","12","0","12","0","12","17","21","0","12","4","13","0","12","0","12","6","9","0","12",
"1500000US040132168061","Block Group 1, Census Tract 2168.06, Maricopa County, Arizona","881","97","74","47","10","15","50","35","22","26","14","23","11","17","0","12","20","21","99","65","45","38","113","79","65","39","69","60","150","84","41","34","98","44",
"1500000US040132168062","Block Group 2, Census Tract 2168.06, Maricopa County, Arizona","870","101","40","48","12","19","18","20","12","18","22","25","0","12","9","14","20","22","45","48","177","98","81","68","52","33","58","40","79","48","84","62","161","89",
"1500000US040132168071","Block Group 1, Census Tract 2168.07, Maricopa County, Arizona","873","148","52","46","0","12","29","32","0","12","0","12","0","12","68","50","0","12","15","25","32","35","117","93","132","99","47","36","42","45","85","61","254","103",
"1500000US040132168072","Block Group 2, Census Tract 2168.07, Maricopa County, Arizona","931","151","33","35","0","12","29","32","0","12","35","39","0","12","0","12","16","26","23","36","77","80","141","80","47","44","29","36","265","140","41","41","195","79",
"1500000US040132168073","Block Group 3, Census Tract 2168.07, Maricopa County, Arizona","555","103","57","68","0","12","0","12","0","12","0","12","11","17","0","12","0","12","17","27","16","24","23","35","124","87","102","96","83","68","43","40","79","62",
"1500000US040132168091","Block Group 1, Census Tract 2168.09, Maricopa County, Arizona","1037","139","30","28","7","12","15","19","0","12","7","12","15","17","8","13","26","25","70","70","46","28","48","34","111","78","81","43","40","29","166","90","367","108",
"1500000US040132168092","Block Group 2, Census Tract 2168.09, Maricopa County, Arizona","420","80","0","12","8","12","12","19","0","12","0","12","13","19","0","12","10","16","0","12","10","15","56","49","28","26","20","22","51","34","50","37","162","65",
"1500000US040132168093","Block Group 3, Census Tract 2168.09, Maricopa County, Arizona","548","98","11","17","7","10","0","12","0","12","20","22","11","19","10","15","12","19","0","12","0","12","42","57","20","25","64","46","26","24","32","30","293","79",
"1500000US040132168101","Block Group 1, Census Tract 2168.10, Maricopa County, Arizona","1053","98","85","36","42","30","56","31","65","39","42","23","78","38","49","36","65","35","80","46","66","36","104","48","94","46","142","62","34","31","27","20","24","17",
"1500000US040132168131","Block Group 1, Census Tract 2168.13, Maricopa County, Arizona","574","114","15","25","18","29","0","12","18","29","50","79","18","29","0","12","18","28","0","12","16","26","18","29","30","35","65","47","65","50","48","45","195","79",
"1500000US040132168132","Block Group 2, Census Tract 2168.13, Maricopa County, Arizona","580","131","15","23","31","37","67","86","14","23","0","12","0","12","73","79","0","12","16","25","0","12","82","59","46","42","36","40","16","27","93","86","91","56",
"1500000US040132168133","Block Group 3, Census Tract 2168.13, Maricopa County, Arizona","417","110","16","25","21","33","0","12","16","26","0","12","17","27","0","12","16","26","0","12","12","19","0","12","78","56","118","99","18","29","65","46","40","39",
"1500000US040132168134","Block Group 4, Census Tract 2168.13, Maricopa County, Arizona","515","97","0","12","17","29","31","37","0","12","0","12","0","12","0","12","0","12","0","12","0","12","16","25","107","71","35","38","63","43","79","89","167","84",
"1500000US040132168161","Block Group 1, Census Tract 2168.16, Maricopa County, Arizona","851","176","0","12","0","12","22","35","0","12","32","37","17","28","18","30","0","12","70","103","52","48","144","111","37","56","51","49","133","95","134","89","141","76",
"1500000US040132168162","Block Group 2, Census Tract 2168.16, Maricopa County, Arizona","697","142","0","12","0","12","0","12","0","12","0","12","0","12","17","28","0","12","0","12","36","43","52","83","39","44","71","58","114","111","184","77","184","85",
"1500000US040132168163","Block Group 3, Census Tract 2168.16, Maricopa County, Arizona","831","176","22","34","0","12","0","12","0","12","13","22","17","27","99","124","0","12","59","95","39","44","22","35","159","104","117","65","50","45","113","58","121","68",
"1500000US040132168181","Block Group 1, Census Tract 2168.18, Maricopa County, Arizona","598","140","45","53","0","12","57","90","53","49","40","44","0","12","11","19","17","27","37","42","0","12","14","22","123","81","34","38","25","39","40","45","102","93",
"1500000US040132168182","Block Group 2, Census Tract 2168.18, Maricopa County, Arizona","657","124","0","12","0","12","0","12","41","47","0","12","24","38","18","28","54","50","21","34","44","48","68","52","62","49","91","61","131","95","0","12","103","61",
"1500000US040132168183","Block Group 3, Census Tract 2168.18, Maricopa County, Arizona","975","168","77","63","23","36","20","33","141","121","34","39","42","46","65","52","27","32","0","12","90","65","174","94","94","68","99","87","55","42","15","24","19","29",
"1500000US040132168184","Block Group 4, Census Tract 2168.18, Maricopa County, Arizona","664","215","0","12","0","12","91","69","56","53","18","28","71","111","34","38","65","60","23","37","0","12","57","55","104","122","110","119","0","12","18","29","17","26",
"1500000US040132168185","Block Group 5, Census Tract 2168.18, Maricopa County, Arizona","1042","227","21","33","0","12","16","26","19","31","74","58","51","47","18","29","62","102","67","97","106","64","217","150","111","69","113","66","147","134","20","32","0","12",
"1500000US040132168191","Block Group 1, Census Tract 2168.19, Maricopa County, Arizona","1208","155","17","28","12","19","0","12","29","36","0","12","16","25","36","41","61","53","35","39","65","51","116","81","137","88","112","65","94","67","257","127","221","99",
"1500000US040132168192","Block Group 2, Census Tract 2168.19, Maricopa County, Arizona","915","117","17","30","34","39","49","45","37","42","21","35","0","12","21","35","17","27","11","18","70","46","76","57","199","91","117","83","22","35","78","59","146","84",
"1500000US040132168193","Block Group 3, Census Tract 2168.19, Maricopa County, Arizona","746","108","39","44","16","25","0","12","17","26","37","53","47","43","14","22","0","12","28","32","0","12","39","42","194","92","18","28","73","61","82","57","142","78",
"1500000US040132168201","Block Group 1, Census Tract 2168.20, Maricopa County, Arizona","614","120","0","12","28","46","19","23","9","13","7","11","14","17","4","8","8","13","19","22","81","57","107","65","57","37","95","45","54","34","40","23","72","47",
"1500000US040132168202","Block Group 2, Census Tract 2168.20, Maricopa County, Arizona","937","126","81","55","15","18","10","15","26","23","30","27","30","25","43","48","35","29","25","29","62","50","90","69","178","98","66","47","139","73","76","59","31","38",
"1500000US040132168203","Block Group 3, Census Tract 2168.20, Maricopa County, Arizona","576","102","11","16","0","12","0","12","0","12","0","12","0","12","16","20","7","12","17","28","64","55","141","81","88","54","92","50","17","19","29","27","94","54",
"1500000US040132168211","Block Group 1, Census Tract 2168.21, Maricopa County, Arizona","529","127","15","25","0","12","0","12","0","12","0","12","0","12","0","12","0","12","52","47","33","39","140","99","31","35","44","40","33","35","22","38","159","130",
"1500000US040132168212","Block Group 2, Census Tract 2168.21, Maricopa County, Arizona","938","175","52","51","18","28","0","12","0","12","67","49","16","26","74","98","0","12","51","37","0","12","66","55","139","75","125","72","54","82","66","51","210","93",
"1500000US040132168213","Block Group 3, Census Tract 2168.21, Maricopa County, Arizona","1066","184","56","55","12","21","34","37","0","12","17","27","143","112","20","31","47","44","17","28","68","54","77","59","44","42","124","103","124","71","126","110","157","83",
"1500000US040132168214","Block Group 4, Census Tract 2168.21, Maricopa County, Arizona","453","93","0","12","0","12","0","12","0","12","0","12","0","12","0","12","0","12","0","12","17","27","38","41","40","44","46","43","47","43","81","58","184","77",
"1500000US040132168221","Block Group 1, Census Tract 2168.22, Maricopa County, Arizona","639","84","0","12","0","12","24","25","0","12","19","21","0","12","20","17","19","16","20","23","31","28","41","32","55","35","98","50","33","29","40","31","239","81",
"1500000US040132168222","Block Group 2, Census Tract 2168.22, Maricopa County, Arizona","790","113","41","31","0","12","10","15","30","29","20","22","40","49","19","21","0","12","0","12","19","21","85","68","106","43","86","41","63","39","114","52","157","64",
"1500000US040132168223","Block Group 3, Census Tract 2168.22, Maricopa County, Arizona","514","80","43","56","10","16","0","12","10","16","10","15","30","48","10","16","0","12","0","12","10","15","23","24","31","28","40","48","51","35","81","63","165","73",
"1500000US040132168261","Block Group 1, Census Tract 2168.26, Maricopa County, Arizona","517","130","47","43","18","28","0","12","122","82","48","43","13","20","32","36","14","22","10","14","48","44","40","47","18","32","17","27","30","35","26","33","34","54",
"1500000US040132168262","Block Group 2, Census Tract 2168.26, Maricopa County, Arizona","1041","160","52","42","72","75","54","68","10","16","0","12","0","12","112","85","30","35","13","21","117","76","62","52","138","75","127","67","64","76","152","128","38","44",
"1500000US040132168263","Block Group 3, Census Tract 2168.26, Maricopa County, Arizona","599","132","33","38","13","22","16","25","47","77","24","31","0","12","0","12","67","88","41","43","95","70","41","37","135","102","36","45","0","12","18","28","33","38",
"1500000US040132168264","Block Group 4, Census Tract 2168.26, Maricopa County, Arizona","252","83","0","12","14","22","0","12","0","12","13","20","13","21","0","12","0","12","0","12","13","25","37","44","54","45","26","39","0","12","0","12","82","58",
"1500000US040132168291","Block Group 1, Census Tract 2168.29, Maricopa County, Arizona","962","197","64","101","18","30","0","12","0","12","17","27","0","12","95","102","0","12","72","87","14","25","36","41","54","56","120","85","137","91","91","74","244","147",
"1500000US040132168292","Block Group 2, Census Tract 2168.29, Maricopa County, Arizona","979","163","0","12","0","12","0","12","17","28","17","27","0","12","50","83","15","24","18","28","111","67","146","107","66","56","111","68","71","57","85","46","272","109",
"1500000US040132168293","Block Group 3, Census Tract 2168.29, Maricopa County, Arizona","663","126","18","29","0","12","0","12","17","26","0","12","35","39","0","12","36","41","17","26","17","26","36","31","59","68","33","38","36","40","110","69","249","110",
"1500000US040132168301","Block Group 1, Census Tract 2168.30, Maricopa County, Arizona","878","123","28","26","47","56","52","49","23","29","59","58","0","12","110","79","27","24","36","29","95","44","34","31","123","66","107","71","43","51","0","12","94","55",
"1500000US040132168302","Block Group 2, Census Tract 2168.30, Maricopa County, Arizona","816","115","53","47","18","19","89","56","23","36","60","58","53","35","73","54","20","23","42","26","20","27","88","53","70","48","69","55","17","21","51","48","70","40",
"1500000US040132168311","Block Group 1, Census Tract 2168.31, Maricopa County, Arizona","381","58","21","22","23","26","0","12","0","12","0","12","0","12","0","12","0","12","10","15","29","41","25","27","45","35","20","23","52","36","46","31","110","49",
"1500000US040132168312","Block Group 2, Census Tract 2168.31, Maricopa County, Arizona","789","108","22","25","12","18","10","15","0","12","11","17","10","16","0","12","15","24","22","25","40","30","131","59","82","52","68","42","33","32","128","52","205","69",
"1500000US040132168321","Block Group 1, Census Tract 2168.32, Maricopa County, Arizona","626","104","39","32","31","26","37","30","20","21","18","20","10","15","35","44","8","14","14","23","0","12","35","27","63","40","45","35","20","25","75","41","176","86",
"1500000US040132168322","Block Group 2, Census Tract 2168.32, Maricopa County, Arizona","664","124","59","56","0","12","0","12","50","53","53","41","8","13","63","44","32","28","0","12","19","20","43","35","95","66","39","34","37","35","29","27","137","54",
"1500000US040132168331","Block Group 1, Census Tract 2168.33, Maricopa County, Arizona","965","130","0","12","38","43","20","32","38","45","37","40","53","59","0","12","41","50","47","48","66","63","105","76","189","131","86","66","83","106","48","48","114","80",
"1500000US040132168332","Block Group 2, Census Tract 2168.33, Maricopa County, Arizona","660","129","34","40","0","12","0","12","0","12","26","43","20","32","0","12","9","16","28","32","15","24","32","36","110","122","49","49","94","72","138","84","105","71",
"1500000US040132168333","Block Group 3, Census Tract 2168.33, Maricopa County, Arizona","642","136","0","12","32","36","0","12","18","30","0","12","0","12","0","12","21","33","0","12","28","32","16","27","185","120","84","54","35","41","74","92","149","87",
"1500000US040132168341","Block Group 1, Census Tract 2168.34, Maricopa County, Arizona","542","89","9","15","11","20","54","52","7","11","21","24","11","16","9","14","7","12","5","8","44","27","29","27","46","34","29","27","53","52","45","32","162","75",
"1500000US040132168342","Block Group 2, Census Tract 2168.34, Maricopa County, Arizona","554","89","8","12","19","27","19","20","18","22","54","51","19","21","19","22","4","9","6","9","30","26","56","41","5","10","35","25","64","50","74","42","124","44",
"1500000US040132168351","Block Group 1, Census Tract 2168.35, Maricopa County, Arizona","1097","132","69","64","46","47","40","30","11","17","35","58","21","23","20","22","62","59","91","68","112","81","111","48","155","73","77","49","105","48","52","34","90","77",
"1500000US040132168352","Block Group 2, Census Tract 2168.35, Maricopa County, Arizona","582","105","10","15","9","13","10","16","46","58","20","23","20","22","8","13","36","29","0","12","40","28","21","16","75","49","55","37","40","30","106","64","86","44",
"1500000US040132168361","Block Group 1, Census Tract 2168.36, Maricopa County, Arizona","685","87","24","25","19","22","0","12","7","10","0","12","0","12","0","12","13","23","0","12","43","35","46","35","7","12","103","70","68","46","56","35","299","81",
"1500000US040132168362","Block Group 2, Census Tract 2168.36, Maricopa County, Arizona","792","86","0","12","11","19","39","45","0","12","25","28","0","12","0","12","23","26","42","51","42","53","117","57","150","60","50","35","49","36","90","47","154","86",
"1500000US040132168371","Block Group 1, Census Tract 2168.37, Maricopa County, Arizona","879","195","19","30","84","87","16","27","87","82","55","89","14","25","17","27","0","12","26","29","58","45","99","96","147","131","46","42","80","74","77","54","54","43",
"1500000US040132168372","Block Group 2, Census Tract 2168.37, Maricopa County, Arizona","780","134","18","29","16","27","0","12","77","76","0","12","13","20","26","29","0","12","12","19","63","52","53","51","154","94","148","83","71","56","55","47","74","48",
"1500000US040132168373","Block Group 3, Census Tract 2168.37, Maricopa County, Arizona","1100","209","63","57","29","33","0","12","16","26","84","102","129","99","24","30","96","86","107","97","45","41","125","68","246","127","76","50","0","12","16","26","44","44",
"1500000US040132168381","Block Group 1, Census Tract 2168.38, Maricopa County, Arizona","1031","147","56","68","18","31","18","28","56","54","15","23","0","12","16","28","22","34","75","87","63","55","105","59","200","131","0","12","86","69","46","47","255","120",
"1500000US040132168382","Block Group 2, Census Tract 2168.38, Maricopa County, Arizona","550","103","26","41","0","12","0","12","0","12","0","12","18","29","14","21","27","43","30","36","16","27","14","22","16","25","107","96","114","73","84","58","84","57",
"1500000US040132168383","Block Group 3, Census Tract 2168.38, Maricopa County, Arizona","678","125","19","30","16","26","0","12","25","31","0","12","0","12","0","12","0","12","35","41","19","30","43","42","143","100","75","51","141","94","95","60","67","50",
"1500000US040132168391","Block Group 1, Census Tract 2168.39, Maricopa County, Arizona","609","77","8","12","0","12","9","13","0","12","18","20","30","26","38","29","0","12","0","12","38","35","50","31","21","23","75","63","71","39","68","45","183","81",
"1500000US040132168392","Block Group 2, Census Tract 2168.39, Maricopa County, Arizona","590","92","0","12","33","42","28","26","9","13","34","43","9","14","9","15","18","20","0","12","15","17","38","29","49","36","43","32","51","39","149","81","105","50",
"1500000US040132168393","Block Group 3, Census Tract 2168.39, Maricopa County, Arizona","510","83","13","20","0","12","0","12","0","12","18","20","0","12","0","12","12","17","9","13","0","12","72","54","57","47","47","49","89","57","29","26","164","60",
"1500000US040132168401","Block Group 1, Census Tract 2168.40, Maricopa County, Arizona","934","113","13","21","20","23","32","29","9","15","9","15","29","27","31","30","0","12","64","57","20","23","61","41","162","78","66","43","71","41","111","50","236","75",
"1500000US040132168402","Block Group 2, Census Tract 2168.40, Maricopa County, Arizona","474","64","31","46","0","12","0","12","18","22","0","12","0","12","0","12","0","12","0","12","10","16","10","15","66","36","31","28","49","34","80","55","179","53",
"1500000US040132168403","Block Group 3, Census Tract 2168.40, Maricopa County, Arizona","505","75","0","12","0","12","0","12","0","12","0","12","27","46","0","12","0","12","0","12","28","44","54","46","73","38","49","50","12","18","40","31","222","67",
"1500000US040132168411","Block Group 1, Census Tract 2168.41, Maricopa County, Arizona","503","77","26","27","12","20","12","18","12","18","23","26","10","15","0","12","11","17","0","12","36","28","23","25","19","20","54","39","45","36","47","38","173","62",
"1500000US040132168412","Block Group 2, Census Tract 2168.41, Maricopa County, Arizona","1070","81","0","12","0","12","28","33","57","62","22","25","10","16","21","24","0","12","10","15","18","30","46","35","132","66","133","90","152","85","175","85","266","83",
"1500000US040132168421","Block Group 1, Census Tract 2168.42, Maricopa County, Arizona","524","79","10","16","8","13","0","12","8","12","26","23","0","12","0","12","47","49","0","12","0","12","27","23","42","33","80","60","47","33","31","28","198","67",
"1500000US040132168422","Block Group 2, Census Tract 2168.42, Maricopa County, Arizona","787","79","0","12","17","20","20","23","0","12","9","15","0","12","27","24","9","14","28","27","25","22","48","32","50","33","44","31","51","36","148","53","311","86",
"1500000US040132168431","Block Group 1, Census Tract 2168.43, Maricopa County, Arizona","207","50","14","22","0","12","0","12","0","12","36","46","0","12","10","17","0","12","0","12","0","12","9","14","30","22","9","14","0","12","47","33","52","33",
"1500000US040132168432","Block Group 2, Census Tract 2168.43, Maricopa County, Arizona","529","99","68","52","9","15","0","12","0","12","10","15","0","12","9","14","11","17","0","12","0","12","56","60","18","21","24","27","116","66","28","25","180","74",
"1500000US040132168433","Block Group 3, Census Tract 2168.43, Maricopa County, Arizona","1033","127","20","22","28","26","9","14","42","32","69","42","40","30","0","12","43","52","0","12","85","49","18","19","61","35","102","51","102","46","87","45","327","94",
"1500000US040132168441","Block Group 1, Census Tract 2168.44, Maricopa County, Arizona","1046","156","56","41","11","18","9","16","0","12","20","23","17","24","32","28","13","19","23","26","30","30","76","72","160","93","87","41","40","38","183","87","289","115",
"1500000US040132168442","Block Group 2, Census Tract 2168.44, Maricopa County, Arizona","1664","190","55","34","116","65","67","61","87","65","47","42","117","91","47","31","30","28","46","53","162","75","147","88","242","95","166","100","84","62","141","70","110","79",
"1500000US040132168451","Block Group 1, Census Tract 2168.45, Maricopa County, Arizona","504","119","28","34","11","17","35","33","58","68","0","12","0","12","53","56","57","39","0","12","22","37","44","41","74","61","33","30","24","26","32","38","33","27",
"1500000US040132168452","Block Group 2, Census Tract 2168.45, Maricopa County, Arizona","661","135","34","31","10","17","0","12","47","61","11","16","11","17","11","17","43","56","0","12","83","54","62","40","77","61","63","52","44","36","66","65","99","62",
"1500000US040132168461","Block Group 1, Census Tract 2168.46, Maricopa County, Arizona","676","140","14","24","0","12","18","29","0","12","0","12","19","29","0","12","18","29","0","12","0","12","18","29","60","49","96","54","53","77","38","44","342","145",
"1500000US040132168462","Block Group 2, Census Tract 2168.46, Maricopa County, Arizona","1160","178","133","119","0","12","0","12","88","85","0","12","54","53","60","55","91","97","0","12","72","88","18","28","73","59","163","115","38","42","216","110","154","92",
"1500000US040132168463","Block Group 3, Census Tract 2168.46, Maricopa County, Arizona","496","111","19","30","0","12","55","86","0","12","0","12","0","12","19","29","0","12","0","12","38","37","16","25","20","31","70","42","67","54","37","43","155","74",
"1500000US040132168464","Block Group 4, Census Tract 2168.46, Maricopa County, Arizona","765","113","0","12","38","40","20","32","0","12","0","12","37","42","19","31","0","12","0","12","32","35","18","28","124","92","37","45","116","80","56","52","268","128",
"1500000US040132168471","Block Group 1, Census Tract 2168.47, Maricopa County, Arizona","789","156","32","36","15","25","34","38","0","12","0","12","18","29","16","25","0","12","29","35","20","33","0","12","55","54","40","42","128","105","134","90","268","109",
"1500000US040132168472","Block Group 2, Census Tract 2168.47, Maricopa County, Arizona","2301","192","45","42","0","17","0","17","15","27","52","48","34","38","68","55","33","39","15","24","151","119","50","46","85","55","381","153","159","83","336","151","877","177",
"1500000US040132168481","Block Group 1, Census Tract 2168.48, Maricopa County, Arizona","770","155","44","70","0","12","0","12","37","42","49","77","0","12","0","12","0","12","95","83","28","34","19","29","23","37","0","12","57","52","63","55","355","115",
"1500000US040132168482","Block Group 2, Census Tract 2168.48, Maricopa County, Arizona","744","118","15","24","18","29","0","12","0","12","36","41","51","49","0","12","33","38","0","12","0","12","43","49","65","69","118","77","53","48","110","73","202","81",
"1500000US040132168483","Block Group 3, Census Tract 2168.48, Maricopa County, Arizona","1148","147","52","48","15","25","19","31","21","34","19","29","31","40","39","42","0","12","20","33","22","34","19","30","173","110","50","40","147","106","142","81","379","150",
"1500000US040132168491","Block Group 1, Census Tract 2168.49, Maricopa County, Arizona","333","86","0","12","0","12","0","12","0","12","0","12","0","12","0","12","0","12","0","12","13","19","0","12","31","35","34","41","30","37","97","93","128","61",
"1500000US040132168492","Block Group 2, Census Tract 2168.49, Maricopa County, Arizona","365","81","15","25","0","12","16","27","0","12","0","12","14","23","0","12","0","12","0","12","17","27","31","36","13","21","60","71","0","12","31","26","168","74",
"1500000US040132168493","Block Group 3, Census Tract 2168.49, Maricopa County, Arizona","611","92","16","25","36","40","0","12","17","26","0","12","0","12","0","12","0","12","14","23","0","12","0","12","0","12","54","50","57","51","62","50","355","108",
"1500000US040132168494","Block Group 4, Census Tract 2168.49, Maricopa County, Arizona","1312","148","16","25","32","34","33","35","36","40","26","32","0","12","32","27","0","12","39","62","57","48","27","30","47","43","170","91","84","65","223","135","490","154",
"1500000US040132168501","Block Group 1, Census Tract 2168.50, Maricopa County, Arizona","237","71","15","25","0","12","0","12","0","12","0","12","0","12","0","12","0","12","0","12","19","31","71","66","61","50","17","27","0","12","43","55","11","22",
"1500000US040132168502","Block Group 2, Census Tract 2168.50, Maricopa County, Arizona","1239","199","61","99","20","31","0","12","34","38","0","12","18","29","17","27","100","108","28","33","100","104","145","101","221","117","187","129","104","70","97","77","107","61",
"1500000US040132168503","Block Group 3, Census Tract 2168.50, Maricopa County, Arizona","777","166","19","32","0","12","18","31","17","28","17","26","0","12","60","58","41","46","49","44","97","72","89","93","222","139","91","115","18","28","20","32","19","30",
"1500000US040132168511","Block Group 1, Census Tract 2168.51, Maricopa County, Arizona","259","64","0","12","0","12","0","12","0","12","0","12","0","12","9","16","0","12","0","12","0","12","0","12","34","28","36","51","12","19","39","37","129","59",
"1500000US040132168512","Block Group 2, Census Tract 2168.51, Maricopa County, Arizona","648","121","30","27","0","12","25","27","0","12","43","54","43","54","0","12","13","21","0","12","0","12","14","17","73","60","65","54","45","34","107","56","190","73",
"1500000US040132168513","Block Group 3, Census Tract 2168.51, Maricopa County, Arizona","474","109","0","12","0","12","0","12","0","12","0","12","24","27","11","17","0","12","21","35","23","25","0","12","22","25","28","31","48","27","74","53","223","96",
"1500000US040132168514","Block Group 4, Census Tract 2168.51, Maricopa County, Arizona","451","90","19","21","0","12","14","22","13","19","0","12","46","58","0","12","13","20","0","12","6","11","60","41","0","12","21","23","21","23","26","28","212","70",
"1500000US040132168521","Block Group 1, Census Tract 2168.52, Maricopa County, Arizona","1311","167","18","20","47","50","20","22","30","26","131","91","45","30","10","17","35","28","20","23","93","46","248","89","212","88","97","79","63","49","169","95","73","50",
"1500000US040132168522","Block Group 2, Census Tract 2168.52, Maricopa County, Arizona","484","113","0","12","0","12","10","16","0","12","10","15","19","21","43","52","10","15","17","19","40","54","47","32","70","44","49","36","9","14","105","73","55","34",
"1500000US040132168531","Block Group 1, Census Tract 2168.53, Maricopa County, Arizona","907","154","27","31","0","12","16","26","29","34","68","86","20","32","101","84","89","57","36","55","36","44","85","79","138","88","160","130","0","12","89","62","13","22",
"1500000US040132168532","Block Group 2, Census Tract 2168.53, Maricopa County, Arizona","631","167","17","27","0","12","0","12","28","34","0","12","19","32","34","37","16","26","12","20","47","46","104","99","153","119","39","46","18","30","0","12","144","124",
"1500000US040132168533","Block Group 3, Census Tract 2168.53, Maricopa County, Arizona","466","116","14","25","0","12","2","9","0","12","0","12","20","30","22","28","0","12","18","29","0","12","41","45","150","90","0","12","8","15","32","39","159","88",
"1500000US040132168534","Block Group 4, Census Tract 2168.53, Maricopa County, Arizona","631","151","58","55","72","92","0","12","18","30","36","41","0","12","51","48","32","34","44","46","57","53","19","30","66","50","123","105","17","27","38","44","0","12",
"1500000US040132169011","Block Group 1, Census Tract 2169.01, Maricopa County, Arizona","719","122","33","38","15","16","9","13","48","46","45","31","31","28","0","12","11","16","41","48","65","58","37","29","187","109","17","20","61","67","67","42","52","49",
"1500000US040132169012","Block Group 2, Census Tract 2169.01, Maricopa County, Arizona","1055","120","60","37","32","41","0","12","17","18","25","22","52","39","16","18","35","28","34","27","104","67","81","41","126","55","89","42","55","38","117","54","212","88",
"1500000US040132169013","Block Group 3, Census Tract 2169.01, Maricopa County, Arizona","212","73","33","42","9","13","15","17","9","15","0","12","0","12","8","12","7","12","8","13","11","18","0","12","9","14","62","71","18","20","23","25","0","12",
"1500000US040132169021","Block Group 1, Census Tract 2169.02, Maricopa County, Arizona","849","90","20","22","24","26","24","26","26","41","16","22","33","31","8","14","39","35","13","19","75","44","74","42","104","66","173","56","40","32","93","53","87","45",
"1500000US040132169022","Block Group 2, Census Tract 2169.02, Maricopa County, Arizona","1010","107","10","17","0","12","10","16","57","38","34","38","73","51","33","22","61","56","68","56","58","40","139","84","153","81","125","63","57","37","31","27","101","69",
"1500000US040132170011","Block Group 1, Census Tract 2170.01, Maricopa County, Arizona","413","85","20","31","19","30","0","12","45","72","74","44","33","39","27","31","0","12","0","12","26","29","43","39","52","52","49","41","13","20","12","21","0","12",
"1500000US040132170012","Block Group 2, Census Tract 2170.01, Maricopa County, Arizona","355","124","15","24","0","12","0","12","38","36","0","12","0","12","0","12","0","12","0","12","13","21","0","12","24","27","26","29","35","52","145","101","59","56",
"1500000US040132170013","Block Group 3, Census Tract 2170.01, Maricopa County, Arizona","528","112","0","12","26","31","12","19","40","44","24","20","25","29","0","12","0","12","12","19","24","28","36","36","87","77","14","23","63","78","49","61","116","80",
"1500000US040132170014","Block Group 4, Census Tract 2170.01, Maricopa County, Arizona","282","87","0","12","0","12","0","12","0","12","0","12","0","12","19","31","31","34","0","12","26","48","14","22","77","52","41","64","0","12","0","12","74","55",
"1500000US040132170015","Block Group 5, Census Tract 2170.01, Maricopa County, Arizona","310","90","0","12","29","36","13","21","11","19","57","76","0","12","10","17","10","17","23","26","39","37","0","12","67","54","51","63","0","12","0","12","0","12",
"1500000US040132170016","Block Group 6, Census Tract 2170.01, Maricopa County, Arizona","661","190","62","76","0","12","41","51","36","54","21","36","0","12","59","72","13","20","37","35","81","80","54","84","38","23","109","90","14","24","49","50","47","78",
"1500000US040132170021","Block Group 1, Census Tract 2170.02, Maricopa County, Arizona","534","113","23","37","14","22","0","12","0","12","0","12","66","54","14","22","0","12","0","12","34","40","68","60","137","91","90","67","50","61","38","34","0","12",
"1500000US040132170022","Block Group 2, Census Tract 2170.02, Maricopa County, Arizona","862","219","0","12","45","53","0","12","32","51","14","22","0","12","45","70","22","36","13","21","15","23","54","53","329","191","66","57","23","36","61","60","143","105",
"1500000US040132170023","Block Group 3, Census Tract 2170.02, Maricopa County, Arizona","581","126","0","12","57","63","64","103","23","37","14","21","21","32","14","23","0","12","25","41","23","37","72","62","171","86","45","55","21","32","25","35","6","10",
"1500000US040132170024","Block Group 4, Census Tract 2170.02, Maricopa County, Arizona","649","156","23","37","37","58","43","53","13","22","87","120","0","12","40","46","0","12","27","38","59","55","50","47","78","66","112","142","52","49","13","21","15","22",
"1500000US040132171011","Block Group 1, Census Tract 2171.01, Maricopa County, Arizona","329","70","0","12","0","12","28","35","20","18","18","16","7","10","17","19","0","12","0","12","0","12","40","38","32","26","52","43","26","29","51","42","38","41",
"1500000US040132171012","Block Group 2, Census Tract 2171.01, Maricopa County, Arizona","580","107","17","21","13","22","26","29","29","35","6","11","34","35","62","60","14","23","39","43","125","73","119","65","32","32","10","17","8","13","31","44","15","24",
"1500000US040132171013","Block Group 3, Census Tract 2171.01, Maricopa County, Arizona","364","85","6","10","5","9","5","10","19","33","7","12","0","12","11","17","5","9","0","12","31","33","8","12","51","40","73","46","38","40","36","35","69","71",
"1500000US040132171021","Block Group 1, Census Tract 2171.02, Maricopa County, Arizona","440","84","9","15","0","12","20","23","38","47","0","12","35","30","0","12","10","17","43","42","10","16","20","24","76","54","40","32","52","41","21","23","66","41",
"1500000US040132171022","Block Group 2, Census Tract 2171.02, Maricopa County, Arizona","932","119","43","47","27","26","36","57","10","16","19","26","0","12","0","12","21","24","0","12","104","64","176","73","106","71","129","71","94","55","126","77","41","40",
"1500000US040132172011","Block Group 1, Census Tract 2172.01, Maricopa County, Arizona","476","87","25","20","10","16","0","12","28","35","8","12","12","13","12","13","7","11","13","14","17","15","66","49","65","40","52","43","28","26","68","49","65","33",
"1500000US040132172012","Block Group 2, Census Tract 2172.01, Maricopa County, Arizona","823","98","66","50","26","21","10","12","22","23","15","14","35","37","11","13","34","24","67","46","54","38","139","43","152","70","91","45","40","25","37","23","24","17",
"1500000US040132172031","Block Group 1, Census Tract 2172.03, Maricopa County, Arizona","802","135","24","22","55","51","58","46","44","31","48","31","27","24","26","23","45","38","8","12","27","20","163","99","105","67","52","40","41","32","13","20","66","49",
"1500000US040132172032","Block Group 2, Census Tract 2172.03, Maricopa County, Arizona","438","100","17","19","0","12","64","50","14","16","42","42","8","12","7","11","57","55","6","11","108","76","9","14","0","12","34","37","49","56","8","13","15","26",
"1500000US040132172033","Block Group 3, Census Tract 2172.03, Maricopa County, Arizona","478","73","18","22","24","21","16","18","0","12","35","27","30","30","22","21","34","27","15","16","19","23","65","54","112","55","55","47","0","12","9","13","24","21",
"1500000US040132172034","Block Group 4, Census Tract 2172.03, Maricopa County, Arizona","489","132","8","12","0","12","17","16","60","88","51","45","0","12","0","12","0","12","4","23","65","47","23","20","57","54","0","12","38","55","50","29","116","69",
"1500000US040132172041","Block Group 1, Census Tract 2172.04, Maricopa County, Arizona","645","132","42","59","0","12","18","21","21","24","41","52","11","16","46","47","101","65","27","25","89","53","97","80","53","56","8","13","83","76","8","14","0","12",
"1500000US040132172042","Block Group 2, Census Tract 2172.04, Maricopa County, Arizona","821","122","0","12","124","76","39","31","113","52","0","12","33","40","70","70","9","15","56","54","56","40","101","80","99","60","15","17","70","52","21","23","15","18",
"1500000US040132172043","Block Group 3, Census Tract 2172.04, Maricopa County, Arizona","481","101","71","51","35","30","0","12","26","26","64","62","11","17","0","12","27","26","38","48","51","55","94","58","42","41","11","18","11","19","0","12","0","12",
"1500000US040132173001","Block Group 1, Census Tract 2173, Maricopa County, Arizona","1791","226","128","93","53","44","11","18","14","20","9","17","68","64","0","12","41","39","34","31","90","74","68","57","248","124","134","63","256","137","95","65","542","136",
"1500000US040132173002","Block Group 2, Census Tract 2173, Maricopa County, Arizona","307","75","0","12","40","47","0","12","9","14","20","22","0","12","0","12","9","14","0","12","19","22","0","12","16","20","20","29","30","29","36","27","108","56",
"1500000US040132173003","Block Group 3, Census Tract 2173, Maricopa County, Arizona","441","119","0","12","29","27","11","16","35","33","0","12","10","15","23","25","64","66","18","22","29","23","32","28","12","19","70","61","39","50","43","33","26","28",
"1500000US040132174001","Block Group 1, Census Tract 2174, Maricopa County, Arizona","263","67","29","25","21","22","0","12","10","14","23","27","12","20","10","15","0","12","0","12","34","43","8","13","28","27","0","12","16","19","20","24","52","40",
"1500000US040132174002","Block Group 2, Census Tract 2174, Maricopa County, Arizona","339","80","0","12","9","15","0","12","0","12","18","20","0","12","0","12","19","20","34","42","13","21","44","38","37","34","18","22","20","21","88","57","39","26",
"1500000US040132174003","Block Group 3, Census Tract 2174, Maricopa County, Arizona","299","71","28","25","9","14","10","16","19","21","19","20","9","15","17","19","0","12","0","12","0","12","60","58","44","36","45","33","0","12","10","15","29","27",
"1500000US040132174004","Block Group 4, Census Tract 2174, Maricopa County, Arizona","808","113","101","67","0","12","69","45","45","40","18","20","34","28","80","64","33","28","56","50","34","36","43","42","52","54","111","55","27","26","10","16","95","78",
"1500000US040132175011","Block Group 1, Census Tract 2175.01, Maricopa County, Arizona","539","98","0","12","17","24","51","41","9","14","19","20","54","56","14","22","22","25","44","52","46","43","19","30","41","33","63","45","32","30","87","49","21","22",
"1500000US040132175012","Block Group 2, Census Tract 2175.01, Maricopa County, Arizona","347","93","67","61","37","48","29","45","26","30","0","12","10","18","43","43","9","15","9","13","12","19","50","53","28","44","18","26","9","15","0","12","0","12",
"1500000US040132175013","Block Group 3, Census Tract 2175.01, Maricopa County, Arizona","854","133","143","94","30","48","10","14","20","21","68","57","98","71","89","65","65","47","142","99","6","10","48","41","65","38","38","32","0","12","0","12","32","38",
"1500000US040132175021","Block Group 1, Census Tract 2175.02, Maricopa County, Arizona","485","102","0","12","0","12","0","12","0","12","19","26","0","12","17","27","57","42","33","42","23","27","109","73","128","92","29","27","40","32","23","28","7","11",
"1500000US040132175022","Block Group 2, Census Tract 2175.02, Maricopa County, Arizona","681","94","26","24","0","12","54","45","0","12","21","30","44","36","51","45","19","28","56","50","77","61","40","31","69","44","123","74","8","12","93","69","0","12",
"1500000US040132175023","Block Group 3, Census Tract 2175.02, Maricopa County, Arizona","723","97","26","30","0","12","36","44","0","12","17","18","0","12","43","41","64","60","43","40","59","47","103","50","178","69","78","61","12","19","22","25","42","39",
"1500000US040132176001","Block Group 1, Census Tract 2176, Maricopa County, Arizona","702","176","32","40","14","22","115","104","14","22","8","15","36","38","17","30","61","62","14","22","57","67","37","44","82","50","88","96","30","34","97","86","0","12",
"1500000US040132176002","Block Group 2, Census Tract 2176, Maricopa County, Arizona","831","164","10","17","0","12","55","74","0","12","39","45","52","61","56","68","34","38","119","91","0","12","57","48","240","129","43","49","11","18","21","31","94","94",
"1500000US040132176003","Block Group 3, Census Tract 2176, Maricopa County, Arizona","1005","179","0","12","11","16","78","82","235","77","50","83","83","94","10","16","34","69","125","97","34","40","21","34","170","95","83","81","33","36","21","34","17","29",
"1500000US040132177001","Block Group 1, Census Tract 2177, Maricopa County, Arizona","919","138","28","47","28","32","53","64","24","28","47","40","36","35","22","25","27","30","39","38","67","57","142","77","73","66","46","48","109","97","137","77","41","48",
"1500000US040132177002","Block Group 2, Census Tract 2177, Maricopa County, Arizona","625","137","39","62","11","18","0","12","11","18","56","67","26","28","0","12","12","19","13","20","13","21","30","36","174","112","44","40","92","68","104","92","0","12",
"1500000US040132177003","Block Group 3, Census Tract 2177, Maricopa County, Arizona","643","125","70","64","13","21","0","12","25","28","36","33","60","68","0","12","47","44","0","12","59","68","89","72","27","25","0","12","84","58","85","76","48","52",
"1500000US040132178001","Block Group 1, Census Tract 2178, Maricopa County, Arizona","941","188","0","12","0","12","58","92","70","57","46","43","0","12","25","40","41","63","140","108","93","74","111","101","138","109","69","64","116","109","0","12","34","41",
"1500000US040132178002","Block Group 2, Census Tract 2178, Maricopa County, Arizona","801","165","15","24","55","85","53","49","26","31","0","12","33","38","56","52","69","55","95","100","46","47","0","12","106","90","68","63","107","104","43","69","29","30",
"1500000US040132178003","Block Group 3, Census Tract 2178, Maricopa County, Arizona","685","122","64","41","48","82","20","33","16","26","17","27","32","37","16","26","81","54","17","30","108","89","18","29","90","64","42","42","79","65","0","12","37","32",
"1500000US040132178004","Block Group 4, Census Tract 2178, Maricopa County, Arizona","590","128","0","12","17","27","0","12","39","45","0","12","15","26","0","12","12","20","0","12","18","28","107","88","95","52","126","97","44","48","76","55","41","65",
"1500000US040132179001","Block Group 1, Census Tract 2179, Maricopa County, Arizona","974","115","0","12","18","21","21","24","51","36","23","28","19","21","0","12","74","47","0","12","234","117","57","46","130","62","99","61","61","39","89","57","98","58",
"1500000US040132179002","Block Group 2, Census Tract 2179, Maricopa County, Arizona","383","73","13","21","16","25","14","14","14","16","23","26","18","20","7","11","15","23","8","13","7","12","54","39","75","56","47","39","40","44","22","30","10","16",
"1500000US040132179003","Block Group 3, Census Tract 2179, Maricopa County, Arizona","596","100","12","19","47","51","66","53","67","61","17","27","0","12","14","24","0","12","11","17","32","24","54","42","76","70","86","60","26","29","66","47","22","26",
"1500000US040132180001","Block Group 1, Census Tract 2180, Maricopa County, Arizona","499","153","0","12","0","12","0","12","34","40","0","12","0","12","36","43","125","91","16","27","83","131","42","46","42","43","72","70","49","40","0","12","0","12",
"1500000US040132180002","Block Group 2, Census Tract 2180, Maricopa County, Arizona","665","165","0","12","34","40","97","85","100","73","0","12","16","25","12","22","82","71","0","12","44","44","76","69","64","73","35","56","12","21","13","22","80","70",
"1500000US040132180003","Block Group 3, Census Tract 2180, Maricopa County, Arizona","577","181","66","56","0","12","0","12","36","40","0","12","22","35","0","12","52","62","14","22","0","12","85","117","93","93","11","19","77","83","116","87","5","21",
"1500000US040132180004","Block Group 4, Census Tract 2180, Maricopa County, Arizona","749","169","65","80","19","28","0","12","0","12","35","42","0","12","0","12","17","27","0","12","45","41","38","49","227","90","199","128","76","54","0","12","28","32",
"1500000US040132181001","Block Group 1, Census Tract 2181, Maricopa County, Arizona","426","77","18","12","27","32","0","12","0","12","0","12","0","12","28","21","25","40","0","12","47","31","43","27","18","16","104","51","17","19","51","45","48","39",
"1500000US040132181002","Block Group 2, Census Tract 2181, Maricopa County, Arizona","530","84","25","33","34","36","0","12","35","21","48","43","32","43","13","14","20","18","15","22","17","17","87","58","77","42","37","25","21","15","47","36","22","20",
"1500000US040132182001","Block Group 1, Census Tract 2182, Maricopa County, Arizona","796","186","0","12","0","12","34","39","0","12","34","39","0","12","104","96","0","12","0","12","101","97","14","26","300","150","66","61","13","25","130","93","0","12",
"1500000US040132182002","Block Group 2, Census Tract 2182, Maricopa County, Arizona","631","194","78","87","14","22","0","12","32","40","40","61","59","90","26","32","5","18","0","12","85","90","64","79","3","21","22","34","48","78","73","89","82","117",
"1500000US040132182003","Block Group 3, Census Tract 2182, Maricopa County, Arizona","706","184","34","39","23","40","62","89","15","25","96","105","0","12","0","12","36","43","15","24","0","12","93","70","69","60","24","41","110","108","46","45","83","115",
"1500000US040132182004","Block Group 4, Census Tract 2182, Maricopa County, Arizona","1006","243","47","45","46","51","16","27","52","64","0","12","59","77","104","118","38","43","0","12","68","59","60","60","162","126","138","103","96","100","24","31","96","96",
"1500000US040132183001","Block Group 1, Census Tract 2183, Maricopa County, Arizona","1198","234","285","137","81","58","125","65","93","59","78","65","89","58","0","12","73","71","76","65","38","42","138","150","52","46","52","49","0","12","0","12","18","31",
"1500000US040132183002","Block Group 2, Census Tract 2183, Maricopa County, Arizona","734","171","58","58","61","59","32","37","42","47","37","43","0","12","22","35","47","52","43","40","88","64","119","79","26","40","81","103","65","63","13","24","0","12",
"1500000US040132183003","Block Group 3, Census Tract 2183, Maricopa County, Arizona","785","183","50","78","56","91","25","47","15","25","0","12","66","102","43","68","48","45","22","34","39","44","97","69","51","48","164","130","24","37","0","12","85","103",
"1500000US040133184001","Block Group 1, Census Tract 3184, Maricopa County, Arizona","675","149","105","95","0","12","18","27","0","12","12","18","27","31","67","53","41","67","61","49","121","112","15","23","52","63","62","53","19","31","75","82","0","12",
"1500000US040133184002","Block Group 2, Census Tract 3184, Maricopa County, Arizona","1257","212","263","122","75","66","90","82","25","30","0","12","0","12","28","24","73","82","115","85","143","85","119","110","86","79","108","93","102","98","30","34","0","12",
"1500000US040133184003","Block Group 3, Census Tract 3184, Maricopa County, Arizona","429","114","39","64","84","68","0","12","12","19","13","20","0","12","18","29","50","54","0","12","51","81","52","48","45","44","49","48","0","12","0","12","16","26",
"1500000US040133185011","Block Group 1, Census Tract 3185.01, Maricopa County, Arizona","754","84","37","31","30","27","73","44","49","40","118","76","9","13","27","27","100","73","6","10","60","37","69","42","87","54","41","40","0","12","48","49","0","12",
"1500000US040133185012","Block Group 2, Census Tract 3185.01, Maricopa County, Arizona","655","102","46","56","0","12","95","87","44","55","14","22","44","58","22","26","28","30","56","77","38","35","91","89","34","33","55","50","0","12","18","29","70","47",
"1500000US040133185013","Block Group 3, Census Tract 3185.01, Maricopa County, Arizona","168","47","0","12","5","9","0","12","19","21","16","18","0","12","0","12","8","13","0","12","25","25","11","16","9","13","12","14","23","35","32","21","8","12",
"1500000US040133187001","Block Group 1, Census Tract 3187, Maricopa County, Arizona","233","57","22","14","0","12","6","8","14","14","0","12","0","12","0","12","6","9","6","9","29","28","13","14","27","18","14","14","6","10","6","9","84","42",
"1500000US040133187002","Block Group 2, Census Tract 3187, Maricopa County, Arizona","781","92","333","83","37","34","12","13","27","30","37","33","6","9","0","12","20","16","5","8","39","33","85","45","75","53","44","37","34","24","6","9","21","33",
"1500000US040133188001","Block Group 1, Census Tract 3188, Maricopa County, Arizona","938","190","163","103","71","61","111","106","57","56","79","81","68","65","123","87","47","77","0","12","66","82","41","46","46","56","0","12","0","12","25","31","41","40",
"1500000US040133188002","Block Group 2, Census Tract 3188, Maricopa County, Arizona","859","201","77","74","0","12","28","31","53","66","82","90","20","33","78","76","12","20","69","73","58","48","91","86","103","76","137","110","34","55","17","28","0","12",
"1500000US040133188003","Block Group 3, Census Tract 3188, Maricopa County, Arizona","810","185","57","59","31","49","82","82","72","71","53","65","65","54","104","80","30","33","0","12","14","23","147","99","27","31","45","40","30","49","53","50","0","12",
"1500000US040133188004","Block Group 4, Census Tract 3188, Maricopa County, Arizona","984","183","172","110","52","64","58","55","50","53","17","28","16","27","104","99","62","62","66","72","100","84","102","71","26","30","44","48","15","25","34","38","66","62",
"1500000US040133189001","Block Group 1, Census Tract 3189, Maricopa County, Arizona","1038","183","15","24","89","100","104","106","110","108","82","85","69","85","0","12","49","79","13","24","191","113","120","125","59","48","16","25","91","61","16","25","14","25",
"1500000US040133189002","Block Group 2, Census Tract 3189, Maricopa County, Arizona","475","129","0","12","20","33","19","30","32","37","20","35","33","37","15","24","26","39","57","49","20","32","43","41","104","105","59","53","0","12","27","31","0","12",
"1500000US040133189003","Block Group 3, Census Tract 3189, Maricopa County, Arizona","728","156","46","65","50","42","44","49","105","103","0","12","17","27","54","68","42","40","17","28","55","54","27","30","138","115","59","59","36","28","25","33","13","22",
"1500000US040133189004","Block Group 4, Census Tract 3189, Maricopa County, Arizona","562","160","27","32","53","85","14","23","38","47","0","12","38","43","20","32","25","31","17","26","36","41","64","69","57","44","135","109","0","12","38","44","0","12",
"1500000US040133190001","Block Group 1, Census Tract 3190, Maricopa County, Arizona","253","65","80","42","14","15","41","48","39","44","6","10","7","12","0","12","0","12","0","12","4","8","0","12","3","6","3","7","0","12","10","13","46","26",
"1500000US040133190002","Block Group 2, Census Tract 3190, Maricopa County, Arizona","343","57","10","14","30","25","13","20","28","34","0","12","16","19","18","26","12","14","17","16","18","21","19","20","37","26","43","33","35","27","19","18","28","24",
"1500000US040133190003","Block Group 3, Census Tract 3190, Maricopa County, Arizona","284","72","28","31","5","9","42","38","13","21","17","29","9","14","17","28","0","12","0","12","8","13","15","19","44","35","10","15","33","21","11","15","32","35",
"1500000US040133190004","Block Group 4, Census Tract 3190, Maricopa County, Arizona","0","12","0","12","0","12","0","12","0","12","0","12","0","12","0","12","0","12","0","12","0","12","0","12","0","12","0","12","0","12","0","12","0","12",
"1500000US040133191011","Block Group 1, Census Tract 3191.01, Maricopa County, Arizona","735","103","318","100","87","49","25","23","22","25","27","26","88","67","62","61","24","22","10","15","8","14","22","31","32","38","10","16","0","12","0","12","0","12",
"1500000US040133191012","Block Group 2, Census Tract 3191.01, Maricopa County, Arizona","558","114","109","67","47","39","36","30","80","55","45","48","36","45","72","64","11","18","60","67","34","31","0","12","0","12","0","12","0","12","0","12","28","45",
"1500000US040133191031","Block Group 1, Census Tract 3191.03, Maricopa County, Arizona","1000","174","183","119","75","88","78","68","102","88","95","90","122","70","0","12","25","33","76","80","120","99","43","44","0","12","69","79","0","12","0","12","12","19",
"1500000US040133191032","Block Group 2, Census Tract 3191.03, Maricopa County, Arizona","385","130","106","97","17","26","0","12","0","12","0","12","13","20","0","12","42","49","45","58","65","61","74","62","0","12","8","18","15","18","0","12","0","12",
"1500000US040133191033","Block Group 3, Census Tract 3191.03, Maricopa County, Arizona","646","153","232","123","12","18","20","34","17","29","61","61","19","30","119","82","0","12","0","12","61","62","45","44","51","67","9","19","0","12","0","12","0","12",
"1500000US040133191041","Block Group 1, Census Tract 3191.04, Maricopa County, Arizona","657","154","275","133","54","67","81","67","0","12","68","52","12","20","0","12","0","12","69","74","30","33","0","12","4","20","15","25","35","59","14","21","0","12",
"1500000US040133191042","Block Group 2, Census Tract 3191.04, Maricopa County, Arizona","1561","226","195","117","131","124","0","12","206","131","71","69","113","86","38","43","124","92","47","75","142","85","118","96","134","89","147","102","0","12","22","35","73","70",
"1500000US040133191043","Block Group 3, Census Tract 3191.04, Maricopa County, Arizona","555","174","176","130","0","12","48","80","0","12","62","55","0","12","0","12","27","30","0","12","43","43","82","86","110","87","0","12","7","18","0","12","0","12",
"1500000US040133191044","Block Group 4, Census Tract 3191.04, Maricopa County, Arizona","446","142","112","103","36","43","47","73","46","72","19","30","17","28","31","46","31","42","16","25","16","26","24","32","51","70","0","12","0","12","0","12","0","12",
"1500000US040133192011","Block Group 1, Census Tract 3192.01, Maricopa County, Arizona","589","166","48","67","98","58","0","12","43","40","33","38","73","98","0","12","116","77","18","29","0","12","22","35","123","115","15","24","0","12","0","12","0","12",
"1500000US040133192012","Block Group 2, Census Tract 3192.01, Maricopa County, Arizona","763","172","134","97","61","72","72","75","67","55","0","12","78","54","85","103","138","116","36","43","35","44","0","12","39","39","18","30","0","12","0","12","0","12",
"1500000US040133192013","Block Group 3, Census Tract 3192.01, Maricopa County, Arizona","237","120","15","25","0","12","11","18","0","12","12","20","39","63","41","64","0","12","0","12","0","12","80","94","0","12","0","12","0","12","17","30","22","37",
"1500000US040133192014","Block Group 4, Census Tract 3192.01, Maricopa County, Arizona","676","158","84","73","0","12","61","100","81","64","0","12","76","89","82","76","16","26","0","12","79","76","25","29","65","53","90","73","0","12","0","12","17","27",
"1500000US040133192021","Block Group 1, Census Tract 3192.02, Maricopa County, Arizona","1177","149","368","127","60","61","57","37","87","62","91","71","66","45","27","45","59","64","84","67","73","65","75","54","130","92","0","12","0","12","0","12","0","12",
"1500000US040133192022","Block Group 2, Census Tract 3192.02, Maricopa County, Arizona","893","122","172","81","30","31","122","65","9","15","20","21","91","68","61","36","55","40","69","46","24","23","104","65","59","38","48","49","18","21","11","17","0","12",
"1500000US040133193001","Block Group 1, Census Tract 3193, Maricopa County, Arizona","1056","108","246","106","78","87","84","62","62","69","56","36","91","80","24","28","63","44","22","25","90","71","102","70","112","79","13","21","0","12","13","21","0","12",
"1500000US040133194011","Block Group 1, Census Tract 3194.01, Maricopa County, Arizona","254","87","18","29","0","12","0","12","0","12","18","29","16","25","0","12","21","34","0","12","41","39","42","40","33","52","29","43","36","57","0","12","0","12",
"1500000US040133194012","Block Group 2, Census Tract 3194.01, Maricopa County, Arizona","712","161","72","110","40","43","0","12","0","12","0","12","42","48","22","35","13","23","33","52","40","46","56","61","85","71","90","64","45","45","138","119","36","47",
"1500000US040133194013","Block Group 3, Census Tract 3194.01, Maricopa County, Arizona","539","126","55","71","15","23","66","84","0","12","15","25","19","28","28","45","23","38","14","24","39","46","35","43","89","85","53","47","58","56","26","40","4","11",
"1500000US040133194014","Block Group 4, Census Tract 3194.01, Maricopa County, Arizona","654","138","18","30","29","45","0","12","15","25","0","12","0","12","52","56","16","26","0","12","68","74","78","105","92","75","75","93","97","84","88","70","26","38",
"1500000US040133194015","Block Group 5, Census Tract 3194.01, Maricopa County, Arizona","472","136","37","42","0","12","0","12","25","40","0","12","0","12","36","41","32","45","23","37","41","45","24","35","87","58","115","94","52","77","0","12","0","12",
"1500000US040133194021","Block Group 1, Census Tract 3194.02, Maricopa County, Arizona","721","85","39","28","8","15","22","26","38","37","12","18","19","20","9","14","10","15","22","33","73","47","116","76","110","44","71","37","66","55","67","41","39","26",
"1500000US040133194022","Block Group 2, Census Tract 3194.02, Maricopa County, Arizona","824","96","10","16","43","45","0","12","0","12","34","43","0","12","49","43","0","12","24","23","113","58","107","47","231","90","77","60","53","38","68","56","15","24",
"1500000US040133194031","Block Group 1, Census Tract 3194.03, Maricopa County, Arizona","588","113","69","68","10","17","0","12","11","18","35","28","94","88","30","49","20","23","15","19","11","16","114","85","118","66","50","33","0","12","11","19","0","12",
"1500000US040133194032","Block Group 2, Census Tract 3194.03, Maricopa County, Arizona","576","104","39","48","47","71","0","12","9","14","29","17","9","13","0","12","24","22","15","17","45","31","41","33","114","59","38","34","52","40","27","28","87","62",
"1500000US040133194033","Block Group 3, Census Tract 3194.03, Maricopa County, Arizona","360","85","9","14","0","12","0","12","0","12","0","12","42","53","0","12","0","12","47","56","11","19","62","40","78","56","62","40","15","22","15","23","19","29",
"1500000US040133194034","Block Group 4, Census Tract 3194.03, Maricopa County, Arizona","421","88","7","10","4","10","0","12","14","22","17","19","42","58","26","24","13","20","22","19","19","22","25","29","101","65","23","33","50","60","12","19","46","47",
"1500000US040133194041","Block Group 1, Census Tract 3194.04, Maricopa County, Arizona","653","71","22","25","0","12","0","12","0","12","0","12","27","24","7","11","12","17","16","18","37","41","128","60","84","40","64","41","125","67","114","61","17","14",
"1500000US040133194042","Block Group 2, Census Tract 3194.04, Maricopa County, Arizona","904","123","9","13","0","12","66","52","65","51","9","15","49","44","32","46","65","52","35","27","55","35","118","64","169","75","69","52","62","37","53","35","48","36",
"1500000US040133195001","Block Group 1, Census Tract 3195, Maricopa County, Arizona","757","140","70","75","67","72","0","12","0","12","48","39","25","43","0","12","22","39","59","58","79","87","122","103","33","48","51","43","66","62","71","47","44","47",
"1500000US040133195002","Block Group 2, Census Tract 3195, Maricopa County, Arizona","488","100","14","23","0","12","23","37","0","12","0","12","23","37","56","44","70","79","15","22","48","59","22","35","84","57","37","43","0","12","20","37","76","58",
"1500000US040133195003","Block Group 3, Census Tract 3195, Maricopa County, Arizona","357","102","14","23","0","12","64","52","0","12","12","18","0","12","44","48","46","58","0","12","30","35","0","12","12","19","106","88","11","18","18","28","0","12",
"1500000US040133195004","Block Group 4, Census Tract 3195, Maricopa County, Arizona","844","161","48","61","68","81","40","39","29","33","14","25","31","36","63","51","36","43","0","12","93","76","48","45","162","86","125","94","41","36","46","53","0","12",
"1500000US040133196001","Block Group 1, Census Tract 3196, Maricopa County, Arizona","561","170","62","77","18","29","0","12","29","35","84","106","19","30","20","31","0","12","0","12","23","38","0","12","126","72","68","50","33","38","57","93","22","17",
"1500000US040133196002","Block Group 2, Census Tract 3196, Maricopa County, Arizona","565","118","0","12","11","18","16","24","0","12","49","49","68","67","57","52","59","84","12","19","36","41","16","25","77","49","39","41","33","40","65","44","27","34",
"1500000US040133196003","Block Group 3, Census Tract 3196, Maricopa County, Arizona","543","130","43","48","0","12","17","27","0","12","15","26","22","33","0","12","53","49","42","49","120","101","31","42","62","58","38","36","57","52","43","50","0","12",
"1500000US040133196004","Block Group 4, Census Tract 3196, Maricopa County, Arizona","812","178","39","46","91","88","46","51","189","142","0","12","0","12","19","30","14","22","90","106","64","77","60","56","48","51","16","26","49","37","50","43","37","32",
"1500000US040133197031","Block Group 1, Census Tract 3197.03, Maricopa County, Arizona","690","97","70","59","18","28","0","12","80","71","88","67","29","33","0","12","52","49","27","30","56","51","31","37","149","95","49","53","30","38","11","20","0","12",
"1500000US040133197032","Block Group 2, Census Tract 3197.03, Maricopa County, Arizona","478","103","0","12","67","68","20","36","40","29","23","26","83","73","13","23","83","88","25","30","14","22","26","29","69","46","0","12","0","12","15","24","0","12",
"1500000US040133197033","Block Group 3, Census Tract 3197.03, Maricopa County, Arizona","836","155","25","29","13","22","16","25","54","40","28","32","8","15","0","12","36","35","25","30","146","109","147","97","192","114","97","99","19","31","20","31","10","17",
"1500000US040133197041","Block Group 1, Census Tract 3197.04, Maricopa County, Arizona","896","104","69","39","31","28","14","16","44","32","21","17","6","9","32","27","11","12","25","20","116","99","112","47","154","53","99","51","67","37","43","28","52","36",
"1500000US040133197051","Block Group 1, Census Tract 3197.05, Maricopa County, Arizona","662","87","27","24","64","40","0","12","39","41","9","16","69","38","24","28","35","38","28","40","62","39","69","48","117","50","69","52","28","26","17","21","5","10",
"1500000US040133197052","Block Group 2, Census Tract 3197.05, Maricopa County, Arizona","376","74","49","45","8","12","8","15","21","25","10","16","0","12","19","16","0","12","14","16","65","37","83","57","29","23","7","11","9","14","37","32","17","27",
"1500000US040133197053","Block Group 3, Census Tract 3197.05, Maricopa County, Arizona","296","84","3","7","0","12","9","14","0","12","9","14","0","12","20","22","0","12","44","37","37","29","45","38","73","51","41","47","15","18","0","12","0","12",
"1500000US040133197061","Block Group 1, Census Tract 3197.06, Maricopa County, Arizona","449","125","0","12","45","49","47","60","35","32","6","10","23","34","0","12","106","81","10","17","47","57","27","31","81","80","0","12","22","27","0","12","0","12",
"1500000US040133197062","Block Group 2, Census Tract 3197.06, Maricopa County, Arizona","486","110","43","53","24","26","0","12","11","17","10","14","7","10","13","16","32","29","10","16","31","30","51","56","97","52","51","38","37","43","30","47","39","33",
"1500000US040133197063","Block Group 3, Census Tract 3197.06, Maricopa County, Arizona","1164","169","102","70","11","18","89","66","17","18","70","59","79","73","34","30","60","43","98","84","226","109","166","78","101","72","59","37","16","15","36","32","0","12",
"1500000US040133198001","Block Group 1, Census Tract 3198, Maricopa County, Arizona","718","162","74","96","0","12","41","66","41","53","0","12","101","91","42","45","79","89","108","104","56","87","96","69","12","19","45","55","0","12","23","34","0","12",
"1500000US040133198002","Block Group 2, Census Tract 3198, Maricopa County, Arizona","320","161","16","26","0","12","0","12","0","12","19","30","73","91","15","25","84","113","19","30","94","98","0","12","0","12","0","12","0","12","0","12","0","12",
"1500000US040133198003","Block Group 3, Census Tract 3198, Maricopa County, Arizona","270","78","19","29","0","12","0","12","25","41","32","40","0","12","0","12","22","38","17","28","0","12","69","82","38","41","19","31","0","12","20","32","9","19",
"1500000US040133198004","Block Group 4, Census Tract 3198, Maricopa County, Arizona","931","201","51","49","60","77","71","90","34","41","42","49","230","161","73","87","22","34","0","12","106","95","104","84","138","103","0","12","0","12","0","12","0","12",
"1500000US040133198005","Block Group 5, Census Tract 3198, Maricopa County, Arizona","547","133","18","28","70","103","0","12","20","29","0","12","0","12","16","25","21","36","18","31","13","24","55","51","237","107","22","37","37","37","20","32","0","12",
"1500000US040133198006","Block Group 6, Census Tract 3198, Maricopa County, Arizona","319","94","0","12","0","12","42","48","0","12","0","12","0","12","0","12","0","12","0","12","0","12","54","49","120","74","51","48","0","12","31","37","21","31",
"1500000US040133199021","Block Group 1, Census Tract 3199.02, Maricopa County, Arizona","741","107","42","40","0","12","28","29","24","39","70","54","81","63","18","22","7","11","0","12","36","34","64","40","175","75","97","57","41","34","32","29","26","35",
"1500000US040133199022","Block Group 2, Census Tract 3199.02, Maricopa County, Arizona","461","96","37","40","23","36","12","15","8","13","13","15","13","14","45","50","0","12","5","10","4","8","56","44","78","50","119","57","48","35","0","12","0","12",
"1500000US040133199031","Block Group 1, Census Tract 3199.03, Maricopa County, Arizona","989","154","72","95","46","37","16","25","16","27","17","27","41","46","50","48","14","22","20","34","15","26","173","103","56","56","88","70","156","112","152","71","57","47",
"1500000US040133199032","Block Group 2, Census Tract 3199.03, Maricopa County, Arizona","501","133","0","12","58","92","10","17","0","12","0","12","16","27","0","12","19","24","0","12","37","43","53","51","108","85","149","102","0","12","51","44","0","12",
"1500000US040133199033","Block Group 3, Census Tract 3199.03, Maricopa County, Arizona","415","130","21","40","78","108","20","31","0","12","18","29","0","12","0","12","0","12","0","12","0","12","0","12","23","27","88","52","0","12","113","92","54","43",
"1500000US040133199034","Block Group 4, Census Tract 3199.03, Maricopa County, Arizona","741","145","65","110","0","12","16","24","0","12","16","27","16","25","0","12","17","27","0","12","126","98","97","69","89","63","75","45","25","41","152","91","47","41",
"1500000US040133199041","Block Group 1, Census Tract 3199.04, Maricopa County, Arizona","971","101","9","14","9","15","48","48","18","19","6","11","38","26","34","42","28","25","26","24","54","38","109","57","224","71","105","43","59","34","122","65","82","66",
"1500000US040133199042","Block Group 2, Census Tract 3199.04, Maricopa County, Arizona","368","65","0","12","16","19","0","12","9","13","0","12","20","22","0","12","19","21","0","12","19","20","49","42","53","36","54","39","59","37","70","43","0","12",
"1500000US040133199043","Block Group 3, Census Tract 3199.04, Maricopa County, Arizona","646","101","14","22","0","12","18","20","0","12","41","30","19","20","39","42","19","20","39","33","54","43","75","61","83","59","82","42","95","51","31","26","37","25",
"1500000US040133199051","Block Group 1, Census Tract 3199.05, Maricopa County, Arizona","723","119","45","70","50","46","50","64","0","12","26","41","13","22","13","21","39","38","43","52","55","45","173","80","52","49","63","70","0","12","101","66","0","12",
"1500000US040133199052","Block Group 2, Census Tract 3199.05, Maricopa County, Arizona","491","85","0","12","0","12","29","34","15","25","14","22","0","12","15","23","0","12","0","12","31","36","69","47","75","66","63","53","45","53","103","94","32","35",
"1500000US040133199053","Block Group 3, Census Tract 3199.05, Maricopa County, Arizona","505","126","0","12","0","12","0","12","43","63","29","36","0","12","0","12","15","26","0","12","0","12","49","39","159","76","70","78","84","56","29","28","27","30",
"1500000US040133199054","Block Group 4, Census Tract 3199.05, Maricopa County, Arizona","463","96","16","25","0","12","0","12","0","12","0","12","0","12","13","20","0","12","0","12","28","32","44","39","63","48","141","84","88","70","70","53","0","12",
"1500000US040133199061","Block Group 1, Census Tract 3199.06, Maricopa County, Arizona","951","100","21","21","5","11","0","12","16","18","50","57","44","52","45","54","48","56","18","20","52","46","54","42","185","75","64","42","77","72","75","42","197","73",
"1500000US040133199062","Block Group 2, Census Tract 3199.06, Maricopa County, Arizona","415","66","46","42","0","12","0","12","0","12","0","12","0","12","26","40","0","12","0","12","0","12","0","12","55","42","66","40","40","31","79","45","103","51",
"1500000US040133199071","Block Group 1, Census Tract 3199.07, Maricopa County, Arizona","330","42","0","12","8","12","0","12","0","12","7","11","7","10","6","9","5","7","0","12","27","21","12","12","31","20","30","20","57","32","48","34","92","31",
"1500000US040133199072","Block Group 2, Census Tract 3199.07, Maricopa County, Arizona","487","43","10","14","0","12","6","10","0","12","0","12","6","9","6","9","0","12","16","14","3","5","46","31","51","25","42","22","39","22","84","35","178","45",
"1500000US040133199081","Block Group 1, Census Tract 3199.08, Maricopa County, Arizona","994","70","53","45","23","20","18","14","19","17","6","9","49","36","44","27","97","51","49","37","113","46","105","45","132","45","136","79","54","40","79","39","17","19",
"1500000US040133199091","Block Group 1, Census Tract 3199.09, Maricopa County, Arizona","1003","40","53","44","4","7","50","32","14","12","10","10","20","15","9","10","48","29","35","23","32","19","91","36","138","42","97","37","84","34","163","48","155","50",
"1500000US040133199101","Block Group 1, Census Tract 3199.10, Maricopa County, Arizona","1257","108","15","17","27","42","8","12","10","14","21","34","9","15","48","47","7","12","72","61","64","53","113","69","123","70","199","80","61","46","223","96","257","77",
"1500000US040133199102","Block Group 2, Census Tract 3199.10, Maricopa County, Arizona","648","98","53","46","10","16","0","12","0","12","0","12","0","12","0","12","21","22","0","12","0","12","32","40","71","54","75","63","38","30","109","53","239","78",
"1500000US040133200011","Block Group 1, Census Tract 3200.01, Maricopa County, Arizona","1173","204","36","40","22","26","0","12","0","12","16","24","51","47","15","24","111","87","17","28","203","141","94","65","287","141","142","97","51","50","102","93","26","31",
"1500000US040133200012","Block Group 2, Census Tract 3200.01, Maricopa County, Arizona","734","193","49","58","0","12","17","26","4","11","0","12","17","27","83","104","71","49","125","91","22","34","63","66","201","152","66","82","0","12","0","12","16","28",
"1500000US040133200013","Block Group 3, Census Tract 3200.01, Maricopa County, Arizona","1230","169","30","31","14","22","82","82","86","88","85","88","46","73","83","88","183","119","58","52","140","66","58","56","157","82","91","66","59","47","16","25","42","40",
"1500000US040133200014","Block Group 4, Census Tract 3200.01, Maricopa County, Arizona","582","140","0","12","13","21","55","48","8","13","0","12","0","12","51","61","62","76","0","12","44","39","121","93","104","72","67","67","57","52","0","12","0","12",
"1500000US040133200021","Block Group 1, Census Tract 3200.02, Maricopa County, Arizona","561","136","87","72","181","93","26","40","35","41","12","18","0","12","31","38","55","65","0","12","110","67","8","12","0","12","0","12","0","12","16","25","0","12",
"1500000US040133200022","Block Group 2, Census Tract 3200.02, Maricopa County, Arizona","514","151","32","32","22","36","39","49","92","76","0","12","0","12","33","43","25","41","26","43","61","58","113","94","31","38","11","16","20","21","0","12","9","14",
"1500000US040133200023","Block Group 3, Census Tract 3200.02, Maricopa County, Arizona","313","106","52","51","83","78","28","24","31","49","0","12","0","12","10","15","0","12","8","14","46","59","0","12","0","12","0","12","0","12","55","86","0","12",
"1500000US040133200024","Block Group 4, Census Tract 3200.02, Maricopa County, Arizona","374","100","26","44","31","39","29","46","26","44","0","12","0","12","26","41","0","12","29","35","10","16","66","57","52","47","10","16","54","44","15","24","0","12",
"1500000US040133200071","Block Group 1, Census Tract 3200.07, Maricopa County, Arizona","323","102","0","12","0","12","0","12","10","18","19","31","0","12","63","70","0","12","40","67","58","59","15","26","46","53","39","44","16","25","17","27","0","12",
"1500000US040133200072","Block Group 2, Census Tract 3200.07, Maricopa County, Arizona","787","213","134","131","14","22","39","46","86","111","0","12","45","52","12","21","18","29","29","35","55","58","202","150","107","103","15","27","0","12","31","47","0","12",
"1500000US040133200073","Block Group 3, Census Tract 3200.07, Maricopa County, Arizona","1503","269","196","143","22","39","16","28","22","35","108","117","82","94","76","111","0","12","82","72","322","181","119","142","255","177","185","156","0","12","18","29","0","12",
"1500000US040133200074","Block Group 4, Census Tract 3200.07, Maricopa County, Arizona","476","156","0","12","14","24","10","23","0","12","14","24","0","12","9","25","0","12","20","29","75","64","58","51","180","124","10","23","66","81","20","33","0","12",
"1500000US040133201001","Block Group 1, Census Tract 3201, Maricopa County, Arizona","667","99","33","41","0","12","21","19","0","12","47","53","62","59","17","18","8","14","21","23","63","53","77","54","87","55","53","27","43","31","79","55","56","34",
"1500000US040133201002","Block Group 2, Census Tract 3201, Maricopa County, Arizona","1065","120","225","103","0","12","51","48","99","59","31","37","9","14","40","33","43","57","75","58","111","73","79","63","91","51","82","51","87","48","27","24","15","17",
"1500000US040134201041","Block Group 1, Census Tract 4201.04, Maricopa County, Arizona","1182","171","128","64","92","60","42","35","34","33","35","33","40","34","59","43","85","70","75","52","116","61","144","59","82","47","172","86","30","47","39","39","9","15",
"1500000US040134201042","Block Group 2, Census Tract 4201.04, Maricopa County, Arizona","1010","158","45","49","0","12","0","12","15","23","49","36","34","29","33","45","10","16","65","61","155","124","164","101","125","73","133","73","102","80","47","37","33","30",
"1500000US040134201051","Block Group 1, Census Tract 4201.05, Maricopa County, Arizona","676","100","21","24","18","20","0","12","9","14","17","27","19","22","0","12","17","18","48","34","59","52","92","66","108","50","118","52","17","19","112","74","21","22",
"1500000US040134201052","Block Group 2, Census Tract 4201.05, Maricopa County, Arizona","891","115","0","12","54","72","9","14","51","47","0","12","28","27","0","12","11","17","53","47","18","19","57","36","116","47","157","73","91","56","125","57","121","50",
"1500000US040134201053","Block Group 3, Census Tract 4201.05, Maricopa County, Arizona","490","82","31","30","0","12","0","12","0","12","9","14","19","20","0","12","10","16","18","21","17","20","91","54","117","49","43","30","45","33","70","52","20","22",
"1500000US040134201071","Block Group 1, Census Tract 4201.07, Maricopa County, Arizona","738","158","0","12","14","23","0","12","11","17","15","25","0","12","0","12","0","12","0","12","17","27","15","25","183","101","226","92","42","43","98","75","117","68",
"1500000US040134201072","Block Group 2, Census Tract 4201.07, Maricopa County, Arizona","915","129","0","12","0","12","0","12","34","38","0","12","13","21","14","21","10","15","0","12","52","85","67","61","120","69","44","44","81","59","180","74","300","119",
"1500000US040134201073","Block Group 3, Census Tract 4201.07, Maricopa County, Arizona","782","152","49","46","0","12","0","12","0","12","14","22","18","28","38","60","19","30","54","85","10","16","48","42","61","53","70","52","48","39","206","86","147","95",
"1500000US040134201081","Block Group 1, Census Tract 4201.08, Maricopa County, Arizona","588","41","7","11","0","12","0","12","19","29","0","12","16","21","5","8","32","33","0","12","41","33","59","34","51","24","24","19","55","27","66","32","213","44",
"1500000US040134201091","Block Group 1, Census Tract 4201.09, Maricopa County, Arizona","1041","100","15","19","21","23","9","14","28","21","19","21","26","34","9","14","57","39","16","20","68","57","110","62","88","41","88","45","120","70","209","114","158","85",
"1500000US040134201092","Block Group 2, Census Tract 4201.09, Maricopa County, Arizona","735","114","28","25","0","12","0","12","9","14","0","12","0","12","16","24","0","12","9","14","41","44","56","42","67","35","73","44","130","50","135","72","171","66",
"1500000US040134201101","Block Group 1, Census Tract 4201.10, Maricopa County, Arizona","962","118","34","43","37","40","38","30","7","11","9","13","76","81","24","22","47","44","24","38","105","67","30","32","87","51","102","50","88","49","171","94","83","43",
"1500000US040134201102","Block Group 2, Census Tract 4201.10, Maricopa County, Arizona","954","93","44","39","22","19","21","20","24","20","16","19","16","19","15","17","16","18","0","12","38","28","173","89","113","57","90","38","81","44","106","53","179","57",
"1500000US040134201111","Block Group 1, Census Tract 4201.11, Maricopa County, Arizona","542","72","17","21","39","47","8","14","16","19","27","41","19","22","8","12","41","34","5","9","82","78","90","50","80","35","82","42","8","12","0","12","20","24",
"1500000US040134201112","Block Group 2, Census Tract 4201.11, Maricopa County, Arizona","420","75","15","24","0","12","0","12","22","21","37","50","0","12","28","27","21","25","0","12","55","46","68","61","31","28","43","35","79","65","0","12","21","22",
"1500000US040134201113","Block Group 3, Census Tract 4201.11, Maricopa County, Arizona","314","77","37","27","0","12","8","14","14","23","0","12","11","13","30","29","7","10","0","12","61","42","65","56","19","21","39","34","23","25","0","12","0","12",
"1500000US040134201121","Block Group 1, Census Tract 4201.12, Maricopa County, Arizona","418","67","0","12","7","11","0","12","0","12","0","12","28","26","23","28","0","12","47","30","18","29","73","52","69","42","57","34","25","29","60","51","11","18",
"1500000US040134201122","Block Group 2, Census Tract 4201.12, Maricopa County, Arizona","696","80","18","21","0","12","0","12","0","12","49","49","27","23","8","13","7","12","26","30","82","44","53","41","212","72","73","41","17","22","78","46","46","35",
"1500000US040134201131","Block Group 1, Census Tract 4201.13, Maricopa County, Arizona","808","117","33","27","18","20","60","34","81","74","54","40","45","39","34","23","53","39","64","45","73","42","87","51","43","33","97","59","35","28","14","22","17","19",
"1500000US040134201132","Block Group 2, Census Tract 4201.13, Maricopa County, Arizona","816","135","36","29","110","79","46","44","16","20","68","53","133","79","76","52","36","34","5","8","102","57","55","50","60","59","35","29","0","12","38","54","0","12",
"1500000US040134201141","Block Group 1, Census Tract 4201.14, Maricopa County, Arizona","323","86","0","12","0","12","1","7","0","12","0","12","10","14","18","16","7","12","28","25","42","47","40","46","67","61","51","50","21","22","38","50","0","12",
"1500000US040134201142","Block Group 2, Census Tract 4201.14, Maricopa County, Arizona","567","111","46","43","8","12","49","48","47","43","59","49","24","23","41","35","13","20","39","37","45","39","71","48","33","34","45","39","30","37","17","26","0","12",
"1500000US040134201143","Block Group 3, Census Tract 4201.14, Maricopa County, Arizona","437","118","0","12","29","22","34","43","28","25","53","41","59","49","51","54","48","60","32","37","47","41","11","12","2","7","16","18","7","12","14","23","6","11",
"1500000US040134201151","Block Group 1, Census Tract 4201.15, Maricopa County, Arizona","431","69","31","28","27","25","28","25","66","51","35","29","15","17","39","38","8","12","7","12","6","13","9","13","89","47","45","45","8","16","11","20","7","11",
"1500000US040134201152","Block Group 2, Census Tract 4201.15, Maricopa County, Arizona","517","128","79","58","19","23","53","52","62","51","19","22","10","15","18","19","6","10","27","40","120","76","83","60","7","11","14","18","0","12","0","12","0","12",
"1500000US040134201153","Block Group 3, Census Tract 4201.15, Maricopa County, Arizona","338","83","0","12","18","20","32","45","30","37","18","21","8","15","52","48","6","11","5","11","27","31","17","21","60","50","50","40","15","17","0","12","0","12",
"1500000US040134201161","Block Group 1, Census Tract 4201.16, Maricopa County, Arizona","439","95","34","52","8","13","52","41","26","23","13","22","83","53","28","24","17","19","17","19","63","48","48","29","34","26","0","12","0","12","16","20","0","12",
"1500000US040134201162","Block Group 2, Census Tract 4201.16, Maricopa County, Arizona","460","113","55","55","44","26","50","39","29","31","41","42","0","12","9","15","51","52","0","12","44","28","46","47","60","53","0","12","0","12","31","34","0","12",
"1500000US040134201163","Block Group 3, Census Tract 4201.16, Maricopa County, Arizona","522","94","76","62","23","26","47","30","64","45","57","46","12","25","29","28","63","46","8","12","0","12","25","18","17","19","9","14","92","63","0","12","0","12",
"1500000US040134202021","Block Group 1, Census Tract 4202.02, Maricopa County, Arizona","711","138","0","12","21","32","17","26","15","23","0","12","32","37","38","44","115","79","0","12","138","126","102","69","112","67","54","46","31","35","36","44","0","12",
"1500000US040134202022","Block Group 2, Census Tract 4202.02, Maricopa County, Arizona","994","151","0","12","20","32","56","51","72","59","134","114","25","35","94","77","70","58","38","44","203","126","179","88","21","35","52","49","14","22","0","12","16","26",
"1500000US040134202023","Block Group 3, Census Tract 4202.02, Maricopa County, Arizona","746","120","56","44","53","50","0","12","89","65","35","38","50","47","17","27","72","56","119","96","85","59","49","45","18","29","33","40","0","12","70","73","0","12",
"1500000US040134202061","Block Group 1, Census Tract 4202.06, Maricopa County, Arizona","959","123","62","37","60","60","61","37","32","25","26","24","77","36","30","37","91","57","44","31","110","40","77","38","139","64","74","32","44","31","19","24","13","17",
"1500000US040134202062","Block Group 2, Census Tract 4202.06, Maricopa County, Arizona","1019","143","93","55","74","42","89","43","84","49","23","25","18","19","41","30","90","59","17","19","122","71","92","56","101","69","69","49","46","49","38","29","22","20",
"1500000US040134202071","Block Group 1, Census Tract 4202.07, Maricopa County, Arizona","768","73","15","18","9","14","0","12","18","20","16","18","0","12","9","14","23","23","33","29","38","31","75","36","89","45","49","34","113","58","91","47","190","67",
"1500000US040134202072","Block Group 2, Census Tract 4202.07, Maricopa County, Arizona","433","72","8","13","9","13","0","12","0","12","17","19","0","12","9","14","11","17","0","12","28","26","58","34","101","61","44","50","42","34","24","21","82","61",
"1500000US040134202081","Block Group 1, Census Tract 4202.08, Maricopa County, Arizona","464","86","0","12","0","12","8","13","9","14","31","29","0","12","0","12","0","12","0","12","48","50","51","36","139","74","109","55","21","26","40","42","8","14",
"1500000US040134202082","Block Group 2, Census Tract 4202.08, Maricopa County, Arizona","682","96","77","65","26","27","45","47","59","48","19","16","53","47","0","12","0","12","18","21","33","42","42","32","59","46","49","32","47","36","59","34","96","49",
"1500000US040134202083","Block Group 3, Census Tract 4202.08, Maricopa County, Arizona","696","101","8","12","30","28","28","20","19","23","0","12","47","43","29","22","38","47","46","35","39","33","166","74","88","52","61","54","72","64","11","18","14","16",
"1500000US040134202091","Block Group 1, Census Tract 4202.09, Maricopa County, Arizona","824","88","0","12","29","32","18","20","0","12","18","20","17","19","28","39","9","14","18","20","51","34","101","52","213","97","74","44","139","58","46","36","63","45",
"1500000US040134202092","Block Group 2, Census Tract 4202.09, Maricopa County, Arizona","574","84","37","26","38","28","28","20","57","52","47","33","74","57","27","21","0","12","10","16","59","31","84","60","64","38","20","21","10","16","9","14","10","15",
"1500000US040134202093","Block Group 3, Census Tract 4202.09, Maricopa County, Arizona","469","72","40","29","12","17","54","48","37","28","30","26","48","53","39","31","20","21","30","26","50","36","72","38","19","21","18","21","0","12","0","12","0","12",
"1500000US040134202101","Block Group 1, Census Tract 4202.10, Maricopa County, Arizona","366","79","38","32","0","12","27","32","0","12","9","14","0","12","15","12","0","12","10","15","24","37","47","38","14","18","14","15","24","27","24","21","120","60",
"1500000US040134202102","Block Group 2, Census Tract 4202.10, Maricopa County, Arizona","613","91","39","26","0","12","34","27","34","25","32","25","37","25","23","22","33","27","59","49","76","51","66","42","79","43","26","26","7","12","53","54","15","16",
"1500000US040134202103","Block Group 3, Census Tract 4202.10, Maricopa County, Arizona","452","83","17","19","8","13","18","22","22","25","10","16","28","38","24","27","0","12","8","13","35","28","76","50","109","66","65","49","21","25","11","16","0","12",
"1500000US040134202104","Block Group 4, Census Tract 4202.10, Maricopa County, Arizona","475","121","40","48","9","15","0","12","0","12","10","15","26","42","63","62","20","31","28","26","64","46","52","40","16","19","47","58","61","64","21","26","18","28",
"1500000US040134202111","Block Group 1, Census Tract 4202.11, Maricopa County, Arizona","933","115","42","34","0","12","9","14","9","15","0","12","0","12","0","12","9","13","24","27","45","45","160","72","196","82","180","92","140","82","82","47","37","24",
"1500000US040134202112","Block Group 2, Census Tract 4202.11, Maricopa County, Arizona","740","88","35","34","0","12","14","21","26","42","11","17","0","12","0","12","41","35","11","17","32","30","106","64","61","37","117","51","128","69","134","88","24","28",
"1500000US040134202121","Block Group 1, Census Tract 4202.12, Maricopa County, Arizona","674","102","0","12","0","12","17","19","5","9","8","14","50","40","17","19","17","19","8","12","88","65","145","76","94","55","129","89","34","37","28","28","34","38",
"1500000US040134202122","Block Group 2, Census Tract 4202.12, Maricopa County, Arizona","764","118","25","24","51","39","16","18","26","24","5","9","34","26","53","51","24","21","22","22","94","69","75","59","141","72","44","47","18","20","81","69","55","49",
"1500000US040134202131","Block Group 1, Census Tract 4202.13, Maricopa County, Arizona","1205","187","83","41","71","56","53","49","43","31","25","24","67","57","95","64","89","60","131","63","116","66","134","69","143","86","76","42","53","49","26","23","0","12",
"1500000US040134202141","Block Group 1, Census Tract 4202.14, Maricopa County, Arizona","494","131","40","35","0","12","51","50","35","40","86","65","30","34","50","36","76","76","12","19","0","12","16","20","17","27","0","12","0","12","19","32","62","91",
"1500000US040134202142","Block Group 2, Census Tract 4202.14, Maricopa County, Arizona","613","147","0","12","39","46","121","97","64","77","88","59","18","30","20","33","0","12","25","28","110","87","21","34","57","57","15","23","24","38","11","17","0","12",
"1500000US040134202143","Block Group 3, Census Tract 4202.14, Maricopa County, Arizona","473","107","0","12","0","12","31","39","110","101","0","12","11","17","28","33","35","44","67","79","20","32","79","60","33","38","45","52","14","26","0","12","0","12",
"1500000US040134202144","Block Group 4, Census Tract 4202.14, Maricopa County, Arizona","406","107","21","33","32","26","31","35","14","23","24","41","0","12","36","40","0","12","48","41","42","49","33","35","53","58","72","66","0","12","0","12","0","12",
"1500000US040134202151","Block Group 1, Census Tract 4202.15, Maricopa County, Arizona","827","39","48","32","17","14","32","49","103","40","15","14","10","11","4","7","28","22","28","28","43","28","42","24","180","56","163","59","28","19","0","12","86","46",
"1500000US040134202161","Block Group 1, Census Tract 4202.16, Maricopa County, Arizona","742","96","0","12","33","51","19","21","0","12","17","21","19","22","21","23","10","16","0","12","29","27","144","75","106","50","87","49","49","37","105","53","103","55",
"1500000US040134202162","Block Group 2, Census Tract 4202.16, Maricopa County, Arizona","1116","150","50","31","19","22","114","68","89","62","39","23","88","56","11","17","31","27","12","19","42","34","163","103","269","87","89","37","16","17","57","35","27","27",
"1500000US040134203011","Block Group 1, Census Tract 4203.01, Maricopa County, Arizona","670","51","31","35","16","17","13","13","6","9","14","16","30","24","43","35","8","11","30","32","31","19","98","49","66","32","67","31","17","13","77","35","123","43",
"1500000US040134203021","Block Group 1, Census Tract 4203.02, Maricopa County, Arizona","388","59","8","13","8","12","15","23","8","13","0","12","0","12","30","27","0","12","9","16","9","14","32","28","65","40","53","35","23","26","39","25","89","53",
"1500000US040134203022","Block Group 2, Census Tract 4203.02, Maricopa County, Arizona","601","80","46","41","16","19","15","17","33","28","19","20","32","33","25","38","30","28","44","51","9","14","26","23","87","50","33","31","96","64","55","35","35","27",
"1500000US040134203023","Block Group 3, Census Tract 4203.02, Maricopa County, Arizona","599","67","0","12","9","14","30","28","6","10","0","12","0","12","0","12","0","12","0","12","17","15","41","42","75","36","127","68","27","23","107","43","160","61",
"1500000US040134203031","Block Group 1, Census Tract 4203.03, Maricopa County, Arizona","781","87","15","18","0","12","73","74","8","12","8","12","0","12","28","33","40","40","12","15","141","85","16","17","159","53","39","33","89","46","103","62","50","33",
"1500000US040134203032","Block Group 2, Census Tract 4203.03, Maricopa County, Arizona","600","85","0","12","0","12","0","12","9","14","0","12","28","24","0","12","25","21","0","12","40","28","75","40","62","41","27","25","58","40","161","73","115","48",
"1500000US040134203041","Block Group 1, Census Tract 4203.04, Maricopa County, Arizona","337","23","3","4","0","12","0","12","4","6","15","13","7","9","0","12","0","12","0","12","14","12","33","30","38","22","44","23","28","20","33","21","118","35",
"1500000US040134204011","Block Group 1, Census Tract 4204.01, Maricopa County, Arizona","500","110","22","19","79","52","8","12","51","46","76","60","53","34","47","43","0","12","14","17","41","28","47","46","47","50","8","13","0","12","7","13","0","12",
"1500000US040134204012","Block Group 2, Census Tract 4204.01, Maricopa County, Arizona","785","130","84","52","35","44","68","48","0","12","71","57","31","48","47","40","94","64","24","37","46","38","83","54","80","68","0","12","58","45","30","26","34","24",
"1500000US040134204013","Block Group 3, Census Tract 4204.01, Maricopa County, Arizona","384","122","72","63","37","34","26","42","17","28","38","39","0","12","33","34","28","45","0","12","39","44","20","24","42","62","32","41","0","12","0","12","0","12",
"1500000US040134204021","Block Group 1, Census Tract 4204.02, Maricopa County, Arizona","327","47","5","8","0","12","8","12","9","13","18","19","13","16","10","11","23","23","43","28","26","23","28","23","40","39","16","17","26","22","44","24","18","19",
"1500000US040134204022","Block Group 2, Census Tract 4204.02, Maricopa County, Arizona","853","86","0","12","0","12","0","12","20","21","9","14","0","12","23","21","19","20","0","12","51","29","55","30","65","44","132","55","86","46","177","58","216","69",
"1500000US040134205011","Block Group 1, Census Tract 4205.01, Maricopa County, Arizona","677","156","13","21","0","12","30","33","112","87","15","25","18","31","40","65","103","83","63","65","116","103","47","57","55","43","15","24","15","23","16","25","19","30",
"1500000US040134205012","Block Group 2, Census Tract 4205.01, Maricopa County, Arizona","501","102","30","33","0","12","0","12","0","12","16","25","0","12","29","33","7","23","0","12","0","12","92","70","174","115","0","12","67","53","47","42","39","37",
"1500000US040134205013","Block Group 3, Census Tract 4205.01, Maricopa County, Arizona","804","164","0","12","180","114","61","65","80","90","98","80","27","43","14","22","30","48","93","91","40","48","37","43","86","61","0","12","0","12","23","29","35","39",
"1500000US040134205014","Block Group 4, Census Tract 4205.01, Maricopa County, Arizona","540","141","41","65","39","60","0","12","31","38","0","12","69","88","47","61","11","19","16","24","55","72","32","38","103","81","23","27","44","32","29","34","0","12",
"1500000US040134205031","Block Group 1, Census Tract 4205.03, Maricopa County, Arizona","464","97","26","43","33","53","30","27","11","18","34","31","38","42","37","44","55","48","10","16","44","44","30","25","74","59","24","28","18","20","0","12","0","12",
"1500000US040134205032","Block Group 2, Census Tract 4205.03, Maricopa County, Arizona","868","107","109","86","56","61","92","83","35","27","24","29","38","25","91","61","9","14","33","29","50","52","45","39","71","67","86","41","93","62","26","24","10","15",
"1500000US040134205041","Block Group 1, Census Tract 4205.04, Maricopa County, Arizona","353","58","11","17","0","12","0","12","0","12","9","13","10","15","10","16","0","12","18","20","21","20","44","31","66","44","78","58","26","22","45","33","15","16",
"1500000US040134205042","Block Group 2, Census Tract 4205.04, Maricopa County, Arizona","939","61","0","12","0","12","18","21","0","12","44","53","109","69","24","23","39","35","105","53","36","28","191","83","151","55","114","49","43","32","42","38","23","33",
"1500000US040134206021","Block Group 1, Census Tract 4206.02, Maricopa County, Arizona","714","99","15","23","11","19","0","12","55","55","10","16","35","27","19","21","37","29","19","21","83","65","115","79","123","60","56","40","65","45","37","29","34","29",
"1500000US040134206022","Block Group 2, Census Tract 4206.02, Maricopa County, Arizona","373","78","54","70","0","12","0","12","19","20","8","14","18","20","27","23","8","14","7","12","10","14","28","25","89","46","43","30","35","30","18","20","9","15",
"1500000US040134206023","Block Group 3, Census Tract 4206.02, Maricopa County, Arizona","470","94","15","16","0","12","11","17","0","12","0","12","9","15","30","47","28","42","0","12","6","10","32","23","42","34","147","68","43","33","57","45","50","43",
"1500000US040134206031","Block Group 1, Census Tract 4206.03, Maricopa County, Arizona","921","124","17","19","61","62","45","36","18","24","61","71","0","12","30","30","36","28","37","50","68","41","69","58","138","88","158","66","55","47","84","52","44","39",
"1500000US040134206032","Block Group 2, Census Tract 4206.03, Maricopa County, Arizona","365","76","10","16","6","10","0","12","0","12","33","48","12","20","44","52","7","11","0","12","9","14","60","40","24","23","47","39","33","31","16","23","64","44",
"1500000US040134206041","Block Group 1, Census Tract 4206.04, Maricopa County, Arizona","660","99","18","19","0","12","26","24","9","13","25","22","60","50","44","32","36","25","17","19","27","25","53","28","102","53","53","40","50","38","86","40","54","36",
"1500000US040134206042","Block Group 2, Census Tract 4206.04, Maricopa County, Arizona","787","99","0","12","15","17","26","25","0","12","26","29","32","29","24","23","24","22","37","43","53","49","36","30","180","76","78","32","51","30","159","70","46","30",
"1500000US040134207041","Block Group 1, Census Tract 4207.04, Maricopa County, Arizona","775","99","9","14","27","37","43","48","34","40","32","38","126","88","43","47","50","32","9","15","98","80","7","14","192","111","42","38","44","44","0","12","19","23",
"1500000US040134207042","Block Group 2, Census Tract 4207.04, Maricopa County, Arizona","539","83","39","46","24","30","0","12","0","12","27","42","21","18","0","12","8","14","19","23","23","25","44","36","81","61","25","24","78","66","93","55","57","33",
"1500000US040134207043","Block Group 3, Census Tract 4207.04, Maricopa County, Arizona","386","73","8","13","18","29","10","16","0","12","0","12","0","12","56","40","14","23","27","31","26","29","28","22","29","28","72","44","30","27","35","31","33","30",
"1500000US040134207051","Block Group 1, Census Tract 4207.05, Maricopa County, Arizona","458","71","12","18","14","22","0","12","0","12","11","18","0","12","0","12","0","12","10","17","22","24","37","30","62","56","17","21","93","60","20","23","160","77",
"1500000US040134207052","Block Group 2, Census Tract 4207.05, Maricopa County, Arizona","594","74","24","28","0","12","0","12","13","21","15","22","14","21","3","6","0","12","22","26","39","34","43","33","39","32","72","43","76","43","68","44","166","58",
"1500000US040134207061","Block Group 1, Census Tract 4207.06, Maricopa County, Arizona","769","109","32","27","0","12","38","33","54","45","10","16","33","40","60","55","17","19","61","51","120","65","69","62","49","31","80","70","18","20","61","37","67","41",
"1500000US040134207062","Block Group 2, Census Tract 4207.06, Maricopa County, Arizona","361","67","0","12","0","12","0","12","0","12","0","12","10","16","0","12","8","14","14","21","9","15","6","11","35","26","10","15","30","27","64","38","175","69",
"1500000US040134207063","Block Group 3, Census Tract 4207.06, Maricopa County, Arizona","415","82","19","23","0","12","0","12","0","12","0","12","13","19","23","26","38","47","0","12","13","20","29","28","75","46","55","50","53","45","77","40","20","22",
"1500000US040134207071","Block Group 1, Census Tract 4207.07, Maricopa County, Arizona","571","139","60","40","0","12","19","23","19","21","10","16","49","25","18","15","27","24","39","47","69","39","92","60","68","50","74","90","17","20","10","16","0","12",
"1500000US040134207072","Block Group 2, Census Tract 4207.07, Maricopa County, Arizona","743","109","39","28","30","27","59","29","65","40","24","23","63","41","89","67","78","46","24","25","90","49","89","50","63","54","30","48","0","12","0","12","0","12",
"1500000US040134207081","Block Group 1, Census Tract 4207.08, Maricopa County, Arizona","634","163","59","48","0","12","95","82","33","37","0","12","60","49","62","50","15","23","0","12","58","46","90","88","87","59","30","33","0","12","16","25","29","34",
"1500000US040134207082","Block Group 2, Census Tract 4207.08, Maricopa County, Arizona","1540","182","195","92","216","93","115","102","129","72","136","64","104","79","254","158","32","35","106","72","67","52","126","72","16","26","13","22","0","12","0","12","31","41",
"1500000US040134207091","Block Group 1, Census Tract 4207.09, Maricopa County, Arizona","911","133","38","31","72","60","55","36","89","57","90","63","51","32","101","70","0","12","44","31","91","39","67","48","151","88","45","44","0","12","17","18","0","12",
"1500000US040134207092","Block Group 2, Census Tract 4207.09, Maricopa County, Arizona","483","95","51","33","42","42","27","24","0","12","26","23","8","13","25","22","16","19","17","19","82","58","42","26","54","37","51","30","9","13","25","23","8","13",
"1500000US040134207093","Block Group 3, Census Tract 4207.09, Maricopa County, Arizona","441","100","37","29","38","29","34","24","61","49","0","12","25","24","39","52","72","64","28","26","8","13","9","14","47","31","34","27","9","14","0","12","0","12",
"1500000US040134207101","Block Group 1, Census Tract 4207.10, Maricopa County, Arizona","376","87","23","23","12","18","69","42","31","51","17","18","51","35","19","22","11","18","0","12","19","19","36","30","10","15","47","54","13","23","11","17","7","10",
"1500000US040134207102","Block Group 2, Census Tract 4207.10, Maricopa County, Arizona","474","80","42","34","39","49","27","38","21","21","19","21","53","43","15","14","13","27","16","17","95","55","59","52","14","16","39","35","0","12","22","25","0","12",
"1500000US040134207103","Block Group 3, Census Tract 4207.10, Maricopa County, Arizona","700","124","122","86","0","12","64","56","17","19","17","14","83","71","37","40","12","18","0","12","110","88","47","29","115","72","49","34","7","11","3","8","17","24",
"1500000US040134208001","Block Group 1, Census Tract 4208, Maricopa County, Arizona","618","105","0","12","8","12","15","17","53","46","54","58","27","26","79","58","0","12","28","25","104","74","58","47","33","32","75","60","9","15","64","38","11","20",
"1500000US040134208002","Block Group 2, Census Tract 4208, Maricopa County, Arizona","189","68","0","12","0","12","0","12","17","26","0","12","33","43","0","12","8","13","15","18","9","14","6","10","22","25","53","45","18","21","8","13","0","12",
"1500000US040134208003","Block Group 3, Census Tract 4208, Maricopa County, Arizona","367","101","47","43","9","14","21","24","30","47","47","50","0","12","19","34","0","12","0","12","33","37","34","31","0","12","92","67","0","12","0","12","35","44",
"1500000US040134208004","Block Group 4, Census Tract 4208, Maricopa County, Arizona","509","97","0","12","18","20","10","15","10","15","8","14","44","43","0","12","32","28","10","15","8","13","14","16","60","36","70","32","32","30","132","63","61","63",
"1500000US040134209011","Block Group 1, Census Tract 4209.01, Maricopa County, Arizona","663","96","54","61","27","34","0","12","41","54","69","63","28","26","7","11","18","19","57","44","79","58","100","45","101","57","62","54","12","20","0","12","8","12",
"1500000US040134209012","Block Group 2, Census Tract 4209.01, Maricopa County, Arizona","538","90","56","41","14","17","7","11","35","43","15","18","34","39","7","11","40","43","38","42","67","55","68","54","36","31","8","13","43","45","49","50","21","23",
"1500000US040134209021","Block Group 1, Census Tract 4209.02, Maricopa County, Arizona","616","90","33","42","8","12","36","36","9","14","51","52","34","37","15","18","34","33","17","20","64","47","91","53","81","49","99","70","44","36","0","12","0","12",
"1500000US040134209022","Block Group 2, Census Tract 4209.02, Maricopa County, Arizona","645","88","54","48","25","41","18","18","31","28","51","50","85","71","45","32","15","23","16","21","39","34","95","54","22","22","44","37","42","35","37","51","26","33",
"1500000US040134210011","Block Group 1, Census Tract 4210.01, Maricopa County, Arizona","1125","101","80","39","55","33","104","54","66","35","148","70","126","55","61","34","74","61","36","34","101","61","79","52","99","62","54","41","9","15","26","28","7","11",
"1500000US040134210012","Block Group 2, Census Tract 4210.01, Maricopa County, Arizona","730","97","39","27","24","22","76","70","17","18","65","51","90","45","61","38","44","42","63","40","78","50","22","20","53","48","40","43","19","23","0","12","39","38",
"1500000US040134210021","Block Group 1, Census Tract 4210.02, Maricopa County, Arizona","404","112","57","45","56","44","89","66","45","47","48","42","9","13","31","29","25","40","0","12","16","25","17","28","2","10","0","12","2","8","7","12","0","12",
"1500000US040134210022","Block Group 2, Census Tract 4210.02, Maricopa County, Arizona","1016","121","130","74","34","25","102","68","48","48","59","43","93","45","45","46","16","17","34","42","53","35","170","73","91","55","67","49","56","47","0","12","18","20",
"1500000US040134211011","Block Group 1, Census Tract 4211.01, Maricopa County, Arizona","414","118","0","12","7","12","29","26","47","47","27","28","8","13","28","46","0","12","0","12","106","60","88","56","56","49","8","13","0","12","10","16","0","12",
"1500000US040134211012","Block Group 2, Census Tract 4211.01, Maricopa County, Arizona","678","131","8","13","19","21","17","15","48","50","96","90","82","67","19","21","27","26","0","12","83","37","111","82","76","60","18","20","57","81","13","20","4","9",
"1500000US040134211013","Block Group 3, Census Tract 4211.01, Maricopa County, Arizona","643","127","9","14","49","54","0","12","0","12","55","64","98","77","0","12","83","84","59","71","26","21","72","61","123","78","25","26","8","12","0","12","36","47",
"1500000US040134211021","Block Group 1, Census Tract 4211.02, Maricopa County, Arizona","440","83","22","23","0","12","28","25","9","13","10","15","30","35","20","23","0","12","30","27","88","47","36","33","115","65","9","14","17","21","7","10","19","21",
"1500000US040134211022","Block Group 2, Census Tract 4211.02, Maricopa County, Arizona","509","110","0","12","107","80","40","50","4","9","27","42","27","30","22","24","21","23","14","23","48","45","67","49","56","62","32","25","0","12","17","19","27","27",
"1500000US040134211023","Block Group 3, Census Tract 4211.02, Maricopa County, Arizona","277","77","0","12","28","44","0","12","0","12","10","15","0","12","35","53","0","12","0","12","46","56","65","43","36","33","9","15","22","22","0","12","26","31",
"1500000US040134211024","Block Group 4, Census Tract 4211.02, Maricopa County, Arizona","470","106","6","10","8","13","72","61","54","52","35","46","7","11","33","53","70","70","26","41","91","68","9","15","19","21","40","50","0","12","0","12","0","12",
"1500000US040134211025","Block Group 5, Census Tract 4211.02, Maricopa County, Arizona","501","97","9","14","16","20","58","55","62","41","27","24","27","23","0","12","30","28","64","62","10","14","55","49","97","73","8","14","8","13","10","15","20","20",
"1500000US040134212011","Block Group 1, Census Tract 4212.01, Maricopa County, Arizona","949","169","65","51","34","56","0","12","45","54","40","57","77","71","66","74","51","77","49","51","65","52","148","100","110","77","106","91","61","62","11","20","21","27",
"1500000US040134212012","Block Group 2, Census Tract 4212.01, Maricopa County, Arizona","1182","181","78","66","59","59","93","82","56","59","96","73","52","69","169","118","72","71","146","90","60","66","91","88","143","88","30","44","12","20","0","12","25","36",
"1500000US040134212013","Block Group 3, Census Tract 4212.01, Maricopa County, Arizona","290","125","0","12","0","12","0","12","0","12","0","12","0","12","0","12","75","75","0","12","0","12","70","56","84","84","61","71","0","12","0","12","0","12",
"1500000US040134212021","Block Group 1, Census Tract 4212.02, Maricopa County, Arizona","569","112","12","18","9","14","0","12","21","24","50","38","31","31","89","68","69","58","38","44","58","40","29","29","100","55","48","37","12","16","0","12","3","9",
"1500000US040134212022","Block Group 2, Census Tract 4212.02, Maricopa County, Arizona","671","113","104","89","11","17","7","11","62","46","21","25","28","29","21","23","79","66","15","17","55","52","62","43","75","48","39","47","53","49","39","57","0","12",
"1500000US040134212023","Block Group 3, Census Tract 4212.02, Maricopa County, Arizona","220","76","9","14","0","12","10","15","11","17","0","12","10","15","0","12","45","57","30","24","11","16","0","12","0","12","63","54","24","18","7","11","0","12",
"1500000US040134213021","Block Group 1, Census Tract 4213.02, Maricopa County, Arizona","839","262","208","190","61","81","107","117","13","22","82","90","74","88","35","57","0","12","13","21","112","98","24","37","82","74","16","26","0","12","12","20","0","12",
"1500000US040134213022","Block Group 2, Census Tract 4213.02, Maricopa County, Arizona","930","213","91","87","118","90","20","39","45","60","11","20","169","161","110","87","126","91","44","70","49","51","82","76","0","12","42","64","0","12","23","59","0","12",
"1500000US040134213023","Block Group 3, Census Tract 4213.02, Maricopa County, Arizona","212","140","52","69","14","22","0","12","40","64","0","12","0","12","0","12","13","20","0","12","0","12","93","103","0","12","0","12","0","12","0","12","0","12",
"1500000US040134213024","Block Group 4, Census Tract 4213.02, Maricopa County, Arizona","144","101","13","21","0","12","0","12","46","60","9","24","0","12","0","12","13","23","0","12","0","12","25","35","0","12","38","62","0","12","0","12","0","12",
"1500000US040134213031","Block Group 1, Census Tract 4213.03, Maricopa County, Arizona","624","109","7","11","70","52","68","53","46","39","38","32","31","29","73","69","17","20","11","18","46","32","64","46","69","50","84","65","0","12","0","12","0","12",
"1500000US040134213032","Block Group 2, Census Tract 4213.03, Maricopa County, Arizona","507","90","12","18","9","14","14","22","0","12","39","47","11","16","49","33","43","47","20","24","84","73","43","39","170","75","7","12","0","12","6","10","0","12",
"1500000US040134213033","Block Group 3, Census Tract 4213.03, Maricopa County, Arizona","744","121","71","68","36","43","0","12","40","33","54","47","168","116","100","74","22","35","19","21","43","45","110","70","64","52","8","14","0","12","0","12","9","12",
"1500000US040134213041","Block Group 1, Census Tract 4213.04, Maricopa County, Arizona","484","97","71","55","9","16","0","12","44","44","40","28","27","27","33","28","30","24","9","15","74","62","62","56","47","43","20","22","10","14","8","14","0","12",
"1500000US040134213042","Block Group 2, Census Tract 4213.04, Maricopa County, Arizona","900","102","116","69","10","16","74","50","72","62","31","35","100","67","19","23","108","69","81","64","91","65","70","51","90","54","27","43","11","16","0","12","0","12",
"1500000US040134214001","Block Group 1, Census Tract 4214, Maricopa County, Arizona","244","69","30","48","8","13","18","16","31","24","8","12","25","30","44","34","12","18","28","25","9","14","0","12","31","25","0","12","0","12","0","12","0","12",
"1500000US040134214002","Block Group 2, Census Tract 4214, Maricopa County, Arizona","244","79","7","11","48","59","19","22","10","15","0","12","80","60","0","12","9","14","10","16","17","19","26","24","18","23","0","12","0","12","0","12","0","12",
"1500000US040134214003","Block Group 3, Census Tract 4214, Maricopa County, Arizona","304","95","65","41","86","62","25","22","55","37","18","21","40","58","0","12","0","12","0","12","0","12","15","20","0","12","0","12","0","12","0","12","0","12",
"1500000US040134214004","Block Group 4, Census Tract 4214, Maricopa County, Arizona","590","113","59","52","101","57","107","66","79","73","37","51","13","20","30","29","15","20","21","23","45","34","34","47","41","47","8","13","0","12","0","12","0","12",
"1500000US040134215011","Block Group 1, Census Tract 4215.01, Maricopa County, Arizona","275","71","14","21","23","25","9","14","22","25","10","16","0","12","40","43","36","28","22","24","29","44","44","44","17","19","9","14","0","12","0","12","0","12",
"1500000US040134215012","Block Group 2, Census Tract 4215.01, Maricopa County, Arizona","515","84","25","30","66","41","63","52","21","31","59","46","33","40","77","65","7","11","35","32","53","47","32","34","32","24","0","12","0","12","0","12","12","18",
"1500000US040134215013","Block Group 3, Census Tract 4215.01, Maricopa County, Arizona","524","91","71","39","55","48","0","12","59","46","9","14","0","12","46","50","8","12","8","13","67","65","39","39","104","61","0","12","36","36","22","34","0","12",
"1500000US040134215021","Block Group 1, Census Tract 4215.02, Maricopa County, Arizona","524","86","22","32","7","10","22","20","12","14","0","12","6","10","75","58","15","23","67","59","79","60","23","29","18","27","102","74","36","37","27","24","13","23",
"1500000US040134215022","Block Group 2, Census Tract 4215.02, Maricopa County, Arizona","505","97","111","76","5","9","90","60","56","61","69","69","14","18","32","40","14","17","0","12","6","10","35","42","50","42","16","25","0","12","7","12","0","12",
"1500000US040134216011","Block Group 1, Census Tract 4216.01, Maricopa County, Arizona","735","98","36","37","89","54","10","15","48","49","0","12","55","60","94","88","20","22","35","26","95","74","120","75","91","59","4","9","27","44","0","12","11","19",
"1500000US040134216012","Block Group 2, Census Tract 4216.01, Maricopa County, Arizona","342","80","9","14","10","17","15","19","15","26","16","24","0","12","33","45","27","43","16","22","77","57","16","19","29","27","40","37","11","18","14","15","14","17",
"1500000US040134216021","Block Group 1, Census Tract 4216.02, Maricopa County, Arizona","659","130","129","82","73","50","14","21","51","72","34","36","47","47","44","49","7","12","15","19","9","22","35","28","112","57","17","30","46","53","14","24","12","24",
"1500000US040134216022","Block Group 2, Census Tract 4216.02, Maricopa County, Arizona","317","94","62","62","0","12","0","12","16","27","8","13","0","12","6","10","51","60","36","36","22","26","12","11","91","67","0","12","0","12","13","17","0","12",
"1500000US040134216023","Block Group 3, Census Tract 4216.02, Maricopa County, Arizona","453","129","82","77","72","61","8","13","46","40","0","12","31","39","62","58","6","12","65","59","47","49","34","42","0","12","0","12","0","12","0","12","0","12",
"1500000US040134217011","Block Group 1, Census Tract 4217.01, Maricopa County, Arizona","906","156","53","37","31","39","8","13","11","13","118","77","56","46","179","107","81","57","112","80","56","50","108","80","45","36","20","24","28","44","0","12","0","12",
"1500000US040134217012","Block Group 2, Census Tract 4217.01, Maricopa County, Arizona","827","141","27","24","34","32","8","12","55","37","51","41","120","74","33","27","52","52","116","78","85","54","65","39","81","59","11","14","24","24","57","55","8","12",
"1500000US040134217013","Block Group 3, Census Tract 4217.01, Maricopa County, Arizona","256","72","18","26","7","11","54","59","7","12","13","21","0","12","0","12","18","23","5","9","12","20","72","50","19","20","25","24","6","10","0","12","0","12",
"1500000US040134217021","Block Group 1, Census Tract 4217.02, Maricopa County, Arizona","370","86","28","22","25","26","34","30","34","26","51","41","20","18","65","44","7","11","22","20","12","13","14","12","7","11","14","16","37","55","0","12","0","12",
"1500000US040134217022","Block Group 2, Census Tract 4217.02, Maricopa County, Arizona","654","107","45","47","20","32","44","47","59","81","19","39","118","61","16","19","30","29","0","12","74","63","102","74","63","47","40","30","15","21","0","12","9","14",
"1500000US040134217023","Block Group 3, Census Tract 4217.02, Maricopa County, Arizona","513","110","80","67","67","55","21","21","31","42","47","42","49","43","51","55","19","17","27","32","50","40","26","30","30","42","0","12","15","17","0","12","0","12",
"1500000US040134218011","Block Group 1, Census Tract 4218.01, Maricopa County, Arizona","317","59","0","12","0","12","7","10","57","47","30","33","12","11","6","9","0","12","21","22","34","41","61","32","30","29","30","27","18","18","0","12","11","14",
"1500000US040134218012","Block Group 2, Census Tract 4218.01, Maricopa County, Arizona","485","67","0","12","0","12","7","10","28","27","38","28","20","24","7","11","10","14","15","17","45","35","48","44","105","54","70","40","41","33","47","35","4","7",
"1500000US040134218021","Block Group 1, Census Tract 4218.02, Maricopa County, Arizona","374","92","48","45","58","58","10","16","11","17","59","57","46","53","19","21","0","12","20","24","9","15","69","47","8","12","10","16","0","12","7","12","0","12",
"1500000US040134218022","Block Group 2, Census Tract 4218.02, Maricopa County, Arizona","783","112","6","10","36","34","0","12","36","34","0","12","115","91","0","12","41","33","93","61","106","73","80","56","101","40","74","48","24","21","60","57","11","17",
"1500000US040134218023","Block Group 3, Census Tract 4218.02, Maricopa County, Arizona","238","92","11","17","0","12","0","12","19","25","0","12","0","12","59","57","0","12","0","12","58","39","0","12","31","27","0","12","39","51","21","34","0","12",
"1500000US040134219011","Block Group 1, Census Tract 4219.01, Maricopa County, Arizona","631","114","30","35","19","21","0","12","39","40","67","60","50","56","41","42","7","10","30","27","109","51","73","69","98","69","28","23","17","27","23","37","0","12",
"1500000US040134219012","Block Group 2, Census Tract 4219.01, Maricopa County, Arizona","550","110","29","40","50","48","0","12","17","19","61","50","18","19","23","39","32","41","31","40","20","31","100","52","67","48","85","66","8","13","0","12","9","13",
"1500000US040134219021","Block Group 1, Census Tract 4219.02, Maricopa County, Arizona","260","68","58","33","23","21","26","42","27","33","0","12","11","17","11","17","11","19","0","12","18","21","25","37","29","28","0","12","21","23","0","12","0","12",
"1500000US040134219022","Block Group 2, Census Tract 4219.02, Maricopa County, Arizona","513","117","48","40","0","12","61","54","9","18","131","96","52","59","45","39","0","12","8","13","62","53","51","53","33","50","8","15","0","12","0","12","5","9",
"1500000US040134219023","Block Group 3, Census Tract 4219.02, Maricopa County, Arizona","334","74","41","51","0","12","0","12","28","33","29","45","13","20","36","49","33","49","21","19","26","25","33","32","32","30","30","47","12","21","0","12","0","12",
"1500000US040134219024","Block Group 4, Census Tract 4219.02, Maricopa County, Arizona","716","105","50","52","37","43","87","68","162","88","45","35","20","24","37","50","69","70","0","12","51","52","101","72","21","32","19","30","7","11","10","15","0","12",
"1500000US040134220011","Block Group 1, Census Tract 4220.01, Maricopa County, Arizona","684","99","61","46","9","15","48","42","32","37","101","66","55","49","51","47","24","24","15","16","83","56","83","54","46","43","76","49","0","12","0","12","0","12",
"1500000US040134220012","Block Group 2, Census Tract 4220.01, Maricopa County, Arizona","647","90","45","41","65","54","47","44","57","40","53","49","85","59","27","32","89","59","87","48","39","35","53","43","0","12","0","12","0","12","0","12","0","12",
"1500000US040134220021","Block Group 1, Census Tract 4220.02, Maricopa County, Arizona","365","87","44","51","31","36","9","15","23","34","23","36","31","39","29","37","13","21","30","34","6","11","26","33","24","26","35","50","26","39","15","22","0","12",
"1500000US040134220022","Block Group 2, Census Tract 4220.02, Maricopa County, Arizona","414","101","24","25","0","12","51","54","11","18","10","18","54","51","34","38","29","47","18","21","0","12","56","51","36","38","73","71","0","12","0","12","18","29",
"1500000US040134220023","Block Group 3, Census Tract 4220.02, Maricopa County, Arizona","586","96","39","40","42","41","98","71","9","13","139","79","50","52","11","17","57","48","8","14","26","16","37","41","25","41","25","40","0","12","20","29","0","12",
"1500000US040134221021","Block Group 1, Census Tract 4221.02, Maricopa County, Arizona","394","117","19","23","110","76","24","28","11","17","17","22","0","12","28","32","42","65","0","12","43","43","25","38","34","35","0","12","0","12","28","30","13","21",
"1500000US040134221022","Block Group 2, Census Tract 4221.02, Maricopa County, Arizona","560","140","82","70","9","14","45","56","148","119","16","24","54","59","5","14","15","23","24","37","45","32","55","36","40","36","6","11","4","15","0","12","12","24",
"1500000US040134221023","Block Group 3, Census Tract 4221.02, Maricopa County, Arizona","676","129","95","76","20","22","28","30","80","67","53","31","53","38","58","64","0","12","0","12","165","111","38","32","39","37","11","18","28","35","8","12","0","12",
"1500000US040134221031","Block Group 1, Census Tract 4221.03, Maricopa County, Arizona","962","169","65","69","150","122","89","74","33","39","99","102","82","52","49","47","48","48","113","111","60","63","34","35","66","74","46","63","0","12","28","42","0","12",
"1500000US040134221032","Block Group 2, Census Tract 4221.03, Maricopa County, Arizona","660","156","0","12","38","60","0","12","83","70","0","12","10","18","63","66","62","68","68","59","86","66","92","82","131","91","13","24","0","12","0","12","14","23",
"1500000US040134221033","Block Group 3, Census Tract 4221.03, Maricopa County, Arizona","651","142","80","85","25","28","64","41","81","77","73","49","56","71","94","80","43","47","0","12","14","21","29","34","43","45","27","43","22","35","0","12","0","12",
"1500000US040134221041","Block Group 1, Census Tract 4221.04, Maricopa County, Arizona","245","89","0","12","49","46","29","37","0","12","0","12","31","35","19","31","31","38","0","12","15","26","29","32","42","44","0","12","0","12","0","12","0","12",
"1500000US040134221042","Block Group 2, Census Tract 4221.04, Maricopa County, Arizona","807","171","63","70","126","93","29","34","99","88","12","19","144","98","85","78","84","82","0","12","30","34","46","38","74","80","15","27","0","12","0","12","0","12",
"1500000US040134221043","Block Group 3, Census Tract 4221.04, Maricopa County, Arizona","354","110","14","23","61","56","0","12","27","36","0","12","28","33","44","71","33","37","13","20","28","42","44","41","14","22","32","35","16","28","0","12","0","12",
"1500000US040134221044","Block Group 4, Census Tract 4221.04, Maricopa County, Arizona","277","103","49","46","0","12","65","80","49","46","0","12","16","24","17","26","14","23","10","18","0","12","13","21","18","28","17","27","0","12","9","18","0","12",
"1500000US040134221045","Block Group 5, Census Tract 4221.04, Maricopa County, Arizona","805","170","16","27","29","33","0","12","0","12","46","45","189","137","36","39","18","26","129","115","33","37","76","75","98","87","31","48","17","29","17","26","70","87",
"1500000US040134221051","Block Group 1, Census Tract 4221.05, Maricopa County, Arizona","556","108","36","47","0","12","19","23","31","50","0","12","77","67","62","55","10","16","29","49","11","17","102","84","104","60","53","53","0","12","11","17","11","17",
"1500000US040134221052","Block Group 2, Census Tract 4221.05, Maricopa County, Arizona","732","112","88","54","10","16","52","36","110","70","9","15","69","57","61","68","47","49","11","17","87","65","95","67","61","42","0","12","10","17","0","12","22","22",
"1500000US040134221061","Block Group 1, Census Tract 4221.06, Maricopa County, Arizona","1311","131","114","73","112","70","68","60","77","67","144","75","196","84","56","51","138","68","78","52","158","81","86","58","34","26","50","32","0","12","0","12","0","12",
"1500000US040134221062","Block Group 2, Census Tract 4221.06, Maricopa County, Arizona","515","119","49","41","20","24","35","41","46","51","41","33","68","55","0","12","7","11","15","16","46","45","43","34","102","63","16","18","0","12","0","12","27","42",
"1500000US040134221063","Block Group 3, Census Tract 4221.06, Maricopa County, Arizona","421","98","80","57","0","12","10","13","108","71","43","47","15","25","9","14","36","41","11","17","19","21","6","9","62","52","2","9","0","12","10","16","10","17",
"1500000US040134221071","Block Group 1, Census Tract 4221.07, Maricopa County, Arizona","1217","109","63","42","72","66","68","53","78","44","43","38","83","59","58","50","117","68","51","39","266","95","185","72","85","61","48","35","0","12","0","12","0","12",
"1500000US040134221072","Block Group 2, Census Tract 4221.07, Maricopa County, Arizona","647","106","56","47","40","38","27","34","95","65","30","36","100","69","36","44","59","39","8","14","60","53","83","57","34","46","10","18","0","12","0","12","9","14",
"1500000US040134222031","Block Group 1, Census Tract 4222.03, Maricopa County, Arizona","1393","132","87","65","79","57","110","72","30","28","93","66","128","71","94","57","161","104","144","81","96","59","155","74","85","54","47","48","34","38","26","24","24","36",
"1500000US040134222032","Block Group 2, Census Tract 4222.03, Maricopa County, Arizona","437","92","40","44","32","40","6","9","10","15","48","45","25","27","31","39","0","12","55","51","53","50","53","56","41","35","16","18","14","21","7","13","6","11",
"1500000US040134222033","Block Group 3, Census Tract 4222.03, Maricopa County, Arizona","450","67","24","26","22","31","0","12","25","23","33","39","16","25","36","35","52","39","9","14","15","22","56","36","38","27","106","43","18","21","0","12","0","12",
"1500000US040134222041","Block Group 1, Census Tract 4222.04, Maricopa County, Arizona","733","104","45","58","33","36","23","25","29","26","51","47","30","26","55","58","67","53","18","20","28","25","85","41","91","46","55","41","13","16","65","53","45","48",
"1500000US040134222042","Block Group 2, Census Tract 4222.04, Maricopa County, Arizona","552","83","47","51","0","12","38","27","22","25","9","14","29","26","12","19","62","49","10","15","79","70","76","42","26","26","54","33","48","34","18","20","22","24",
"1500000US040134222051","Block Group 1, Census Tract 4222.05, Maricopa County, Arizona","613","26","3","7","5","9","24","17","23","19","3","5","14","14","5","7","38","32","8","14","35","28","99","45","105","42","125","48","69","36","36","22","21","18",
"1500000US040134222091","Block Group 1, Census Tract 4222.09, Maricopa County, Arizona","453","137","0","12","0","12","0","12","0","12","18","28","16","25","8","14","0","12","35","38","0","12","75","76","177","126","93","58","31","37","0","12","0","12",
"1500000US040134222092","Block Group 2, Census Tract 4222.09, Maricopa County, Arizona","636","160","14","20","54","45","0","12","39","45","0","12","40","51","8","16","87","74","38","48","20","32","141","115","60","46","78","64","0","12","51","47","6","14",
"1500000US040134222093","Block Group 3, Census Tract 4222.09, Maricopa County, Arizona","195","74","0","12","0","12","0","12","16","26","25","31","0","12","25","39","0","12","0","12","29","45","25","30","11","21","35","56","29","51","0","12","0","12",
"1500000US040134222094","Block Group 4, Census Tract 4222.09, Maricopa County, Arizona","410","130","26","44","0","12","23","37","80","99","42","49","36","43","20","33","0","12","32","40","15","25","30","35","23","28","41","52","0","12","42","73","0","12",
"1500000US040134222095","Block Group 5, Census Tract 4222.09, Maricopa County, Arizona","1000","206","0","12","17","26","120","136","19","29","114","142","54","64","23","37","22","35","0","12","9","13","184","104","291","189","102","103","9","14","8","15","28","35",
"1500000US040134222101","Block Group 1, Census Tract 4222.10, Maricopa County, Arizona","892","93","29","45","0","12","8","12","49","41","21","34","34","31","61","43","37","36","58","52","66","48","95","55","155","61","163","83","62","35","37","34","17","20",
"1500000US040134222102","Block Group 2, Census Tract 4222.10, Maricopa County, Arizona","655","93","0","12","23","37","0","12","22","20","14","17","24","22","0","12","53","31","34","41","71","61","32","26","95","59","118","48","73","44","79","50","17","20",
"1500000US040134222103","Block Group 3, Census Tract 4222.10, Maricopa County, Arizona","346","54","8","13","0","12","0","12","0","12","8","13","0","12","13","17","26","24","9","13","46","39","62","33","94","47","29","22","21","20","23","23","7","11",
"1500000US040134222111","Block Group 1, Census Tract 4222.11, Maricopa County, Arizona","305","66","0","12","0","12","0","12","9","13","8","12","7","11","8","13","6","9","14","17","21","23","65","38","32","24","36","28","69","58","11","18","19","21",
"1500000US040134222112","Block Group 2, Census Tract 4222.11, Maricopa County, Arizona","716","103","60","50","60","49","25","22","17","20","9","14","20","24","39","31","20","25","21","22","24","23","52","44","92","65","86","50","67","53","33","27","91","48",
"1500000US040134222121","Block Group 1, Census Tract 4222.12, Maricopa County, Arizona","693","87","20","23","0","12","31","48","18","19","19","20","45","44","0","12","40","28","63","47","46","40","115","67","39","26","107","55","51","36","89","56","10","16",
"1500000US040134222122","Block Group 2, Census Tract 4222.12, Maricopa County, Arizona","684","87","0","12","0","12","31","26","31","29","0","12","10","15","16","19","8","13","38","27","39","29","107","66","61","42","71","43","60","35","65","43","147","61",
"1500000US040134222123","Block Group 3, Census Tract 4222.12, Maricopa County, Arizona","326","76","0","12","0","12","0","12","0","12","0","12","10","16","0","12","7","11","32","33","11","17","18","20","67","50","49","32","37","30","47","29","48","42",
"1500000US040134222131","Block Group 1, Census Tract 4222.13, Maricopa County, Arizona","489","52","11","13","27","26","20","29","12","13","10","11","0","12","9","9","24","29","21","18","8","11","89","37","77","33","87","59","64","33","30","21","0","12",
"1500000US040134222132","Block Group 2, Census Tract 4222.13, Maricopa County, Arizona","476","52","0","12","5","9","0","12","0","12","25","24","24","18","13","14","10","12","20","18","28","23","38","22","130","54","56","29","66","27","49","23","12","12",
"1500000US040134222151","Block Group 1, Census Tract 4222.15, Maricopa County, Arizona","771","50","8","9","9","13","11","12","39","33","44","35","35","33","26","20","47","38","54","43","44","31","107","45","126","47","111","42","79","42","23","18","8","10",
"1500000US040134222161","Block Group 1, Census Tract 4222.16, Maricopa County, Arizona","269","89","8","13","11","17","0","12","0","12","0","12","8","14","0","12","20","36","0","12","12","22","19","29","17","26","62","60","63","50","34","53","15","19",
"1500000US040134222162","Block Group 2, Census Tract 4222.16, Maricopa County, Arizona","368","84","25","31","0","12","0","12","16","25","0","12","0","12","16","25","0","12","36","39","22","34","23","25","70","44","46","37","66","56","48","49","0","12",
"1500000US040134222163","Block Group 3, Census Tract 4222.16, Maricopa County, Arizona","870","161","44","66","56","57","0","12","35","33","27","31","0","12","59","79","21","35","18","23","22","26","123","71","114","71","177","129","94","79","13","22","67","67",
"1500000US040134222164","Block Group 4, Census Tract 4222.16, Maricopa County, Arizona","701","155","0","12","5","8","0","12","25","38","13","22","15","23","0","12","0","12","19","33","76","55","184","105","142","86","84","78","18","22","21","31","99","94",
"1500000US040134222171","Block Group 1, Census Tract 4222.17, Maricopa County, Arizona","923","106","77","67","34","45","70","59","28","33","9","15","98","61","51","36","26","30","12","20","182","82","99","60","125","66","66","59","9","16","23","28","14","22",
"1500000US040134222172","Block Group 2, Census Tract 4222.17, Maricopa County, Arizona","542","71","11","17","9","15","18","21","8","12","20","22","0","12","0","12","7","13","21","24","30","26","26","25","119","63","89","46","80","51","48","38","56","45",
"1500000US040134222181","Block Group 1, Census Tract 4222.18, Maricopa County, Arizona","371","60","12","20","0","12","0","12","0","12","6","10","17","21","25","26","6","9","18","20","75","44","29","24","69","42","73","37","34","27","7","11","0","12",
"1500000US040134222182","Block Group 2, Census Tract 4222.18, Maricopa County, Arizona","653","87","19","20","0","12","39","27","36","46","7","11","42","52","73","47","38","47","36","39","64","37","18","18","119","50","62","50","48","50","43","43","9","14",
"1500000US040134222191","Block Group 1, Census Tract 4222.19, Maricopa County, Arizona","415","90","14","15","8","13","7","11","7","11","32","41","26","30","21","32","78","59","31","28","13","15","48","37","21","24","76","55","15","17","18","21","0","12",
"1500000US040134222192","Block Group 2, Census Tract 4222.19, Maricopa County, Arizona","733","107","0","12","9","15","0","12","0","12","65","45","37","48","40","41","83","81","34","23","44","42","164","77","100","44","58","40","36","27","26","23","37","41",
"1500000US040134222201","Block Group 1, Census Tract 4222.20, Maricopa County, Arizona","384","43","6","10","5","8","11","14","13","14","12","13","13","13","6","9","7","10","0","12","26","29","37","33","40","30","45","21","87","36","24","16","52","33",
"1500000US040134222202","Block Group 2, Census Tract 4222.20, Maricopa County, Arizona","345","43","8","12","0","12","21","26","0","12","12","12","20","16","19","14","5","8","11","12","30","21","34","19","56","32","24","18","41","29","40","27","24","23",
"1500000US040134222211","Block Group 1, Census Tract 4222.21, Maricopa County, Arizona","723","104","66","33","0","12","79","60","12","18","40","28","30","31","98","70","29","22","54","54","68","70","53","42","82","60","46","47","21","25","13","19","32","29",
"1500000US040134222212","Block Group 2, Census Tract 4222.21, Maricopa County, Arizona","367","88","0","12","0","12","28","41","10","15","0","12","17","20","9","13","25","19","0","12","12","17","18","20","139","79","35","34","11","17","63","44","0","12",
"1500000US040134222213","Block Group 3, Census Tract 4222.21, Maricopa County, Arizona","742","103","5","11","0","12","20","22","44","52","27","30","83","74","44","53","40","33","72","66","39","33","119","67","117","50","19","21","9","13","22","27","82","40",
"1500000US040134222221","Block Group 1, Census Tract 4222.22, Maricopa County, Arizona","459","55","41","37","0","12","5","8","5","9","0","12","18","19","21","18","36","35","24","25","35","23","6","10","84","55","36","24","75","39","25","24","48","34",
"1500000US040134222222","Block Group 2, Census Tract 4222.22, Maricopa County, Arizona","317","57","14","21","5","8","0","12","17","14","5","7","0","12","5","9","0","12","5","7","0","12","34","22","85","47","76","37","44","31","18","17","9","10",
"1500000US040134223011","Block Group 1, Census Tract 4223.01, Maricopa County, Arizona","487","90","0","12","0","12","25","22","7","11","19","26","17","16","8","12","27","27","29","25","69","51","111","69","37","33","40","48","63","68","8","13","27","43",
"1500000US040134223012","Block Group 2, Census Tract 4223.01, Maricopa County, Arizona","544","114","36","31","8","13","21","22","0","12","32","51","72","79","0","12","30","44","38","49","100","64","88","65","61","70","36","42","13","21","9","18","0","12",
"1500000US040134223013","Block Group 3, Census Tract 4223.01, Maricopa County, Arizona","665","118","15","17","40","43","97","77","18","21","69","65","17","19","53","56","33","32","79","63","37","44","110","74","16","19","50","36","0","12","0","12","31","47",
"1500000US040134223021","Block Group 1, Census Tract 4223.02, Maricopa County, Arizona","387","91","20","21","0","12","10","15","0","12","22","33","0","12","7","14","0","12","23","41","5","8","84","78","67","49","88","49","22","23","39","27","0","12",
"1500000US040134223022","Block Group 2, Census Tract 4223.02, Maricopa County, Arizona","358","76","12","18","39","30","0","12","0","12","17","19","52","63","18","20","0","12","4","8","44","32","38","33","71","50","31","26","17","20","11","16","4","6",
"1500000US040134223023","Block Group 3, Census Tract 4223.02, Maricopa County, Arizona","849","118","75","67","6","9","32","40","49","34","110","95","70","74","45","48","69","61","129","77","108","80","95","40","30","25","0","12","19","22","12","17","0","12",
"1500000US040134223024","Block Group 4, Census Tract 4223.02, Maricopa County, Arizona","246","68","10","15","0","12","11","16","6","10","0","12","16","18","0","12","28","27","0","12","10","14","68","51","63","42","34","39","0","12","0","12","0","12",
"1500000US040134223041","Block Group 1, Census Tract 4223.04, Maricopa County, Arizona","611","117","32","33","0","12","0","12","15","17","25","29","35","45","26","25","9","14","26","22","47","34","271","115","68","48","0","12","10","17","24","20","23","24",
"1500000US040134223042","Block Group 2, Census Tract 4223.04, Maricopa County, Arizona","599","117","43","47","23","43","0","12","8","13","37","41","52","49","29","30","15","17","49","45","36","27","84","57","58","30","88","57","6","11","19","29","52","54",
"1500000US040134223051","Block Group 1, Census Tract 4223.05, Maricopa County, Arizona","282","76","0","12","0","12","0","12","0","12","0","12","0","12","0","12","14","22","0","12","39","39","0","12","29","36","120","74","0","12","51","64","29","33",
"1500000US040134223052","Block Group 2, Census Tract 4223.05, Maricopa County, Arizona","601","107","0","12","0","12","0","12","16","25","0","12","0","12","33","40","44","67","13","21","0","12","62","72","56","48","58","48","142","112","76","74","101","60",
"1500000US040134223053","Block Group 3, Census Tract 4223.05, Maricopa County, Arizona","665","137","15","24","17","27","0","12","13","21","64","76","0","12","14","24","16","26","10","17","131","93","69","54","63","49","122","63","46","42","27","32","58","59",
"1500000US040134223054","Block Group 4, Census Tract 4223.05, Maricopa County, Arizona","396","98","13","22","0","12","0","12","19","28","0","12","16","26","0","12","16","26","20","33","0","12","36","42","90","54","99","69","0","12","59","47","28","33",
"1500000US040134223071","Block Group 1, Census Tract 4223.07, Maricopa County, Arizona","346","75","6","11","0","12","0","12","0","12","7","12","7","10","33","34","6","11","0","12","16","13","60","48","25","19","72","44","71","51","0","12","43","30",
"1500000US040134223072","Block Group 2, Census Tract 4223.07, Maricopa County, Arizona","194","50","0","12","0","12","0","12","6","9","0","12","0","12","0","12","0","12","34","42","0","12","51","40","9","14","40","28","35","26","8","14","11","14",
"1500000US040134223073","Block Group 3, Census Tract 4223.07, Maricopa County, Arizona","385","81","0","12","0","12","0","12","0","12","0","12","0","12","8","13","26","41","18","20","11","17","41","42","37","32","66","44","50","34","97","64","31","25",
"1500000US040134223074","Block Group 4, Census Tract 4223.07, Maricopa County, Arizona","676","108","50","30","18","15","36","30","24","23","49","43","54","35","103","70","59","52","37","29","82","62","104","61","44","33","7","11","0","12","0","12","9","14",
"1500000US040134223081","Block Group 1, Census Tract 4223.08, Maricopa County, Arizona","583","93","9","15","19","24","18","29","29","24","0","12","16","18","27","24","74","52","44","41","78","47","64","37","89","56","25","24","34","25","47","39","10","15",
"1500000US040134223082","Block Group 2, Census Tract 4223.08, Maricopa County, Arizona","553","99","0","12","0","12","11","17","0","12","8","12","43","41","19","29","0","12","0","12","31","29","76","54","40","33","79","48","115","71","84","46","47","46",
"1500000US040134223083","Block Group 3, Census Tract 4223.08, Maricopa County, Arizona","686","95","7","13","0","12","15","17","9","14","30","35","10","16","0","12","0","12","39","46","56","43","58","47","100","54","52","40","131","58","72","44","107","47",
"1500000US040134223091","Block Group 1, Census Tract 4223.09, Maricopa County, Arizona","553","84","18","22","10","16","0","12","0","12","10","15","5","10","9","15","0","12","46","49","45","42","54","54","95","61","113","67","20","24","67","33","61","40",
"1500000US040134223092","Block Group 2, Census Tract 4223.09, Maricopa County, Arizona","768","88","34","30","21","23","16","19","16","24","10","15","20","23","11","18","13","20","0","12","36","27","89","70","83","40","135","65","69","44","158","69","57","37",
"1500000US040134223093","Block Group 3, Census Tract 4223.09, Maricopa County, Arizona","489","82","10","16","0","12","22","34","9","13","0","12","22","24","0","12","0","12","89","80","22","28","68","44","49","50","50","34","67","61","27","24","54","40",
"1500000US040134224011","Block Group 1, Census Tract 4224.01, Maricopa County, Arizona","738","102","6","10","0","12","50","32","51","48","57","42","60","33","72","49","29","23","76","46","57","41","40","25","172","70","41","26","18","16","9","14","0","12",
"1500000US040134224012","Block Group 2, Census Tract 4224.01, Maricopa County, Arizona","344","65","17","20","7","13","67","49","19","21","28","32","0","12","23","35","0","12","8","13","8","13","38","27","45","29","37","40","47","29","0","12","0","12",
"1500000US040134224013","Block Group 3, Census Tract 4224.01, Maricopa County, Arizona","192","60","0","12","8","12","0","12","0","12","0","12","0","12","8","12","15","18","0","12","0","12","0","12","90","54","25","23","0","12","30","25","16","18",
"1500000US040134224021","Block Group 1, Census Tract 4224.02, Maricopa County, Arizona","786","125","34","34","0","12","0","12","10","16","7","11","15","23","68","67","25","29","57","67","119","80","118","71","70","43","110","58","52","52","38","26","63","50",
"1500000US040134224022","Block Group 2, Census Tract 4224.02, Maricopa County, Arizona","409","77","30","46","0","12","0","12","7","10","42","46","22","34","8","12","7","11","23","39","20","21","40","36","47","31","25","14","7","11","69","46","62","39",
"1500000US040134224023","Block Group 3, Census Tract 4224.02, Maricopa County, Arizona","488","99","15","24","57","68","0","12","14","16","10","16","24","33","7","11","12","20","29","26","51","49","76","48","29","23","108","64","15","16","32","37","9","13",
"1500000US040134224031","Block Group 1, Census Tract 4224.03, Maricopa County, Arizona","659","86","7","12","8","13","24","22","18","22","17","20","31","28","14","16","43","45","36","25","18","20","95","50","78","64","78","43","63","35","85","48","44","35",
"1500000US040134224032","Block Group 2, Census Tract 4224.03, Maricopa County, Arizona","637","95","0","12","7","11","0","12","28","25","23","36","45","44","44","59","8","12","5","9","71","57","74","40","45","34","43","62","67","43","117","49","60","49",
"1500000US040134224033","Block Group 3, Census Tract 4224.03, Maricopa County, Arizona","279","68","22","24","0","12","7","12","9","15","0","12","11","18","10","14","0","12","0","12","64","45","28","25","47","29","15","16","12","19","38","40","16","17",
"1500000US040134224041","Block Group 1, Census Tract 4224.04, Maricopa County, Arizona","695","82","28","44","0","12","9","15","18","21","14","17","16","19","28","36","22","33","29","26","38","46","125","70","57","33","135","61","51","47","25","19","100","53",
"1500000US040134224042","Block Group 2, Census Tract 4224.04, Maricopa County, Arizona","681","81","9","15","0","12","0","12","19","20","10","15","25","22","8","14","0","12","7","11","32","40","100","45","114","57","56","33","104","54","67","35","130","57",
"1500000US040134225011","Block Group 1, Census Tract 4225.01, Maricopa County, Arizona","417","96","0","12","0","12","23","25","53","68","0","12","14","21","0","12","0","12","57","47","51","46","88","42","18","22","59","36","22","24","32","40","0","12",
"1500000US040134225012","Block Group 2, Census Tract 4225.01, Maricopa County, Arizona","627","101","50","39","0","12","13","20","20","22","19","22","30","29","10","16","50","41","35","24","65","49","84","71","137","82","78","44","14","18","0","12","22","23",
"1500000US040134225013","Block Group 3, Census Tract 4225.01, Maricopa County, Arizona","256","85","0","12","9","16","0","12","0","12","0","12","5","10","18","21","8","13","12","18","48","74","87","63","0","12","36","25","0","12","10","15","23","24",
"1500000US040134225014","Block Group 4, Census Tract 4225.01, Maricopa County, Arizona","678","97","51","47","0","12","10","16","0","12","23","28","21","22","18","19","38","37","9","14","57","36","62","47","135","81","179","93","36","43","24","19","15","17",
"1500000US040134225021","Block Group 1, Census Tract 4225.02, Maricopa County, Arizona","503","98","12","19","0","12","9","14","10","16","11","17","59","55","12","18","15","22","20","23","41","33","55","59","131","65","32","30","42","36","21","24","33","31",
"1500000US040134225022","Block Group 2, Census Tract 4225.02, Maricopa County, Arizona","163","60","0","12","0","12","0","12","0","12","0","12","0","12","7","12","0","12","0","12","12","18","37","34","23","23","21","20","46","58","4","7","13","19",
"1500000US040134225023","Block Group 3, Census Tract 4225.02, Maricopa County, Arizona","948","99","22","32","21","25","0","12","40","49","50","43","30","28","64","62","79","70","75","71","256","130","92","74","157","58","16","20","10","16","36","51","0","12",
"1500000US040134225024","Block Group 4, Census Tract 4225.02, Maricopa County, Arizona","436","88","11","18","0","12","11","17","7","14","32","23","6","9","15","14","33","27","11","17","34","29","76","40","48","47","54","36","12","19","61","62","25","27",
"1500000US040134225031","Block Group 1, Census Tract 4225.03, Maricopa County, Arizona","530","104","0","12","0","12","0","12","0","12","0","12","46","43","17","27","0","12","14","23","49","37","145","86","128","90","63","54","68","57","0","12","0","12",
"1500000US040134225032","Block Group 2, Census Tract 4225.03, Maricopa County, Arizona","910","174","113","92","102","112","18","28","33","39","156","150","129","119","49","48","0","12","30","33","15","23","0","12","131","119","77","94","13","21","29","30","15","24",
"1500000US040134225033","Block Group 3, Census Tract 4225.03, Maricopa County, Arizona","693","135","0","12","0","12","19","31","25","41","13","22","13","26","18","32","109","116","17","29","89","84","62","54","70","57","156","120","51","49","51","48","0","12",
"1500000US040134225034","Block Group 4, Census Tract 4225.03, Maricopa County, Arizona","378","123","0","12","0","12","0","12","0","12","33","37","16","25","17","28","0","12","100","109","9","16","46","49","31","35","70","67","56","61","0","12","0","12",
"1500000US040134225041","Block Group 1, Census Tract 4225.04, Maricopa County, Arizona","676","106","89","72","10","16","0","12","11","19","8","12","33","37","6","11","27","25","33","32","90","63","17","19","129","83","111","70","21","21","44","47","47","35",
"1500000US040134225042","Block Group 2, Census Tract 4225.04, Maricopa County, Arizona","408","80","30","28","0","12","9","14","0","12","10","17","18","22","39","47","43","33","21","33","8","12","29","27","39","32","119","56","17","19","26","24","0","12",
"1500000US040134225043","Block Group 3, Census Tract 4225.04, Maricopa County, Arizona","737","112","79","72","10","15","11","18","8","13","9","15","32","29","28","43","9","14","21","25","64","36","110","70","165","81","90","58","18","19","65","46","18","21",
"1500000US040134225061","Block Group 1, Census Tract 4225.06, Maricopa County, Arizona","848","105","68","58","46","50","8","12","11","14","17","19","8","13","53","55","47","28","22","22","115","74","49","51","106","46","67","38","44","31","73","62","114","84",
"1500000US040134225062","Block Group 2, Census Tract 4225.06, Maricopa County, Arizona","122","39","0","12","0","12","8","12","8","13","0","12","0","12","0","12","0","12","0","12","9","14","0","12","0","12","30","26","6","10","9","14","52","42",
"1500000US040134225063","Block Group 3, Census Tract 4225.06, Maricopa County, Arizona","191","47","9","13","0","12","9","14","0","12","0","12","11","17","0","12","0","12","8","12","8","13","0","12","29","28","37","30","10","17","39","31","31","27",
"1500000US040134225064","Block Group 4, Census Tract 4225.06, Maricopa County, Arizona","122","42","10","15","9","14","0","12","0","12","0","12","0","12","9","15","0","12","0","12","18","21","38","31","8","14","19","20","0","12","11","13","0","12",
"1500000US040134225065","Block Group 5, Census Tract 4225.06, Maricopa County, Arizona","432","86","40","49","7","11","21","22","8","13","0","12","13","20","8","12","30","23","9","13","67","47","24","21","69","59","26","24","32","24","9","15","69","41",
"1500000US040134225071","Block Group 1, Census Tract 4225.07, Maricopa County, Arizona","700","108","9","14","0","12","14","16","15","16","10","16","50","52","16","18","25","24","16","18","53","41","70","43","65","36","70","39","112","72","76","42","99","54",
"1500000US040134225072","Block Group 2, Census Tract 4225.07, Maricopa County, Arizona","453","81","16","17","0","12","29","35","0","12","0","12","12","18","0","12","0","12","7","10","36","25","35","31","68","43","23","20","99","51","68","43","60","32",
"1500000US040134225073","Block Group 3, Census Tract 4225.07, Maricopa County, Arizona","270","61","0","12","0","12","0","12","0","12","41","41","0","12","0","12","0","12","7","11","6","11","66","53","16","18","29","25","46","31","18","18","41","28",
"1500000US040134225081","Block Group 1, Census Tract 4225.08, Maricopa County, Arizona","446","70","0","12","0","12","0","12","8","13","16","18","8","12","27","32","11","17","48","32","58","44","39","31","61","36","49","32","46","40","34","38","41","33",
"1500000US040134225082","Block Group 2, Census Tract 4225.08, Maricopa County, Arizona","731","82","34","40","19","22","62","48","30","29","25","22","64","70","39","33","25","22","21","27","11","17","93","51","92","57","70","37","79","44","37","31","30","28",
"1500000US040134225091","Block Group 1, Census Tract 4225.09, Maricopa County, Arizona","787","86","58","39","38","38","11","16","0","12","8","13","25","24","0","12","49","45","9","14","72","45","135","67","94","52","133","63","47","34","63","39","45","31",
"1500000US040134225092","Block Group 2, Census Tract 4225.09, Maricopa County, Arizona","270","82","58","60","17","19","0","12","0","12","35","27","0","12","0","12","0","12","10","16","0","12","7","12","17","21","20","22","55","49","20","23","31","44",
"1500000US040134225093","Block Group 3, Census Tract 4225.09, Maricopa County, Arizona","651","85","6","10","7","11","0","12","25","23","13","16","6","10","15","15","85","52","25","24","29","23","114","45","115","61","77","37","62","50","63","35","9","14",
"1500000US040134225101","Block Group 1, Census Tract 4225.10, Maricopa County, Arizona","322","67","0","12","11","18","0","12","0","12","16","19","0","12","0","12","0","12","0","12","10","17","10","16","42","37","52","40","29","31","97","56","55","31",
"1500000US040134225102","Block Group 2, Census Tract 4225.10, Maricopa County, Arizona","201","47","13","20","8","14","0","12","10","16","15","23","0","12","0","12","0","12","0","12","10","17","0","12","30","26","0","12","55","46","28","27","32","33",
"1500000US040134225103","Block Group 3, Census Tract 4225.10, Maricopa County, Arizona","397","60","8","14","0","12","0","12","0","12","0","12","7","11","30","30","0","12","11","18","0","12","26","32","152","70","18","23","49","41","78","45","18","20",
"1500000US040134225111","Block Group 1, Census Tract 4225.11, Maricopa County, Arizona","432","53","19","24","5","7","6","9","0","12","6","8","0","12","16","13","11","9","18","18","28","23","13","13","92","41","97","40","20","18","75","29","26","17",
"1500000US040134225112","Block Group 2, Census Tract 4225.11, Maricopa County, Arizona","469","48","6","9","14","15","0","12","16","21","0","12","6","9","17","15","16","15","32","23","28","26","67","39","63","28","65","30","68","38","44","21","27","18",
"1500000US040134225121","Block Group 1, Census Tract 4225.12, Maricopa County, Arizona","641","96","29","35","6","10","23","24","24","30","6","10","26","42","0","12","20","16","48","37","43","33","60","34","126","57","102","55","8","13","99","48","21","23",
"1500000US040134225122","Block Group 2, Census Tract 4225.12, Maricopa County, Arizona","949","104","21","31","0","12","0","12","3","17","0","12","0","12","7","10","17","18","27","25","40","41","97","73","302","108","183","70","68","44","118","71","66","35",
"1500000US040134225131","Block Group 1, Census Tract 4225.13, Maricopa County, Arizona","405","83","8","13","9","14","69","46","27","25","25","23","32","25","22","22","43","27","52","34","24","23","32","26","41","26","8","13","5","10","8","12","0","12",
"1500000US040134225132","Block Group 2, Census Tract 4225.13, Maricopa County, Arizona","585","90","10","16","8","12","0","12","0","12","8","12","32","38","53","33","32","26","37","46","31","36","81","50","159","59","22","21","39","41","24","22","49","55",
"1500000US040134225133","Block Group 3, Census Tract 4225.13, Maricopa County, Arizona","501","90","32","47","0","12","25","40","55","40","0","12","8","13","6","10","7","12","8","12","26","23","57","41","84","43","101","46","19","22","73","54","0","12",
"1500000US040134225141","Block Group 1, Census Tract 4225.14, Maricopa County, Arizona","824","131","8","13","9","14","8","13","8","13","26","36","13","15","34","27","60","44","87","66","68","49","79","53","74","41","169","105","105","63","48","39","28","26",
"1500000US040134225142","Block Group 2, Census Tract 4225.14, Maricopa County, Arizona","987","122","57","31","8","13","0","12","83","64","48","43","54","47","3","8","58","51","20","21","105","71","149","73","202","71","144","79","0","12","10","16","46","46",
"1500000US040134226061","Block Group 1, Census Tract 4226.06, Maricopa County, Arizona","964","116","20","31","0","12","0","12","0","12","14","23","16","25","0","12","15","26","0","12","46","42","30","34","68","52","172","99","149","72","62","45","372","104",
"1500000US040134226062","Block Group 2, Census Tract 4226.06, Maricopa County, Arizona","822","144","58","92","16","25","0","12","0","12","16","25","17","26","60","69","14","23","15","24","114","114","50","46","201","104","64","52","71","55","12","19","114","59",
"1500000US040134226063","Block Group 3, Census Tract 4226.06, Maricopa County, Arizona","1334","136","57","74","0","12","16","27","15","25","0","12","26","31","16","28","0","12","0","12","67","57","84","62","203","94","295","130","250","129","171","89","134","76",
"1500000US040134226071","Block Group 1, Census Tract 4226.07, Maricopa County, Arizona","919","183","61","49","29","34","89","87","16","24","90","56","66","52","15","25","28","34","77","60","15","26","151","87","132","62","41","65","0","12","94","107","15","23",
"1500000US040134226072","Block Group 2, Census Tract 4226.07, Maricopa County, Arizona","1023","161","15","24","37","50","111","77","182","132","86","59","73","51","87","102","48","44","57","40","57","41","167","137","74","56","0","12","0","12","15","24","14","23",
"1500000US040134226073","Block Group 3, Census Tract 4226.07, Maricopa County, Arizona","550","121","59","46","60","42","106","55","57","45","0","12","77","83","58","47","0","12","31","35","32","42","14","24","28","35","14","22","14","23","0","12","0","12",
"1500000US040134226091","Block Group 1, Census Tract 4226.09, Maricopa County, Arizona","1135","117","66","54","39","47","45","33","67","42","47","34","29","27","48","30","122","85","19","21","121","91","98","62","161","79","139","69","52","56","19","21","63","58",
"1500000US040134226092","Block Group 2, Census Tract 4226.09, Maricopa County, Arizona","633","114","53","50","32","45","18","19","17","19","19","21","19","21","72","54","77","56","50","34","44","47","37","29","92","57","64","49","19","21","10","14","10","15",
"1500000US040134226101","Block Group 1, Census Tract 4226.10, Maricopa County, Arizona","646","107","54","36","25","23","34","29","15","19","64","48","46","29","54","39","23","19","8","13","48","31","145","66","43","30","18","20","15","17","54","61","0","12",
"1500000US040134226102","Block Group 2, Census Tract 4226.10, Maricopa County, Arizona","1009","142","31","25","70","41","43","31","22","20","27","25","63","49","31","24","73","54","96","50","180","88","103","40","93","58","72","39","61","54","14","18","30","26",
"1500000US040134226151","Block Group 1, Census Tract 4226.15, Maricopa County, Arizona","830","145","0","12","9","14","24","28","35","51","11","18","21","34","49","48","10","17","118","85","94","64","103","56","126","72","116","91","26","41","61","64","27","32",
"1500000US040134226152","Block Group 2, Census Tract 4226.15, Maricopa County, Arizona","601","132","70","67","0","12","23","40","30","49","0","12","30","35","37","36","0","12","16","26","25","41","172","95","49","59","79","54","44","59","0","12","26","31",
"1500000US040134226153","Block Group 3, Census Tract 4226.15, Maricopa County, Arizona","935","119","15","23","13","21","33","52","18","28","0","12","26","38","61","61","0","12","0","12","32","38","199","96","211","100","104","73","92","70","75","64","56","62",
"1500000US040134226161","Block Group 1, Census Tract 4226.16, Maricopa County, Arizona","821","113","5","9","0","12","0","12","17","20","13","21","24","22","50","52","5","9","11","17","134","69","88","54","234","101","107","59","64","46","36","30","33","34",
"1500000US040134226162","Block Group 2, Census Tract 4226.16, Maricopa County, Arizona","871","153","58","58","27","25","76","62","98","68","21","20","24","22","69","59","88","73","46","48","59","51","128","79","98","45","55","48","15","24","0","12","9","14",
"1500000US040134226171","Block Group 1, Census Tract 4226.17, Maricopa County, Arizona","532","86","0","12","26","30","76","89","22","25","0","12","24","37","10","16","8","14","22","34","22","17","0","12","143","88","73","55","48","49","31","29","27","29",
"1500000US040134226172","Block Group 2, Census Tract 4226.17, Maricopa County, Arizona","560","76","0","12","16","18","26","28","9","13","0","12","38","48","7","11","25","28","7","12","61","30","49","32","65","39","69","43","42","30","79","44","67","37",
"1500000US040134226173","Block Group 3, Census Tract 4226.17, Maricopa County, Arizona","300","77","0","12","0","12","7","12","0","12","0","12","27","27","0","12","0","12","13","15","10","15","47","55","34","32","58","43","39","38","52","38","13","19",
"1500000US040134226174","Block Group 4, Census Tract 4226.17, Maricopa County, Arizona","532","92","7","12","0","12","0","12","0","12","22","26","0","12","49","49","9","15","0","12","65","41","64","54","105","54","54","37","75","53","34","41","48","46",
"1500000US040134226181","Block Group 1, Census Tract 4226.18, Maricopa County, Arizona","803","94","24","23","17","13","48","32","65","47","26","23","65","40","16","19","58","31","24","22","147","61","85","39","129","47","66","36","8","13","9","13","16","18",
"1500000US040134226182","Block Group 2, Census Tract 4226.18, Maricopa County, Arizona","815","100","25","22","42","44","41","25","37","26","33","18","113","75","50","32","46","24","23","21","118","54","97","42","88","41","49","43","37","24","0","12","16","18",
"1500000US040134226201","Block Group 1, Census Tract 4226.20, Maricopa County, Arizona","513","53","5","9","0","12","6","8","0","12","19","25","21","20","5","8","11","12","5","10","61","42","50","33","53","26","105","51","62","37","57","29","53","24",
"1500000US040134226202","Block Group 2, Census Tract 4226.20, Maricopa County, Arizona","409","58","0","12","0","12","11","12","5","8","17","24","17","15","5","7","14","18","5","7","10","11","13","13","75","35","44","35","66","27","56","26","71","35",
"1500000US040134226211","Block Group 1, Census Tract 4226.21, Maricopa County, Arizona","349","84","0","12","10","16","0","12","0","12","24","29","27","35","0","12","0","12","22","25","8","16","0","12","47","44","72","45","58","43","43","57","38","32",
"1500000US040134226212","Block Group 2, Census Tract 4226.21, Maricopa County, Arizona","478","84","46","37","0","12","0","12","3","8","5","9","0","12","6","9","9","15","7","11","42","46","54","38","79","48","122","53","61","38","17","20","27","30",
"1500000US040134226213","Block Group 3, Census Tract 4226.21, Maricopa County, Arizona","431","58","0","12","0","12","0","12","0","12","0","12","0","12","51","35","22","24","0","12","18","21","18","19","75","39","58","34","53","35","81","46","55","40",
"1500000US040134226221","Block Group 1, Census Tract 4226.22, Maricopa County, Arizona","458","87","0","12","22","25","0","12","0","12","59","41","0","12","34","40","0","12","18","21","26","29","47","41","42","32","84","44","114","80","0","12","12","20",
"1500000US040134226222","Block Group 2, Census Tract 4226.22, Maricopa County, Arizona","787","82","54","46","8","14","0","12","34","38","0","12","46","43","70","52","12","19","58","44","65","38","145","69","66","46","43","33","93","43","50","38","43","35",
"1500000US040134226223","Block Group 3, Census Tract 4226.22, Maricopa County, Arizona","85","44","0","12","0","12","0","12","0","12","0","12","0","12","0","12","0","12","10","15","0","12","18","27","0","12","0","12","13","20","9","13","35","48",
"1500000US040134226231","Block Group 1, Census Tract 4226.23, Maricopa County, Arizona","1317","151","85","55","0","12","51","42","27","42","24","30","110","97","11","17","20","32","67","51","195","116","182","98","189","88","97","64","96","66","64","62","99","58",
"1500000US040134226232","Block Group 2, Census Tract 4226.23, Maricopa County, Arizona","878","111","26","41","0","12","33","34","0","12","27","29","0","12","43","51","82","85","37","59","0","12","35","29","156","62","115","58","120","68","70","39","134","72",
"1500000US040134226241","Block Group 1, Census Tract 4226.24, Maricopa County, Arizona","739","114","148","76","17","18","33","26","52","31","25","22","43","28","52","31","90","51","41","30","101","55","17","19","57","42","34","25","0","12","29","37","0","12",
"1500000US040134226242","Block Group 2, Census Tract 4226.24, Maricopa County, Arizona","840","128","88","58","33","23","73","49","40","33","33","32","41","27","65","41","9","14","71","39","91","42","94","57","90","56","33","25","39","42","31","26","9","13",
"1500000US040134226251","Block Group 1, Census Tract 4226.25, Maricopa County, Arizona","784","114","16","17","28","26","54","46","106","87","72","48","5","10","29","46","54","59","31","27","115","88","85","58","65","47","21","27","45","53","9","14","49","73",
"1500000US040134226252","Block Group 2, Census Tract 4226.25, Maricopa County, Arizona","1032","152","91","62","128","78","69","54","113","66","79","57","76","50","61","43","73","60","34","26","183","80","58","48","8","13","33","45","26","43","0","12","0","12",
"1500000US040134226253","Block Group 3, Census Tract 4226.25, Maricopa County, Arizona","126","49","9","17","0","12","0","12","15","26","10","15","8","14","11","12","8","12","7","15","32","31","0","12","0","12","18","27","0","12","0","12","8","13",
"1500000US040134226261","Block Group 1, Census Tract 4226.26, Maricopa County, Arizona","895","106","62","37","47","41","41","35","46","34","78","42","46","37","99","70","61","47","88","68","124","58","52","53","106","50","37","26","8","12","0","12","0","12",
"1500000US040134226262","Block Group 2, Census Tract 4226.26, Maricopa County, Arizona","445","107","0","12","14","16","59","37","15","16","23","22","16","18","23","23","56","50","10","15","22","20","68","43","54","38","38","51","40","43","0","12","7","11",
"1500000US040134226271","Block Group 1, Census Tract 4226.27, Maricopa County, Arizona","476","126","0","12","35","42","30","35","2","9","25","24","27","28","35","49","9","13","78","81","32","29","125","93","10","16","9","15","16","27","21","27","22","35",
"1500000US040134226272","Block Group 2, Census Tract 4226.27, Maricopa County, Arizona","1039","164","32","30","142","70","81","64","78","39","79","49","66","40","40","44","47","34","57","57","74","41","72","55","109","66","57","47","96","52","0","12","9","15",
"1500000US040134226281","Block Group 1, Census Tract 4226.28, Maricopa County, Arizona","209","78","13","11","8","13","53","64","8","13","16","19","19","22","0","12","28","46","0","12","23","23","7","12","20","20","0","12","7","13","0","12","7","12",
"1500000US040134226282","Block Group 2, Census Tract 4226.28, Maricopa County, Arizona","1217","117","47","29","88","64","161","79","114","79","145","89","88","79","130","81","61","47","65","73","116","96","48","38","76","45","68","52","0","12","0","12","10","16",
"1500000US040134226291","Block Group 1, Census Tract 4226.29, Maricopa County, Arizona","899","122","42","28","19","22","19","22","53","61","12","18","48","48","111","64","54","46","19","22","114","72","148","82","124","56","46","34","30","27","8","16","52","59",
"1500000US040134226292","Block Group 2, Census Tract 4226.29, Maricopa County, Arizona","340","75","30","32","0","12","10","17","9","15","11","16","0","12","6","11","0","12","30","23","46","44","21","18","70","49","73","37","14","22","0","12","20","32",
"1500000US040134226301","Block Group 1, Census Tract 4226.30, Maricopa County, Arizona","1439","170","125","46","42","27","41","28","135","87","131","67","107","67","141","63","33","26","53","34","201","84","192","78","120","70","101","78","8","13","9","14","0","12",
"1500000US040134226302","Block Group 2, Census Tract 4226.30, Maricopa County, Arizona","608","118","18","20","53","47","120","78","34","26","33","43","40","40","78","63","9","18","34","29","85","60","46","33","38","31","11","17","0","12","9","14","0","12",
"1500000US040134226311","Block Group 1, Census Tract 4226.31, Maricopa County, Arizona","1148","144","18","21","64","70","17","20","35","42","36","26","174","111","72","58","34","33","144","78","124","60","115","61","164","69","82","50","9","14","29","34","31","33",
"1500000US040134226312","Block Group 2, Census Tract 4226.31, Maricopa County, Arizona","656","107","31","34","0","12","0","12","0","12","0","12","27","26","18","20","10","18","13","20","78","72","108","79","136","62","77","49","113","70","34","34","11","18",
"1500000US040134226321","Block Group 1, Census Tract 4226.32, Maricopa County, Arizona","1086","111","41","32","0","12","35","53","49","44","40","29","94","57","77","53","53","52","57","38","84","51","82","48","238","100","144","64","37","31","34","34","21","20",
"1500000US040134226322","Block Group 2, Census Tract 4226.32, Maricopa County, Arizona","610","102","30","39","21","24","24","22","44","27","57","53","34","28","10","15","23","21","57","60","96","49","117","42","40","24","22","24","0","12","35","28","0","12",
"1500000US040134226331","Block Group 1, Census Tract 4226.33, Maricopa County, Arizona","1268","88","61","42","68","53","6","11","27","33","119","82","145","71","70","52","144","68","89","88","106","61","224","91","146","71","45","50","7","10","4","8","7","13",
"1500000US040134226341","Block Group 1, Census Tract 4226.34, Maricopa County, Arizona","1292","170","57","34","99","55","55","54","91","61","80","49","137","78","39","26","99","63","30","27","88","63","288","111","139","62","30","28","20","23","20","23","20","21",
"1500000US040134226342","Block Group 2, Census Tract 4226.34, Maricopa County, Arizona","702","107","39","41","0","12","65","58","52","59","37","29","18","21","30","26","27","27","50","44","104","55","56","39","57","28","57","53","82","69","28","45","0","12",
"1500000US040134226351","Block Group 1, Census Tract 4226.35, Maricopa County, Arizona","893","117","55","25","29","47","12","12","16","14","33","18","49","27","18","17","58","29","29","19","104","72","131","53","181","61","83","45","40","34","19","18","36","31",
"1500000US040134226361","Block Group 1, Census Tract 4226.36, Maricopa County, Arizona","861","124","12","16","0","12","11","18","79","74","46","33","61","47","30","30","0","12","18","21","35","23","262","94","157","72","57","37","31","23","57","51","5","10",
"1500000US040134226362","Block Group 2, Census Tract 4226.36, Maricopa County, Arizona","271","91","25","29","9","16","0","12","0","12","9","14","4","10","8","13","34","29","28","26","0","12","0","12","89","76","65","62","0","12","0","12","0","12",
"1500000US040134226371","Block Group 1, Census Tract 4226.37, Maricopa County, Arizona","488","85","18","28","12","21","9","14","8","16","17","20","30","42","12","18","21","34","3","7","50","46","84","65","56","42","78","41","34","38","50","49","6","9",
"1500000US040134226372","Block Group 2, Census Tract 4226.37, Maricopa County, Arizona","666","86","30","28","11","14","16","23","21","26","0","12","0","12","28","31","51","39","35","40","72","49","107","62","74","50","77","40","84","56","43","38","17","24",
"1500000US040134226381","Block Group 1, Census Tract 4226.38, Maricopa County, Arizona","996","125","28","32","0","12","0","12","17","20","67","46","18","20","25","29","0","12","68","50","127","85","152","81","168","74","160","81","45","35","92","65","29","24",
"1500000US040134226382","Block Group 2, Census Tract 4226.38, Maricopa County, Arizona","548","112","81","53","21","24","23","24","34","24","35","34","54","52","0","12","33","41","7","11","50","49","61","62","43","52","78","63","0","12","28","50","0","12",
"1500000US040134226391","Block Group 1, Census Tract 4226.39, Maricopa County, Arizona","547","107","0","12","0","12","43","39","14","24","14","22","27","31","13","20","70","75","29","32","56","44","46","41","28","33","0","12","84","55","55","45","68","71",
"1500000US040134226392","Block Group 2, Census Tract 4226.39, Maricopa County, Arizona","1317","174","100","87","28","31","45","41","28","30","79","56","81","79","44","41","144","93","87","56","140","88","86","53","151","67","120","84","54","42","73","48","57","48",
"1500000US040134226393","Block Group 3, Census Tract 4226.39, Maricopa County, Arizona","278","109","34","55","0","12","42","68","59","42","14","23","0","12","14","24","0","12","14","22","44","43","57","71","0","12","0","12","0","12","0","12","0","12",
"1500000US040134226401","Block Group 1, Census Tract 4226.40, Maricopa County, Arizona","289","103","0","12","0","12","7","11","0","12","0","12","0","12","39","46","0","12","0","12","68","74","45","35","45","56","13","27","72","69","0","12","0","12",
"1500000US040134226402","Block Group 2, Census Tract 4226.40, Maricopa County, Arizona","680","129","53","35","14","23","66","64","35","30","34","34","18","21","7","12","31","29","71","75","99","82","42","41","146","78","7","11","43","37","14","25","0","12",
"1500000US040134226403","Block Group 3, Census Tract 4226.40, Maricopa County, Arizona","392","96","0","12","7","11","0","12","0","12","20","31","0","12","0","12","10","16","13","21","25","29","15","17","92","55","131","85","40","44","0","12","39","46",
"1500000US040134226404","Block Group 4, Census Tract 4226.40, Maricopa County, Arizona","514","100","37","27","9","13","8","12","28","27","44","32","55","40","55","33","47","29","14","16","42","39","75","49","51","40","21","17","21","19","7","12","0","12",
"1500000US040134226411","Block Group 1, Census Tract 4226.41, Maricopa County, Arizona","940","137","18","29","0","12","0","12","0","12","15","23","53","52","33","39","10","18","12","19","55","54","88","62","119","65","83","51","95","68","173","88","186","83",
"1500000US040134226412","Block Group 2, Census Tract 4226.41, Maricopa County, Arizona","415","108","0","12","30","39","0","12","0","12","51","47","0","12","0","12","0","12","0","12","85","57","57","47","29","27","39","39","54","41","61","52","9","15",
"1500000US040134226413","Block Group 3, Census Tract 4226.41, Maricopa County, Arizona","1124","164","33","35","41","52","61","46","19","29","43","41","53","50","62","75","63","54","63","86","55","43","93","76","295","131","159","98","39","37","39","48","6","13",
"1500000US040134226421","Block Group 1, Census Tract 4226.42, Maricopa County, Arizona","913","125","10","15","0","12","19","21","32","37","23","36","17","21","52","49","54","41","38","49","29","26","90","56","128","71","123","61","84","43","117","60","97","56",
"1500000US040134226422","Block Group 2, Census Tract 4226.42, Maricopa County, Arizona","476","81","0","12","0","12","0","12","51","49","29","25","6","10","50","52","9","14","31","26","8","13","120","67","43","30","78","40","42","42","9","13","0","12",
"1500000US040134226423","Block Group 3, Census Tract 4226.42, Maricopa County, Arizona","476","79","9","14","0","12","15","17","0","12","0","12","0","12","9","15","0","12","35","28","62","47","37","28","110","64","52","37","27","25","53","35","67","39",
"1500000US040134226431","Block Group 1, Census Tract 4226.43, Maricopa County, Arizona","862","95","10","16","0","12","12","19","0","12","0","12","75","62","11","17","38","53","24","38","41","27","116","55","168","72","197","76","85","51","76","40","9","15",
"1500000US040134226432","Block Group 2, Census Tract 4226.43, Maricopa County, Arizona","995","89","17","18","10","18","10","15","9","15","33","30","9","14","18","20","34","30","36","47","41","34","144","68","179","78","232","83","90","67","81","56","52","36",
"1500000US040134226441","Block Group 1, Census Tract 4226.44, Maricopa County, Arizona","1213","163","39","46","0","12","13","20","0","12","20","23","0","12","23","37","25","34","13","22","32","34","192","115","201","98","103","69","82","58","171","119","299","131",
"1500000US040134226442","Block Group 2, Census Tract 4226.44, Maricopa County, Arizona","1347","185","28","31","14","22","84","52","58","40","0","12","74","53","53","41","92","58","134","97","174","80","168","82","167","78","151","74","76","60","15","25","59","44",
"1500000US040134226443","Block Group 3, Census Tract 4226.44, Maricopa County, Arizona","950","169","29","34","0","12","12","19","26","29","28","32","43","47","36","43","89","72","92","86","30","33","86","92","132","93","93","58","143","86","71","88","40","38",
"1500000US040134226461","Block Group 1, Census Tract 4226.46, Maricopa County, Arizona","1880","201","28","33","0","17","0","17","28","32","16","28","14","22","44","53","13","21","58","67","93","58","54","49","189","113","267","120","382","116","345","164","349","172",
"1500000US040134226462","Block Group 2, Census Tract 4226.46, Maricopa County, Arizona","352","119","16","24","0","12","0","12","0","12","0","12","0","12","77","106","13","20","22","35","25","27","34","40","56","44","44","42","0","12","54","51","11","18",
"1500000US040134226463","Block Group 3, Census Tract 4226.46, Maricopa County, Arizona","415","81","0","12","0","12","0","12","0","12","0","12","11","18","14","22","21","33","14","23","39","65","25","28","137","92","29","32","67","55","58","49","0","12",
"1500000US040134226464","Block Group 4, Census Tract 4226.46, Maricopa County, Arizona","759","160","0","12","0","12","0","12","0","12","0","12","0","12","0","12","30","52","0","12","12","18","30","34","136","92","58","50","167","88","122","103","204","117",
"1500000US040135228001","Block Group 1, Census Tract 5228, Maricopa County, Arizona","203","53","9","10","11","11","14","14","0","12","36","33","16","15","12","14","0","12","34","32","17","15","29","23","21","20","4","7","0","12","0","12","0","12",
"1500000US040135229011","Block Group 1, Census Tract 5229.01, Maricopa County, Arizona","743","100","0","12","16","13","16","17","21","23","37","30","32","26","19","20","74","53","48","39","118","64","61","34","173","58","45","32","24","24","28","45","31","40",
"1500000US040135229012","Block Group 2, Census Tract 5229.01, Maricopa County, Arizona","1103","114","111","75","25","21","47","45","69","54","49","46","22","25","70","57","8","13","26","23","119","74","119","52","162","82","138","60","59","40","68","41","11","18",
"1500000US040135229031","Block Group 1, Census Tract 5229.03, Maricopa County, Arizona","743","106","82","60","103","71","50","55","65","48","67","50","101","54","34","35","36","35","0","12","77","67","46","33","82","56","0","12","0","12","0","12","0","12",
"1500000US040135229032","Block Group 2, Census Tract 5229.03, Maricopa County, Arizona","324","85","20","24","0","12","19","31","46","47","27","41","44","40","38","41","5","10","0","12","30","33","32","31","46","43","0","12","0","12","17","26","0","12",
"1500000US040135229033","Block Group 3, Census Tract 5229.03, Maricopa County, Arizona","496","100","13","17","18","29","26","32","20","32","56","42","55","50","34","41","40","42","39","51","22","27","35","34","56","50","26","31","40","47","16","15","0","12",
"1500000US040135229041","Block Group 1, Census Tract 5229.04, Maricopa County, Arizona","390","88","32","41","12","19","53","62","10","18","0","12","16","19","26","32","8","13","37","39","43","39","61","41","27","25","33","30","32","38","0","12","0","12",
"1500000US040135229042","Block Group 2, Census Tract 5229.04, Maricopa County, Arizona","661","90","16","24","0","12","45","51","11","17","28","26","8","12","29","35","17","18","84","64","63","34","68","43","113","63","63","43","69","51","5","9","42","32",
"1500000US040135229043","Block Group 3, Census Tract 5229.04, Maricopa County, Arizona","424","97","50","51","0","12","20","23","97","68","42","45","0","12","17","27","10","16","60","53","53","56","30","29","6","11","19","21","0","12","20","23","0","12",
"1500000US040135230021","Block Group 1, Census Tract 5230.02, Maricopa County, Arizona","439","106","13","21","12","18","28","43","32","41","43","56","45","31","35","38","0","12","11","17","59","55","60","58","80","52","0","12","12","20","9","13","0","12",
"1500000US040135230022","Block Group 2, Census Tract 5230.02, Maricopa County, Arizona","646","127","150","95","19","24","77","69","32","51","24","37","16","24","41","34","0","12","10","15","37","31","43","40","7","11","131","75","11","18","48","47","0","12",
"1500000US040135230023","Block Group 3, Census Tract 5230.02, Maricopa County, Arizona","480","98","0","12","59","52","24","21","19","15","16","18","0","12","7","13","85","74","0","12","19","18","49","35","107","86","16","18","34","29","26","28","19","20",
"1500000US040135230024","Block Group 4, Census Tract 5230.02, Maricopa County, Arizona","211","89","66","69","0","12","9","16","9","15","0","12","67","62","10","16","0","12","8","13","0","12","0","12","42","38","0","12","0","12","0","12","0","12",
"1500000US040135230031","Block Group 1, Census Tract 5230.03, Maricopa County, Arizona","819","144","13","21","47","45","58","70","32","33","49","51","141","102","65","49","5","14","27","35","114","85","65","44","139","110","30","43","34","34","0","12","0","12",
"1500000US040135230032","Block Group 2, Census Tract 5230.03, Maricopa County, Arizona","303","93","13","20","22","27","18","23","0","12","0","12","14","22","31","32","27","30","27","30","27","33","45","43","50","68","16","26","13","23","0","12","0","12",
"1500000US040135230033","Block Group 3, Census Tract 5230.03, Maricopa County, Arizona","533","115","12","20","0","12","16","25","49","59","0","12","16","27","46","63","31","37","30","35","70","63","70","52","20","37","23","32","13","22","36","42","101","95",
"1500000US040135230034","Block Group 4, Census Tract 5230.03, Maricopa County, Arizona","827","143","82","82","0","12","13","22","10","17","35","43","26","31","51","53","25","32","26","32","37","29","74","62","212","118","54","50","74","62","64","72","44","51",
"1500000US040135230051","Block Group 1, Census Tract 5230.05, Maricopa County, Arizona","892","91","15","18","9","13","38","36","32","25","61","53","22","21","53","34","0","12","27","22","84","50","106","55","99","48","153","62","74","36","66","35","53","36",
"1500000US040135230052","Block Group 2, Census Tract 5230.05, Maricopa County, Arizona","533","90","8","12","7","12","0","12","15","17","15","17","7","11","45","54","28","29","5","8","8","12","74","45","119","56","75","48","53","58","59","59","15","19",
"1500000US040135230053","Block Group 3, Census Tract 5230.05, Maricopa County, Arizona","462","78","8","14","8","12","0","12","0","12","0","12","4","8","17","20","28","46","11","13","5","10","83","50","104","53","125","51","30","27","31","31","8","12",
"1500000US040135230061","Block Group 1, Census Tract 5230.06, Maricopa County, Arizona","400","94","0","12","0","12","17","27","45","75","17","27","42","40","50","45","11","17","0","12","17","28","70","52","16","29","62","40","19","29","20","31","14","22",
"1500000US040135230062","Block Group 2, Census Tract 5230.06, Maricopa County, Arizona","547","102","33","37","0","12","15","22","0","12","0","12","32","39","40","45","48","54","0","12","36","39","33","40","126","55","50","44","42","42","47","53","45","44",
"1500000US040135230063","Block Group 3, Census Tract 5230.06, Maricopa County, Arizona","407","105","35","40","0","12","0","12","0","12","24","32","0","12","61","61","58","75","72","74","9","22","62","49","11","19","44","63","0","12","0","12","31","35",
"1500000US040135230064","Block Group 4, Census Tract 5230.06, Maricopa County, Arizona","822","165","149","128","0","12","0","12","0","12","16","30","93","92","20","31","0","12","0","12","60","94","101","70","106","78","70","57","53","49","67","82","87","68",
"1500000US040135231021","Block Group 1, Census Tract 5231.02, Maricopa County, Arizona","320","74","0","12","0","12","22","16","8","12","0","12","12","20","8","13","67","54","25","27","19","20","79","48","15","16","65","49","0","12","0","12","0","12",
"1500000US040135231022","Block Group 2, Census Tract 5231.02, Maricopa County, Arizona","1009","125","87","56","72","56","69","50","57","46","50","29","76","48","74","65","52","50","104","67","69","53","112","62","47","42","66","51","21","23","53","42","0","12",
"1500000US040135231023","Block Group 3, Census Tract 5231.02, Maricopa County, Arizona","440","88","18","20","12","13","0","12","4","8","26","24","15","18","0","12","0","12","16","18","26","30","82","46","94","45","72","54","32","26","43","36","0","12",
"1500000US040135231031","Block Group 1, Census Tract 5231.03, Maricopa County, Arizona","600","138","16","26","23","26","22","24","9","15","62","56","136","112","42","41","13","21","0","12","36","35","79","81","12","19","65","49","16","26","59","62","10","16",
"1500000US040135231032","Block Group 2, Census Tract 5231.03, Maricopa County, Arizona","413","101","14","15","0","12","0","12","0","12","20","33","0","12","18","29","31","30","0","12","82","75","23","29","64","48","71","60","72","58","18","25","0","12",
"1500000US040135231033","Block Group 3, Census Tract 5231.03, Maricopa County, Arizona","635","137","51","58","14","23","0","12","16","27","9","13","85","78","32","50","0","12","52","44","55","63","75","53","96","50","74","52","66","77","10","17","0","12",
"1500000US040135231034","Block Group 4, Census Tract 5231.03, Maricopa County, Arizona","719","154","23","28","0","12","66","85","91","87","62","70","36","33","0","12","13","20","10","15","61","73","11","17","86","67","86","71","99","66","60","41","15","24",
"1500000US040135231041","Block Group 1, Census Tract 5231.04, Maricopa County, Arizona","752","166","57","60","37","57","0","12","0","12","0","12","78","78","0","12","37","43","71","83","70","55","172","93","40","41","123","95","28","48","15","23","24","27",
"1500000US040135231042","Block Group 2, Census Tract 5231.04, Maricopa County, Arizona","677","160","22","39","78","79","86","87","76","93","0","12","90","110","0","12","73","104","50","62","84","83","55","48","19","38","0","12","0","12","44","63","0","12",
"1500000US040135231043","Block Group 3, Census Tract 5231.04, Maricopa County, Arizona","348","164","65","54","44","70","0","12","60","73","72","88","0","12","0","12","17","26","43","67","20","34","27","46","0","12","0","12","0","12","0","12","0","12",
"1500000US040135231044","Block Group 4, Census Tract 5231.04, Maricopa County, Arizona","603","151","56","53","18","30","0","12","11","17","20","27","0","12","0","12","62","83","0","12","24","31","50","60","78","66","117","92","94","77","7","16","66","57",
"1500000US040136100001","Block Group 1, Census Tract 6100, Maricopa County, Arizona","792","146","33","35","12","19","46","68","23","37","0","12","0","12","21","33","41","40","49","52","97","63","142","91","149","114","53","48","60","56","53","49","13","22",
"1500000US040136100002","Block Group 2, Census Tract 6100, Maricopa County, Arizona","448","112","0","12","19","33","13","21","17","27","18","31","0","12","21","34","0","12","0","12","0","12","45","41","115","71","58","71","48","45","36","40","58","54",
"1500000US040136100003","Block Group 3, Census Tract 6100, Maricopa County, Arizona","604","145","63","57","0","12","0","12","0","12","0","12","0","12","0","12","19","30","0","12","64","100","31","37","140","109","111","73","87","84","66","44","23","28",
"1500000US040136100004","Block Group 4, Census Tract 6100, Maricopa County, Arizona","550","131","52","78","0","12","19","30","0","12","0","12","25","40","16","26","13","21","0","12","23","36","23","28","79","61","100","95","61","61","76","63","63","79",
"1500000US040136101001","Block Group 1, Census Tract 6101, Maricopa County, Arizona","242","39","7","11","0","12","15","14","4","6","8","13","7","11","7","10","11","12","9","13","14","15","36","20","28","19","12","14","42","23","9","11","33","21",
"1500000US040136102001","Block Group 1, Census Tract 6102, Maricopa County, Arizona","196","65","0","12","0","12","0","12","0","12","0","12","0","12","0","12","0","12","0","12","16","24","44","67","38","44","14","23","0","12","0","12","84","55",
"1500000US040136102002","Block Group 2, Census Tract 6102, Maricopa County, Arizona","1030","149","97","93","0","12","12","21","16","25","18","27","13","21","45","34","0","12","18","29","64","55","48","55","81","58","169","100","129","78","167","106","153","81",
"1500000US040136102003","Block Group 3, Census Tract 6102, Maricopa County, Arizona","683","119","0","12","15","24","6","10","32","38","17","23","19","30","39","38","36","41","52","48","28","29","43","39","59","49","143","85","76","60","95","74","23","27",
"1500000US040136102004","Block Group 4, Census Tract 6102, Maricopa County, Arizona","1335","195","36","41","16","25","32","38","14","22","23","38","17","26","118","71","61","77","56","81","79","64","130","73","89","61","204","89","87","56","128","81","245","109",
"1500000US040136103001","Block Group 1, Census Tract 6103, Maricopa County, Arizona","1950","154","29","40","70","88","31","36","0","17","18","28","22","33","52","50","51","46","0","17","17","27","232","105","250","97","314","130","261","123","259","116","344","146",
"1500000US040136103002","Block Group 2, Census Tract 6103, Maricopa County, Arizona","1286","174","76","53","18","28","0","12","45","71","37","42","94","81","35","39","105","79","77","56","38","45","73","66","189","122","158","80","112","74","93","71","136","106",
"1500000US040136104001","Block Group 1, Census Tract 6104, Maricopa County, Arizona","442","75","0","12","10","15","0","12","22","37","23","36","0","12","0","12","18","21","0","12","5","8","10","17","45","37","75","49","58","40","138","54","38","38",
"1500000US040136104002","Block Group 2, Census Tract 6104, Maricopa County, Arizona","223","55","0","12","0","12","0","12","0","12","6","8","0","12","15","22","26","32","14","21","0","12","13","22","85","51","5","9","33","31","26","31","0","12",
"1500000US040136104003","Block Group 3, Census Tract 6104, Maricopa County, Arizona","366","84","9","14","0","12","18","17","32","24","0","12","0","12","17","19","16","18","0","12","45","61","70","49","43","27","44","50","34","32","10","16","28","23",
"1500000US040136104004","Block Group 4, Census Tract 6104, Maricopa County, Arizona","744","105","8","12","27","29","10","17","0","12","0","12","0","12","12","15","0","12","0","12","41","56","104","65","157","79","60","41","176","74","42","41","107","72",
"1500000US040136105001","Block Group 1, Census Tract 6105, Maricopa County, Arizona","542","112","19","30","0","12","0","12","0","12","49","79","39","46","25","40","20","31","22","33","21","33","78","63","45","70","76","60","17","28","18","30","113","77",
"1500000US040136105002","Block Group 2, Census Tract 6105, Maricopa County, Arizona","666","148","18","29","0","12","0","12","0","12","0","12","20","31","0","12","43","51","20","31","80","65","42","47","58","54","55","53","99","107","121","71","110","91",
"1500000US040136105003","Block Group 3, Census Tract 6105, Maricopa County, Arizona","1044","137","24","38","21","33","21","33","0","12","0","12","19","30","0","12","0","12","129","121","19","30","118","78","200","122","92","59","72","57","205","117","124","75",
"1500000US040136105004","Block Group 4, Census Tract 6105, Maricopa County, Arizona","438","87","20","33","0","12","21","33","0","12","0","12","44","49","21","33","21","33","0","12","15","23","37","42","39","43","78","54","37","42","50","45","55","52",
"1500000US040136106001","Block Group 1, Census Tract 6106, Maricopa County, Arizona","105","56","0","12","0","12","0","12","0","12","0","12","0","12","0","12","0","12","0","12","20","32","0","12","0","12","24","39","0","12","38","42","23","35",
"1500000US040136106002","Block Group 2, Census Tract 6106, Maricopa County, Arizona","390","97","0","12","20","34","0","12","19","28","0","12","0","12","0","12","65","84","36","30","18","28","50","43","62","52","63","59","21","29","13","23","23","38",
"1500000US040136106003","Block Group 3, Census Tract 6106, Maricopa County, Arizona","1191","156","0","12","0","12","0","12","50","49","68","55","0","12","15","26","62","54","0","12","0","12","146","99","140","88","357","148","161","99","96","66","96","70",
"1500000US040136106004","Block Group 4, Census Tract 6106, Maricopa County, Arizona","519","118","69","108","0","12","0","12","0","12","0","12","21","34","0","12","0","12","0","12","0","12","93","69","66","61","17","29","96","85","87","62","70","71",
"1500000US040136107001","Block Group 1, Census Tract 6107, Maricopa County, Arizona","1093","213","44","42","0","12","66","78","40","46","55","87","0","12","14","21","15","25","89","108","0","12","55","47","224","116","251","115","61","51","72","63","107","70",
"1500000US040136107002","Block Group 2, Census Tract 6107, Maricopa County, Arizona","352","123","25","47","0","12","0","12","0","12","0","12","35","61","0","12","25","40","0","12","24","40","0","12","61","47","0","12","31","49","43","52","108","140",
"1500000US040136107003","Block Group 3, Census Tract 6107, Maricopa County, Arizona","1064","215","42","49","0","12","18","30","30","35","140","139","97","130","66","101","33","39","28","48","53","54","170","102","64","51","108","69","46","45","96","87","73","53",
"1500000US040136107004","Block Group 4, Census Tract 6107, Maricopa County, Arizona","373","114","0","12","0","12","0","12","0","12","0","12","0","12","0","12","0","12","0","12","78","64","64","56","21","33","69","71","30","37","59","47","52","42",
"1500000US040136108001","Block Group 1, Census Tract 6108, Maricopa County, Arizona","1718","57","16","18","32","50","0","17","19","16","55","35","10","15","25","27","23","25","0","17","112","56","87","59","233","75","323","88","270","88","285","93","228","77",
"1500000US040136109001","Block Group 1, Census Tract 6109, Maricopa County, Arizona","809","131","33","36","20","30","0","12","17","19","0","12","0","12","28","33","35","33","16","19","67","64","98","73","52","37","76","52","108","66","87","58","172","78",
"1500000US040136109002","Block Group 2, Census Tract 6109, Maricopa County, Arizona","2157","185","18","27","0","17","12","20","15","23","28","31","29","23","15","23","66","79","77","50","114","68","83","52","366","107","250","122","381","125","301","110","402","108",
"1500000US040136109003","Block Group 3, Census Tract 6109, Maricopa County, Arizona","427","95","11","17","0","12","0","12","0","12","0","12","10","16","0","12","0","12","0","12","25","29","13","21","62","45","64","43","31","34","46","38","165","88",
"1500000US040136110001","Block Group 1, Census Tract 6110, Maricopa County, Arizona","857","32","12","10","11","12","3","5","3","6","16","17","0","12","14","18","14","14","14","16","34","21","25","16","133","50","116","53","181","50","141","39","140","39",
"1500000US040136111001","Block Group 1, Census Tract 6111, Maricopa County, Arizona","493","77","5","8","6","10","0","12","0","12","7","10","0","12","5","10","0","12","0","12","28","27","46","46","50","39","127","52","91","57","85","50","43","34",
"1500000US040136111002","Block Group 2, Census Tract 6111, Maricopa County, Arizona","497","72","10","15","0","12","0","12","7","12","12","17","0","12","15","18","0","12","41","39","16","19","40","47","27","27","65","49","52","35","119","58","93","49",
"1500000US040136112001","Block Group 1, Census Tract 6112, Maricopa County, Arizona","799","106","0","12","31","49","0","12","12","19","0","12","37","28","0","12","10","17","0","12","52","64","77","45","82","44","113","56","87","52","186","79","112","57",
"1500000US040136112002","Block Group 2, Census Tract 6112, Maricopa County, Arizona","777","101","0","12","0","12","0","12","0","12","26","41","0","12","30","33","0","12","0","12","37","44","84","74","106","53","59","40","126","60","118","64","191","83",
"1500000US040136112003","Block Group 3, Census Tract 6112, Maricopa County, Arizona","262","71","0","12","0","12","0","12","0","12","0","12","29","46","0","12","11","18","0","12","0","12","12","19","17","26","0","12","27","31","44","32","122","53",
"1500000US040136113001","Block Group 1, Census Tract 6113, Maricopa County, Arizona","1707","221","19","31","0","12","0","12","47","43","110","75","58","48","120","98","111","63","117","82","167","110","206","105","300","144","189","117","104","80","98","71","61","56",
"1500000US040136113002","Block Group 2, Census Tract 6113, Maricopa County, Arizona","902","153","10","16","0","12","0","12","0","12","18","28","22","39","27","31","9","14","21","34","83","79","91","56","121","85","92","65","63","45","192","75","153","96",
"1500000US040136114001","Block Group 1, Census Tract 6114, Maricopa County, Arizona","827","123","0","12","14","24","20","33","0","12","0","12","15","25","0","12","24","40","32","45","44","62","102","76","83","61","148","94","54","53","112","83","179","98",
"1500000US040136114002","Block Group 2, Census Tract 6114, Maricopa County, Arizona","537","126","0","12","0","12","0","12","0","12","0","12","14","23","0","12","33","38","0","12","87","102","9","17","50","47","122","86","43","47","113","82","66","66",
"1500000US040136114003","Block Group 3, Census Tract 6114, Maricopa County, Arizona","710","137","28","36","0","12","55","78","0","12","10","18","0","12","0","12","0","12","66","100","13","21","10","20","167","103","83","50","55","49","131","87","92","73",
"1500000US040136115001","Block Group 1, Census Tract 6115, Maricopa County, Arizona","548","114","0","12","0","12","0","12","0","12","0","12","17","26","0","12","0","12","0","12","14","21","12","20","185","115","66","45","36","43","116","98","102","71",
"1500000US040136115002","Block Group 2, Census Tract 6115, Maricopa County, Arizona","977","118","0","12","21","35","0","12","17","27","0","12","18","28","41","44","0","12","34","39","22","35","36","35","166","78","156","80","158","88","203","75","105","68",
"1500000US040136115003","Block Group 3, Census Tract 6115, Maricopa County, Arizona","926","116","20","32","17","28","0","12","0","12","0","12","14","24","27","32","36","41","18","28","65","54","42","37","89","55","177","106","117","87","163","75","141","79",
"1500000US040136116001","Block Group 1, Census Tract 6116, Maricopa County, Arizona","490","64","10","15","0","12","9","14","8","12","0","12","0","12","8","12","0","12","0","12","9","15","66","40","31","26","60","44","49","32","97","49","143","51",
"1500000US040136116002","Block Group 2, Census Tract 6116, Maricopa County, Arizona","552","70","0","12","0","12","8","13","0","12","9","14","0","12","11","16","0","12","17","19","41","31","25","27","16","18","84","48","93","64","89","37","159","75",
"1500000US040136117001","Block Group 1, Census Tract 6117, Maricopa County, Arizona","566","194","18","28","0","12","41","62","0","12","21","35","0","12","0","12","0","12","0","12","0","12","35","38","16","25","116","120","8","14","77","67","234","169",
"1500000US040136117002","Block Group 2, Census Tract 6117, Maricopa County, Arizona","386","118","8","17","0","12","0","12","0","12","0","12","0","12","58","51","0","12","0","12","25","30","19","33","37","36","38","39","26","36","5","10","170","133",
"1500000US040136117003","Block Group 3, Census Tract 6117, Maricopa County, Arizona","599","199","11","19","19","29","19","30","107","123","18","31","18","29","0","12","15","24","0","12","9","16","48","51","53","45","64","42","84","71","0","12","134","74",
"1500000US040136117004","Block Group 4, Census Tract 6117, Maricopa County, Arizona","707","256","70","109","7","11","0","12","19","32","13","25","31","37","0","12","0","12","25","42","72","96","0","12","45","50","92","60","29","34","58","53","246","266",
"1500000US040136118001","Block Group 1, Census Tract 6118, Maricopa County, Arizona","725","125","0","12","0","12","16","25","0","12","0","12","22","32","37","40","17","26","16","26","0","12","66","55","109","78","176","90","188","99","48","45","30","34",
"1500000US040136118002","Block Group 2, Census Tract 6118, Maricopa County, Arizona","738","139","0","12","0","12","0","12","32","48","53","83","0","12","23","36","0","12","18","29","85","70","105","85","61","51","62","63","152","100","78","57","69","65",
"1500000US040136118003","Block Group 3, Census Tract 6118, Maricopa County, Arizona","344","116","0","12","0","12","56","76","27","33","0","12","0","12","18","27","13","23","20","31","18","28","39","40","24","39","20","32","34","41","29","49","46","38",
"1500000US040136118004","Block Group 4, Census Tract 6118, Maricopa County, Arizona","566","126","10","18","44","67","0","12","23","36","24","39","48","47","0","12","0","12","0","12","61","68","42","45","80","58","108","71","53","49","59","51","14","22",
"1500000US040136119001","Block Group 1, Census Tract 6119, Maricopa County, Arizona","413","51","6","9","0","12","0","12","0","12","14","13","0","12","0","12","0","12","0","12","20","17","15","13","80","43","72","35","44","27","73","47","89","31",
"1500000US040136119002","Block Group 2, Census Tract 6119, Maricopa County, Arizona","487","58","13","20","0","12","4","7","0","12","16","26","18","16","6","11","12","13","6","10","50","37","78","43","55","27","68","39","59","36","59","26","43","34",
"1500000US040136120001","Block Group 1, Census Tract 6120, Maricopa County, Arizona","1221","100","0","12","0","12","10","16","21","24","12","17","44","45","9","15","0","12","0","12","96","52","66","43","146","62","42","33","133","72","385","105","257","97",
"1500000US040136122001","Block Group 1, Census Tract 6122, Maricopa County, Arizona","2200","90","17","18","0","17","29","29","32","29","7","12","43","56","109","56","44","37","24","22","127","68","257","114","279","93","226","75","273","76","332","95","401","104",
"1500000US040136123001","Block Group 1, Census Tract 6123, Maricopa County, Arizona","1532","226","104","61","0","12","21","32","0","12","101","126","78","67","152","132","28","38","83","65","270","128","196","109","135","85","162","104","95","65","50","56","57","72",
"1500000US040136123002","Block Group 2, Census Tract 6123, Maricopa County, Arizona","763","144","0","12","0","12","0","12","0","12","23","34","0","12","0","12","0","12","0","12","23","36","0","12","104","104","117","67","128","75","119","87","249","149",
"1500000US040136123003","Block Group 3, Census Tract 6123, Maricopa County, Arizona","400","91","21","34","0","12","0","12","22","31","0","12","0","12","0","12","38","42","33","35","38","32","22","34","97","61","50","45","36","41","43","38","0","12",
"1500000US040136123004","Block Group 4, Census Tract 6123, Maricopa County, Arizona","444","99","18","30","0","12","0","12","0","12","0","12","52","83","0","12","0","12","12","19","0","12","30","39","85","60","83","53","54","46","50","46","60","49",
"1500000US040136124001","Block Group 1, Census Tract 6124, Maricopa County, Arizona","1133","166","23","39","18","30","0","12","39","45","17","29","0","12","73","60","19","29","76","102","87","63","110","77","173","93","96","54","89","58","115","77","198","110",
"1500000US040136124002","Block Group 2, Census Tract 6124, Maricopa County, Arizona","814","149","0","12","16","26","14","22","0","12","37","30","86","87","68","64","0","12","0","12","19","31","34","42","155","107","67","49","87","83","123","85","108","76",
"1500000US040136124003","Block Group 3, Census Tract 6124, Maricopa County, Arizona","929","155","14","23","0","12","21","33","56","92","0","12","0","12","0","12","0","12","0","12","32","50","112","73","138","88","86","65","139","101","224","104","107","73",
"1500000US040136125001","Block Group 1, Census Tract 6125, Maricopa County, Arizona","526","71","0","12","0","12","0","12","35","43","0","12","22","24","9","14","18","19","27","25","26","25","16","18","25","23","50","33","36","25","56","37","206","67",
"1500000US040136125002","Block Group 2, Census Tract 6125, Maricopa County, Arizona","666","109","9","15","30","23","9","15","0","12","13","19","30","26","45","57","9","14","20","22","39","48","64","24","46","31","99","70","64","33","108","72","81","39",
"1500000US040136125003","Block Group 3, Census Tract 6125, Maricopa County, Arizona","428","75","0","12","0","12","12","18","0","12","9","14","9","15","0","12","10","16","0","12","61","45","34","30","40","31","38","32","47","35","110","57","58","49",
"1500000US040136126001","Block Group 1, Census Tract 6126, Maricopa County, Arizona","482","68","10","16","9","13","0","12","22","23","0","12","56","48","0","12","0","12","34","37","25","21","55","32","72","55","41","30","54","41","52","32","52","36",
"1500000US040136126002","Block Group 2, Census Tract 6126, Maricopa County, Arizona","569","68","0","12","0","12","19","21","31","49","17","20","0","12","12","18","20","22","35","38","21","20","67","46","106","51","75","51","46","34","34","31","86","51",
"1500000US040136127001","Block Group 1, Census Tract 6127, Maricopa County, Arizona","475","48","6","9","15","23","5","8","15","16","5","8","31","20","25","18","0","12","5","7","31","24","61","31","82","43","52","24","49","29","35","22","58","30",
"1500000US040136127002","Block Group 2, Census Tract 6127, Maricopa County, Arizona","398","55","6","10","0","12","18","28","5","7","17","17","12","13","5","7","10","11","0","12","14","15","37","25","33","20","20","18","63","34","66","27","92","37",
"1500000US040136128001","Block Group 1, Census Tract 6128, Maricopa County, Arizona","889","56","79","46","20","23","30","23","5","8","21","17","6","9","25","20","19","16","6","9","35","24","52","26","98","45","138","39","65","36","152","63","138","49",
"1500000US040136129001","Block Group 1, Census Tract 6129, Maricopa County, Arizona","373","49","13","13","0","12","5","7","0","12","0","12","0","12","10","12","11","11","13","15","23","19","8","9","79","40","45","24","28","17","66","34","72","30",
"1500000US040136129002","Block Group 2, Census Tract 6129, Maricopa County, Arizona","607","59","0","12","12","12","5","7","5","8","11","12","24","22","0","12","11","12","25","21","20","14","62","35","97","36","73","36","39","21","112","39","111","42",
"1500000US040136130001","Block Group 1, Census Tract 6130, Maricopa County, Arizona","1075","105","66","56","20","21","11","17","0","12","17","19","10","14","9","14","0","12","19","21","25","24","64","41","85","47","49","35","104","48","203","82","393","101",
"1500000US040136130002","Block Group 2, Census Tract 6130, Maricopa County, Arizona","792","93","10","17","27","24","10","16","8","12","9","14","21","23","33","30","18","20","29","26","61","38","0","12","81","52","37","45","94","51","137","64","217","81",
"1500000US040136131001","Block Group 1, Census Tract 6131, Maricopa County, Arizona","333","78","11","17","12","18","0","12","12","18","0","12","12","19","12","20","0","12","0","12","12","18","11","17","23","26","14","20","11","18","72","67","131","54",
"1500000US040136131002","Block Group 2, Census Tract 6131, Maricopa County, Arizona","626","90","32","29","18","21","13","19","12","19","0","12","12","19","9","13","9","14","12","19","2","4","36","33","24","25","79","64","89","48","87","48","192","65",
"1500000US040136131003","Block Group 3, Census Tract 6131, Maricopa County, Arizona","502","91","11","18","11","19","0","12","12","19","11","18","37","32","12","19","16","25","0","12","10","15","39","29","47","31","24","28","80","84","40","36","152","76",
"1500000US040136132001","Block Group 1, Census Tract 6132, Maricopa County, Arizona","430","70","19","29","0","12","0","12","0","12","0","12","0","12","11","18","0","12","0","12","0","12","21","24","37","30","72","58","10","17","51","32","209","67",
"1500000US040136132002","Block Group 2, Census Tract 6132, Maricopa County, Arizona","549","93","14","18","0","12","0","12","40","61","0","12","22","24","0","12","50","51","11","16","44","51","64","39","25","30","82","52","28","27","102","53","67","44",
"1500000US040136132003","Block Group 3, Census Tract 6132, Maricopa County, Arizona","490","85","10","16","0","12","11","17","11","18","10","17","0","12","19","29","0","12","10","16","26","41","88","64","43","34","52","52","50","37","38","31","122","51",
"1500000US040136133001","Block Group 1, Census Tract 6133, Maricopa County, Arizona","764","130","15","24","0","12","0","12","44","62","0","12","0","12","0","12","0","12","28","32","0","12","42","51","93","68","108","63","32","39","100","63","302","105",
"1500000US040136133002","Block Group 2, Census Tract 6133, Maricopa County, Arizona","373","94","0","12","0","12","0","12","0","12","0","12","13","22","0","12","0","12","0","12","13","20","36","30","23","39","73","64","71","54","83","51","61","50",
"1500000US040136133003","Block Group 3, Census Tract 6133, Maricopa County, Arizona","382","101","0","12","0","12","0","12","0","12","14","22","0","12","16","25","46","43","32","28","52","49","0","12","19","31","45","44","27","32","53","52","78","96",
"1500000US040136133004","Block Group 4, Census Tract 6133, Maricopa County, Arizona","555","116","36","56","0","12","0","12","0","12","0","12","0","12","0","12","29","25","0","12","0","12","118","91","66","65","15","23","82","80","157","79","52","56",
"1500000US040136133005","Block Group 5, Census Tract 6133, Maricopa County, Arizona","385","129","0","12","0","12","0","12","15","23","0","12","0","12","0","12","76","97","15","24","0","12","44","38","28","32","75","61","50","51","68","48","14","23",
"1500000US040136134001","Block Group 1, Census Tract 6134, Maricopa County, Arizona","803","68","34","31","9","13","57","38","28","25","9","14","77","64","50","36","48","41","18","21","45","33","109","49","154","83","73","40","79","46","13","20","0","12",
"1500000US040136134002","Block Group 2, Census Tract 6134, Maricopa County, Arizona","599","65","7","12","0","12","22","23","25","26","0","12","0","12","11","18","36","31","8","13","53","39","109","51","80","43","86","43","20","21","82","50","60","39",
"1500000US040136135001","Block Group 1, Census Tract 6135, Maricopa County, Arizona","855","114","0","12","16","21","19","23","8","12","0","12","0","12","10","16","31","28","13","15","54","33","103","60","223","76","118","58","85","49","98","56","77","49",
"1500000US040136135002","Block Group 2, Census Tract 6135, Maricopa County, Arizona","715","86","15","18","35","23","21","17","48","35","71","49","72","52","89","46","20","23","45","47","58","35","85","38","85","44","53","38","18","19","0","12","0","12",
"1500000US040136136001","Block Group 1, Census Tract 6136, Maricopa County, Arizona","1251","119","39","43","20","31","0","12","36","29","8","12","17","19","17","29","0","12","32","30","57","52","87","52","161","73","155","86","269","117","214","81","139","56",
"1500000US040136136002","Block Group 2, Census Tract 6136, Maricopa County, Arizona","367","85","18","21","0","12","11","16","41","32","47","29","26","27","41","43","0","12","8","12","18","19","26","21","8","13","37","27","29","32","48","53","9","14",
"1500000US040136136003","Block Group 3, Census Tract 6136, Maricopa County, Arizona","379","84","9","14","0","12","0","12","10","14","9","14","0","12","34","28","0","12","9","15","18","18","47","35","48","33","80","46","62","49","46","32","7","12",
"1500000US040136137001","Block Group 1, Census Tract 6137, Maricopa County, Arizona","516","66","22","22","0","12","0","12","16","18","12","19","9","14","0","12","7","11","48","58","46","42","24","27","141","79","136","60","13","20","34","29","8","13",
"1500000US040136137002","Block Group 2, Census Tract 6137, Maricopa County, Arizona","493","76","15","18","8","13","17","19","0","12","0","12","8","12","14","14","22","20","8","13","63","33","66","43","124","71","15","18","91","46","31","27","11","17",
"1500000US040136137003","Block Group 3, Census Tract 6137, Maricopa County, Arizona","592","83","19","23","11","16","15","16","22","24","7","11","0","12","5","10","10","16","28","26","20","22","7","11","85","48","55","33","95","48","175","75","38","31",
"1500000US040136138001","Block Group 1, Census Tract 6138, Maricopa County, Arizona","590","75","0","12","0","12","0","12","0","12","25","28","14","21","0","12","0","12","0","12","33","32","0","12","143","67","121","57","18","27","106","50","130","70",
"1500000US040136138002","Block Group 2, Census Tract 6138, Maricopa County, Arizona","789","96","10","15","0","12","0","12","0","12","36","30","10","16","20","24","56","46","10","16","91","52","45","38","145","72","149","64","58","46","90","53","69","40",
"1500000US040136139001","Block Group 1, Census Tract 6139, Maricopa County, Arizona","760","123","12","19","7","15","15","23","0","12","28","46","14","20","0","12","0","12","58","53","15","27","60","56","89","69","155","97","128","84","87","61","92","67",
"1500000US040136139002","Block Group 2, Census Tract 6139, Maricopa County, Arizona","617","147","0","12","14","22","0","12","0","12","0","12","61","86","14","21","0","12","0","12","23","26","44","41","120","77","198","106","45","38","54","47","44","53",
"1500000US040136139003","Block Group 3, Census Tract 6139, Maricopa County, Arizona","545","133","0","12","0","12","0","12","19","31","0","12","0","12","16","26","0","12","0","12","29","35","46","55","119","97","95","80","83","86","107","68","31","38",
"1500000US040136140001","Block Group 1, Census Tract 6140, Maricopa County, Arizona","395","62","0","12","11","17","0","12","0","12","0","12","12","19","10","16","0","12","0","12","41","38","54","30","61","47","32","30","20","23","73","47","81","37",
"1500000US040136140002","Block Group 2, Census Tract 6140, Maricopa County, Arizona","566","76","0","12","0","12","0","12","12","18","0","12","10","16","0","12","19","26","10","16","66","43","41","33","85","49","137","66","79","53","71","40","36","35",
"1500000US040136140003","Block Group 3, Census Tract 6140, Maricopa County, Arizona","509","76","0","12","10","15","0","12","7","12","11","17","14","21","0","12","0","12","0","12","50","36","41","35","101","44","54","38","52","33","93","49","76","53",
"1500000US040136141001","Block Group 1, Census Tract 6141, Maricopa County, Arizona","789","133","35","29","0","12","25","30","0","12","15","24","0","12","19","29","0","12","0","12","101","87","129","103","77","61","75","52","199","132","36","39","78","54",
"1500000US040136141002","Block Group 2, Census Tract 6141, Maricopa County, Arizona","414","94","12","20","0","12","0","12","0","12","37","46","22","35","0","12","19","32","0","12","50","51","97","101","26","33","28","37","56","51","34","37","33","35",
"1500000US040136141003","Block Group 3, Census Tract 6141, Maricopa County, Arizona","444","105","19","31","0","12","0","12","0","12","0","12","0","12","15","24","25","32","0","12","52","81","38","42","54","49","141","76","30","37","15","30","55","52",
"1500000US040136141004","Block Group 4, Census Tract 6141, Maricopa County, Arizona","642","113","0","12","19","31","0","12","12","21","0","12","33","48","30","34","12","19","0","12","0","12","31","38","98","57","67","64","113","63","41","37","186","93",
"1500000US040136142001","Block Group 1, Census Tract 6142, Maricopa County, Arizona","433","66","22","26","0","12","17","19","10","15","0","12","21","24","12","18","9","14","31","37","0","12","27","27","87","45","42","28","19","23","59","38","77","47",
"1500000US040136142002","Block Group 2, Census Tract 6142, Maricopa County, Arizona","887","107","44","32","11","18","61","42","35","31","22","24","0","12","20","22","0","12","50","43","40","30","58","37","132","74","128","64","103","70","105","46","78","32",
"1500000US040136142003","Block Group 3, Census Tract 6142, Maricopa County, Arizona","561","105","0","12","11","17","0","12","0","12","0","12","0","12","25","27","76","68","12","18","20","22","40","33","85","58","50","34","143","94","46","40","53","36",
"1500000US040136143001","Block Group 1, Census Tract 6143, Maricopa County, Arizona","350","74","24","27","0","12","12","19","0","12","0","12","0","12","6","10","10","17","12","18","9","13","22","24","49","38","42","34","49","35","52","54","63","36",
"1500000US040136143002","Block Group 2, Census Tract 6143, Maricopa County, Arizona","539","69","21","23","10","16","10","15","10","15","0","12","13","20","0","12","18","20","9","13","21","22","0","12","128","81","36","31","92","70","78","42","93","55",
"1500000US040136143003","Block Group 3, Census Tract 6143, Maricopa County, Arizona","329","49","0","12","0","12","0","12","0","12","0","12","9","15","0","12","13","20","0","12","39","41","31","28","10","17","82","42","54","36","33","24","58","34",
"1500000US040136144001","Block Group 1, Census Tract 6144, Maricopa County, Arizona","434","96","40","41","6","11","8","13","7","11","42","38","18","16","24","27","60","42","0","12","8","12","15","17","95","69","57","41","20","29","0","12","34","30",
"1500000US040136144002","Block Group 2, Census Tract 6144, Maricopa County, Arizona","511","71","11","17","0","12","7","11","0","12","28","27","0","12","0","12","38","36","18","30","22","21","71","46","65","35","76","45","59","42","91","75","25","26",
"1500000US040136144003","Block Group 3, Census Tract 6144, Maricopa County, Arizona","496","90","51","41","72","71","0","12","10","16","25","27","16","20","56","42","53","51","0","12","71","47","21","26","35","27","23","25","8","12","55","64","0","12",
"1500000US040136145001","Block Group 1, Census Tract 6145, Maricopa County, Arizona","364","95","28","42","0","12","17","20","24","38","21","24","10","16","9","15","29","45","0","12","46","54","80","46","74","46","0","12","10","15","16","18","0","12",
"1500000US040136145002","Block Group 2, Census Tract 6145, Maricopa County, Arizona","581","87","43","53","19","22","0","12","9","15","41","47","29","29","22","35","36","30","0","12","84","58","66","34","65","43","71","37","64","56","24","24","8","13",
"1500000US040136145003","Block Group 3, Census Tract 6145, Maricopa County, Arizona","84","62","25","39","0","12","0","12","0","12","0","12","0","12","0","12","0","12","0","12","37","47","22","23","0","12","0","12","0","12","0","12","0","12",
"1500000US040136145004","Block Group 4, Census Tract 6145, Maricopa County, Arizona","532","108","71","72","0","12","13","21","0","12","0","12","12","19","0","12","0","12","46","53","14","22","48","38","90","54","77","38","50","37","59","53","52","48",
"1500000US040136146001","Block Group 1, Census Tract 6146, Maricopa County, Arizona","491","118","0","12","0","12","0","12","0","12","29","44","24","37","0","12","31","46","46","54","29","49","102","98","112","77","48","54","48","51","22","40","0","12",
"1500000US040136146002","Block Group 2, Census Tract 6146, Maricopa County, Arizona","506","138","0","12","16","25","0","12","0","12","30","43","0","12","25","41","0","12","68","65","89","92","32","39","52","60","51","56","94","76","49","56","0","12",
"1500000US040136146003","Block Group 3, Census Tract 6146, Maricopa County, Arizona","476","148","0","12","39","46","24","37","64","61","78","93","17","29","15","25","17","28","28","45","83","82","17","26","73","83","21","32","0","12","0","12","0","12",
"1500000US040136146004","Block Group 4, Census Tract 6146, Maricopa County, Arizona","322","141","18","31","0","12","15","26","20","32","75","90","0","12","0","12","35","39","53","52","18","31","36","42","0","12","0","12","52","79","0","12","0","12",
"1500000US040136146005","Block Group 5, Census Tract 6146, Maricopa County, Arizona","473","147","0","12","0","12","92","88","15","25","0","12","0","12","26","40","0","12","0","12","119","87","56","54","69","52","45","47","21","37","30","43","0","12",
"1500000US040136146006","Block Group 6, Census Tract 6146, Maricopa County, Arizona","428","147","0","12","0","12","0","12","0","12","16","30","63","79","63","101","30","40","70","85","40","49","53","50","21","36","54","83","0","12","18","30","0","12",
"1500000US040136147001","Block Group 1, Census Tract 6147, Maricopa County, Arizona","152","53","7","11","7","11","13","16","0","12","38","32","0","12","7","11","29","28","21","27","0","12","16","24","7","11","7","12","0","12","0","12","0","12",
"1500000US040136147002","Block Group 2, Census Tract 6147, Maricopa County, Arizona","512","105","26","31","77","66","66","51","71","52","38","39","44","38","35","37","33","40","0","12","12","18","7","11","76","51","27","34","0","12","0","12","0","12",
"1500000US040136147003","Block Group 3, Census Tract 6147, Maricopa County, Arizona","690","97","14","15","31","37","47","36","40","44","24","22","64","47","70","55","66","65","0","12","15","20","157","92","34","28","60","41","52","36","16","17","0","12",
"1500000US040136148001","Block Group 1, Census Tract 6148, Maricopa County, Arizona","629","95","10","15","0","12","8","12","0","12","31","36","73","73","17","19","95","84","35","53","11","17","119","91","132","80","50","41","17","28","31","37","0","12",
"1500000US040136148002","Block Group 2, Census Tract 6148, Maricopa County, Arizona","545","90","35","27","9","14","0","12","6","11","10","15","12","19","11","18","13","22","18","15","95","58","154","77","75","40","57","34","33","28","17","23","0","12",
"1500000US040136148003","Block Group 3, Census Tract 6148, Maricopa County, Arizona","578","108","61","59","9","14","44","31","19","22","17","19","39","31","32","30","67","54","60","47","54","38","36","26","69","61","49","36","0","12","22","25","0","12",
"1500000US040136149001","Block Group 1, Census Tract 6149, Maricopa County, Arizona","572","99","0","12","0","12","11","17","0","12","0","12","21","30","4","8","29","48","18","27","27","26","27","22","86","52","89","71","132","63","75","44","53","44",
"1500000US040136149002","Block Group 2, Census Tract 6149, Maricopa County, Arizona","574","98","14","17","8","12","0","12","13","15","14","21","15","24","22","29","5","8","43","33","57","50","20","22","65","44","25","25","67","43","139","74","67","66",
"1500000US040136149003","Block Group 3, Census Tract 6149, Maricopa County, Arizona","635","120","20","22","40","40","59","55","25","23","0","12","11","17","59","68","29","26","32","31","26","20","107","73","118","83","65","54","13","21","19","30","12","19",
"1500000US040136150001","Block Group 1, Census Tract 6150, Maricopa County, Arizona","1451","193","19","32","0","12","46","50","0","12","0","12","0","12","13","22","0","12","61","57","16","26","85","67","231","157","134","76","222","114","59","55","565","120",
"1500000US040136150002","Block Group 2, Census Tract 6150, Maricopa County, Arizona","1628","152","14","24","14","23","70","59","0","12","0","12","87","60","48","34","80","56","76","69","52","48","104","93","111","64","147","85","195","111","96","68","534","134",
"1500000US040136150003","Block Group 3, Census Tract 6150, Maricopa County, Arizona","830","146","0","12","76","81","19","30","55","51","0","12","0","12","39","43","0","12","63","103","79","77","46","43","267","133","49","47","51","40","20","32","66","54",
"1500000US040136151001","Block Group 1, Census Tract 6151, Maricopa County, Arizona","636","89","18","20","0","12","0","12","0","12","0","12","10","15","9","15","21","28","0","12","28","32","27","25","57","44","205","85","18","23","69","51","174","68",
"1500000US040136151002","Block Group 2, Census Tract 6151, Maricopa County, Arizona","957","95","0","12","0","12","23","24","11","17","0","12","0","12","9","14","23","26","11","19","0","12","31","29","76","51","62","41","229","84","129","59","353","86",
"1500000US040136152001","Block Group 1, Census Tract 6152, Maricopa County, Arizona","2174","331","111","85","0","12","47","56","17","27","0","12","54","66","144","118","31","47","60","58","104","115","381","214","333","176","286","155","270","155","204","142","132","107",
"1500000US040136152002","Block Group 2, Census Tract 6152, Maricopa County, Arizona","1543","269","96","81","54","62","39","43","27","42","22","39","48","56","18","29","39","46","66","93","51","47","132","82","377","171","145","106","136","120","88","83","205","97",
"1500000US040136152003","Block Group 3, Census Tract 6152, Maricopa County, Arizona","392","146","0","12","0","12","0","12","0","12","0","12","21","34","0","12","13","23","64","84","0","12","56","53","0","12","41","44","18","32","60","54","119","102",
"1500000US040136153001","Block Group 1, Census Tract 6153, Maricopa County, Arizona","1072","129","48","32","44","47","81","26","89","67","65","41","67","36","68","36","110","59","47","29","106","52","82","42","177","60","23","23","41","33","7","12","17","21",
"1500000US040136154001","Block Group 1, Census Tract 6154, Maricopa County, Arizona","506","69","43","30","10","15","40","29","23","22","16","18","49","44","7","12","17","18","17","19","50","30","62","28","100","41","40","31","24","22","8","12","0","12",
"1500000US040136154002","Block Group 2, Census Tract 6154, Maricopa County, Arizona","1029","100","76","42","25","22","91","49","60","29","58","45","94","47","74","49","88","59","39","42","74","33","159","76","88","44","19","21","17","19","23","18","44","48",
"1500000US040136155001","Block Group 1, Census Tract 6155, Maricopa County, Arizona","735","102","16","18","0","12","48","31","49","31","17","18","33","17","54","37","15","17","50","32","112","71","82","40","109","51","23","21","24","22","68","42","35","27",
"1500000US040136155002","Block Group 2, Census Tract 6155, Maricopa County, Arizona","324","51","8","13","8","13","25","19","25","22","0","12","31","24","21","24","0","12","9","14","62","37","36","25","15","16","30","26","9","14","21","23","24","22",
"1500000US040136155003","Block Group 3, Census Tract 6155, Maricopa County, Arizona","493","73","59","49","51","45","8","13","26","23","25","23","8","12","9","13","18","19","28","25","74","51","48","33","35","29","48","32","35","28","14","17","7","10",
"1500000US040136156001","Block Group 1, Census Tract 6156, Maricopa County, Arizona","396","71","0","12","0","12","0","12","13","22","10","17","14","23","25","30","66","48","0","12","65","41","27","31","79","51","27","31","25","28","29","32","16","25",
"1500000US040136156002","Block Group 2, Census Tract 6156, Maricopa County, Arizona","573","131","33","37","0","12","96","89","17","28","0","12","29","33","47","43","0","12","34","38","72","51","114","76","43","42","31","38","0","12","17","28","40","63",
"1500000US040136156003","Block Group 3, Census Tract 6156, Maricopa County, Arizona","711","109","112","100","14","24","30","34","17","27","53","66","57","46","50","59","23","27","0","12","29","31","151","81","72","53","25","27","49","40","29","34","0","12",
"1500000US040136157001","Block Group 1, Census Tract 6157, Maricopa County, Arizona","572","82","0","12","0","12","13","15","0","12","27","32","0","12","3","12","6","11","0","12","57","55","74","44","180","72","66","52","42","36","61","42","43","43",
"1500000US040136157002","Block Group 2, Census Tract 6157, Maricopa County, Arizona","570","72","24","24","15","18","0","12","36","31","0","12","17","17","0","12","21","20","0","12","13","14","96","64","38","32","90","55","38","31","54","41","128","55",
"1500000US040136158001","Block Group 1, Census Tract 6158, Maricopa County, Arizona","428","67","10","15","0","12","0","12","0","12","12","18","0","12","0","12","12","21","10","16","9","14","93","43","86","42","43","35","41","34","91","43","21","22",
"1500000US040136158002","Block Group 2, Census Tract 6158, Maricopa County, Arizona","894","113","82","46","0","12","38","46","89","59","21","23","10","15","10","15","41","28","11","17","35","28","90","67","78","38","120","60","142","75","73","47","54","37",
"1500000US040136158003","Block Group 3, Census Tract 6158, Maricopa County, Arizona","547","74","0","12","9","14","0","12","38","50","12","18","19","21","19","21","20","22","11","18","23","24","50","27","106","54","51","36","85","45","50","37","54","43",
"1500000US040136159001","Block Group 1, Census Tract 6159, Maricopa County, Arizona","499","70","13","22","0","12","0","12","22","26","17","25","21","25","39","30","11","16","0","12","45","36","16","25","114","67","68","35","7","12","68","39","58","40",
"1500000US040136159002","Block Group 2, Census Tract 6159, Maricopa County, Arizona","704","110","208","81","16","22","0","12","0","12","46","30","72","62","11","17","72","45","26","31","29","32","52","37","99","53","20","21","13","19","20","22","20","21",
"1500000US040136159003","Block Group 3, Census Tract 6159, Maricopa County, Arizona","542","86","21","23","7","12","10","15","7","12","10","16","0","12","0","12","12","19","24","27","35","32","52","34","10","14","103","73","126","66","88","53","37","28",
"1500000US040136160001","Block Group 1, Census Tract 6160, Maricopa County, Arizona","423","44","0","12","0","12","8","12","26","30","13","13","12","13","7","10","39","33","12","13","28","19","40","25","73","30","68","31","38","26","33","23","26","22",
"1500000US040136160002","Block Group 2, Census Tract 6160, Maricopa County, Arizona","223","50","73","34","6","9","11","12","0","12","0","12","6","8","6","9","0","12","5","9","2","4","13","10","53","26","23","20","10","11","7","11","8","10",
"1500000US040136161001","Block Group 1, Census Tract 6161, Maricopa County, Arizona","448","79","11","18","0","12","45","56","11","17","31","34","11","16","0","12","9","14","0","12","34","33","73","45","106","48","73","45","44","35","0","12","0","12",
"1500000US040136161002","Block Group 2, Census Tract 6161, Maricopa County, Arizona","581","91","0","12","10","16","8","12","32","30","8","13","0","12","26","29","9","14","53","37","58","42","134","85","159","78","20","24","8","13","46","32","10","15",
"1500000US040136161003","Block Group 3, Census Tract 6161, Maricopa County, Arizona","479","100","48","58","6","10","28","29","49","61","12","19","0","12","47","41","15","23","9","14","47","36","60","43","109","68","10","17","14","20","8","11","17","20",
"1500000US040136162001","Block Group 1, Census Tract 6162, Maricopa County, Arizona","601","74","0","12","11","18","10","16","22","25","0","12","28","25","18","19","11","17","0","12","82","60","67","44","141","61","113","70","12","18","38","26","48","31",
"1500000US040136162002","Block Group 2, Census Tract 6162, Maricopa County, Arizona","630","73","0","12","22","25","10","17","12","19","0","12","25","20","22","24","100","79","52","53","67","43","82","46","94","59","116","50","7","12","21","23","0","12",
"1500000US040136163001","Block Group 1, Census Tract 6163, Maricopa County, Arizona","777","48","38","23","12","14","11","15","42","39","16","17","11","12","18","13","10","10","5","8","74","34","76","35","147","48","107","50","56","28","90","55","64","28",
"1500000US040136164001","Block Group 1, Census Tract 6164, Maricopa County, Arizona","643","154","16","24","78","100","68","108","20","31","0","12","22","34","14","25","65","63","19","32","23","30","66","55","74","71","51","42","15","30","62","56","50","57",
"1500000US040136164002","Block Group 2, Census Tract 6164, Maricopa County, Arizona","571","169","16","26","0","12","168","126","31","36","17","27","66","105","0","12","20","32","55","53","84","105","65","55","34","41","15","24","0","12","0","12","0","12",
"1500000US040136164003","Block Group 3, Census Tract 6164, Maricopa County, Arizona","599","133","26","41","0","12","0","12","0","12","0","12","0","12","0","12","0","12","0","12","128","109","84","92","116","82","99","79","54","54","72","62","20","31",
"1500000US040136164004","Block Group 4, Census Tract 6164, Maricopa County, Arizona","530","109","0","12","0","12","0","12","36","42","0","12","21","33","0","12","20","33","21","37","0","12","116","69","175","131","47","48","19","30","46","54","29","42",
"1500000US040136164005","Block Group 5, Census Tract 6164, Maricopa County, Arizona","428","179","13","22","0","12","33","39","23","39","21","34","0","12","0","12","21","33","0","12","37","42","55","87","55","42","58","62","25","40","0","12","87","139",
"1500000US040136165001","Block Group 1, Census Tract 6165, Maricopa County, Arizona","474","110","38","41","5","9","9","13","69","65","18","28","19","20","11","17","38","57","44","37","18","21","77","66","86","57","27","25","8","12","7","11","0","12",
"1500000US040136165002","Block Group 2, Census Tract 6165, Maricopa County, Arizona","477","107","37","30","36","44","24","26","0","12","24","40","18","19","9","14","56","66","33","39","63","38","79","63","80","64","7","13","11","17","0","12","0","12",
"1500000US040136165003","Block Group 3, Census Tract 6165, Maricopa County, Arizona","581","115","19","21","0","12","21","22","34","27","0","12","47","39","24","20","35","33","29","23","19","18","68","45","63","37","111","70","7","13","94","62","10","17",
"1500000US040136166001","Block Group 1, Census Tract 6166, Maricopa County, Arizona","631","130","18","29","0","12","0","12","0","12","15","25","36","42","46","75","22","35","20","30","80","83","184","119","99","74","55","48","16","25","40","46","0","12",
"1500000US040136166002","Block Group 2, Census Tract 6166, Maricopa County, Arizona","492","139","0","12","0","12","0","12","33","36","15","23","0","12","41","46","23","33","29","35","92","59","69","87","34","39","76","89","66","54","14","24","0","12",
"1500000US040136166003","Block Group 3, Census Tract 6166, Maricopa County, Arizona","506","129","34","39","0","12","16","25","0","12","0","12","75","85","0","12","19","29","0","12","85","61","113","86","52","39","32","36","34","37","46","43","0","12",
"1500000US040136166004","Block Group 4, Census Tract 6166, Maricopa County, Arizona","488","140","0","12","32","37","78","63","0","12","33","36","18","27","30","49","57","94","33","35","18","29","43","39","72","58","18","30","41","37","15","25","0","12",
"1500000US040136167001","Block Group 1, Census Tract 6167, Maricopa County, Arizona","996","145","0","12","0","12","16","28","52","45","14","22","24","28","30","36","47","44","61","46","128","74","37","41","424","155","105","69","33","38","25","32","0","12",
"1500000US040136167002","Block Group 2, Census Tract 6167, Maricopa County, Arizona","503","103","20","31","0","12","33","37","8","13","40","44","33","42","13","21","15","24","10","21","37","39","71","54","61","55","56","46","57","48","49","48","0","12",
"1500000US040136167003","Block Group 3, Census Tract 6167, Maricopa County, Arizona","580","132","56","68","12","19","15","24","16","25","0","12","18","30","0","12","114","101","39","60","13","19","13","20","145","93","85","71","0","12","54","63","0","12",
"1500000US040136168001","Block Group 1, Census Tract 6168, Maricopa County, Arizona","627","123","28","34","0","12","61","88","0","12","20","31","0","12","36","43","27","43","0","12","82","62","152","84","66","46","81","70","0","12","23","35","51","43",
"1500000US040136168002","Block Group 2, Census Tract 6168, Maricopa County, Arizona","477","120","12","19","0","12","0","12","0","12","59","86","17","27","42","56","0","12","0","12","0","12","41","44","47","48","106","69","14","24","33","41","106","103",
"1500000US040136168003","Block Group 3, Census Tract 6168, Maricopa County, Arizona","511","153","38","44","18","29","78","93","0","12","18","28","19","36","11","19","0","12","70","59","33","38","62","95","59","51","38","46","18","29","34","42","15","25",
"1500000US040136168004","Block Group 4, Census Tract 6168, Maricopa County, Arizona","539","131","54","83","12","21","0","12","18","28","17","28","0","12","13","21","19","32","24","37","21","34","202","102","35","53","89","63","21","36","14","25","0","12",
"1500000US040136169001","Block Group 1, Census Tract 6169, Maricopa County, Arizona","579","124","72","98","42","49","0","12","74","65","20","32","0","12","20","32","0","12","0","12","80","56","38","44","109","102","66","60","29","43","29","33","0","12",
"1500000US040136169002","Block Group 2, Census Tract 6169, Maricopa County, Arizona","610","152","16","25","0","12","45","52","0","12","12","21","16","27","20","33","40","46","14","20","20","31","149","99","51","51","80","66","82","96","51","52","14","22",
"1500000US040136169003","Block Group 3, Census Tract 6169, Maricopa County, Arizona","752","154","24","39","0","12","76","70","25","39","0","12","118","131","0","12","24","39","18","29","25","32","188","98","66","55","91","62","24","35","33","33","40","56",
"1500000US040136170001","Block Group 1, Census Tract 6170, Maricopa County, Arizona","351","102","0","12","0","12","0","12","0","12","0","12","14","22","0","12","0","12","19","30","63","67","55","60","78","64","20","26","58","57","28","34","16","26",
"1500000US040136170002","Block Group 2, Census Tract 6170, Maricopa County, Arizona","796","149","31","36","16","25","49","47","115","98","13","21","74","82","102","100","47","41","17","27","53","54","88","76","96","71","27","31","41","44","0","12","27","40",
"1500000US040136170003","Block Group 3, Census Tract 6170, Maricopa County, Arizona","536","150","18","28","20","32","49","78","53","82","0","12","46","48","13","21","41","65","0","12","61","89","72","64","57","56","60","57","37","44","0","12","9","17",
"1500000US040136170004","Block Group 4, Census Tract 6170, Maricopa County, Arizona","517","154","15","25","59","72","11","17","92","87","14","23","0","12","51","49","80","66","22","37","31","37","46","43","36","44","0","12","0","12","0","12","60","91",
"1500000US040136170005","Block Group 5, Census Tract 6170, Maricopa County, Arizona","432","128","21","34","16","25","24","37","27","31","12","18","0","12","33","37","71","91","11","18","69","60","29","34","65","61","38","43","0","12","16","25","0","12",
"1500000US040136171001","Block Group 1, Census Tract 6171, Maricopa County, Arizona","553","46","6","9","0","12","5","8","17","26","5","9","16","24","17","27","32","22","24","18","14","14","92","44","98","41","100","46","54","36","24","22","49","24",
"1500000US040136171002","Block Group 2, Census Tract 6171, Maricopa County, Arizona","364","44","0","12","6","9","0","12","13","14","6","8","10","12","24","26","15","15","11","11","11","12","38","21","55","28","46","34","56","33","43","23","30","20",
"1500000US040136172001","Block Group 1, Census Tract 6172, Maricopa County, Arizona","510","75","0","12","0","12","0","12","40","43","9","15","13","21","0","12","31","37","42","43","39","26","63","35","89","52","78","42","62","50","33","31","11","14",
"1500000US040136172002","Block Group 2, Census Tract 6172, Maricopa County, Arizona","510","72","20","23","0","12","23","25","20","22","36","53","11","19","8","13","0","12","12","19","23","26","35","26","56","39","42","33","38","40","155","64","31","30",
"1500000US040136173001","Block Group 1, Census Tract 6173, Maricopa County, Arizona","651","109","25","27","5","9","16","17","0","12","11","18","0","12","6","11","0","12","0","12","40","31","123","73","194","97","79","55","55","43","67","36","30","48",
"1500000US040136173002","Block Group 2, Census Tract 6173, Maricopa County, Arizona","384","69","22","24","0","12","25","42","15","24","7","12","20","23","32","37","37","41","0","12","0","12","51","35","18","22","51","39","62","42","35","33","9","14",
"1500000US040136173003","Block Group 3, Census Tract 6173, Maricopa County, Arizona","311","78","0","12","11","20","0","12","0","12","15","17","35","48","0","12","17","25","0","12","10","15","36","34","54","40","41","37","48","40","25","26","19","21",
"1500000US040136174001","Block Group 1, Census Tract 6174, Maricopa County, Arizona","694","148","63","83","75","79","14","23","45","33","47","43","30","34","61","49","45","41","16","25","47","43","102","57","75","64","28","34","16","25","15","24","15","24",
"1500000US040136174002","Block Group 2, Census Tract 6174, Maricopa County, Arizona","524","118","14","27","0","12","14","23","0","12","13","21","21","34","0","12","29","32","0","12","82","79","85","50","133","78","49","58","69","56","15","24","0","12",
"1500000US040136174003","Block Group 3, Census Tract 6174, Maricopa County, Arizona","841","119","75","50","14","22","0","12","0","12","0","12","15","25","0","12","38","42","21","32","199","132","185","112","135","76","28","48","117","95","14","25","0","12",
"1500000US040136174004","Block Group 4, Census Tract 6174, Maricopa County, Arizona","459","103","0","12","0","12","74","54","59","73","27","30","13","22","65","55","14","24","15","23","45","43","73","52","31","24","0","12","14","22","0","12","29","32",
"1500000US040136174005","Block Group 5, Census Tract 6174, Maricopa County, Arizona","1027","151","102","64","58","47","19","33","72","47","15","24","103","74","119","56","109","86","42","39","103","45","152","73","83","75","16","25","21","35","13","32","0","12",
"1500000US040136175001","Block Group 1, Census Tract 6175, Maricopa County, Arizona","299","52","21","24","0","12","12","18","20","23","19","21","31","28","20","22","38","30","8","13","37","25","18","14","30","26","20","22","0","12","16","17","9","15",
"1500000US040136175002","Block Group 2, Census Tract 6175, Maricopa County, Arizona","693","74","59","38","9","15","19","20","16","18","10","15","61","47","40","30","30","27","21","23","82","51","75","42","123","45","59","37","11","17","39","48","39","29",
"1500000US040136175003","Block Group 3, Census Tract 6175, Maricopa County, Arizona","399","75","10","16","10","15","28","26","39","32","0","12","28","26","31","28","68","56","0","12","35","29","27","26","49","32","18","20","10","16","10","16","36","52",
"1500000US040136175004","Block Group 4, Census Tract 6175, Maricopa County, Arizona","515","87","28","21","38","48","69","65","46","33","54","51","10","15","22","22","14","16","19","21","9","14","66","39","13","15","61","30","50","35","8","13","8","11",
"1500000US040136176001","Block Group 1, Census Tract 6176, Maricopa County, Arizona","879","187","76","80","0","12","45","41","87","85","63","51","67","56","79","64","26","31","14","24","76","64","130","92","188","121","0","12","13","22","15","25","0","12",
"1500000US040136176002","Block Group 2, Census Tract 6176, Maricopa County, Arizona","528","119","0","12","0","12","0","12","0","12","24","37","10","17","7","13","0","12","0","12","27","40","26","30","139","103","72","65","124","67","99","91","0","12",
"1500000US040136176003","Block Group 3, Census Tract 6176, Maricopa County, Arizona","446","109","65","80","0","12","29","32","0","12","26","31","28","31","0","12","13","20","0","12","27","32","21","34","146","69","21","33","38","45","0","12","32","39",
"1500000US040136176004","Block Group 4, Census Tract 6176, Maricopa County, Arizona","475","106","64","85","26","30","13","20","0","12","15","24","25","38","13","20","12","19","0","12","74","57","108","55","88","62","25","29","0","12","0","12","12","19",
"1500000US040136177001","Block Group 1, Census Tract 6177, Maricopa County, Arizona","860","126","128","72","28","32","51","41","73","59","29","46","35","28","106","62","8","13","41","35","76","51","83","49","130","70","48","34","10","16","14","22","0","12",
"1500000US040136177002","Block Group 2, Census Tract 6177, Maricopa County, Arizona","279","62","0","12","0","12","0","12","0","12","0","12","0","12","0","12","0","12","0","12","11","17","12","18","27","33","54","37","36","29","91","63","48","45",
"1500000US040136177003","Block Group 3, Census Tract 6177, Maricopa County, Arizona","376","85","28","27","0","12","22","22","0","12","55","59","10","16","0","12","27","45","18","19","95","69","56","41","35","39","11","18","19","21","0","12","0","12",
"1500000US040136178001","Block Group 1, Census Tract 6178, Maricopa County, Arizona","206","37","6","9","0","12","0","12","0","12","6","10","6","9","12","12","0","12","19","15","5","9","17","15","41","34","31","17","11","11","26","18","26","20",
"1500000US040136178002","Block Group 2, Census Tract 6178, Maricopa County, Arizona","642","51","20","30","8","12","6","9","12","12","0","12","25","19","6","10","6","9","18","16","35","23","94","39","73","32","57","24","93","38","89","31","100","33",
"1500000US040136179001","Block Group 1, Census Tract 6179, Maricopa County, Arizona","721","82","33","32","11","18","0","12","22","24","66","67","37","34","21","24","10","17","63","49","32","30","87","44","105","45","50","30","59","47","54","35","71","48",
"1500000US040136179002","Block Group 2, Census Tract 6179, Maricopa County, Arizona","287","53","11","15","0","12","10","17","12","19","0","12","14","21","14","17","0","12","0","12","15","22","52","37","59","42","20","23","41","28","18","21","21","19",
"1500000US040136180001","Block Group 1, Census Tract 6180, Maricopa County, Arizona","653","79","45","35","0","12","0","12","35","52","35","30","34","42","0","12","13","19","26","24","14","20","28","33","154","56","79","43","71","41","61","36","58","37",
"1500000US040136180002","Block Group 2, Census Tract 6180, Maricopa County, Arizona","517","66","9","14","25","28","22","24","10","17","58","42","9","15","24","23","0","12","0","12","42","33","60","46","133","53","56","38","25","26","28","27","16","20",
"1500000US040136180003","Block Group 3, Census Tract 6180, Maricopa County, Arizona","373","60","33","32","0","12","16","24","0","12","11","16","20","23","23","25","0","12","0","12","47","36","10","15","88","53","60","42","22","24","43","33","0","12",
"1500000US040136181001","Block Group 1, Census Tract 6181, Maricopa County, Arizona","765","86","36","32","0","12","0","12","13","21","42","31","24","26","20","24","20","18","61","40","38","27","79","46","134","62","111","61","111","67","76","46","0","12",
"1500000US040136181002","Block Group 2, Census Tract 6181, Maricopa County, Arizona","400","75","0","12","0","12","11","18","0","12","35","55","10","16","49","37","14","22","11","16","49","38","69","43","67","41","28","23","31","29","4","10","22","24",
"1500000US040136181003","Block Group 3, Census Tract 6181, Maricopa County, Arizona","502","83","0","12","13","19","48","32","11","17","13","20","13","22","0","12","20","22","10","15","10","15","37","34","114","48","130","89","29","24","34","30","20","23",
"1500000US040136182001","Block Group 1, Census Tract 6182, Maricopa County, Arizona","639","98","84","70","0","12","0","12","20","22","39","27","24","22","36","41","25","30","0","12","116","88","37","29","118","46","60","44","20","26","52","43","8","12",
"1500000US040136182002","Block Group 2, Census Tract 6182, Maricopa County, Arizona","833","112","18","21","56","59","37","46","11","17","40","33","19","21","10","16","114","82","36","28","87","57","140","77","147","65","80","62","16","19","14","16","8","12",
"1500000US040136183001","Block Group 1, Census Tract 6183, Maricopa County, Arizona","547","70","0","12","10","15","36","37","0","12","38","32","0","12","32","27","26","23","0","12","89","43","81","61","136","63","31","31","39","32","18","20","11","19",
"1500000US040136183002","Block Group 2, Census Tract 6183, Maricopa County, Arizona","564","62","28","34","8","12","11","19","7","11","24","22","8","12","25","25","7","11","64","54","36","40","25","24","93","46","104","60","63","41","38","27","23","25",
"1500000US040136184001","Block Group 1, Census Tract 6184, Maricopa County, Arizona","653","96","36","33","10","16","20","24","0","12","65","56","42","43","44","41","89","70","32","28","44","36","35","28","147","63","72","51","17","18","0","12","0","12",
"1500000US040136184002","Block Group 2, Census Tract 6184, Maricopa County, Arizona","757","110","20","21","21","24","50","35","19","20","56","58","12","17","11","17","33","26","26","27","107","60","164","91","139","64","65","46","34","32","0","12","0","12",
"1500000US040136185001","Block Group 1, Census Tract 6185, Maricopa County, Arizona","720","131","17","21","0","12","8","12","44","48","25","24","8","13","33","32","58","67","32","36","127","57","86","46","165","85","49","36","27","24","30","24","11","20",
"1500000US040136185002","Block Group 2, Census Tract 6185, Maricopa County, Arizona","428","125","40","49","12","18","0","12","0","12","29","35","31","51","66","73","44","38","5","9","72","62","78","56","25","32","0","12","0","12","26","39","0","12",
"1500000US040136185003","Block Group 3, Census Tract 6185, Maricopa County, Arizona","446","118","64","63","17","19","19","20","0","12","9","15","59","63","22","24","26","32","106","69","0","12","31","22","85","67","0","12","0","12","0","12","8","14",
"1500000US040136186001","Block Group 1, Census Tract 6186, Maricopa County, Arizona","718","116","43","56","0","12","48","39","8","12","19","21","55","53","29","27","35","28","44","30","55","40","61","41","149","78","23","27","94","60","0","12","55","49",
"1500000US040136186002","Block Group 2, Census Tract 6186, Maricopa County, Arizona","558","117","54","54","52","49","8","13","0","12","70","55","46","44","58","49","31","48","59","75","6","12","102","73","33","42","0","12","23","35","16","17","0","12",
"1500000US040136186003","Block Group 3, Census Tract 6186, Maricopa County, Arizona","609","102","26","29","26","30","50","48","17","20","16","25","29","25","33","51","32","34","26","26","127","75","50","30","120","87","10","14","31","31","0","12","16","24",
"1500000US040136187001","Block Group 1, Census Tract 6187, Maricopa County, Arizona","533","61","16","16","0","12","30","28","47","46","27","21","7","11","19","16","30","30","20","16","30","20","61","46","92","36","98","48","23","29","26","21","7","10",
"1500000US040136187002","Block Group 2, Census Tract 6187, Maricopa County, Arizona","436","63","7","11","0","12","21","21","16","18","24","20","30","18","12","14","6","9","23","18","36","22","102","50","76","48","38","35","17","15","6","10","22","24",
"1500000US040136188001","Block Group 1, Census Tract 6188, Maricopa County, Arizona","240","72","15","23","26","48","0","12","16","25","52","38","0","12","0","12","0","12","16","25","20","32","28","36","34","28","33","31","0","12","0","12","0","12",
"1500000US040136188002","Block Group 2, Census Tract 6188, Maricopa County, Arizona","636","156","33","32","102","118","10","16","53","48","60","75","43","51","40","36","32","34","38","52","169","124","11","18","16","26","20","32","9","15","0","12","0","12",
"1500000US040136188003","Block Group 3, Census Tract 6188, Maricopa County, Arizona","690","151","0","12","11","18","113","99","86","43","93","77","83","71","38","38","90","93","0","12","38","34","59","59","15","15","0","12","28","34","36","37","0","12",
"1500000US040136188004","Block Group 4, Census Tract 6188, Maricopa County, Arizona","489","118","69","60","21","35","148","92","64","59","11","18","46","56","11","18","22","35","41","43","0","12","24","31","18","19","14","17","0","12","0","12","0","12",
"1500000US040136189001","Block Group 1, Census Tract 6189, Maricopa County, Arizona","786","157","108","80","0","12","18","29","111","111","0","12","13","21","41","39","17","28","15","24","96","69","59","46","221","132","17","28","0","12","23","36","47","44",
"1500000US040136189002","Block Group 2, Census Tract 6189, Maricopa County, Arizona","642","154","0","12","18","29","160","92","98","102","0","12","64","49","17","28","89","90","15","24","50","62","61","49","36","36","34","39","0","12","0","12","0","12",
"1500000US040136189003","Block Group 3, Census Tract 6189, Maricopa County, Arizona","369","120","63","98","0","12","17","27","22","36","0","12","62","58","0","12","0","12","0","12","23","27","41","40","60","59","15","24","49","45","0","12","17","28",
"1500000US040136189004","Block Group 4, Census Tract 6189, Maricopa County, Arizona","361","118","0","12","0","12","0","12","52","82","44","71","14","23","0","12","0","12","22","36","0","12","0","12","66","62","65","47","36","40","62","54","0","12",
"1500000US040136189005","Block Group 5, Census Tract 6189, Maricopa County, Arizona","646","183","0","12","125","139","0","12","72","92","0","12","0","12","16","24","14","22","46","42","39","45","135","95","143","122","56","64","0","12","0","12","0","12",
"1500000US040136190001","Block Group 1, Census Tract 6190, Maricopa County, Arizona","457","69","45","48","43","32","41","29","65","53","16","18","26","30","0","12","26","22","0","12","38","34","75","45","38","38","33","36","4","7","0","12","7","11",
"1500000US040136190002","Block Group 2, Census Tract 6190, Maricopa County, Arizona","553","102","0","12","17","19","31","37","0","12","0","12","47","46","29","25","9","14","25","25","15","14","52","47","47","36","93","49","53","41","106","68","29","29",
"1500000US040136190003","Block Group 3, Census Tract 6190, Maricopa County, Arizona","433","87","0","12","10","16","17","19","35","50","9","13","28","37","26","24","43","29","36","29","48","39","65","52","31","29","39","33","8","13","31","29","7","11",
"1500000US040136191001","Block Group 1, Census Tract 6191, Maricopa County, Arizona","815","115","119","71","50","57","7","14","75","55","37","30","42","43","196","95","58","49","28","46","74","49","86","63","10","15","33","34","0","12","0","12","0","12",
"1500000US040136191002","Block Group 2, Census Tract 6191, Maricopa County, Arizona","605","110","0","12","11","16","12","18","26","44","23","24","29","30","95","76","41","39","8","14","94","74","61","28","106","78","70","52","29","38","0","12","0","12",
"1500000US040136192001","Block Group 1, Census Tract 6192, Maricopa County, Arizona","403","130","68","84","0","12","24","28","18","30","0","12","0","12","38","43","153","104","31","36","38","43","12","20","18","28","3","20","0","12","0","12","0","12",
"1500000US040136192002","Block Group 2, Census Tract 6192, Maricopa County, Arizona","474","143","0","12","68","83","19","30","139","123","0","12","58","45","19","31","39","43","19","29","19","31","0","12","19","30","22","35","0","12","0","12","53","85",
"1500000US040136192003","Block Group 3, Census Tract 6192, Maricopa County, Arizona","1505","183","52","78","37","45","43","47","99","97","128","95","218","159","106","96","36","42","123","94","93","84","238","118","128","71","108","95","18","30","0","12","78","94",
"1500000US040136193001","Block Group 1, Census Tract 6193, Maricopa County, Arizona","695","108","24","27","50","32","37","31","43","30","33","31","40","32","25","19","0","12","34","31","57","34","37","30","192","83","40","31","24","23","10","18","49","36",
"1500000US040136193002","Block Group 2, Census Tract 6193, Maricopa County, Arizona","363","101","19","22","8","13","9","13","27","25","54","43","6","11","32","52","0","12","20","21","60","78","39","28","70","66","19","21","0","12","0","12","0","12",
"1500000US040136193003","Block Group 3, Census Tract 6193, Maricopa County, Arizona","972","120","36","29","63","45","26","28","42","28","77","69","77","73","33","32","104","73","27","31","115","50","106","67","126","64","130","88","0","12","10","16","0","12",
"1500000US040136194001","Block Group 1, Census Tract 6194, Maricopa County, Arizona","1105","136","71","67","74","56","60","44","95","61","54","38","35","41","114","79","98","61","27","28","10","17","165","85","152","68","56","40","25","25","14","21","55","49",
"1500000US040136194002","Block Group 2, Census Tract 6194, Maricopa County, Arizona","731","116","32","27","0","12","7","11","56","43","32","30","50","38","35","32","28","33","63","50","90","44","74","47","163","97","34","36","56","43","0","12","11","16",
"1500000US040136194003","Block Group 3, Census Tract 6194, Maricopa County, Arizona","490","111","30","32","10","16","66","63","73","63","6","10","12","18","79","76","8","13","0","12","37","26","11","16","67","72","23","21","33","38","25","26","10","17",
"1500000US040136195001","Block Group 1, Census Tract 6195, Maricopa County, Arizona","530","116","0","12","42","53","0","12","12","19","23","37","25","41","0","12","0","12","29","34","17","27","69","61","195","105","66","60","38","61","0","12","14","23",
"1500000US040136195002","Block Group 2, Census Tract 6195, Maricopa County, Arizona","682","145","0","12","0","12","0","12","0","12","46","59","0","12","48","58","56","70","10","18","99","66","114","56","106","67","82","79","27","33","94","63","0","12",
"1500000US040136195003","Block Group 3, Census Tract 6195, Maricopa County, Arizona","891","143","29","33","35","35","72","95","116","87","46","45","89","103","11","18","19","30","18","28","123","97","42","51","139","79","10","17","29","46","102","100","11","18",
"1500000US040136196001","Block Group 1, Census Tract 6196, Maricopa County, Arizona","777","32","13","13","25","21","7","9","13","15","26","18","44","35","51","33","42","25","25","19","92","42","111","47","172","53","85","49","27","25","27","18","17","15",
"1500000US040136197001","Block Group 1, Census Tract 6197, Maricopa County, Arizona","599","79","36","30","9","15","0","12","18","20","28","24","19","22","10","16","47","57","12","20","22","25","57","40","39","32","88","49","12","19","95","43","107","50",
"1500000US040136197002","Block Group 2, Census Tract 6197, Maricopa County, Arizona","305","62","11","16","18","20","0","12","28","27","9","14","11","18","0","12","23","25","7","13","9","16","28","27","95","49","28","27","19","21","10","16","9","15",
"1500000US040136197003","Block Group 3, Census Tract 6197, Maricopa County, Arizona","564","102","33","29","32","31","12","16","69","62","90","74","0","12","18","20","55","49","30","41","79","74","89","77","15","24","21","26","13","21","8","12","0","12",
"1500000US040136198001","Block Group 1, Census Tract 6198, Maricopa County, Arizona","792","143","20","31","0","12","56","89","36","41","46","54","22","34","33","37","0","12","35","41","82","68","71","57","36","41","108","88","99","110","47","44","101","74",
"1500000US040136198002","Block Group 2, Census Tract 6198, Maricopa County, Arizona","763","191","19","31","23","36","75","51","60","56","21","34","63","57","54","89","17","28","20","31","23","39","100","123","137","90","106","123","20","35","25","37","0","12",
"1500000US040136198003","Block Group 3, Census Tract 6198, Maricopa County, Arizona","531","100","0","12","0","12","0","12","37","41","19","30","0","12","18","28","0","12","0","12","44","47","53","49","144","90","113","77","39","47","24","39","40","45",
"1500000US040136199001","Block Group 1, Census Tract 6199, Maricopa County, Arizona","434","112","0","12","0","12","10","17","18","28","0","12","10","16","23","37","34","38","9","16","0","12","19","30","44","40","29","35","28","32","42","39","168","103",
"1500000US040136199002","Block Group 2, Census Tract 6199, Maricopa County, Arizona","788","155","35","41","0","12","0","12","10","16","0","12","0","12","14","22","9","15","0","12","82","63","39","48","144","85","242","133","108","104","61","44","44","35",
"1500000US040136199003","Block Group 3, Census Tract 6199, Maricopa County, Arizona","572","116","17","26","0","12","15","24","0","12","0","12","10","16","0","12","29","33","0","12","8","15","39","39","111","95","70","55","54","52","52","52","167","73",
"1500000US040136199004","Block Group 4, Census Tract 6199, Maricopa County, Arizona","470","79","0","12","0","12","0","12","0","12","0","12","10","16","9","16","0","12","0","12","54","55","25","40","74","56","73","51","98","59","71","56","56","47",
"1500000US040137233031","Block Group 1, Census Tract 7233.03, Maricopa County, Arizona","19","20","0","12","0","12","0","12","0","12","0","12","0","12","0","12","0","12","0","12","0","12","0","12","0","12","0","12","0","12","19","20","0","12",
"1500000US040137233041","Block Group 1, Census Tract 7233.04, Maricopa County, Arizona","980","116","35","29","17","19","9","14","11","13","21","20","51","43","29","35","44","29","17","26","135","87","95","50","170","59","149","70","62","35","66","32","69","40",
"1500000US040137233042","Block Group 2, Census Tract 7233.04, Maricopa County, Arizona","820","106","9","14","18","19","7","12","18","20","23","37","45","36","95","65","15","18","47","34","121","55","161","78","84","60","88","55","71","56","18","22","0","12",
"1500000US040137233051","Block Group 1, Census Tract 7233.05, Maricopa County, Arizona","588","71","65","40","41","26","41","33","54","35","82","42","46","33","28","22","10","15","12","14","41","38","56","47","39","31","51","37","4","5","11","17","7","11",
"1500000US040137233052","Block Group 2, Census Tract 7233.05, Maricopa County, Arizona","190","49","27","17","5","7","9","11","18","20","23","18","13","12","7","9","11","12","2","3","8","9","20","15","15","11","18","21","4","6","10","15","0","12",
"1500000US040137233061","Block Group 1, Census Tract 7233.06, Maricopa County, Arizona","43","28","14","22","0","17","5","8","0","17","0","17","0","17","0","17","6","9","4","7","0","17","0","17","8","8","0","17","0","17","6","9","0","17",
"1500000US040137233071","Block Group 1, Census Tract 7233.07, Maricopa County, Arizona","693","57","6","9","0","12","6","9","75","42","27","27","4","7","4","7","14","13","0","12","78","37","52","33","110","34","67","36","108","48","88","42","54","25",
"1500000US040137233081","Block Group 1, Census Tract 7233.08, Maricopa County, Arizona","979","168","12","19","0","12","0","12","31","36","19","31","13","22","19","30","74","65","0","12","68","68","76","84","212","113","97","67","123","71","94","57","141","73",
"1500000US040137233082","Block Group 2, Census Tract 7233.08, Maricopa County, Arizona","817","124","73","63","13","23","0","12","12","19","0","12","15","25","14","23","33","37","0","12","59","94","103","60","129","69","177","87","16","25","107","93","66","49",
"1500000US040137233083","Block Group 3, Census Tract 7233.08, Maricopa County, Arizona","1341","184","54","43","15","25","0","12","9","17","101","108","0","12","39","35","27","30","14","21","101","57","71","51","198","105","255","106","196","107","115","67","146","72",
"1500000US040138100001","Block Group 1, Census Tract 8100, Maricopa County, Arizona","1063","102","26","29","30","28","8","13","36","41","33","42","8","13","13","16","21","22","10","16","48","30","59","43","114","68","196","65","132","75","158","57","171","63",
"1500000US040138101001","Block Group 1, Census Tract 8101, Maricopa County, Arizona","720","94","0","12","0","12","0","12","0","12","0","12","0","12","0","12","0","12","0","12","13","20","27","32","143","89","79","54","54","37","229","121","175","87",
"1500000US040138101002","Block Group 2, Census Tract 8101, Maricopa County, Arizona","664","83","36","55","0","12","0","12","38","35","48","56","0","12","28","32","0","12","0","12","13","22","103","65","95","53","43","44","96","48","61","51","103","58",
"1500000US040138101003","Block Group 3, Census Tract 8101, Maricopa County, Arizona","527","72","0","12","0","12","0","12","0","12","0","12","0","12","12","21","15","24","0","12","17","30","13","20","71","59","103","80","88","56","65","53","143","62",
"1500000US040138101004","Block Group 4, Census Tract 8101, Maricopa County, Arizona","613","83","33","37","13","21","0","12","0","12","0","12","14","22","18","28","0","12","0","12","15","25","28","32","104","74","60","51","68","48","105","60","155","66",
"1500000US040138102001","Block Group 1, Census Tract 8102, Maricopa County, Arizona","1022","71","10","15","0","12","56","39","18","30","23","27","58","57","11","18","57","59","44","57","43","39","171","71","133","58","110","60","81","47","122","78","85","60",
"1500000US040138102002","Block Group 2, Census Tract 8102, Maricopa County, Arizona","340","59","10","15","0","12","0","12","0","12","0","12","29","27","0","12","10","16","0","12","10","15","49","38","48","33","31","22","33","31","79","48","41","31",
"1500000US040138103001","Block Group 1, Census Tract 8103, Maricopa County, Arizona","873","165","0","12","38","57","0","12","15","23","13","21","31","33","22","38","0","12","32","39","54","45","115","85","128","81","130","76","68","56","130","93","97","108",
"1500000US040138103002","Block Group 2, Census Tract 8103, Maricopa County, Arizona","391","87","24","39","0","12","18","31","0","12","14","23","17","28","0","12","16","26","0","12","26","28","52","65","69","52","21","32","56","46","0","12","78","50",
"1500000US040138103003","Block Group 3, Census Tract 8103, Maricopa County, Arizona","1098","153","12","19","0","12","12","19","52","63","42","39","12","19","5","9","69","82","56","48","116","85","204","125","206","93","72","51","94","67","100","85","46","41",
"1500000US040138104001","Block Group 1, Census Tract 8104, Maricopa County, Arizona","235","67","0","12","0","12","0","12","0","12","0","12","0","12","7","12","0","12","7","12","11","17","8","12","46","44","13","17","68","60","46","35","29","28",
"1500000US040138104002","Block Group 2, Census Tract 8104, Maricopa County, Arizona","427","99","0","12","33","52","0","12","0","12","0","12","33","41","54","47","34","41","17","19","26","42","86","68","65","53","24","27","15","23","0","12","40","38",
"1500000US040138104003","Block Group 3, Census Tract 8104, Maricopa County, Arizona","335","77","19","30","0","12","11","12","21","26","29","41","12","15","0","12","8","13","24","37","7","11","6","12","37","29","22","26","81","64","19","18","39","33",
"1500000US040138104004","Block Group 4, Census Tract 8104, Maricopa County, Arizona","884","108","15","18","22","32","9","14","6","9","31","49","37","40","27","35","65","64","33","25","108","65","34","27","139","58","110","63","64","44","71","41","113","47",
"1500000US040138105001","Block Group 1, Census Tract 8105, Maricopa County, Arizona","790","145","19","30","0","12","0","12","0","12","128","104","10","16","0","12","0","12","0","12","52","76","89","68","25","31","152","77","55","37","86","59","174","117",
"1500000US040138105002","Block Group 2, Census Tract 8105, Maricopa County, Arizona","513","168","14","23","77","98","0","12","0","12","16","30","20","33","0","12","18","29","93","98","22","36","81","87","103","78","16","37","53","81","0","12","0","12",
"1500000US040138105003","Block Group 3, Census Tract 8105, Maricopa County, Arizona","554","138","0","12","0","12","9","20","0","12","0","12","29","37","13","24","0","12","33","38","20","28","57","47","58","48","36","43","110","103","73","63","116","67",
"1500000US040138106001","Block Group 1, Census Tract 8106, Maricopa County, Arizona","543","101","0","12","14","24","17","27","45","53","0","12","90","71","19","29","14","22","22","34","66","42","49","40","0","12","61","45","34","41","45","50","67","45",
"1500000US040138106002","Block Group 2, Census Tract 8106, Maricopa County, Arizona","427","105","0","12","12","20","0","12","0","12","0","12","0","12","0","12","0","12","0","12","35","51","57","43","37","36","56","42","37","44","60","51","133","103",
"1500000US040138106003","Block Group 3, Census Tract 8106, Maricopa County, Arizona","720","119","43","44","0","12","0","12","13","21","32","39","49","76","0","12","0","12","0","12","46","44","72","66","170","85","31","29","0","12","103","61","161","83",
"1500000US040138106004","Block Group 4, Census Tract 8106, Maricopa County, Arizona","835","144","0","12","0","12","17","28","0","12","17","30","0","12","46","73","28","31","23","27","72","55","80","54","129","79","117","76","192","117","85","74","29","48",
"1500000US040138107001","Block Group 1, Census Tract 8107, Maricopa County, Arizona","436","110","0","12","15","23","0","12","0","12","0","12","28","31","15","24","0","12","0","12","29","33","35","42","51","82","56","44","49","45","127","88","31","40",
"1500000US040138107002","Block Group 2, Census Tract 8107, Maricopa County, Arizona","809","164","13","21","0","12","18","29","158","135","0","12","13","22","19","29","65","49","53","86","107","89","17","28","12","21","61","52","68","57","151","96","54","47",
"1500000US040138107003","Block Group 3, Census Tract 8107, Maricopa County, Arizona","849","138","29","35","15","24","62","63","17","28","33","39","75","81","31","36","46","44","76","76","61","73","100","66","92","62","118","79","30","33","64","44","0","12",
"1500000US040138107004","Block Group 4, Census Tract 8107, Maricopa County, Arizona","614","157","0","12","0","12","51","50","0","12","34","48","52","84","15","24","74","88","14","23","18","29","150","112","157","105","18","29","16","27","15","27","0","12",
"1500000US040138108001","Block Group 1, Census Tract 8108, Maricopa County, Arizona","854","88","17","19","29","45","0","12","0","12","30","46","38","28","25","23","28","27","39","28","45","43","85","44","79","49","109","61","115","63","90","50","125","51",
"1500000US040138108002","Block Group 2, Census Tract 8108, Maricopa County, Arizona","734","92","10","15","0","12","9","14","9","14","18","20","0","12","0","12","0","12","33","27","72","45","49","36","155","70","125","77","67","42","92","42","95","48",
"1500000US040138109001","Block Group 1, Census Tract 8109, Maricopa County, Arizona","405","91","30","34","0","12","0","12","0","12","0","12","16","25","15","23","0","12","0","12","43","40","59","50","47","46","27","34","44","45","56","38","68","76",
"1500000US040138109002","Block Group 2, Census Tract 8109, Maricopa County, Arizona","528","100","29","45","0","12","16","25","0","12","0","12","0","12","0","12","0","12","0","12","70","77","41","34","140","78","44","40","61","42","46","45","81","74",
"1500000US040138109003","Block Group 3, Census Tract 8109, Maricopa County, Arizona","519","123","0","12","0","12","0","12","34","39","44","68","33","37","14","23","15","26","31","35","0","12","50","49","157","107","49","46","19","30","73","78","0","12",
"1500000US040138109004","Block Group 4, Census Tract 8109, Maricopa County, Arizona","640","128","37","41","0","12","0","12","0","12","0","12","0","12","31","36","15","24","0","12","16","24","67","61","160","109","133","95","47","46","88","50","46","44",
"1500000US040138110001","Block Group 1, Census Tract 8110, Maricopa County, Arizona","535","44","0","12","0","12","0","12","10","12","4","7","4","6","12","10","21","19","20","15","23","26","42","25","101","46","79","46","63","38","85","34","71","33",
"1500000US040138110002","Block Group 2, Census Tract 8110, Maricopa County, Arizona","411","46","4","6","0","12","0","12","8","10","5","7","4","6","0","12","30","22","9","11","26","16","35","22","47","32","76","33","92","46","34","22","41","24",
"1500000US040138111001","Block Group 1, Census Tract 8111, Maricopa County, Arizona","1115","77","62","38","6","11","9","11","32","33","0","12","39","27","64","52","16","19","34","25","127","70","190","102","192","74","98","48","72","40","119","62","55","35",
"1500000US040138112001","Block Group 1, Census Tract 8112, Maricopa County, Arizona","1311","88","51","50","25","29","8","13","37","31","31","50","75","65","77","62","30","29","38","30","81","63","239","88","217","83","214","97","35","33","100","48","53","31",
"1500000US040138113001","Block Group 1, Census Tract 8113, Maricopa County, Arizona","484","54","17","15","10","11","9","10","0","12","12","12","20","19","9","10","12","15","18","14","80","35","57","26","85","36","88","34","17","16","21","16","29","19",
"1500000US040138113002","Block Group 2, Census Tract 8113, Maricopa County, Arizona","484","48","20","23","0","12","3","6","6","9","6","9","10","12","3","5","23","27","10","13","16","21","57","28","108","40","72","34","41","24","45","24","64","35",
"1500000US040138114001","Block Group 1, Census Tract 8114, Maricopa County, Arizona","261","60","0","12","0","12","8","13","0","12","0","12","14","20","8","13","10","16","0","12","26","26","22","20","43","37","32","38","28","28","43","36","27","26",
"1500000US040138114002","Block Group 2, Census Tract 8114, Maricopa County, Arizona","492","83","0","12","0","12","0","12","26","22","19","21","16","19","9","13","28","39","0","12","57","60","43","37","75","53","70","42","42","31","46","32","61","40",
"1500000US040138114003","Block Group 3, Census Tract 8114, Maricopa County, Arizona","576","78","19","21","9","13","16","19","0","12","16","19","0","12","58","51","0","12","17","20","36","24","114","50","133","60","51","39","63","41","15","15","29","26",
"1500000US040138114004","Block Group 4, Census Tract 8114, Maricopa County, Arizona","393","75","13","19","0","12","6","10","0","12","17","17","15","24","8","12","30","28","0","12","17","17","48","33","74","36","32","29","49","49","50","35","34","28",
"1500000US040138115001","Block Group 1, Census Tract 8115, Maricopa County, Arizona","893","51","15","13","6","8","7","11","0","12","10","10","12","13","14","15","42","32","5","7","62","44","70","39","149","54","97","42","128","39","190","58","86","37",
"1500000US040138116001","Block Group 1, Census Tract 8116, Maricopa County, Arizona","754","89","48","42","7","12","27","42","0","12","35","45","0","12","0","12","70","66","6","9","18","21","38","30","158","74","81","58","73","38","96","44","97","44",
"1500000US040138116002","Block Group 2, Census Tract 8116, Maricopa County, Arizona","431","86","0","12","6","11","10","15","15","17","6","11","0","12","0","12","45","49","0","12","31","23","69","47","65","42","35","24","71","63","43","35","35","36",
"1500000US040138116003","Block Group 3, Census Tract 8116, Maricopa County, Arizona","341","75","0","12","6","10","0","12","5","9","7","11","25","41","25","29","15","18","6","10","6","9","84","54","22","20","50","30","47","51","43","45","0","12",
"1500000US040138117001","Block Group 1, Census Tract 8117, Maricopa County, Arizona","478","75","8","13","8","13","10","17","30","33","0","12","0","12","0","12","11","17","8","13","7","11","23","20","64","38","87","52","75","41","133","65","14","20",
"1500000US040138117002","Block Group 2, Census Tract 8117, Maricopa County, Arizona","565","88","59","51","30","27","9","14","29","28","10","16","54","50","30","27","30","25","53","33","54","46","41","31","68","50","51","33","26","27","21","24","0","12",
"1500000US040138117003","Block Group 3, Census Tract 8117, Maricopa County, Arizona","693","117","30","28","0","12","116","68","10","16","54","59","100","74","53","51","6","9","9","14","21","24","92","66","71","38","105","51","18","22","8","13","0","12",
"1500000US040138118001","Block Group 1, Census Tract 8118, Maricopa County, Arizona","363","63","23","24","5","7","4","6","7","10","4","7","15","14","34","22","20","21","16","20","29","17","45","32","38","23","37","28","23","17","15","18","48","30",
"1500000US040138118002","Block Group 2, Census Tract 8118, Maricopa County, Arizona","408","37","4","6","6","9","0","12","0","12","0","12","0","12","0","12","0","12","0","12","0","12","9","11","54","31","46","24","53","22","74","29","162","47",
"1500000US040138119001","Block Group 1, Census Tract 8119, Maricopa County, Arizona","390","119","0","12","0","12","10","17","28","41","0","12","0","12","0","12","0","12","0","12","21","38","33","39","77","74","10","18","66","61","130","115","15","24",
"1500000US040138119002","Block Group 2, Census Tract 8119, Maricopa County, Arizona","430","116","12","20","0","12","0","12","0","12","0","12","0","12","0","12","0","12","27","38","38","46","0","12","46","51","0","12","33","39","172","89","102","60",
"1500000US040138119003","Block Group 3, Census Tract 8119, Maricopa County, Arizona","394","94","0","12","0","12","0","12","0","12","0","12","13","21","0","12","0","12","0","12","10","15","34","42","85","51","19","32","108","76","34","47","91","88",
"1500000US040138119004","Block Group 4, Census Tract 8119, Maricopa County, Arizona","939","138","0","12","13","22","10","15","11","22","0","12","59","50","0","12","21","34","12","21","14","25","210","137","245","145","154","120","33","32","138","80","19","32",
"1500000US040138120001","Block Group 1, Census Tract 8120, Maricopa County, Arizona","715","129","0","12","17","24","27","38","6","11","24","34","33","37","0","12","73","85","29","34","128","120","104","98","45","41","46","45","62","53","88","56","33","33",
"1500000US040138120002","Block Group 2, Census Tract 8120, Maricopa County, Arizona","970","151","11","18","42","42","26","34","15","17","25","23","46","63","61","55","61","41","14","15","89","50","149","84","204","95","70","47","15","25","62","51","80","62",
"1500000US040138121001","Block Group 1, Census Tract 8121, Maricopa County, Arizona","969","145","0","12","0","12","14","22","12","18","28","51","34","36","26","29","13","20","70","92","56","51","69","51","136","79","281","120","160","87","40","46","30","24",
"1500000US040138121002","Block Group 2, Census Tract 8121, Maricopa County, Arizona","661","137","0","12","22","36","34","41","0","12","0","12","28","32","18","28","62","80","18","28","51","50","142","135","128","77","91","88","21","37","29","30","17","27",
"1500000US040138121003","Block Group 3, Census Tract 8121, Maricopa County, Arizona","607","96","15","24","9","15","0","12","0","12","0","12","12","20","29","34","59","48","65","48","40","46","38","44","156","75","50","47","23","36","95","56","16","26",
"1500000US040138122001","Block Group 1, Census Tract 8122, Maricopa County, Arizona","1116","176","34","35","11","18","39","61","15","25","78","66","32","37","0","12","25","28","11","18","12","20","93","65","188","123","113","69","126","73","181","104","158","75",
"1500000US040138122002","Block Group 2, Census Tract 8122, Maricopa County, Arizona","740","127","0","12","13","23","43","60","32","49","0","12","0","12","0","12","0","12","10","13","28","25","149","80","105","81","19","31","53","43","161","83","127","71",
"1500000US040138122003","Block Group 3, Census Tract 8122, Maricopa County, Arizona","412","111","0","12","0","12","0","12","0","12","10","17","0","12","0","12","0","12","51","61","95","91","78","72","46","34","56","70","29","32","27","30","20","33",
"1500000US040138122004","Block Group 4, Census Tract 8122, Maricopa County, Arizona","377","90","10","17","0","12","0","12","0","12","0","12","36","57","14","22","0","12","0","12","0","12","60","51","58","45","53","72","12","19","93","63","41","43",
"1500000US040138123001","Block Group 1, Census Tract 8123, Maricopa County, Arizona","599","98","0","12","0","12","37","33","17","21","0","12","17","23","19","21","25","41","12","19","30","29","66","38","74","57","90","49","32","28","96","42","84","39",
"1500000US040138123002","Block Group 2, Census Tract 8123, Maricopa County, Arizona","703","106","0","12","13","20","0","12","0","12","0","12","7","12","21","23","51","63","97","77","12","19","26","21","70","72","51","38","106","50","61","41","188","69",
"1500000US040138123003","Block Group 3, Census Tract 8123, Maricopa County, Arizona","338","62","0","12","9","14","4","8","0","12","0","12","0","12","0","12","0","12","0","12","22","26","18","20","74","48","51","34","47","34","40","31","73","40",
"1500000US040138124001","Block Group 1, Census Tract 8124, Maricopa County, Arizona","129","54","11","17","0","12","10","17","0","12","0","12","0","12","0","12","0","12","0","12","12","19","10","17","35","39","5","11","17","28","29","35","0","12",
"1500000US040138124002","Block Group 2, Census Tract 8124, Maricopa County, Arizona","1548","125","38","35","0","12","0","12","0","12","0","12","0","12","57","60","9","14","0","12","93","59","108","48","350","103","264","96","189","83","237","68","203","92",
"1500000US040138125001","Block Group 1, Census Tract 8125, Maricopa County, Arizona","644","40","0","12","6","9","0","12","10","11","14","15","0","12","4","7","9","11","5","8","35","32","33","33","149","49","71","37","120","42","118","43","70","31",
"1500000US040138126001","Block Group 1, Census Tract 8126, Maricopa County, Arizona","1116","148","26","33","109","86","0","12","8","12","0","12","37","37","35","57","54","54","46","41","15","25","127","70","105","81","207","87","101","59","128","85","118","87",
"1500000US040138126002","Block Group 2, Census Tract 8126, Maricopa County, Arizona","497","145","0","12","0","12","0","12","20","23","0","12","38","61","7","12","12","19","0","12","49","62","10","15","0","12","82","62","49","42","180","122","50","35",
"1500000US040138126003","Block Group 3, Census Tract 8126, Maricopa County, Arizona","732","135","29","32","36","57","39","30","0","12","33","38","40","38","24","36","0","12","23","33","13","21","79","56","144","85","28","30","35","30","32","29","177","114",
"1500000US040138127001","Block Group 1, Census Tract 8127, Maricopa County, Arizona","1345","165","15","24","0","12","60","75","0","12","0","12","20","28","20","32","30","35","48","44","64","55","189","108","175","94","165","120","175","103","85","62","299","131",
"1500000US040138127002","Block Group 2, Census Tract 8127, Maricopa County, Arizona","491","111","30","34","0","12","28","36","0","12","0","12","52","79","0","12","0","12","11","20","18","31","0","12","31","37","31","36","67","41","136","64","87","65",
"1500000US040138127003","Block Group 3, Census Tract 8127, Maricopa County, Arizona","451","115","0","12","15","25","31","37","0","12","0","12","0","12","0","12","11","19","0","12","37","46","0","12","41","41","84","80","81","63","134","81","17","27",
"1500000US040138128001","Block Group 1, Census Tract 8128, Maricopa County, Arizona","1346","106","13","20","22","24","8","12","0","12","8","13","8","13","34","37","0","12","37","29","58","42","88","55","100","56","157","70","151","73","247","83","415","111",
"1500000US040138128002","Block Group 2, Census Tract 8128, Maricopa County, Arizona","711","102","25","18","9","13","16","18","0","12","0","12","8","13","8","13","0","12","7","12","35","26","0","12","57","51","100","49","92","50","108","49","246","88",
"1500000US040138129001","Block Group 1, Census Tract 8129, Maricopa County, Arizona","1121","93","46","41","23","26","42","33","12","19","26","29","9","14","49","45","58","52","1","8","25","27","63","46","97","52","122","61","64","55","169","75","315","84",
"1500000US040138130001","Block Group 1, Census Tract 8130, Maricopa County, Arizona","1105","111","57","58","22","26","26","24","17","18","51","38","66","46","48","35","21","24","0","12","87","48","130","83","188","60","138","56","92","54","39","30","123","56",
"1500000US040138130002","Block Group 2, Census Tract 8130, Maricopa County, Arizona","817","86","22","24","15","22","0","12","0","12","0","12","0","12","0","12","12","19","0","12","35","56","54","46","23","22","65","39","89","48","97","56","405","91",
"1500000US040138131001","Block Group 1, Census Tract 8131, Maricopa County, Arizona","1081","48","37","34","0","12","6","8","3","6","0","12","5","7","12","13","8","10","25","28","6","9","102","54","103","40","109","39","191","80","152","43","322","80",
"1500000US040138132001","Block Group 1, Census Tract 8132, Maricopa County, Arizona","538","70","10","15","0","12","0","12","0","12","28","36","0","12","0","12","0","12","0","12","9","14","27","31","17","25","70","49","87","60","110","63","180","61",
"1500000US040138132002","Block Group 2, Census Tract 8132, Maricopa County, Arizona","682","72","0","12","0","12","9","15","0","12","0","12","0","12","16","18","0","12","0","12","45","42","0","12","80","49","112","42","67","40","154","64","199","65",
"1500000US040138133001","Block Group 1, Census Tract 8133, Maricopa County, Arizona","769","87","21","22","45","54","0","12","8","14","9","14","0","12","7","13","0","12","0","12","56","56","27","23","58","30","63","33","80","52","228","78","167","58",
"1500000US040138133002","Block Group 2, Census Tract 8133, Maricopa County, Arizona","1022","83","48","51","0","12","0","12","0","12","29","44","0","12","18","20","0","12","7","11","27","26","25","23","71","38","111","47","123","46","227","66","336","80",
"1500000US040138134001","Block Group 1, Census Tract 8134, Maricopa County, Arizona","434","88","50","36","12","18","0","12","8","12","0","12","0","12","0","12","0","12","0","12","0","12","24","25","25","23","69","50","20","23","109","51","117","52",
"1500000US040138134002","Block Group 2, Census Tract 8134, Maricopa County, Arizona","837","103","79","74","0","12","0","12","12","19","0","12","8","13","20","18","8","14","15","20","47","40","38","34","73","41","144","75","63","38","115","53","215","73",
"1500000US040138135001","Block Group 1, Census Tract 8135, Maricopa County, Arizona","570","42","8","12","29","29","33","38","0","12","0","12","4","8","0","12","8","13","0","12","31","25","21","18","56","32","67","45","79","33","99","38","135","39",
"1500000US040138135002","Block Group 2, Census Tract 8135, Maricopa County, Arizona","385","43","0","12","12","13","0","12","6","8","18","28","23","29","0","12","0","12","5","9","8","13","41","25","51","26","45","23","11","13","50","31","115","39",
"1500000US040138136001","Block Group 1, Census Tract 8136, Maricopa County, Arizona","1273","66","34","34","0","12","18","20","12","19","0","12","19","20","0","12","6","10","0","12","44","35","35","23","182","60","117","52","123","50","212","80","471","93",
"1500000US040138137001","Block Group 1, Census Tract 8137, Maricopa County, Arizona","613","81","18","19","0","12","8","14","27","24","34","27","36","28","40","24","32","25","61","45","68","34","68","37","64","37","76","43","63","53","18","19","0","12",
"1500000US040138137002","Block Group 2, Census Tract 8137, Maricopa County, Arizona","783","83","27","24","34","26","25","23","0","12","0","12","50","32","9","14","26","23","15","17","117","68","90","45","138","59","156","72","47","23","32","25","17","19",
"1500000US040138138001","Block Group 1, Census Tract 8138, Maricopa County, Arizona","605","78","34","36","38","26","28","23","61","34","47","31","45","42","22","19","21","19","52","29","103","37","53","34","43","27","28","27","23","36","0","12","7","12",
"1500000US040138138002","Block Group 2, Census Tract 8138, Maricopa County, Arizona","625","81","16","18","7","11","34","43","7","12","39","26","56","35","26","20","45","29","51","27","73","36","65","44","83","34","37","30","37","26","49","33","0","12",
"1500000US040138138003","Block Group 3, Census Tract 8138, Maricopa County, Arizona","454","70","32","40","15","17","32","24","36","27","7","10","88","50","44","24","19","22","7","11","64","38","44","42","29","22","20","19","17","18","0","12","0","12",
"1500000US040138139001","Block Group 1, Census Tract 8139, Maricopa County, Arizona","622","86","0","12","0","12","0","12","0","12","45","46","26","24","12","19","10","16","15","18","47","44","75","54","116","61","70","40","40","27","122","61","44","31",
"1500000US040138139002","Block Group 2, Census Tract 8139, Maricopa County, Arizona","584","86","32","23","0","12","8","13","0","12","0","12","0","12","24","21","10","15","0","12","22","21","92","63","72","38","97","41","104","45","62","35","61","33",
"1500000US040138139003","Block Group 3, Census Tract 8139, Maricopa County, Arizona","528","87","0","12","0","12","17","21","0","12","0","12","17","20","12","18","10","16","16","18","13","20","10","14","73","49","51","33","147","79","101","49","61","52",
"1500000US040138140001","Block Group 1, Census Tract 8140, Maricopa County, Arizona","588","61","73","58","0","12","31","37","17","18","16","18","40","26","22","23","16","18","12","20","56","36","23","21","79","44","40","34","53","38","66","37","44","37",
"1500000US040138140002","Block Group 2, Census Tract 8140, Maricopa County, Arizona","480","60","43","34","0","12","29","25","49","42","34","27","24","23","23","21","52","36","15","16","29","23","65","36","40","28","30","24","0","12","40","30","7","11",
"1500000US040138140003","Block Group 3, Census Tract 8140, Maricopa County, Arizona","282","53","0","12","9","14","0","12","8","13","8","13","26","24","7","11","8","13","0","12","93","56","36","25","41","25","13","15","12","14","0","12","21","24",
"1500000US040138141001","Block Group 1, Census Tract 8141, Maricopa County, Arizona","704","78","25","20","0","12","0","12","10","15","0","12","11","16","10","14","12","18","0","12","44","40","33","27","171","72","84","39","86","42","133","44","85","53",
"1500000US040138141002","Block Group 2, Census Tract 8141, Maricopa County, Arizona","590","66","10","15","14","19","29","43","8","14","0","12","19","21","0","12","0","12","0","12","44","32","114","60","87","40","111","54","16","18","40","48","98","50",
"1500000US040138141003","Block Group 3, Census Tract 8141, Maricopa County, Arizona","422","77","10","16","0","12","0","12","0","12","0","12","20","21","8","13","9","14","7","12","20","21","9","14","28","24","122","61","61","42","67","42","61","57",
"1500000US040138142001","Block Group 1, Census Tract 8142, Maricopa County, Arizona","465","44","8","11","5","7","0","12","15","13","0","12","4","7","28","23","9","13","5","7","8","9","26","18","74","38","67","33","23","15","95","35","98","38",
"1500000US040138142002","Block Group 2, Census Tract 8142, Maricopa County, Arizona","440","50","0","12","0","12","5","7","27","36","8","11","5","7","6","9","8","11","0","12","10","12","18","14","69","41","92","42","47","29","40","26","105","38",
"1500000US040138143001","Block Group 1, Census Tract 8143, Maricopa County, Arizona","837","87","20","23","48","39","9","14","21","24","10","16","20","22","11","15","27","22","49","51","88","59","114","65","147","60","145","54","29","24","61","42","38","28",
"1500000US040138143002","Block Group 2, Census Tract 8143, Maricopa County, Arizona","515","82","15","23","0","12","0","12","0","12","22","25","0","12","0","12","19","23","0","12","35","30","63","42","36","31","178","73","41","34","66","36","40","35",
"1500000US040138144001","Block Group 1, Census Tract 8144, Maricopa County, Arizona","829","96","48","50","9","14","4","8","0","12","9","15","13","13","9","14","24","26","0","12","74","45","76","59","82","40","186","94","54","35","122","75","119","72",
"1500000US040138144002","Block Group 2, Census Tract 8144, Maricopa County, Arizona","902","91","42","35","46","70","18","21","0","12","21","31","26","40","16","25","69","46","8","21","79","48","98","47","195","63","138","65","47","31","51","41","48","35",
"1500000US040138145001","Block Group 1, Census Tract 8145, Maricopa County, Arizona","438","112","0","12","6","11","0","12","18","20","12","19","0","12","9","13","0","12","0","12","24","22","71","45","81","63","93","64","18","28","53","35","53","47",
"1500000US040138145002","Block Group 2, Census Tract 8145, Maricopa County, Arizona","242","59","0","12","0","12","0","12","0","12","0","12","0","12","14","16","7","10","11","17","0","12","44","32","23","29","27","34","25","29","53","37","38","28",
"1500000US040138145003","Block Group 3, Census Tract 8145, Maricopa County, Arizona","461","99","0","12","16","25","0","12","0","12","0","12","67","64","21","24","21","36","0","12","16","23","42","33","55","42","26","26","69","50","97","47","31","27",
"1500000US040138145004","Block Group 4, Census Tract 8145, Maricopa County, Arizona","401","78","32","46","0","12","7","11","10","15","12","18","11","18","0","12","0","12","0","12","7","11","69","43","57","52","32","28","42","36","69","39","53","41",
"1500000US040138146001","Block Group 1, Census Tract 8146, Maricopa County, Arizona","752","165","11","21","0","12","23","36","0","12","21","25","60","70","0","12","13","17","120","121","31","30","132","76","92","51","123","71","84","50","10","14","32","31",
"1500000US040138146002","Block Group 2, Census Tract 8146, Maricopa County, Arizona","859","140","28","44","14","21","0","12","0","12","65","60","22","25","0","12","31","36","35","36","70","52","150","99","164","86","68","48","71","67","58","46","83","53",
"1500000US040138146003","Block Group 3, Census Tract 8146, Maricopa County, Arizona","230","70","14","22","0","12","7","12","0","12","0","12","9","15","0","12","14","26","15","18","93","88","0","12","46","35","10","17","12","19","10","15","0","12",
"1500000US040138147001","Block Group 1, Census Tract 8147, Maricopa County, Arizona","771","94","6","10","7","11","7","12","42","36","0","12","17","26","10","16","20","31","0","12","78","57","24","26","194","99","58","39","69","48","123","87","116","46",
"1500000US040138147002","Block Group 2, Census Tract 8147, Maricopa County, Arizona","547","73","14","21","0","12","8","14","10","14","10","16","18","22","7","12","33","33","0","12","35","31","97","55","38","29","67","42","44","32","72","53","94","45",
"1500000US040138148001","Block Group 1, Census Tract 8148, Maricopa County, Arizona","1185","167","25","43","0","12","16","26","17","27","34","39","22","35","72","56","36","40","73","58","125","88","95","69","225","138","205","112","101","67","97","84","42","49",
"1500000US040138148002","Block Group 2, Census Tract 8148, Maricopa County, Arizona","1691","183","21","32","0","17","0","17","17","27","17","26","53","49","15","23","48","66","29","46","186","117","187","125","315","151","266","118","106","63","228","136","203","141",
"1500000US040138149001","Block Group 1, Census Tract 8149, Maricopa County, Arizona","661","95","8","14","0","12","0","12","8","13","8","13","17","18","0","12","0","12","0","12","17","20","93","42","103","55","80","43","117","72","144","70","66","45",
"1500000US040138149002","Block Group 2, Census Tract 8149, Maricopa County, Arizona","295","99","26","42","0","12","0","12","0","12","7","12","0","12","17","19","0","12","0","12","8","12","0","12","167","88","25","37","0","12","27","20","18","20",
"1500000US040138150001","Block Group 1, Census Tract 8150, Maricopa County, Arizona","276","53","0","12","0","12","0","12","9","13","0","12","9","14","0","12","0","12","0","12","7","11","17","19","39","31","36","29","8","12","74","44","77","41",
"1500000US040138150002","Block Group 2, Census Tract 8150, Maricopa County, Arizona","683","61","8","14","10","15","0","12","0","12","10","18","18","21","0","12","0","12","0","12","10","15","49","33","111","45","165","59","132","56","90","44","80","52",
"1500000US040138150003","Block Group 3, Census Tract 8150, Maricopa County, Arizona","202","46","0","12","0","12","0","12","11","17","0","12","0","12","0","12","0","12","0","12","10","15","0","12","22","32","22","18","17","19","53","31","67","59",
"1500000US040138151001","Block Group 1, Census Tract 8151, Maricopa County, Arizona","584","85","5","7","0","12","0","12","0","12","0","12","0","12","5","7","9","11","0","12","52","36","132","62","76","41","52","35","78","40","144","63","31","30",
"1500000US040138151002","Block Group 2, Census Tract 8151, Maricopa County, Arizona","996","110","9","15","0","12","0","12","25","21","45","31","14","16","22","23","8","13","0","12","97","60","99","61","207","81","212","95","100","51","113","71","45","40",
"1500000US040138152001","Block Group 1, Census Tract 8152, Maricopa County, Arizona","2652","181","107","94","36","39","63","68","15","25","155","118","81","58","47","48","47","46","55","43","56","54","290","122","601","182","401","111","429","145","162","83","107","65",
"1500000US040138152002","Block Group 2, Census Tract 8152, Maricopa County, Arizona","872","169","0","12","17","27","0","12","0","12","0","12","0","12","68","85","0","12","17","27","34","39","72","54","189","97","299","120","54","46","109","97","13","22",
"1500000US040138153001","Block Group 1, Census Tract 8153, Maricopa County, Arizona","675","67","0","12","0","12","0","12","38","38","0","12","8","13","38","30","13","20","0","12","7","13","37","32","47","36","43","42","78","39","184","71","182","63",
"1500000US040138153002","Block Group 2, Census Tract 8153, Maricopa County, Arizona","376","68","0","12","0","12","0","12","0","12","0","12","0","12","0","12","0","12","13","20","0","12","7","12","45","39","16","18","47","32","78","44","170","62",
"1500000US040138154001","Block Group 1, Census Tract 8154, Maricopa County, Arizona","1034","116","23","29","50","78","53","48","16","27","15","23","0","12","13","20","34","42","45","68","60","56","25","29","45","44","158","100","127","85","169","81","201","95",
"1500000US040138154002","Block Group 2, Census Tract 8154, Maricopa County, Arizona","1062","165","12","19","15","24","17","29","61","80","37","59","34","55","44","42","19","30","13","21","159","86","102","69","173","109","109","94","123","101","41","50","103","83",
"1500000US040138154003","Block Group 3, Census Tract 8154, Maricopa County, Arizona","885","124","0","12","16","27","0","12","0","12","0","12","0","12","0","12","43","67","25","30","0","12","39","35","99","63","282","118","110","63","112","64","159","79",
"1500000US040138155001","Block Group 1, Census Tract 8155, Maricopa County, Arizona","1075","149","0","12","0","12","13","21","17","25","28","38","0","12","20","32","56","50","27","31","28","33","157","119","116","65","202","95","82","53","117","78","212","117",
"1500000US040138155002","Block Group 2, Census Tract 8155, Maricopa County, Arizona","715","172","0","12","51","83","14","25","16","27","82","65","83","88","19","30","15","25","19","29","70","81","95","63","101","73","37","38","53","58","0","12","60","54",
"1500000US040138155003","Block Group 3, Census Tract 8155, Maricopa County, Arizona","558","127","0","12","0","12","0","12","0","12","12","20","63","42","75","74","49","38","0","12","110","88","57","41","45","42","138","117","0","12","9","17","0","12",
"1500000US040138156001","Block Group 1, Census Tract 8156, Maricopa County, Arizona","751","116","0","12","0","12","0","12","0","12","13","21","46","54","40","47","29","32","0","12","90","70","87","58","131","56","98","66","78","57","109","72","30","26",
"1500000US040138156002","Block Group 2, Census Tract 8156, Maricopa County, Arizona","1053","111","8","14","0","12","0","12","9","16","18","28","36","32","29","45","30","47","41","42","72","54","67","53","169","94","86","54","140","73","286","134","62","45",
"1500000US040138157001","Block Group 1, Census Tract 8157, Maricopa County, Arizona","808","95","0","12","11","17","0","12","12","19","0","12","0","12","0","12","32","28","20","22","40","29","147","77","229","87","136","58","57","31","82","41","42","31",
"1500000US040138157002","Block Group 2, Census Tract 8157, Maricopa County, Arizona","774","99","0","12","0","12","0","12","0","12","0","12","12","17","20","23","25","27","22","25","50","36","62","35","82","47","124","57","122","54","154","86","101","65",
"1500000US040138158001","Block Group 1, Census Tract 8158, Maricopa County, Arizona","1685","99","48","34","40","42","16","18","49","48","48","42","89","43","31","26","56","49","26","26","66","35","182","75","301","92","168","78","139","54","282","85","144","56",
"1500000US040138158002","Block Group 2, Census Tract 8158, Maricopa County, Arizona","386","86","21","23","0","12","9","17","0","12","0","12","0","12","0","12","30","49","0","12","44","43","25","27","80","46","68","47","57","44","52","44","0","12",
"1500000US040138159001","Block Group 1, Census Tract 8159, Maricopa County, Arizona","1563","159","28","32","21","33","25","21","0","17","16","26","33","39","0","17","68","64","0","17","43","39","74","65","313","138","239","128","154","74","294","120","255","113",
"1500000US040138159002","Block Group 2, Census Tract 8159, Maricopa County, Arizona","1364","180","0","12","0","12","0","12","19","28","17","22","44","44","19","33","15","25","17","27","17","27","57","63","147","80","316","121","180","118","336","131","180","89",
"1500000US040138160001","Block Group 1, Census Tract 8160, Maricopa County, Arizona","2712","241","58","71","0","17","55","83","26","37","51","55","23","38","26","43","18","30","21","34","139","95","235","122","309","133","341","145","318","127","580","197","512","157",
"1500000US040138160002","Block Group 2, Census Tract 8160, Maricopa County, Arizona","1182","186","0","12","29","46","14","24","17","27","0","12","0","12","0","12","25","39","92","95","66","80","55","70","90","89","158","95","113","73","236","159","287","169",
"1500000US040138160003","Block Group 3, Census Tract 8160, Maricopa County, Arizona","1078","160","30","26","0","12","0","12","0","12","0","12","0","12","0","12","30","33","0","12","45","42","15","22","258","130","183","125","83","64","156","99","278","99",
"1500000US040138161001","Block Group 1, Census Tract 8161, Maricopa County, Arizona","521","72","8","14","6","11","0","12","12","19","0","12","5","11","0","12","0","12","0","12","10","16","60","44","128","58","99","46","83","44","101","50","9","14",
"1500000US040138161002","Block Group 2, Census Tract 8161, Maricopa County, Arizona","524","75","0","12","0","12","18","17","0","12","8","13","0","12","0","12","0","12","12","18","14","14","81","58","80","44","99","63","46","45","150","58","16","22",
"1500000US040138161003","Block Group 3, Census Tract 8161, Maricopa County, Arizona","824","103","31","48","0","12","22","21","8","13","0","12","0","12","7","14","42","53","17","19","50","34","15","17","155","98","146","67","127","51","122","67","82","49",
"1500000US040138162001","Block Group 1, Census Tract 8162, Maricopa County, Arizona","175","47","0","12","0","12","0","12","10","14","0","12","0","12","0","12","0","12","15","18","0","12","24","25","10","16","20","22","11","18","38","29","47","31",
"1500000US040138162002","Block Group 2, Census Tract 8162, Maricopa County, Arizona","948","74","17","20","0","12","28","27","26","25","20","22","31","28","74","56","11","17","79","58","41","47","75","52","135","77","212","86","61","46","55","35","83","53",
"1500000US040138163001","Block Group 1, Census Tract 8163, Maricopa County, Arizona","259","52","7","11","0","12","15","16","22","21","15","18","27","24","9","14","8","13","17","19","18","21","65","41","18","20","9","14","0","12","13","14","16","17",
"1500000US040138163002","Block Group 2, Census Tract 8163, Maricopa County, Arizona","1704","104","46","52","46","33","27","24","40","44","66","31","17","19","66","45","43","27","35","30","109","49","120","55","246","86","231","66","179","62","227","79","206","65",
"1500000US040138163003","Block Group 3, Census Tract 8163, Maricopa County, Arizona","809","81","56","35","8","13","9","13","26","24","46","27","15","16","72","42","50","32","34","27","54","34","57","32","87","42","115","52","41","30","63","45","76","45",
"1500000US040138164001","Block Group 1, Census Tract 8164, Maricopa County, Arizona","830","143","24","28","52","79","15","23","0","12","10","18","0","12","29","34","0","12","0","12","85","66","0","12","132","83","94","63","65","52","201","104","123","90",
"1500000US040138164002","Block Group 2, Census Tract 8164, Maricopa County, Arizona","490","124","13","20","0","12","0","12","12","20","43","68","0","12","13","20","10","18","12","18","22","26","46","36","88","60","32","35","91","59","33","53","75","50",
"1500000US040138164003","Block Group 3, Census Tract 8164, Maricopa County, Arizona","1196","175","28","33","10","17","0","12","0","12","74","87","16","26","0","12","88","108","74","87","18","29","10","16","258","152","131","90","116","77","64","50","309","142",
"1500000US040138165001","Block Group 1, Census Tract 8165, Maricopa County, Arizona","609","96","6","12","35","54","10","18","0","12","0","12","35","55","74","64","11","16","29","27","31","48","31","30","44","32","93","52","60","50","48","33","102","51",
"1500000US040138165002","Block Group 2, Census Tract 8165, Maricopa County, Arizona","643","87","0","12","0","12","8","14","0","12","8","13","41","26","22","25","8","12","8","13","15","20","42","30","95","50","105","75","70","44","126","63","95","53",
"1500000US040138166001","Block Group 1, Census Tract 8166, Maricopa County, Arizona","1333","85","58","52","20","23","0","17","31","49","0","17","36","51","0","17","0","17","39","48","34","30","156","72","193","70","220","106","78","42","303","106","165","72",
"1500000US040138167001","Block Group 1, Census Tract 8167, Maricopa County, Arizona","594","72","21","26","21","26","0","12","0","12","21","27","0","12","22","25","11","11","15","12","5","9","35","34","59","39","60","33","96","46","124","44","104","45",
"1500000US040138168001","Block Group 1, Census Tract 8168, Maricopa County, Arizona","1007","131","10","15","11","16","16","24","0","12","36","58","0","12","15","21","32","25","25","27","0","12","32","44","42","28","225","79","151","63","193","89","219","75",
"1500000US040138168002","Block Group 2, Census Tract 8168, Maricopa County, Arizona","811","112","32","37","0","12","0","12","11","16","0","12","0","12","0","12","11","19","91","71","46","58","93","64","81","58","136","71","43","26","173","83","94","47",
"1500000US040138169001","Block Group 1, Census Tract 8169, Maricopa County, Arizona","1216","188","36","39","12","19","12","20","0","12","0","12","0","12","0","12","25","39","38","39","27","42","52","47","138","74","222","121","232","124","254","109","168","102",
"1500000US040138169002","Block Group 2, Census Tract 8169, Maricopa County, Arizona","1313","178","57","59","19","29","0","12","27","31","0","12","37","45","108","106","29","33","30","35","27","35","89","60","200","89","187","97","158","93","173","108","172","86",
"1500000US040138170001","Block Group 1, Census Tract 8170, Maricopa County, Arizona","638","114","37","42","0","12","10","15","10","16","19","23","0","12","0","12","24","28","21","24","65","54","44","32","61","40","34","28","50","54","161","86","102","60",
"1500000US040138170002","Block Group 2, Census Tract 8170, Maricopa County, Arizona","496","96","0","12","43","43","9","13","61","75","0","12","8","13","0","12","20","23","0","12","42","34","29","26","57","37","41","39","15","18","35","30","136","53",
"1500000US040138171001","Block Group 1, Census Tract 8171, Maricopa County, Arizona","379","98","14","28","0","12","0","12","12","21","16","26","0","12","0","12","46","73","0","12","19","31","59","62","30","33","68","70","0","12","18","29","97","56",
"1500000US040138171002","Block Group 2, Census Tract 8171, Maricopa County, Arizona","891","170","43","52","17","28","61","63","7","12","36","40","52","83","30","39","69","75","0","12","53","51","99","56","218","108","52","50","91","81","46","44","17","28",
"1500000US040138171003","Block Group 3, Census Tract 8171, Maricopa County, Arizona","1238","232","128","110","0","12","51","45","0","12","74","94","20","33","65","51","68","61","0","12","80","60","113","71","208","132","162","125","133","98","88","64","48","77",
"1500000US040138171004","Block Group 4, Census Tract 8171, Maricopa County, Arizona","820","141","20","32","0","12","45","42","0","12","0","12","24","38","0","12","18","28","55","53","101","62","0","12","100","67","111","73","137","94","141","108","68","50",
"1500000US040138172001","Block Group 1, Census Tract 8172, Maricopa County, Arizona","1210","154","75","87","12","18","39","50","29","34","23","25","36","36","10","16","22","27","26","42","78","54","167","96","68","47","211","75","168","104","118","96","128","88",
"1500000US040138172002","Block Group 2, Census Tract 8172, Maricopa County, Arizona","300","71","0","12","0","12","0","12","13","22","9","15","0","12","0","12","0","12","10","16","0","12","9","14","45","33","60","46","32","30","65","47","57","43",
"1500000US040138172003","Block Group 3, Census Tract 8172, Maricopa County, Arizona","433","89","0","12","11","18","0","12","0","12","16","25","0","12","0","12","0","12","0","12","30","49","0","12","35","29","83","44","49","55","92","58","117","60",
"1500000US040138172004","Block Group 4, Census Tract 8172, Maricopa County, Arizona","264","88","0","12","0","12","7","12","0","12","0","12","0","12","0","12","38","40","41","59","11","17","0","12","29","30","43","48","18","27","26","34","51","49",
"1500000US040138173001","Block Group 1, Census Tract 8173, Maricopa County, Arizona","1170","159","18","29","57","53","0","12","58","52","39","44","94","66","56","51","37","31","93","64","95","65","162","99","216","79","60","57","71","53","89","65","25","33",
"1500000US040138173002","Block Group 2, Census Tract 8173, Maricopa County, Arizona","940","124","76","81","19","29","18","29","0","12","47","57","35","40","58","54","81","56","68","54","72","56","83","53","99","67","20","26","62","50","77","58","125","98",
"1500000US040138173003","Block Group 3, Census Tract 8173, Maricopa County, Arizona","1047","122","20","31","19","30","19","29","30","27","20","31","53","52","51","46","59","52","83","61","125","75","99","62","251","98","117","66","17","29","12","19","72","49",
"1500000US040138174001","Block Group 1, Census Tract 8174, Maricopa County, Arizona","944","119","14","16","42","45","78","56","115","38","76","44","109","68","59","45","85","40","54","30","25","24","82","46","71","42","40","40","0","12","94","67","0","12",
"1500000US040138174002","Block Group 2, Census Tract 8174, Maricopa County, Arizona","869","89","100","74","27","26","44","31","62","36","51","34","54","34","37","28","0","12","25","24","98","40","134","58","100","43","48","34","14","20","0","12","75","50",
"1500000US040138175001","Block Group 1, Census Tract 8175, Maricopa County, Arizona","801","89","34","29","67","50","17","19","29","28","16","18","48","29","40","29","48","32","85","50","62","35","92","44","109","44","100","46","8","12","15","17","31","37",
"1500000US040138175002","Block Group 2, Census Tract 8175, Maricopa County, Arizona","898","90","59","51","0","12","55","40","17","18","88","49","92","58","63","37","53","38","9","14","84","37","105","46","148","49","49","29","16","18","44","46","16","17",
"1500000US040138176001","Block Group 1, Census Tract 8176, Maricopa County, Arizona","889","123","22","15","6","10","0","12","0","12","24","36","0","12","35","32","31","23","47","39","85","48","113","56","118","56","48","26","121","66","167","71","72","48",
"1500000US040139407001","Block Group 1, Census Tract 9407, Maricopa County, Arizona","35","16","7","10","0","12","0","12","0","12","0","12","0","12","6","8","5","8","6","10","5","8","0","12","0","12","0","12","0","12","6","9","0","12",
"1500000US040139410001","Block Group 1, Census Tract 9410, Maricopa County, Arizona","759","58","159","50","45","27","55","30","37","23","40","23","33","30","29","15","49","31","44","23","51","26","75","37","47","28","43","26","35","28","6","10","11","13",
"1500000US040139410002","Block Group 2, Census Tract 9410, Maricopa County, Arizona","0","12","0","12","0","12","0","12","0","12","0","12","0","12","0","12","0","12","0","12","0","12","0","12","0","12","0","12","0","12","0","12","0","12",
"1500000US040139411001","Block Group 1, Census Tract 9411, Maricopa County, Arizona","10","8","5","7","0","12","0","12","0","12","0","12","0","12","0","12","0","12","5","8","0","12","0","12","0","12","0","12","0","12","0","12","0","12",
"1500000US040139412001","Block Group 1, Census Tract 9412, Maricopa County, Arizona","314","25","33","15","15","9","9","7","12","8","22","11","10","7","12","7","21","11","14","9","45","14","49","13","38","14","22","11","9","7","0","12","3","4",
"1500000US040139413001","Block Group 1, Census Tract 9413, Maricopa County, Arizona","476","101","35","39","77","52","54","49","44","41","13","22","0","12","15","24","59","55","0","12","61","51","46","46","36","35","14","21","0","12","22","28","0","12",
"1500000US040139413002","Block Group 2, Census Tract 9413, Maricopa County, Arizona","201","65","34","39","0","12","13","22","0","12","0","12","31","25","15","24","0","12","29","32","19","31","0","12","19","31","0","12","0","12","0","12","41","43",
"1500000US040139413003","Block Group 3, Census Tract 9413, Maricopa County, Arizona","999","124","94","61","115","60","70","50","122","83","52","41","68","48","73","53","51","41","83","55","113","65","55","43","28","34","25","28","0","12","14","23","36","39",
"1500000US040139413004","Block Group 4, Census Tract 9413, Maricopa County, Arizona","710","95","49","42","44","48","114","68","13","20","67","55","37","36","56","44","46","36","40","32","41","37","55","50","56","49","31","33","42","45","19","23","0","12",
"1500000US040139801001","Block Group 1, Census Tract 9801, Maricopa County, Arizona","0","12","0","12","0","12","0","12","0","12","0","12","0","12","0","12","0","12","0","12","0","12","0","12","0","12","0","12","0","12","0","12","0","12",
"1500000US040139804001","Block Group 1, Census Tract 9804, Maricopa County, Arizona","0","12","0","12","0","12","0","12","0","12","0","12","0","12","0","12","0","12","0","12","0","12","0","12","0","12","0","12","0","12","0","12","0","12",
"1500000US040139805001","Block Group 1, Census Tract 9805, Maricopa County, Arizona","0","12","0","12","0","12","0","12","0","12","0","12","0","12","0","12","0","12","0","12","0","12","0","12","0","12","0","12","0","12","0","12","0","12",
"1500000US040139806001","Block Group 1, Census Tract 9806, Maricopa County, Arizona","1289","145","37","54","0","12","0","12","30","37","0","12","0","12","0","12","0","12","0","12","122","122","84","69","89","70","201","105","335","115","255","104","136","80",
"1500000US040139807001","Block Group 1, Census Tract 9807, Maricopa County, Arizona","0","12","0","12","0","12","0","12","0","12","0","12","0","12","0","12","0","12","0","12","0","12","0","12","0","12","0","12","0","12","0","12","0","12",
"1500000US040210002011","Block Group 1, Census Tract 2.01, Pinal County, Arizona","1500","174","73","80","0","12","72","59","71","80","35","42","47","72","78","57","0","12","37","36","203","104","54","42","308","149","210","84","142","90","105","71","65","52",
"1500000US040210002012","Block Group 2, Census Tract 2.01, Pinal County, Arizona","1078","168","12","20","86","63","0","12","19","31","70","56","0","12","67","55","80","67","51","76","113","70","239","97","146","91","132","79","33","39","30","37","0","12",
"1500000US040210002041","Block Group 1, Census Tract 2.04, Pinal County, Arizona","2998","321","165","130","70","72","63","51","51","60","30","35","71","50","13","21","68","50","112","85","362","127","262","102","612","190","543","169","186","111","222","118","168","115",
"1500000US040210002042","Block Group 2, Census Tract 2.04, Pinal County, Arizona","577","154","20","32","0","12","0","12","126","112","16","26","0","12","14","23","0","12","0","12","40","63","61","59","108","86","27","31","101","80","30","46","34","38",
"1500000US040210002051","Block Group 1, Census Tract 2.05, Pinal County, Arizona","1317","311","0","17","0","17","50","60","58","93","19","31","51","62","87","88","151","112","34","54","52","64","135","119","341","239","49","58","118","138","150","137","22","43",
"1500000US040210002052","Block Group 2, Census Tract 2.05, Pinal County, Arizona","1108","261","183","169","27","51","25","42","0","12","0","12","110","105","61","74","61","71","58","80","120","84","128","133","101","102","123","103","39","48","44","63","28","46",
"1500000US040210002053","Block Group 3, Census Tract 2.05, Pinal County, Arizona","811","252","0","12","0","12","0","12","0","12","158","147","26","43","23","40","0","12","25","41","26","42","198","160","68","67","85","85","83","84","94","157","25","41",
"1500000US040210002054","Block Group 4, Census Tract 2.05, Pinal County, Arizona","1146","334","0","12","0","12","69","108","86","83","0","12","54","61","0","12","0","12","26","44","131","182","49","60","101","89","260","204","138","206","105","129","127","166",
"1500000US040210002055","Block Group 5, Census Tract 2.05, Pinal County, Arizona","672","192","0","12","0","12","0","12","0","12","0","12","26","41","0","12","99","128","26","42","20","35","226","129","124","86","94","114","33","35","24","39","0","12",
"1500000US040210002061","Block Group 1, Census Tract 2.06, Pinal County, Arizona","2168","211","57","53","60","47","75","48","48","32","66","44","23","28","102","67","101","99","134","87","193","72","296","113","395","139","115","68","99","57","255","111","149","76",
"1500000US040210002071","Block Group 1, Census Tract 2.07, Pinal County, Arizona","992","192","153","118","26","42","15","25","42","49","28","42","0","12","69","86","65","69","66","65","123","104","70","60","177","114","86","65","0","12","50","54","22","35",
"1500000US040210002072","Block Group 2, Census Tract 2.07, Pinal County, Arizona","1164","187","0","12","14","24","60","90","23","37","17","28","58","62","0","12","77","78","13","21","133","92","190","126","199","100","94","92","154","123","55","58","77","92",
"1500000US040210002073","Block Group 3, Census Tract 2.07, Pinal County, Arizona","1617","224","170","150","0","17","0","17","82","100","132","109","31","36","0","17","40","39","45","43","258","124","223","121","245","116","201","107","75","66","79","78","36","40",
"1500000US040210002081","Block Group 1, Census Tract 2.08, Pinal County, Arizona","387","80","0","12","14","15","47","40","10","12","19","28","5","8","26","26","18","27","5","8","83","64","18","18","50","26","18","17","0","12","8","13","66","44",
"1500000US040210002082","Block Group 2, Census Tract 2.08, Pinal County, Arizona","416","66","53","53","6","9","7","10","10","12","45","43","5","8","28","30","12","13","20","19","45","31","80","44","19","15","43","25","34","25","5","7","4","7",
"1500000US040210002091","Block Group 1, Census Tract 2.09, Pinal County, Arizona","1464","268","54","48","0","17","48","63","0","17","33","38","50","62","73","57","0","17","103","77","132","90","145","110","292","105","247","162","104","102","140","131","43","47",
"1500000US040210002092","Block Group 2, Census Tract 2.09, Pinal County, Arizona","1470","195","126","126","19","28","32","37","17","27","48","55","0","17","22","35","59","54","35","38","165","89","228","107","284","144","145","107","78","62","187","139","25","40",
"1500000US040210002093","Block Group 3, Census Tract 2.09, Pinal County, Arizona","895","204","0","12","15","23","127","93","0","12","97","99","74","79","0","12","15","25","44","47","58","54","294","138","46","44","109","126","16","27","0","12","0","12",
"1500000US040210002101","Block Group 1, Census Tract 2.10, Pinal County, Arizona","778","232","50","74","56","78","0","12","0","12","39","43","0","12","12","22","31","35","61","68","108","126","257","192","86","100","21","34","57","51","0","12","0","12",
"1500000US040210002102","Block Group 2, Census Tract 2.10, Pinal County, Arizona","855","160","121","120","18","30","0","12","4","10","0","12","40","59","22","37","38","43","15","23","139","104","70","60","109","73","165","107","82","68","32","30","0","12",
"1500000US040210002103","Block Group 3, Census Tract 2.10, Pinal County, Arizona","1175","225","44","34","39","43","15","25","41","67","0","12","74","95","24","28","0","12","62","60","102","71","182","114","168","106","191","116","207","150","26","44","0","12",
"1500000US040210002111","Block Group 1, Census Tract 2.11, Pinal County, Arizona","611","106","0","12","0","12","0","12","16","19","63","61","23","40","62","59","44","46","10","16","51","41","81","36","176","87","24","25","37","46","15","19","9","14",
"1500000US040210002112","Block Group 2, Census Tract 2.11, Pinal County, Arizona","391","106","0","12","11","16","0","12","46","60","0","12","0","12","11","18","9","15","65","52","10","16","93","63","92","60","9","13","11","16","25","28","9","15",
"1500000US040210002113","Block Group 3, Census Tract 2.11, Pinal County, Arizona","443","135","10","16","32","32","0","12","11","17","46","52","0","12","23","25","0","12","34","33","56","52","25","22","137","106","48","56","12","19","9","15","0","12",
"1500000US040210002121","Block Group 1, Census Tract 2.12, Pinal County, Arizona","697","140","8","14","9","14","30","30","16","20","13","21","30","21","37","36","40","31","24","27","109","95","138","90","96","75","73","53","55","46","19","21","0","12",
"1500000US040210002122","Block Group 2, Census Tract 2.12, Pinal County, Arizona","1457","154","90","74","54","72","72","61","58","49","28","28","66","55","37","33","55","51","193","121","179","90","252","129","150","77","135","80","78","51","0","12","10","16",
"1500000US040210002131","Block Group 1, Census Tract 2.13, Pinal County, Arizona","1179","244","70","67","20","34","0","12","0","12","209","177","68","54","45","54","21","36","69","64","94","77","45","54","272","139","155","138","16","33","65","72","30","48",
"1500000US040210002132","Block Group 2, Census Tract 2.13, Pinal County, Arizona","1715","301","183","161","47","74","35","58","158","134","0","12","184","152","35","55","24","40","0","12","158","112","254","173","126","99","271","185","195","176","29","49","16","31",
"1500000US040210002133","Block Group 3, Census Tract 2.13, Pinal County, Arizona","699","186","32","54","23","37","24","39","91","103","25","29","0","12","0","12","83","113","36","42","49","58","49","55","157","95","66","77","19","33","17","35","28","46",
"1500000US040210002134","Block Group 4, Census Tract 2.13, Pinal County, Arizona","771","245","0","12","0","12","0","12","0","12","0","12","15","24","28","48","0","12","162","146","122","120","168","129","24","26","109","68","51","56","56","64","36","56",
"1500000US040210002141","Block Group 1, Census Tract 2.14, Pinal County, Arizona","828","163","14","23","0","12","22","35","14","23","19","32","12","22","12","19","38","34","44","52","100","80","69","43","201","124","151","82","112","85","0","12","20","33",
"1500000US040210002142","Block Group 2, Census Tract 2.14, Pinal County, Arizona","1524","261","152","123","0","17","63","58","72","67","0","17","53","52","72","82","36","34","117","111","146","115","206","129","326","178","104","75","69","65","86","89","22","32",
"1500000US040210002143","Block Group 3, Census Tract 2.14, Pinal County, Arizona","1124","193","38","48","0","12","66","79","32","38","24","29","74","64","19","30","16","26","20","25","120","98","125","103","188","112","138","124","77","92","94","68","93","106",
"1500000US040210002151","Block Group 1, Census Tract 2.15, Pinal County, Arizona","798","94","27","27","42","39","19","15","28","21","28","27","77","66","12","16","31","26","8","13","54","32","70","41","143","53","87","31","49","29","64","26","59","38",
"1500000US040210003071","Block Group 1, Census Tract 3.07, Pinal County, Arizona","1126","104","38","36","26","22","47","44","53","39","14","19","74","59","63","59","49","35","31","29","180","83","89","60","142","78","79","53","100","66","93","71","48","34",
"1500000US040210003081","Block Group 1, Census Tract 3.08, Pinal County, Arizona","754","189","143","128","0","12","137","145","16","26","70","72","52","52","15","24","0","12","29","37","69","52","174","128","13","23","36","57","0","12","0","12","0","12",
"1500000US040210003082","Block Group 2, Census Tract 3.08, Pinal County, Arizona","551","153","0","12","16","26","76","81","21","34","36","41","79","93","29","39","16","26","100","95","48","69","72","58","58","52","0","12","0","12","0","12","0","12",
"1500000US040210003083","Block Group 3, Census Tract 3.08, Pinal County, Arizona","703","195","92","96","26","44","53","59","66","79","30","35","47","77","17","25","64","80","21","37","82","53","107","62","35","40","17","27","46","60","0","12","0","12",
"1500000US040210003084","Block Group 4, Census Tract 3.08, Pinal County, Arizona","425","139","134","97","26","31","57","41","47","56","48","77","0","12","29","49","0","12","15","24","40","48","29","33","0","12","0","12","0","12","0","12","0","12",
"1500000US040210003091","Block Group 1, Census Tract 3.09, Pinal County, Arizona","917","155","155","106","25","23","41","33","44","32","67","54","15","17","46","54","105","66","35","28","53","31","94","58","43","43","111","79","45","48","0","12","38","37",
"1500000US040210003092","Block Group 2, Census Tract 3.09, Pinal County, Arizona","673","120","47","34","44","31","55","52","63","51","19","20","41","49","47","33","64","38","0","12","75","62","86","67","43","29","51","36","17","22","21","20","0","12",
"1500000US040210003101","Block Group 1, Census Tract 3.10, Pinal County, Arizona","594","111","71","50","45","43","99","77","22","21","64","36","47","28","9","14","37","45","40","29","43","45","57","30","39","36","7","14","7","11","7","11","0","12",
"1500000US040210003102","Block Group 2, Census Tract 3.10, Pinal County, Arizona","861","138","85","48","0","12","39","49","74","57","73","71","45","49","8","12","8","14","9","20","85","54","134","64","120","87","43","33","49","46","57","49","32","46",
"1500000US040210003111","Block Group 1, Census Tract 3.11, Pinal County, Arizona","339","86","0","12","10","15","0","12","7","12","34","31","20","21","22","24","13","22","9","14","0","12","40","28","67","62","78","50","11","17","15","22","13","20",
"1500000US040210003112","Block Group 2, Census Tract 3.11, Pinal County, Arizona","1049","103","0","12","32","32","27","24","28","26","72","56","12","19","0","12","100","53","73","43","57","41","97","71","315","99","67","42","55","35","52","37","62","47",
"1500000US040210003121","Block Group 1, Census Tract 3.12, Pinal County, Arizona","782","140","108","84","34","33","127","101","36","44","62","56","46","36","55","34","75","62","0","12","72","69","19","30","86","64","34","24","17","25","0","12","11","18",
"1500000US040210003122","Block Group 2, Census Tract 3.12, Pinal County, Arizona","959","142","92","60","35","29","56","33","21","23","19","22","68","57","36","43","30","28","128","77","70","51","123","67","93","59","119","78","26","23","43","48","0","12",
"1500000US040210003131","Block Group 1, Census Tract 3.13, Pinal County, Arizona","1108","164","101","48","67","59","53","59","109","61","39","35","115","81","68","51","61","43","140","73","50","31","131","87","79","53","50","43","0","12","26","31","19","20",
"1500000US040210003132","Block Group 2, Census Tract 3.13, Pinal County, Arizona","1112","154","105","69","79","50","90","66","70","52","94","64","48","38","73","59","104","100","51","32","138","75","86","45","130","57","19","23","7","12","10","16","8","15",
"1500000US040210003141","Block Group 1, Census Tract 3.14, Pinal County, Arizona","1319","187","48","77","18","28","61","74","49","46","43","39","67","63","45","43","34","41","55","49","136","80","201","127","281","119","114","81","13","25","61","56","93","103",
"1500000US040210003142","Block Group 2, Census Tract 3.14, Pinal County, Arizona","773","200","0","12","61","96","18","30","0","12","153","121","16","24","0","12","66","51","34","39","67","57","125","102","188","119","16","27","11","20","18","30","0","12",
"1500000US040210003143","Block Group 3, Census Tract 3.14, Pinal County, Arizona","412","120","54","57","20","27","17","28","75","81","38","59","44","46","15","23","0","12","0","12","32","36","19","27","98","66","0","12","0","12","0","12","0","12",
"1500000US040210003151","Block Group 1, Census Tract 3.15, Pinal County, Arizona","1074","182","94","92","27","32","156","115","66","81","41","38","13","21","69","72","106","110","42","38","80","62","32","35","90","61","47","47","97","95","82","112","32","52",
"1500000US040210003152","Block Group 2, Census Tract 3.15, Pinal County, Arizona","543","150","130","106","0","12","18","30","0","12","45","35","0","12","38","43","0","12","0","12","53","83","78","71","92","55","57","45","0","12","32","35","0","12",
"1500000US040210003153","Block Group 3, Census Tract 3.15, Pinal County, Arizona","496","136","13","22","54","88","72","90","15","26","13","21","0","12","14","22","0","12","0","12","96","86","107","79","26","42","59","71","14","26","13","21","0","12",
"1500000US040210003161","Block Group 1, Census Tract 3.16, Pinal County, Arizona","1381","199","26","28","49","79","16","24","25","33","72","74","25","30","40","36","30","32","31","35","111","62","111","71","218","89","101","57","205","98","111","69","210","91",
"1500000US040210003162","Block Group 2, Census Tract 3.16, Pinal County, Arizona","535","104","0","12","20","34","13","22","19","31","19","30","40","66","17","26","34","39","35","31","51","45","31","36","85","55","75","59","43","40","0","12","53","40",
"1500000US040210003163","Block Group 3, Census Tract 3.16, Pinal County, Arizona","1627","208","135","76","28","35","0","12","80","56","31","34","99","67","122","87","62","51","59","48","91","54","153","91","277","119","159","84","135","89","45","40","151","108",
"1500000US040210003164","Block Group 4, Census Tract 3.16, Pinal County, Arizona","302","93","0","12","0","12","0","12","18","29","32","39","46","41","0","12","17","28","0","12","0","12","0","12","46","34","0","12","18","29","67","53","58","87",
"1500000US040210003171","Block Group 1, Census Tract 3.17, Pinal County, Arizona","471","115","21","24","75","74","18","22","61","33","47","54","20","22","8","11","49","52","21","25","30","26","70","40","23","24","28","26","0","12","0","12","0","12",
"1500000US040210003172","Block Group 2, Census Tract 3.17, Pinal County, Arizona","907","117","8","13","43","27","10","15","26","25","76","59","53","46","65","37","49","34","54","54","81","43","171","85","110","62","54","37","64","36","33","32","10","16",
"1500000US040210003181","Block Group 1, Census Tract 3.18, Pinal County, Arizona","637","179","11","18","17","27","53","54","23","35","90","85","67","59","0","12","109","98","0","12","67","82","96","64","104","102","0","12","0","12","0","12","0","12",
"1500000US040210003182","Block Group 2, Census Tract 3.18, Pinal County, Arizona","1405","218","82","69","84","77","146","147","47","76","65","70","18","18","24","29","53","44","64","53","40","44","105","83","350","162","210","150","33","37","68","74","16","24",
"1500000US040210003183","Block Group 3, Census Tract 3.18, Pinal County, Arizona","1611","265","133","114","0","12","77","57","86","72","122","99","51","51","147","87","180","121","144","113","91","60","171","122","297","135","89","70","0","12","23","38","0","12",
"1500000US040210003191","Block Group 1, Census Tract 3.19, Pinal County, Arizona","904","85","40","20","36","31","45","34","47","26","84","51","21","14","40","21","88","46","49","24","120","38","169","66","104","33","31","19","15","13","15","13","0","12",
"1500000US040210004001","Block Group 1, Census Tract 4, Pinal County, Arizona","463","86","33","24","28","37","18","28","41","59","13","13","82","57","53","33","21","18","7","12","23","20","24","21","74","45","22","20","7","11","9","14","8","13",
"1500000US040210004002","Block Group 2, Census Tract 4, Pinal County, Arizona","260","70","18","17","14","16","0","12","66","47","6","8","35","32","0","12","0","12","0","12","33","24","17","26","19","17","46","42","6","10","0","12","0","12",
"1500000US040210004003","Block Group 3, Census Tract 4, Pinal County, Arizona","215","79","48","42","0","12","16","18","22","23","39","27","0","12","24","37","23","38","5","8","0","12","7","11","11","13","11","16","9","13","0","12","0","12",
"1500000US040210004004","Block Group 4, Census Tract 4, Pinal County, Arizona","381","95","24","20","47","36","93","68","31","30","22","18","0","12","8","11","8","11","0","12","40","33","23","16","44","37","41","41","0","12","0","12","0","12",
"1500000US040210006031","Block Group 1, Census Tract 6.03, Pinal County, Arizona","2168","172","137","84","77","57","71","57","41","31","27","31","53","48","0","12","133","95","46","49","142","74","293","132","248","96","359","149","207","89","203","95","131","78",
"1500000US040210006032","Block Group 2, Census Tract 6.03, Pinal County, Arizona","905","110","52","65","0","12","0","12","15","24","67","56","0","12","46","36","13","21","14","29","93","67","93","60","181","99","131","75","52","56","98","57","50","47",
"1500000US040210006041","Block Group 1, Census Tract 6.04, Pinal County, Arizona","1907","195","40","38","45","42","92","85","65","53","79","91","32","37","41","38","131","85","62","44","83","56","233","97","277","104","276","122","193","118","202","81","56","48",
"1500000US040210006042","Block Group 2, Census Tract 6.04, Pinal County, Arizona","689","83","17","28","15","25","0","12","0","12","16","25","0","12","14","22","15","23","41","38","69","73","112","64","70","50","120","60","84","82","55","43","61","50",
"1500000US040210007001","Block Group 1, Census Tract 7, Pinal County, Arizona","427","105","0","12","0","12","9","14","21","24","12","18","98","94","49","38","18","20","65","58","39","31","29","26","59","34","13","22","15","19","0","12","0","12",
"1500000US040210007002","Block Group 2, Census Tract 7, Pinal County, Arizona","460","108","38","58","0","12","129","83","34","43","10","21","20","22","9","14","10","17","8","14","56","47","84","55","53","45","9","14","0","12","0","12","0","12",
"1500000US040210007003","Block Group 3, Census Tract 7, Pinal County, Arizona","468","119","26","24","19","20","84","82","0","12","37","47","11","18","52","56","20","21","23","30","45","57","92","53","9","15","40","40","10","16","0","12","0","12",
"1500000US040210008011","Block Group 1, Census Tract 8.01, Pinal County, Arizona","744","166","25","39","0","12","67","79","0","12","15","33","0","12","55","62","29","50","22","35","71","58","46","41","168","96","163","105","83","88","0","12","0","12",
"1500000US040210008012","Block Group 2, Census Tract 8.01, Pinal County, Arizona","1895","347","29","25","30","34","15","23","118","118","44","40","66","56","115","80","101","73","89","54","168","110","168","124","364","155","150","76","118","75","202","136","118","74",
"1500000US040210008013","Block Group 3, Census Tract 8.01, Pinal County, Arizona","1338","221","76","57","30","35","59","48","93","78","168","96","60","54","48","44","112","77","206","165","156","78","196","95","63","51","19","35","52","65","0","12","0","12",
"1500000US040210008014","Block Group 4, Census Tract 8.01, Pinal County, Arizona","892","253","0","12","27","33","0","12","19","29","33","37","111","109","76","120","48","58","36","45","177","150","254","214","13","22","98","84","0","12","0","12","0","12",
"1500000US040210008021","Block Group 1, Census Tract 8.02, Pinal County, Arizona","344","97","0","12","5","7","21","22","6","10","3","5","0","12","3","5","3","5","52","67","59","47","45","38","26","20","86","69","20","29","15","24","0","12",
"1500000US040210008022","Block Group 2, Census Tract 8.02, Pinal County, Arizona","1303","166","63","56","27","32","67","53","84","96","121","79","9","14","9","14","29","34","136","94","130","78","81","52","221","100","124","73","92","58","39","38","71","47",
"1500000US040210008023","Block Group 3, Census Tract 8.02, Pinal County, Arizona","507","118","31","36","0","12","0","12","40","38","22","24","55","66","21","23","29","42","9","15","33","31","105","88","46","36","33","27","21","24","62","74","0","12",
"1500000US040210008031","Block Group 1, Census Tract 8.03, Pinal County, Arizona","13","14","0","17","0","17","0","17","0","17","0","17","0","17","0","17","5","7","0","17","0","17","0","17","8","13","0","17","0","17","0","17","0","17",
"1500000US040210008032","Block Group 2, Census Tract 8.03, Pinal County, Arizona","359","53","24","30","15","23","7","10","21","27","28","31","14","15","24","38","34","35","13","14","26","29","43","34","57","38","25","19","24","31","4","7","0","17",
"1500000US040210009011","Block Group 1, Census Tract 9.01, Pinal County, Arizona","457","82","48","26","45","36","9","14","63","43","32","23","27","21","13","14","28","23","37","29","23","18","53","25","32","27","15","16","20","18","5","8","7","10",
"1500000US040210009012","Block Group 2, Census Tract 9.01, Pinal County, Arizona","0","12","0","12","0","12","0","12","0","12","0","12","0","12","0","12","0","12","0","12","0","12","0","12","0","12","0","12","0","12","0","12","0","12",
"1500000US040210009021","Block Group 1, Census Tract 9.02, Pinal County, Arizona","979","157","146","69","68","39","60","30","29","33","65","46","67","50","52","38","15","16","42","30","64","39","186","72","107","51","27","22","32","24","13","14","6","9",
"1500000US040210010001","Block Group 1, Census Tract 10, Pinal County, Arizona","600","110","93","68","46","38","95","58","44","37","0","12","17","27","20","32","46","37","57","51","54","40","53","42","46","38","0","12","22","34","7","12","0","12",
"1500000US040210010002","Block Group 2, Census Tract 10, Pinal County, Arizona","353","88","20","34","38","38","62","60","0","12","33","51","33","37","0","12","36","34","14","21","33","31","34","33","36","27","0","12","0","12","14","21","0","12",
"1500000US040210010003","Block Group 3, Census Tract 10, Pinal County, Arizona","319","79","20","19","43","46","6","10","3","7","50","42","6","8","60","41","0","12","0","12","34","34","24","19","62","39","0","12","4","6","0","12","7","12",
"1500000US040210011001","Block Group 1, Census Tract 11, Pinal County, Arizona","322","96","49","45","0","12","0","12","13","21","19","23","28","33","0","12","20","23","17","28","0","12","51","59","7","15","64","47","22","27","8","15","24","28",
"1500000US040210011002","Block Group 2, Census Tract 11, Pinal County, Arizona","483","134","0","12","28","32","15","24","45","64","57","54","43","42","0","12","59","52","24","30","18","22","24","30","70","64","29","48","36","36","35","45","0","12",
"1500000US040210011003","Block Group 3, Census Tract 11, Pinal County, Arizona","467","112","17","26","0","12","31","35","10","21","31","37","28","32","14","23","23","29","16","28","86","65","71","54","27","30","95","102","18","23","0","12","0","12",
"1500000US040210011004","Block Group 4, Census Tract 11, Pinal County, Arizona","841","201","0","12","0","12","5","13","52","92","59","74","32","38","34","55","62","58","15","23","168","125","68","59","147","95","120","114","19","32","46","62","14","22",
"1500000US040210012001","Block Group 1, Census Tract 12, Pinal County, Arizona","811","151","43","40","70","57","26","28","34","49","34","32","31","29","17","21","7","13","0","12","68","58","184","100","96","58","57","42","0","12","66","53","78","55",
"1500000US040210012002","Block Group 2, Census Tract 12, Pinal County, Arizona","772","158","37","50","18","20","51","54","43","35","83","62","54","45","89","54","44","32","68","70","92","88","53","45","66","53","9","15","50","75","15","26","0","12",
"1500000US040210013011","Block Group 1, Census Tract 13.01, Pinal County, Arizona","567","133","33","43","19","30","45","42","58","47","93","87","25","29","0","12","13","20","57","45","63","41","36","32","125","103","0","12","0","12","0","12","0","12",
"1500000US040210013012","Block Group 2, Census Tract 13.01, Pinal County, Arizona","451","103","40","39","0","12","45","70","40","30","51","41","18","29","0","12","13","20","40","38","29","35","32","38","28","31","49","38","28","30","12","22","26","37",
"1500000US040210013013","Block Group 3, Census Tract 13.01, Pinal County, Arizona","545","175","138","98","14","22","0","12","16","25","0","12","64","79","42","66","17","27","29","44","72","73","130","89","23","41","0","12","0","12","0","12","0","12",
"1500000US040210013014","Block Group 4, Census Tract 13.01, Pinal County, Arizona","327","91","25","28","0","12","21","31","0","12","0","12","21","37","21","35","14","23","16","24","0","12","58","54","71","55","40","40","13","22","27","41","0","12",
"1500000US040210013015","Block Group 5, Census Tract 13.01, Pinal County, Arizona","663","149","31","36","0","12","19","38","36","43","14","23","16","28","61","83","27","37","32","36","101","91","134","82","70","53","16","36","101","78","5","10","0","12",
"1500000US040210013031","Block Group 1, Census Tract 13.03, Pinal County, Arizona","303","56","14","21","0","12","20","31","0","12","0","12","3","7","0","12","5","7","15","11","66","36","21","16","50","34","19","16","16","16","38","29","36","24",
"1500000US040210013032","Block Group 2, Census Tract 13.03, Pinal County, Arizona","243","61","0","12","3","5","17","25","15","9","11","19","15","13","0","12","0","12","9","10","9","10","29","20","26","17","44","41","6","8","53","41","6","8",
"1500000US040210013041","Block Group 1, Census Tract 13.04, Pinal County, Arizona","714","179","18","30","0","12","0","12","35","41","17","27","10","17","0","12","18","27","83","86","73","66","82","48","142","96","89","98","69","72","78","64","0","12",
"1500000US040210013042","Block Group 2, Census Tract 13.04, Pinal County, Arizona","711","165","0","12","0","12","0","12","17","27","0","12","70","73","27","34","78","87","36","43","80","60","106","87","37","39","159","89","20","24","71","59","10","17",
"1500000US040210013043","Block Group 3, Census Tract 13.04, Pinal County, Arizona","725","159","64","61","0","12","21","33","6","11","23","36","17","28","33","39","0","12","65","60","41","62","164","96","138","79","52","48","26","31","75","78","0","12",
"1500000US040210013044","Block Group 4, Census Tract 13.04, Pinal County, Arizona","734","173","0","12","16","25","16","25","0","12","50","56","60","55","14","24","41","40","57","88","6","11","83","54","177","116","112","93","18","20","84","69","0","12",
"1500000US040210013051","Block Group 1, Census Tract 13.05, Pinal County, Arizona","703","208","40","63","21","35","50","80","74","82","128","126","55","43","3","8","41","39","28","32","14","23","129","74","71","50","35","43","14","21","0","12","0","12",
"1500000US040210013052","Block Group 2, Census Tract 13.05, Pinal County, Arizona","542","168","42","41","0","12","17","26","0","12","0","12","16","24","0","12","32","36","30","35","111","100","67","75","81","78","84","86","24","37","37","52","1","10",
"1500000US040210013053","Block Group 3, Census Tract 13.05, Pinal County, Arizona","448","154","0","12","17","30","40","64","40","46","0","12","0","12","11","20","0","12","1","6","81","75","96","87","78","67","1","6","70","88","13","21","0","12",
"1500000US040210013054","Block Group 4, Census Tract 13.05, Pinal County, Arizona","461","117","14","22","60","61","0","12","0","12","0","12","20","32","89","93","0","12","30","33","19","27","101","68","38","46","38","35","14","21","26","37","12","20",
"1500000US040210013061","Block Group 1, Census Tract 13.06, Pinal County, Arizona","387","101","9","14","44","45","30","32","0","12","9","15","19","20","6","9","0","12","15","17","0","12","23","24","82","59","61","48","77","72","0","12","12","20",
"1500000US040210013062","Block Group 2, Census Tract 13.06, Pinal County, Arizona","694","152","190","125","121","69","18","22","64","57","80","77","54","49","18","30","43","48","23","25","63","58","20","32","0","12","0","12","0","12","0","12","0","12",
"1500000US040210013063","Block Group 3, Census Tract 13.06, Pinal County, Arizona","822","145","46","33","24","22","9","14","43","28","28","25","95","90","20","22","0","12","16","19","116","67","40","32","159","89","72","49","56","57","27","25","71","59",
"1500000US040210014031","Block Group 1, Census Tract 14.03, Pinal County, Arizona","446","96","58","68","0","12","5","11","115","74","24","27","29","26","28","25","0","12","5","9","35","33","33","32","51","24","18","22","14","17","24","17","7","11",
"1500000US040210014032","Block Group 2, Census Tract 14.03, Pinal County, Arizona","689","113","42","51","24","25","36","36","78","68","10","16","19","22","63","55","38","31","46","47","12","19","89","78","103","53","111","70","9","15","0","12","9","14",
"1500000US040210014033","Block Group 3, Census Tract 14.03, Pinal County, Arizona","598","122","49","51","20","23","11","17","65","62","15","17","49","43","66","88","60","47","48","62","108","58","15","17","69","49","0","12","23","37","0","12","0","12",
"1500000US040210014041","Block Group 1, Census Tract 14.04, Pinal County, Arizona","715","138","20","23","5","9","45","52","40","36","16","19","18","20","68","79","0","12","0","12","0","12","81","62","171","103","75","58","57","39","60","42","59","53",
"1500000US040210014042","Block Group 2, Census Tract 14.04, Pinal County, Arizona","658","130","0","12","9","14","0","12","85","77","23","37","83","69","70","67","16","25","54","60","14","16","85","59","91","79","97","81","8","13","0","12","23","22",
"1500000US040210014051","Block Group 1, Census Tract 14.05, Pinal County, Arizona","640","102","29","38","55","64","20","22","9","14","8","12","26","27","33","42","8","13","21","20","72","45","123","62","95","53","50","40","45","32","14","18","32","51",
"1500000US040210014052","Block Group 2, Census Tract 14.05, Pinal County, Arizona","1006","131","108","64","41","42","43","30","54","48","92","65","83","47","62","36","45","47","37","25","95","40","98","37","134","59","22","20","31","25","53","42","8","13",
"1500000US040210014053","Block Group 3, Census Tract 14.05, Pinal County, Arizona","217","78","9","15","11","19","9","14","20","22","22","20","0","12","27","35","8","13","0","12","21","24","15","16","7","12","43","47","0","12","19","21","6","11",
"1500000US040210014061","Block Group 1, Census Tract 14.06, Pinal County, Arizona","413","112","53","51","39","39","38","38","59","50","20","27","36","50","24","28","26","30","0","12","50","48","3","6","18","20","36","39","0","12","11","14","0","12",
"1500000US040210014062","Block Group 2, Census Tract 14.06, Pinal County, Arizona","780","169","81","62","119","76","78","70","9","15","28","43","56","58","64","49","62","58","16","22","120","86","78","52","31","37","10","15","0","12","9","13","19","31",
"1500000US040210014063","Block Group 3, Census Tract 14.06, Pinal County, Arizona","356","111","31","38","20","21","40","37","14","20","9","16","43","42","24","27","11","17","12","19","0","12","24","38","57","65","71","75","0","12","0","12","0","12",
"1500000US040210014071","Block Group 1, Census Tract 14.07, Pinal County, Arizona","467","79","35","19","33","28","9","10","13","11","37","25","25","18","53","27","14","13","13","11","80","40","66","32","37","18","17","14","26","20","0","12","9","9",
"1500000US040210014072","Block Group 2, Census Tract 14.07, Pinal County, Arizona","405","83","35","39","11","14","8","9","12","14","22","28","4","8","26","25","42","29","54","48","88","65","32","28","45","33","14","13","7","11","5","8","0","12",
"1500000US040210014081","Block Group 1, Census Tract 14.08, Pinal County, Arizona","581","92","31","24","0","12","19","17","0","12","42","26","47","31","51","51","11","13","51","31","67","32","46","31","109","48","69","38","15","16","9","14","14","16",
"1500000US040210014082","Block Group 2, Census Tract 14.08, Pinal County, Arizona","620","96","9","11","0","12","0","12","15","23","7","11","8","13","61","48","9","14","49","76","52","35","145","71","72","43","73","42","55","38","28","22","37","29",
"1500000US040210015001","Block Group 1, Census Tract 15, Pinal County, Arizona","345","90","24","39","81","68","50","39","24","26","27","33","12","19","11","17","12","20","18","19","46","47","0","12","19","21","0","12","0","12","0","12","21","22",
"1500000US040210015002","Block Group 2, Census Tract 15, Pinal County, Arizona","452","93","44","44","55","42","42","47","29","33","59","40","78","66","12","19","10","15","12","18","36","59","0","12","55","41","11","16","0","12","9","14","0","12",
"1500000US040210015003","Block Group 3, Census Tract 15, Pinal County, Arizona","481","108","32","41","33","25","68","62","22","21","32","32","22","36","15","20","7","11","48","48","16","25","108","65","50","42","10","14","0","12","9","14","9","13",
"1500000US040210016001","Block Group 1, Census Tract 16, Pinal County, Arizona","660","125","42","57","7","12","23","26","72","39","33","31","32","29","37","45","36","37","0","12","83","57","61","33","89","78","12","19","13","20","84","72","36","59",
"1500000US040210016002","Block Group 2, Census Tract 16, Pinal County, Arizona","278","82","0","12","0","12","0","12","0","12","42","44","14","20","0","12","29","26","27","24","0","12","19","22","101","90","23","29","12","20","11","19","0","12",
"1500000US040210016003","Block Group 3, Census Tract 16, Pinal County, Arizona","246","71","43","48","0","12","20","22","13","19","19","21","0","12","0","12","20","22","9","14","33","50","12","20","0","12","29","34","48","61","0","12","0","12",
"1500000US040210016004","Block Group 4, Census Tract 16, Pinal County, Arizona","826","142","74","71","57","62","0","12","101","56","0","12","92","72","57","75","19","20","35","43","38","35","205","107","63","60","36","51","20","32","0","12","29","45",
"1500000US040210017011","Block Group 1, Census Tract 17.01, Pinal County, Arizona","358","49","28","25","17","17","16","15","2","11","40","26","6","12","48","41","19","16","40","24","12","15","50","35","23","21","38","21","0","12","6","8","13","17",
"1500000US040210017021","Block Group 1, Census Tract 17.02, Pinal County, Arizona","380","59","45","34","0","12","6","9","0","12","0","12","0","12","0","12","0","12","13","12","34","25","38","27","98","33","28","19","27","17","46","31","45","25",
"1500000US040210017022","Block Group 2, Census Tract 17.02, Pinal County, Arizona","324","59","21","22","0","12","0","12","15","16","30","32","20","24","3","5","4","8","6","8","24","19","39","28","45","30","28","18","31","27","18","14","40","23",
"1500000US040210017031","Block Group 1, Census Tract 17.03, Pinal County, Arizona","307","57","10","10","4","6","4","7","28","25","4","6","42","31","17","23","4","6","13","12","58","42","28","21","53","27","12","12","26","25","0","12","4","6",
"1500000US040210017032","Block Group 2, Census Tract 17.03, Pinal County, Arizona","355","62","28","24","0","12","22","21","8","12","9","14","0","12","22","24","17","20","24","24","63","42","37","27","55","34","44","28","3","5","18","18","5","8",
"1500000US040210017041","Block Group 1, Census Tract 17.04, Pinal County, Arizona","668","127","6","22","0","12","18","30","30","34","29","34","40","49","79","55","22","34","20","22","66","61","73","59","90","82","92","63","63","53","0","12","40","61",
"1500000US040210017042","Block Group 2, Census Tract 17.04, Pinal County, Arizona","741","167","31","51","31","46","36","37","0","12","26","30","11","18","77","70","61","49","21","23","23","26","112","92","144","103","99","85","13","21","56","54","0","12",
"1500000US040210017043","Block Group 3, Census Tract 17.04, Pinal County, Arizona","620","117","0","12","0","12","29","33","19","22","27","34","77","82","14","22","26","30","40","51","51","57","33","35","79","51","175","96","18","29","17","27","15","25",
"1500000US040210017051","Block Group 1, Census Tract 17.05, Pinal County, Arizona","663","131","44","52","13","20","67","91","18","29","35","35","29","44","28","35","14","26","18","21","28","26","31","32","106","71","141","79","51","66","40","61","0","12",
"1500000US040210017052","Block Group 2, Census Tract 17.05, Pinal County, Arizona","774","153","68","67","0","12","36","53","0","12","29","39","0","12","0","12","56","60","21","25","35","34","93","57","94","67","100","72","99","87","35","51","108","118",
"1500000US040210017053","Block Group 3, Census Tract 17.05, Pinal County, Arizona","774","207","0","12","35","61","0","12","13","21","0","12","0","12","0","12","77","79","0","12","138","107","64","58","196","140","159","119","14","23","52","52","26","41",
"1500000US040210017061","Block Group 1, Census Tract 17.06, Pinal County, Arizona","625","98","0","12","30","34","0","12","0","12","2","5","19","30","5","8","19","17","36","41","119","67","63","36","160","57","38","33","57","52","40","41","37","28",
"1500000US040210017062","Block Group 2, Census Tract 17.06, Pinal County, Arizona","811","131","37","34","0","12","30","33","20","26","0","12","12","13","38","35","11","16","35","29","66","53","76","57","148","61","121","75","81","45","98","61","38","33",
"1500000US040210017071","Block Group 1, Census Tract 17.07, Pinal County, Arizona","973","104","51","37","0","12","27","31","11","18","11","15","14","14","52","45","59","48","42","31","132","87","52","53","168","70","90","58","199","83","32","36","33","29",
"1500000US040210017072","Block Group 2, Census Tract 17.07, Pinal County, Arizona","449","75","5","9","30","41","23","28","21","28","41","41","13","16","6","8","14","15","0","12","56","40","47","38","123","61","14","15","22","25","24","20","10","13",
"1500000US040210017081","Block Group 1, Census Tract 17.08, Pinal County, Arizona","860","100","99","66","0","12","12","18","22","27","48","41","78","54","37","35","23","27","26","27","72","45","50","38","140","80","127","54","40","37","62","46","24","28",
"1500000US040210017082","Block Group 2, Census Tract 17.08, Pinal County, Arizona","1443","151","47","46","8","14","23","28","0","12","92","59","29","33","93","81","49","40","35","32","82","50","218","97","332","117","164","95","57","49","136","64","78","54",
"1500000US040210017091","Block Group 1, Census Tract 17.09, Pinal County, Arizona","558","106","6","9","0","12","0","12","5","8","0","12","11","13","11","17","18","21","101","90","34","25","129","70","51","34","70","59","57","45","65","49","0","12",
"1500000US040210017092","Block Group 2, Census Tract 17.09, Pinal County, Arizona","1142","151","55","61","3","8","25","28","17","19","15","23","77","47","0","12","123","69","17","19","152","92","131","62","239","92","160","87","68","37","41","34","19","18",
"1500000US040210017101","Block Group 1, Census Tract 17.10, Pinal County, Arizona","335","69","19","15","15","20","7","12","13","15","0","12","15","18","0","12","8","17","18","17","0","12","44","29","87","51","48","33","26","24","17","19","18","28",
"1500000US040210017102","Block Group 2, Census Tract 17.10, Pinal County, Arizona","1181","105","28","30","41","35","34","46","48","37","30","29","16","16","73","48","23","18","63","41","113","54","167","70","289","88","78","46","81","52","63","47","34","35",
"1500000US040210017111","Block Group 1, Census Tract 17.11, Pinal County, Arizona","937","82","52","38","8","9","4","7","6","11","15","20","43","28","15","12","19","24","49","39","64","36","182","58","226","75","78","47","65","42","85","46","26","20",
"1500000US040210017112","Block Group 2, Census Tract 17.11, Pinal County, Arizona","67","53","0","12","32","45","0","12","11","18","0","12","5","8","0","12","0","12","0","12","14","19","0","12","5","7","0","12","0","12","0","12","0","12",
"1500000US040210019001","Block Group 1, Census Tract 19, Pinal County, Arizona","364","81","13","21","8","14","24","24","22","27","18","20","7","9","16","20","15","24","0","12","66","36","34","24","64","39","12","13","22","19","43","45","0","12",
"1500000US040210019002","Block Group 2, Census Tract 19, Pinal County, Arizona","454","93","105","62","61","40","61","30","32","29","16","18","40","31","6","9","15","23","8","11","44","38","6","9","27","26","7","9","14","21","12","13","0","12",
"1500000US040210020011","Block Group 1, Census Tract 20.01, Pinal County, Arizona","1207","182","120","61","37","34","33","32","54","42","26","20","57","33","50","33","11","14","127","71","125","64","142","71","205","82","48","28","105","85","27","27","40","35",
"1500000US040210020012","Block Group 2, Census Tract 20.01, Pinal County, Arizona","280","82","40","50","0","12","0","12","29","36","21","21","6","9","0","12","0","12","0","12","7","12","35","37","66","51","56","46","0","12","20","28","0","12",
"1500000US040210020021","Block Group 1, Census Tract 20.02, Pinal County, Arizona","262","52","32","23","5","5","21","16","0","12","8","6","8","9","15","11","26","20","2","2","12","8","42","30","39","21","23","13","12","12","4","4","13","20",
"1500000US040210020022","Block Group 2, Census Tract 20.02, Pinal County, Arizona","0","17","0","17","0","17","0","17","0","17","0","17","0","17","0","17","0","17","0","17","0","17","0","17","0","17","0","17","0","17","0","17","0","17",
"1500000US040210020031","Block Group 1, Census Tract 20.03, Pinal County, Arizona","411","98","54","49","58","71","40","26","59","50","21","22","17","28","21","25","0","12","49","53","11","17","50","47","24","30","7","12","0","12","0","12","0","12",
"1500000US040210020032","Block Group 2, Census Tract 20.03, Pinal County, Arizona","407","125","24","29","50","47","17","20","56","58","37","42","0","12","31","48","15","19","0","12","8","12","58","59","49","51","46","42","0","12","0","12","16","24",
"1500000US040210020033","Block Group 3, Census Tract 20.03, Pinal County, Arizona","345","106","121","70","50","42","0","12","10","17","13","23","44","41","0","12","6","10","0","12","31","44","28","37","26","32","0","12","16","16","0","12","0","12",
"1500000US040210021011","Block Group 1, Census Tract 21.01, Pinal County, Arizona","587","153","71","81","0","12","109","83","36","56","63","64","67","78","34","56","0","12","56","56","47","55","30","51","74","84","0","12","0","12","0","12","0","12",
"1500000US040210021012","Block Group 2, Census Tract 21.01, Pinal County, Arizona","1068","233","127","96","118","104","161","125","33","55","80","78","36","56","104","96","115","93","70","79","66","77","35","57","55","67","0","12","32","53","36","54","0","12",
"1500000US040210021013","Block Group 3, Census Tract 21.01, Pinal County, Arizona","609","179","110","102","38","59","64","72","70","80","96","88","38","61","21","32","0","12","54","85","63","74","0","12","55","63","0","12","0","12","0","12","0","12",
"1500000US040210021014","Block Group 4, Census Tract 21.01, Pinal County, Arizona","1025","212","0","12","0","12","45","56","76","75","94","99","29","47","104","82","95","86","67","83","115","105","115","100","98","107","90","85","43","65","15","25","39","45",
"1500000US040210021021","Block Group 1, Census Tract 21.02, Pinal County, Arizona","354","76","34","33","93","55","39","42","0","12","0","12","10","18","0","12","44","41","22","35","9","13","28","23","0","12","59","52","0","12","0","12","16","25",
"1500000US040210021022","Block Group 2, Census Tract 21.02, Pinal County, Arizona","65","41","0","12","0","12","7","8","0","12","19","27","3","4","11","16","0","12","0","12","8","14","5","9","7","13","0","12","5","9","0","12","0","12",
"1500000US040210021031","Block Group 1, Census Tract 21.03, Pinal County, Arizona","1018","161","40","44","36","41","10","16","95","60","0","12","98","64","32","36","0","12","43","52","247","129","147","84","145","92","36","54","42","49","47","57","0","12",
"1500000US040210021032","Block Group 2, Census Tract 21.03, Pinal County, Arizona","178","69","0","12","19","22","8","13","37","39","0","12","28","31","21","35","0","12","0","12","38","42","5","11","5","10","7","11","0","12","10","16","0","12",
"1500000US040210021033","Block Group 3, Census Tract 21.03, Pinal County, Arizona","1280","172","96","61","56","63","23","27","27","24","64","78","71","44","57","44","10","16","48","37","97","67","133","85","301","103","131","79","92","57","66","69","8","13",
"1500000US040210022001","Block Group 1, Census Tract 22, Pinal County, Arizona","175","92","56","71","0","12","0","12","0","12","12","20","0","12","0","12","19","30","0","12","0","12","51","22","37","59","0","12","0","12","0","12","0","12",
"1500000US040210022002","Block Group 2, Census Tract 22, Pinal County, Arizona","442","141","0","12","0","12","24","35","0","12","39","64","22","36","0","12","38","45","37","59","24","38","87","84","49","56","102","64","0","12","0","12","20","31",
"1500000US040210022003","Block Group 3, Census Tract 22, Pinal County, Arizona","667","191","37","65","35","56","0","12","0","12","67","78","151","111","70","77","63","72","31","52","22","34","109","99","56","66","0","12","12","20","0","12","14","22",
"1500000US040210022004","Block Group 4, Census Tract 22, Pinal County, Arizona","724","180","0","12","52","62","0","12","48","76","36","41","39","63","65","63","0","12","59","45","35","56","168","139","136","97","12","20","0","12","30","36","44","69",
"1500000US040210023001","Block Group 1, Census Tract 23, Pinal County, Arizona","232","57","8","11","0","12","8","12","9","13","44","32","24","27","46","43","0","12","11","16","5","9","21","19","28","25","18","20","0","12","0","12","10","17",
"1500000US040210023002","Block Group 2, Census Tract 23, Pinal County, Arizona","366","97","16","20","15","23","0","12","50","43","33","47","40","37","17","16","15","24","0","12","4","7","43","39","68","40","12","14","34","48","8","13","11","17",
"1500000US040210023003","Block Group 3, Census Tract 23, Pinal County, Arizona","419","85","0","12","4","6","52","41","34","35","14","18","11","14","29","33","13","16","10","11","40","31","56","51","76","41","60","42","6","9","14","21","0","12",
"1500000US040210024001","Block Group 1, Census Tract 24, Pinal County, Arizona","324","62","71","43","7","9","3","4","20","18","22","16","27","22","45","30","12","14","26","14","27","22","12","16","29","25","18","20","5","7","0","12","0","12",
"1500000US040210024002","Block Group 2, Census Tract 24, Pinal County, Arizona","217","45","48","32","7","5","4","6","6","8","10","9","10","16","27","18","8","8","19","17","7","7","23","14","34","16","5","10","6","7","3","4","0","12",
"1500000US040210024003","Block Group 3, Census Tract 24, Pinal County, Arizona","272","62","31","30","0","12","37","33","5","7","12","14","9","14","22","14","13","20","15","16","66","35","38","31","18","22","0","12","0","12","6","9","0","12",
"1500000US040219412001","Block Group 1, Census Tract 9412, Pinal County, Arizona","318","102","179","83","18","21","0","12","0","12","17","23","16","25","0","12","0","12","10","16","0","12","15","24","0","12","13","22","50","58","0","12","0","12",
"1500000US040219412002","Block Group 2, Census Tract 9412, Pinal County, Arizona","445","87","234","75","24","28","26","31","13","20","48","45","25","28","30","29","0","12","24","28","0","12","0","12","0","12","10","16","11","18","0","12","0","12",
"1500000US040219412003","Block Group 3, Census Tract 9412, Pinal County, Arizona","555","109","140","73","24","28","37","27","50","47","12","18","38","35","55","44","59","43","26","28","27","30","0","12","87","64","0","12","0","12","0","12","0","12",
"1500000US040219412004","Block Group 4, Census Tract 9412, Pinal County, Arizona","435","113","103","54","35","28","48","39","65","55","45","38","13","22","0","12","23","37","17","25","0","12","13","20","32","29","28","34","0","12","13","21","0","12",
"1500000US040219413001","Block Group 1, Census Tract 9413, Pinal County, Arizona","415","74","178","57","33","22","24","21","31","29","19","20","14","15","6","10","22","24","0","12","45","39","0","12","22","21","7","10","6","9","0","12","8","12",
"1500000US040219413002","Block Group 2, Census Tract 9413, Pinal County, Arizona","170","45","64","39","25","20","8","12","7","10","0","12","8","11","0","12","0","12","8","13","7","11","23","24","0","12","14","13","6","10","0","12","0","12",
"1500000US040219414001","Block Group 1, Census Tract 9414, Pinal County, Arizona","855","196","49","45","0","12","42","65","58","44","12","20","176","98","71","92","110","127","0","12","58","71","64","67","38","43","61","73","44","40","72","50","0","12",
"1500000US040219414002","Block Group 2, Census Tract 9414, Pinal County, Arizona","581","145","106","99","20","33","19","31","0","12","13","21","21","33","44","59","16","25","45","47","63","50","90","56","83","85","18","30","12","19","15","25","16","26",
"1500000US040219414003","Block Group 3, Census Tract 9414, Pinal County, Arizona","375","61","107","32","23","16","18","14","27","17","14","12","26","15","15","12","14","10","11","10","37","15","33","19","17","15","18","14","9","11","6","10","0","12",
"1500000US040219414004","Block Group 4, Census Tract 9414, Pinal County, Arizona","727","204","66","62","0","12","96","97","0","12","157","104","16","25","24","38","0","12","12","19","28","32","55","53","48","53","0","12","63","95","125","124","37","43",
"1500000US040219414005","Block Group 5, Census Tract 9414, Pinal County, Arizona","91","40","13","21","0","12","17","28","0","12","0","12","48","27","0","12","0","12","0","12","0","12","13","21","0","12","0","12","0","12","0","12","0","12",
"310M500US38060","Phoenix-Mesa-Chandler, AZ Metro Area","1693396","5425","95153","2372","56139","1526","63633","1924","71770","1801","71209","1764","77545","1791","74787","2017","75720","2098","70259","1910","138232","2710","175062","3121","226244","3452","160002","2536","105874","2443","111694","2184","120073","2422",
