"GEO_ID","NAME","B19001_001E","B19001_001M","B19001_002E","B19001_002M","B19001_003E","B19001_003M","B19001_004E","B19001_004M","B19001_005E","B19001_005M","B19001_006E","B19001_006M","B19001_007E","B19001_007M","B19001_008E","B19001_008M","B19001_009E","B19001_009M","B19001_010E","B19001_010M","B19001_011E","B19001_011M","B19001_012E","B19001_012M","B19001_013E","B19001_013M","B19001_014E","B19001_014M","B19001_015E","B19001_015M","B19001_016E","B19001_016M","B19001_017E","B19001_017M",
"Geography","Geographic Area Name","Estimate!!Total:","Margin of Error!!Total:","Estimate!!Total:!!Less than $10,000","Margin of Error!!Total:!!Less than $10,000","Estimate!!Total:!!$10,000 to $14,999","Margin of Error!!Total:!!$10,000 to $14,999","Estimate!!Total:!!$15,000 to $19,999","Margin of Error!!Total:!!$15,000 to $19,999","Estimate!!Total:!!$20,000 to $24,999","Margin of Error!!Total:!!$20,000 to $24,999","Estimate!!Total:!!$25,000 to $29,999","Margin of Error!!Total:!!$25,000 to $29,999","Estimate!!Total:!!$30,000 to $34,999","Margin of Error!!Total:!!$30,000 to $34,999","Estimate!!Total:!!$35,000 to $39,999","Margin of Error!!Total:!!$35,000 to $39,999","Estimate!!Total:!!$40,000 to $44,999","Margin of Error!!Total:!!$40,000 to $44,999","Estimate!!Total:!!$45,000 to $49,999","Margin of Error!!Total:!!$45,000 to $49,999","Estimate!!Total:!!$50,000 to $59,999","Margin of Error!!Total:!!$50,000 to $59,999","Estimate!!Total:!!$60,000 to $74,999","Margin of Error!!Total:!!$60,000 to $74,999","Estimate!!Total:!!$75,000 to $99,999","Margin of Error!!Total:!!$75,000 to $99,999","Estimate!!Total:!!$100,000 to $124,999","Margin of Error!!Total:!!$100,000 to $124,999","Estimate!!Total:!!$125,000 to $149,999","Margin of Error!!Total:!!$125,000 to $149,999","Estimate!!Total:!!$150,000 to $199,999","Margin of Error!!Total:!!$150,000 to $199,999","Estimate!!Total:!!$200,000 or more","Margin of Error!!Total:!!$200,000 or more",
"1500000US040130101021","Block Group 1, Census Tract 101.02, Maricopa County, Arizona","423","153","0","13","0","13","0","13","16","30","20","31","0","13","54","57","0","13","0","13","0","13","0","13","77","100","83","96","62","61","20","32","91","85",
"1500000US040130101022","Block Group 2, Census Tract 101.02, Maricopa County, Arizona","754","174","87","84","0","13","40","46","0","13","0","13","96","111","17","26","0","13","0","13","49","56","0","13","37","28","37","41","70","57","91","103","230","106",
"1500000US040130101023","Block Group 3, Census Tract 101.02, Maricopa County, Arizona","1449","320","146","88","17","29","14","21","20","32","0","13","19","30","34","38","41","45","0","13","17","28","58","72","93","72","36","43","84","63","296","241","574","140",
"1500000US040130101031","Block Group 1, Census Tract 101.03, Maricopa County, Arizona","596","169","28","32","22","34","71","82","0","13","14","22","0","13","50","67","15","25","12","22","27","33","60","46","49","38","72","75","65","50","44","40","67","68",
"1500000US040130101032","Block Group 2, Census Tract 101.03, Maricopa County, Arizona","741","189","15","25","0","13","0","13","0","13","14","23","59","73","20","33","20","33","14","21","16","26","34","39","126","126","77","82","96","76","105","62","145","113",
"1500000US040130101041","Block Group 1, Census Tract 101.04, Maricopa County, Arizona","96","49","13","21","0","13","0","13","0","13","0","13","0","13","0","13","0","13","0","13","10","16","0","13","29","33","0","13","17","27","14","23","13","21",
"1500000US040130101042","Block Group 2, Census Tract 101.04, Maricopa County, Arizona","690","134","0","13","16","26","0","13","47","43","0","13","0","13","15","25","16","26","31","36","102","65","88","50","80","56","47","43","78","75","64","51","106","79",
"1500000US040130101043","Block Group 3, Census Tract 101.04, Maricopa County, Arizona","592","269","0","13","0","13","0","13","0","13","0","13","0","13","20","30","0","13","0","13","34","39","59","50","17","28","58","56","49","44","202","245","153","116",
"1500000US040130304011","Block Group 1, Census Tract 304.01, Maricopa County, Arizona","729","186","31","50","0","13","0","13","0","13","31","51","0","13","43","71","0","13","0","13","65","75","91","102","80","64","120","100","35","31","63","72","170","113",
"1500000US040130304012","Block Group 2, Census Tract 304.01, Maricopa County, Arizona","1000","233","0","13","0","13","0","13","20","34","72","72","26","44","16","26","0","13","0","13","61","72","72","65","44","72","103","131","234","185","99","112","253","194",
"1500000US040130304013","Block Group 3, Census Tract 304.01, Maricopa County, Arizona","769","166","0","13","0","13","17","28","0","13","0","13","16","27","25","29","8","14","7","14","17","26","9","15","78","83","29","24","12","21","205","139","346","99",
"1500000US040130304021","Block Group 1, Census Tract 304.02, Maricopa County, Arizona","260","123","0","13","0","13","0","13","0","13","0","13","26","35","0","13","17","18","18","27","0","13","0","13","16","24","55","44","75","101","19","16","34","25",
"1500000US040130304022","Block Group 2, Census Tract 304.02, Maricopa County, Arizona","763","248","79","84","28","30","24","32","29","38","33","35","8","13","7","13","6","10","19","31","54","45","75","58","147","143","40","30","59","48","44","45","111","68",
"1500000US040130304023","Block Group 3, Census Tract 304.02, Maricopa County, Arizona","680","257","55","43","28","38","0","13","28","34","45","47","11","19","0","13","53","44","6","10","29","26","82","58","100","60","55","48","48","43","32","29","108","60",
"1500000US040130405021","Block Group 1, Census Tract 405.02, Maricopa County, Arizona","162","101","0","13","0","13","0","13","18","29","0","13","0","13","0","13","0","13","0","13","8","13","88","102","0","13","0","13","29","45","0","13","19","30",
"1500000US040130405022","Block Group 2, Census Tract 405.02, Maricopa County, Arizona","263","108","0","13","0","13","0","13","18","30","0","13","39","61","18","27","17","26","0","13","0","13","0","13","38","50","62","54","55","59","0","13","16","27",
"1500000US040130405023","Block Group 3, Census Tract 405.02, Maricopa County, Arizona","691","167","16","27","55","55","43","50","27","45","36","40","31","47","0","13","0","13","15","23","83","77","67","64","72","60","78","98","46","43","95","92","27","45",
"1500000US040130405024","Block Group 4, Census Tract 405.02, Maricopa County, Arizona","514","185","88","96","0","13","15","27","0","13","0","13","0","13","30","48","56","67","0","13","196","190","0","13","89","82","28","44","12","37","0","13","0","13",
"1500000US040130405025","Block Group 5, Census Tract 405.02, Maricopa County, Arizona","763","171","179","113","21","34","17","26","113","111","13","20","0","13","0","13","53","84","23","39","98","65","16","27","36","42","56","57","0","13","19","29","119","83",
"1500000US040130405061","Block Group 1, Census Tract 405.06, Maricopa County, Arizona","1423","482","88","77","47","44","103","85","63","52","365","448","47","44","29","33","47","42","46","41","135","69","230","120","161","103","47","43","15","24","0","13","0","13",
"1500000US040130405062","Block Group 2, Census Tract 405.06, Maricopa County, Arizona","856","175","47","44","16","25","25","40","88","98","62","50","47","44","16","25","86","72","105","82","71","60","79","55","124","80","90","75","0","13","0","13","0","13",
"1500000US040130405063","Block Group 3, Census Tract 405.06, Maricopa County, Arizona","650","131","0","13","33","36","61","59","46","34","31","36","48","44","71","58","30","34","71","75","100","99","62","49","67","48","14","23","0","13","16","25","0","13",
"1500000US040130405064","Block Group 4, Census Tract 405.06, Maricopa County, Arizona","844","126","32","24","67","54","32","36","16","26","31","36","62","50","88","80","0","13","51","46","60","48","165","104","166","87","59","70","15","23","0","13","0","13",
"1500000US040130405071","Block Group 1, Census Tract 405.07, Maricopa County, Arizona","1017","245","96","91","30","33","58","74","15","25","51","48","143","189","24","27","44","42","30","34","47","58","117","80","164","76","126","137","14","22","58","45","0","13",
"1500000US040130405072","Block Group 2, Census Tract 405.07, Maricopa County, Arizona","882","137","49","43","29","32","16","25","43","40","14","23","88","80","27","44","67","68","29","33","114","86","129","62","176","101","87","77","0","13","0","13","14","22",
"1500000US040130405073","Block Group 3, Census Tract 405.07, Maricopa County, Arizona","434","129","14","23","0","13","0","13","0","13","29","32","32","36","0","13","14","22","0","13","126","117","62","50","112","76","15","24","30","33","0","13","0","13",
"1500000US040130405074","Block Group 4, Census Tract 405.07, Maricopa County, Arizona","1111","149","103","87","59","41","63","50","42","39","79","58","72","52","93","73","29","32","68","71","89","61","28","32","112","69","137","92","43","50","63","84","31","34",
"1500000US040130405075","Block Group 5, Census Tract 405.07, Maricopa County, Arizona","506","91","15","24","31","34","41","39","42","67","28","32","0","13","26","40","35","27","0","13","76","54","101","57","55","45","42","38","14","21","0","13","0","13",
"1500000US040130405121","Block Group 1, Census Tract 405.12, Maricopa County, Arizona","980","83","29","22","40","28","19","17","24","17","36","20","64","28","41","25","61","43","82","36","125","43","95","30","157","52","82","37","30","17","50","28","45","36",
"1500000US040130405131","Block Group 1, Census Tract 405.13, Maricopa County, Arizona","835","186","8","12","28","25","36","22","45","48","36","28","18","14","0","13","10","16","27","24","95","55","110","47","67","38","183","145","73","40","89","89","10","15",
"1500000US040130405132","Block Group 2, Census Tract 405.13, Maricopa County, Arizona","914","104","38","43","6","9","27","22","49","32","84","57","68","44","33","42","103","70","36","28","84","52","80","41","62","43","107","71","87","49","32","28","18","20",
"1500000US040130405141","Block Group 1, Census Tract 405.14, Maricopa County, Arizona","1083","117","28","25","25","38","38","28","45","44","88","42","83","41","32","25","45","33","17","19","153","75","177","82","159","48","56","44","51","32","63","41","23","25",
"1500000US040130405142","Block Group 2, Census Tract 405.14, Maricopa County, Arizona","736","92","9","15","23","22","18","19","56","42","17","14","45","32","39","50","18","18","47","25","81","40","72","38","179","72","34","25","41","40","25","27","32","14",
"1500000US040130405151","Block Group 1, Census Tract 405.15, Maricopa County, Arizona","969","150","69","67","67","52","45","31","111","77","26","22","26","28","70","57","112","59","21","25","25","18","68","47","67","51","84","56","18","20","115","86","45","36",
"1500000US040130405152","Block Group 2, Census Tract 405.15, Maricopa County, Arizona","814","163","30","30","49","41","44","59","23","23","4","7","74","109","27","46","14","16","74","69","52","50","80","77","90","50","67","53","27","34","93","71","66","56",
"1500000US040130405161","Block Group 1, Census Tract 405.16, Maricopa County, Arizona","587","113","8","12","12","19","8","13","32","38","17","30","56","28","7","12","13","16","34","37","51","42","28","24","94","51","139","97","59","40","14","17","15","16",
"1500000US040130405162","Block Group 2, Census Tract 405.16, Maricopa County, Arizona","570","145","0","13","0","13","0","13","22","16","62","88","0","13","20","30","8","13","8","12","64","50","47","26","156","91","108","71","28","23","34","23","13","15",
"1500000US040130405163","Block Group 3, Census Tract 405.16, Maricopa County, Arizona","1035","295","0","13","0","13","22","37","8","13","15","18","40","42","37","25","17","20","19","26","67","46","141","87","211","85","328","305","51","37","25","22","54","40",
"1500000US040130405164","Block Group 4, Census Tract 405.16, Maricopa County, Arizona","472","110","36","38","21","18","8","12","0","13","0","13","7","11","71","63","5","9","16","13","49","49","47","31","31","23","55","40","29","22","26","22","71","77",
"1500000US040130405165","Block Group 5, Census Tract 405.16, Maricopa County, Arizona","118","56","9","13","0","13","0","13","0","13","17","29","7","10","0","13","0","13","0","13","0","13","25","26","0","13","20","31","7","12","23","28","10","16",
"1500000US040130405221","Block Group 1, Census Tract 405.22, Maricopa County, Arizona","1076","239","85","64","57","72","21","33","61","75","71","68","44","43","108","92","14","22","11","18","59","47","99","57","175","112","70","52","50","48","151","188","0","13",
"1500000US040130405222","Block Group 2, Census Tract 405.22, Maricopa County, Arizona","919","213","12","20","22","24","18","27","44","43","14","24","111","94","38","62","0","13","47","43","169","133","172","184","84","57","63","80","66","71","47","45","12","18",
"1500000US040130405223","Block Group 3, Census Tract 405.22, Maricopa County, Arizona","526","141","50","61","47","44","15","24","15","24","75","78","0","13","17","28","15","25","29","33","0","13","16","26","88","59","54","32","45","52","18","30","42","40",
"1500000US040130405231","Block Group 1, Census Tract 405.23, Maricopa County, Arizona","774","116","31","26","29","27","69","38","0","13","17","18","23","35","56","44","8","13","16","19","53","35","58","32","122","50","78","39","58","35","65","46","91","53",
"1500000US040130405232","Block Group 2, Census Tract 405.23, Maricopa County, Arizona","1017","144","41","27","34","42","24","29","49","45","26","24","35","27","51","58","34","27","9","14","124","98","91","47","143","63","161","75","58","28","83","46","54","35",
"1500000US040130405241","Block Group 1, Census Tract 405.24, Maricopa County, Arizona","886","162","54","34","15","13","47","26","30","42","22","16","33","19","44","23","17","17","48","25","57","22","68","31","121","39","207","153","39","22","69","30","15","14",
"1500000US040130405251","Block Group 1, Census Tract 405.25, Maricopa County, Arizona","897","129","55","49","27","25","9","14","29","25","23","24","76","49","26","23","8","13","44","30","96","63","177","82","130","42","28","24","57","31","88","55","24","22",
"1500000US040130405252","Block Group 2, Census Tract 405.25, Maricopa County, Arizona","871","206","43","27","9","14","42","40","26","19","25","19","34","33","36","27","19","2","23","22","58","35","250","208","65","47","117","46","43","31","46","33","35","23",
"1500000US040130405261","Block Group 1, Census Tract 405.26, Maricopa County, Arizona","604","109","16","26","22","33","9","14","25","21","24","36","27","41","42","31","26","23","24","18","42","28","156","86","77","38","39","26","25","20","8","12","42","33",
"1500000US040130405262","Block Group 2, Census Tract 405.26, Maricopa County, Arizona","716","146","24","18","33","23","34","27","7","13","23","20","51","30","16","19","123","133","17","21","30","27","112","56","99","47","60","32","46","28","32","40","9","14",
"1500000US040130405271","Block Group 1, Census Tract 405.27, Maricopa County, Arizona","238","66","8","14","9","15","0","13","5","9","0","13","17","19","17","19","0","13","9","14","29","26","26","24","69","52","8","13","22","26","0","13","19","22",
"1500000US040130405272","Block Group 2, Census Tract 405.27, Maricopa County, Arizona","700","172","57","58","36","48","9","14","56","38","9","14","15","19","71","72","0","13","116","93","70","51","109","68","93","73","35","44","9","14","6","9","9","15",
"1500000US040130405273","Block Group 3, Census Tract 405.27, Maricopa County, Arizona","931","109","16","18","17","23","27","26","32","30","41","41","5","12","8","12","36","42","18","29","93","59","124","77","243","101","52","52","159","83","52","44","8","15",
"1500000US040130405281","Block Group 1, Census Tract 405.28, Maricopa County, Arizona","349","85","26","29","0","13","31","34","29","32","15","24","0","13","14","22","15","23","28","32","13","20","114","58","0","13","31","35","15","23","0","13","18","26",
"1500000US040130405282","Block Group 2, Census Tract 405.28, Maricopa County, Arizona","528","125","26","30","0","13","0","13","13","22","16","26","0","13","30","35","125","85","0","13","115","73","16","26","62","52","72","73","0","13","41","38","12","19",
"1500000US040130405283","Block Group 3, Census Tract 405.28, Maricopa County, Arizona","458","110","13","22","0","13","0","13","32","35","33","38","16","26","49","36","91","94","13","20","16","25","16","25","59","41","27","31","14","22","43","39","36","58",
"1500000US040130405284","Block Group 4, Census Tract 405.28, Maricopa County, Arizona","496","169","28","32","0","13","0","13","31","35","0","13","16","26","77","81","0","13","0","13","108","65","122","155","43","42","0","13","41","40","30","24","0","13",
"1500000US040130405285","Block Group 5, Census Tract 405.28, Maricopa County, Arizona","767","141","58","47","17","26","32","36","0","13","85","94","61","78","29","33","46","43","48","44","47","45","0","13","111","63","90","70","14","22","0","13","129","105",
"1500000US040130405286","Block Group 6, Census Tract 405.28, Maricopa County, Arizona","783","166","39","65","39","64","0","13","16","25","54","55","0","13","27","31","17","27","68","56","32","37","181","113","64","36","117","83","51","39","78","83","0","13",
"1500000US040130405291","Block Group 1, Census Tract 405.29, Maricopa County, Arizona","682","105","9","13","0","13","9","14","25","13","17","19","26","23","81","52","40","43","42","38","32","26","132","45","109","43","41","29","49","47","50","32","20","24",
"1500000US040130405292","Block Group 2, Census Tract 405.29, Maricopa County, Arizona","668","109","9","13","9","14","16","18","0","13","26","23","9","13","9","14","26","21","15","18","57","33","144","53","121","58","66","39","42","45","79","92","40","29",
"1500000US040130405293","Block Group 3, Census Tract 405.29, Maricopa County, Arizona","500","102","9","11","0","13","17","27","10","16","31","51","17","19","98","74","9","14","27","25","17","21","42","35","152","85","29","26","0","13","28","27","14","16",
"1500000US040130405301","Block Group 1, Census Tract 405.30, Maricopa County, Arizona","613","104","0","13","0","13","36","42","68","55","29","32","44","32","21","28","30","31","10","15","78","60","8","13","159","97","43","36","30","31","38","44","19","21",
"1500000US040130405302","Block Group 2, Census Tract 405.30, Maricopa County, Arizona","770","174","40","44","14","22","0","13","0","13","11","15","130","86","132","128","85","77","12","20","4","8","71","57","137","75","44","31","49","35","0","13","41","35",
"1500000US040130405311","Block Group 1, Census Tract 405.31, Maricopa County, Arizona","449","80","38","31","8","12","16","18","10","15","10","16","29","29","0","13","37","23","40","34","86","57","34","36","59","41","54","40","17","21","11","18","0","13",
"1500000US040130405312","Block Group 2, Census Tract 405.31, Maricopa County, Arizona","773","415","13","20","0","13","9","14","304","416","51","36","24","23","7","11","9","14","12","19","112","58","77","44","48","32","65","42","15","17","12","18","15","23",
"1500000US040130405313","Block Group 3, Census Tract 405.31, Maricopa County, Arizona","238","91","12","20","4","7","0","13","30","29","21","26","0","13","10","15","24","26","9","14","53","47","21","23","54","55","0","13","0","13","0","13","0","13",
"1500000US040130405314","Block Group 4, Census Tract 405.31, Maricopa County, Arizona","743","166","69","63","23","26","72","65","79","62","79","68","23","27","11","17","36","28","79","103","88","65","97","71","38","26","12","18","0","13","0","13","37","61",
"1500000US040130405321","Block Group 1, Census Tract 405.32, Maricopa County, Arizona","476","94","10","16","0","13","0","13","0","13","0","13","8","13","12","19","12","18","0","13","21","24","18","27","108","80","107","67","90","70","29","34","61","62",
"1500000US040130405322","Block Group 2, Census Tract 405.32, Maricopa County, Arizona","353","76","0","13","0","13","0","13","0","13","18","29","11","16","0","13","0","13","12","18","19","21","54","45","45","41","75","47","38","41","32","37","49","46",
"1500000US040130405323","Block Group 3, Census Tract 405.32, Maricopa County, Arizona","1132","242","21","33","16","26","26","32","62","96","21","32","0","13","0","13","0","13","0","13","37","37","51","50","424","236","299","160","65","46","98","81","12","19",
"1500000US040130405331","Block Group 1, Census Tract 405.33, Maricopa County, Arizona","597","78","0","13","32","36","0","13","0","13","0","13","0","13","0","13","0","13","0","13","81","38","71","79","97","67","147","68","41","39","54","40","74","59",
"1500000US040130405341","Block Group 1, Census Tract 405.34, Maricopa County, Arizona","528","133","34","31","66","92","0","13","0","13","0","13","0","13","43","68","17","26","20","23","66","65","74","66","65","47","38","35","43","41","15","17","47","38",
"1500000US040130405342","Block Group 2, Census Tract 405.34, Maricopa County, Arizona","1102","127","20","23","0","13","20","23","13","20","71","56","0","13","26","29","48","44","46","28","96","57","80","46","192","94","82","47","70","43","199","101","139","63",
"1500000US040130405351","Block Group 1, Census Tract 405.35, Maricopa County, Arizona","527","116","8","15","0","13","0","13","0","13","0","13","0","13","0","13","0","13","0","13","46","44","29","34","68","55","119","77","40","42","106","80","111","65",
"1500000US040130405352","Block Group 2, Census Tract 405.35, Maricopa County, Arizona","223","111","0","13","0","13","0","13","0","13","0","13","0","13","0","13","33","38","0","13","15","26","12","20","27","34","51","50","55","73","30","46","0","13",
"1500000US040130405353","Block Group 3, Census Tract 405.35, Maricopa County, Arizona","826","160","0","13","42","43","0","13","0","13","126","79","14","21","30","36","18","28","0","13","32","37","74","73","228","147","41","44","40","45","33","36","148","79",
"1500000US040130405354","Block Group 4, Census Tract 405.35, Maricopa County, Arizona","14","22","0","13","0","13","0","13","0","13","0","13","0","13","0","13","0","13","0","13","0","13","0","13","0","13","0","13","0","13","0","13","14","22",
"1500000US040130405361","Block Group 1, Census Tract 405.36, Maricopa County, Arizona","808","148","0","13","12","18","0","13","7","12","0","13","13","21","23","21","0","13","0","13","42","34","48","33","81","51","80","48","74","53","242","112","186","104",
"1500000US040130405362","Block Group 2, Census Tract 405.36, Maricopa County, Arizona","806","178","15","22","0","13","0","13","6","11","15","16","24","36","8","13","0","13","12","19","123","96","160","105","64","47","100","65","41","42","136","66","102","65",
"1500000US040130405371","Block Group 1, Census Tract 405.37, Maricopa County, Arizona","905","422","20","31","0","13","35","44","0","13","0","13","0","13","8","14","10","15","0","13","0","13","55","53","109","74","348","408","41","37","175","115","104","53",
"1500000US040130405381","Block Group 1, Census Tract 405.38, Maricopa County, Arizona","354","125","0","13","0","13","0","13","0","13","27","37","0","13","0","13","14","24","20","37","25","44","50","50","102","90","116","95","0","13","0","13","0","13",
"1500000US040130405382","Block Group 2, Census Tract 405.38, Maricopa County, Arizona","220","88","0","13","0","13","0","13","0","13","0","13","0","13","0","13","0","13","0","13","0","13","7","12","87","47","8","12","47","52","71","83","0","13",
"1500000US040130405383","Block Group 3, Census Tract 405.38, Maricopa County, Arizona","490","355","0","13","0","13","0","13","0","13","0","13","142","84","29","66","0","13","5","20","0","13","0","13","263","331","39","53","0","13","6","13","6","14",
"1500000US040130405391","Block Group 1, Census Tract 405.39, Maricopa County, Arizona","217","101","0","13","0","13","0","13","24","38","0","13","18","28","0","13","0","13","0","13","0","13","2","4","51","56","0","13","0","13","122","104","0","13",
"1500000US040130405392","Block Group 2, Census Tract 405.39, Maricopa County, Arizona","555","131","21","33","0","13","0","13","0","13","0","13","0","13","0","13","0","13","0","13","86","84","70","91","149","88","70","63","56","52","98","74","5","16",
"1500000US040130405393","Block Group 3, Census Tract 405.39, Maricopa County, Arizona","233","85","25","27","0","13","12","15","15","20","0","13","0","13","9","12","25","39","12","18","19","22","16","25","40","38","5","7","28","33","4","9","23","31",
"1500000US040130405394","Block Group 4, Census Tract 405.39, Maricopa County, Arizona","590","317","0","13","20","33","0","13","0","13","147","204","0","13","19","30","183","245","0","13","0","13","82","84","129","72","0","13","10","18","0","13","0","13",
"1500000US040130405395","Block Group 5, Census Tract 405.39, Maricopa County, Arizona","164","88","0","13","0","13","26","40","0","13","0","13","0","13","0","13","0","13","0","13","0","13","0","13","126","107","12","20","0","13","0","13","0","13",
"1500000US040130405396","Block Group 6, Census Tract 405.39, Maricopa County, Arizona","601","167","71","53","0","13","24","27","28","31","49","62","24","29","34","39","100","110","0","13","47","44","53","56","45","46","12","21","24","37","64","91","26","24",
"1500000US040130405401","Block Group 1, Census Tract 405.40, Maricopa County, Arizona","675","127","10","18","8","15","0","13","0","13","0","13","0","13","0","13","19","34","80","86","94","97","88","75","21","34","90","89","44","67","64","94","157","96",
"1500000US040130405402","Block Group 2, Census Tract 405.40, Maricopa County, Arizona","438","149","0","13","0","13","8","15","0","13","0","13","75","87","0","13","9","16","42","67","43","62","9","16","94","80","137","95","21","35","0","13","0","13",
"1500000US040130405403","Block Group 3, Census Tract 405.40, Maricopa County, Arizona","254","176","0","13","0","13","26","32","12","22","16","34","0","13","0","13","0","13","0","13","35","53","0","13","154","176","11","24","0","13","0","13","0","13",
"1500000US040130405411","Block Group 1, Census Tract 405.41, Maricopa County, Arizona","390","153","0","13","20","33","0","13","53","77","0","13","0","13","0","13","17","28","0","13","120","104","0","13","94","65","52","77","14","25","0","13","20","33",
"1500000US040130405412","Block Group 2, Census Tract 405.41, Maricopa County, Arizona","442","159","37","31","53","32","19","20","19","17","112","121","36","25","14","13","5","7","37","31","33","26","17","13","46","36","14","22","0","13","0","13","0","13",
"1500000US040130405413","Block Group 3, Census Tract 405.41, Maricopa County, Arizona","854","341","77","87","18","29","21","33","34","41","42","65","0","13","16","24","287","334","0","13","45","50","56","38","37","48","126","100","0","13","46","51","49","45",
"1500000US040130506031","Block Group 1, Census Tract 506.03, Maricopa County, Arizona","209","90","6","9","22","25","4","6","4","6","20","30","9","12","16","20","0","13","10","12","2","5","5","8","48","33","4","6","49","62","0","13","10","12",
"1500000US040130506032","Block Group 2, Census Tract 506.03, Maricopa County, Arizona","847","319","41","51","26","30","0","13","0","13","19","25","0","13","15","22","8","12","21","31","210","268","142","95","206","92","47","48","19","20","93","90","0","13",
"1500000US040130506033","Block Group 3, Census Tract 506.03, Maricopa County, Arizona","476","124","45","45","45","47","5","9","13","19","16","24","14","17","66","63","0","13","41","48","7","15","106","68","65","45","45","37","8","15","0","13","0","13",
"1500000US040130506034","Block Group 4, Census Tract 506.03, Maricopa County, Arizona","418","102","36","50","29","32","35","57","34","39","4","6","12","18","8","12","14","23","0","13","45","48","68","59","3","5","10","16","72","62","0","13","48","39",
"1500000US040130506041","Block Group 1, Census Tract 506.04, Maricopa County, Arizona","640","112","46","48","16","18","28","24","14","21","0","13","0","13","37","45","69","80","56","48","66","39","71","56","111","61","45","30","42","33","17","20","22","22",
"1500000US040130506042","Block Group 2, Census Tract 506.04, Maricopa County, Arizona","407","89","40","34","30","28","18","21","7","11","17","20","3","6","0","13","22","35","13","14","32","31","37","37","54","42","85","47","30","35","13","21","6","9",
"1500000US040130506091","Block Group 1, Census Tract 506.09, Maricopa County, Arizona","639","99","16","16","0","13","17","15","26","21","37","36","26","29","68","53","42","32","32","25","32","24","121","61","131","56","63","41","13","18","6","10","9","12",
"1500000US040130506092","Block Group 2, Census Tract 506.09, Maricopa County, Arizona","511","112","0","13","0","13","50","64","27","30","7","10","45","40","20","20","18","20","11","19","126","81","61","48","61","48","19","31","19","33","47","48","0","13",
"1500000US040130506093","Block Group 3, Census Tract 506.09, Maricopa County, Arizona","9","16","0","13","0","13","0","13","0","13","0","13","0","13","0","13","0","13","0","13","0","13","0","13","0","13","0","13","0","13","0","13","9","16",
"1500000US040130506094","Block Group 4, Census Tract 506.09, Maricopa County, Arizona","526","109","6","9","0","13","0","13","16","19","0","13","7","10","21","24","25","25","21","26","50","50","93","52","146","70","32","39","85","73","15","21","9","13",
"1500000US040130506111","Block Group 1, Census Tract 506.11, Maricopa County, Arizona","372","180","0","13","0","13","0","13","0","13","13","11","0","13","13","22","0","13","7","14","110","150","36","31","35","30","36","44","113","174","0","13","9","16",
"1500000US040130506112","Block Group 2, Census Tract 506.11, Maricopa County, Arizona","331","102","0","13","0","13","0","13","0","13","8","13","0","13","10","15","17","26","0","13","10","17","61","61","0","13","82","56","66","59","64","55","13","21",
"1500000US040130506113","Block Group 3, Census Tract 506.11, Maricopa County, Arizona","204","63","0","13","0","13","28","27","0","13","8","13","0","13","19","21","28","33","0","13","17","18","20","22","22","23","38","27","13","22","11","13","0","13",
"1500000US040130506114","Block Group 4, Census Tract 506.11, Maricopa County, Arizona","451","88","10","14","6","9","11","16","0","13","0","13","0","13","0","13","2","7","0","13","84","64","90","57","129","67","43","39","27","42","9","18","40","47",
"1500000US040130506115","Block Group 5, Census Tract 506.11, Maricopa County, Arizona","193","118","0","13","0","13","3","8","47","69","0","13","0","13","55","65","8","13","9","14","0","13","37","55","0","13","0","13","0","13","0","13","34","52",
"1500000US040130506121","Block Group 1, Census Tract 506.12, Maricopa County, Arizona","477","180","0","13","0","13","0","13","0","13","9","16","0","13","12","21","0","13","0","13","72","61","51","64","136","151","91","85","78","55","28","51","0","13",
"1500000US040130506122","Block Group 2, Census Tract 506.12, Maricopa County, Arizona","688","178","0","13","0","13","0","13","17","27","9","16","0","13","15","25","0","13","16","25","151","105","41","63","153","104","144","112","86","65","56","53","0","13",
"1500000US040130506123","Block Group 3, Census Tract 506.12, Maricopa County, Arizona","921","291","14","23","12","20","0","13","0","13","23","36","30","36","0","13","78","63","39","49","37","55","75","55","384","241","116","118","77","84","26","30","10","17",
"1500000US040130506131","Block Group 1, Census Tract 506.13, Maricopa County, Arizona","319","96","0","13","0","13","12","21","0","13","0","13","0","13","0","13","0","13","0","13","71","89","10","16","11","20","15","31","33","31","84","91","83","72",
"1500000US040130506132","Block Group 2, Census Tract 506.13, Maricopa County, Arizona","249","127","0","13","0","13","0","13","12","20","0","13","0","13","0","13","0","13","9","19","15","25","0","13","31","37","71","70","0","13","81","82","30","42",
"1500000US040130506133","Block Group 3, Census Tract 506.13, Maricopa County, Arizona","684","191","24","42","12","21","0","13","0","13","0","13","76","54","3","32","0","13","88","74","114","88","57","66","194","180","86","97","0","13","15","29","15","24",
"1500000US040130506141","Block Group 1, Census Tract 506.14, Maricopa County, Arizona","449","107","13","21","0","13","33","41","0","13","72","69","0","13","0","13","0","13","0","13","19","36","117","91","19","30","34","55","64","83","12","27","66","76",
"1500000US040130506142","Block Group 2, Census Tract 506.14, Maricopa County, Arizona","123","84","0","13","0","13","15","29","0","13","0","13","0","13","0","13","20","32","15","24","0","13","0","13","27","40","25","47","0","13","0","13","21","33",
"1500000US040130506143","Block Group 3, Census Tract 506.14, Maricopa County, Arizona","446","148","8","15","9","16","0","13","20","33","0","13","64","83","52","53","15","31","13","22","78","75","23","32","38","49","78","72","3","22","12","25","33","42",
"1500000US040130506151","Block Group 1, Census Tract 506.15, Maricopa County, Arizona","465","186","50","61","0","13","0","13","14","23","11","18","14","22","0","13","115","181","0","13","26","31","49","56","63","49","27","31","39","38","43","52","14","24",
"1500000US040130506152","Block Group 2, Census Tract 506.15, Maricopa County, Arizona","849","194","53","69","14","23","28","30","16","27","13","22","25","28","0","13","72","77","121","110","85","80","141","108","101","76","93","75","57","77","13","20","17","28",
"1500000US040130506161","Block Group 1, Census Tract 506.16, Maricopa County, Arizona","392","92","18","28","0","13","18","22","0","13","0","13","0","13","29","32","0","13","67","58","47","44","36","42","78","71","53","55","21","35","25","29","0","13",
"1500000US040130506162","Block Group 2, Census Tract 506.16, Maricopa County, Arizona","406","86","0","13","0","13","0","13","11","22","14","25","31","38","0","13","0","13","10","19","82","70","14","26","146","88","35","37","63","57","0","13","0","13",
"1500000US040130506171","Block Group 1, Census Tract 506.17, Maricopa County, Arizona","469","106","0","13","0","13","0","13","23","28","8","13","0","13","12","19","0","13","0","13","56","63","25","29","119","76","93","84","102","74","24","29","7","13",
"1500000US040130506172","Block Group 2, Census Tract 506.17, Maricopa County, Arizona","354","107","0","13","11","17","36","35","10","16","28","46","41","66","19","22","11","18","0","13","24","29","64","56","86","68","0","13","0","13","24","28","0","13",
"1500000US040130506173","Block Group 3, Census Tract 506.17, Maricopa County, Arizona","219","138","18","33","0","13","4","6","5","8","0","13","27","32","0","13","0","13","78","121","9","8","14","23","6","10","21","22","6","9","31","36","0","13",
"1500000US040130506174","Block Group 4, Census Tract 506.17, Maricopa County, Arizona","278","125","11","17","9","17","24","39","76","124","0","13","25","39","0","13","0","13","17","27","29","47","26","42","61","65","0","13","0","13","0","13","0","13",
"1500000US040130506181","Block Group 1, Census Tract 506.18, Maricopa County, Arizona","680","459","0","13","13","21","0","13","0","13","0","13","0","13","13","21","0","13","0","13","16","27","34","40","70","56","51","48","41","38","363","476","79","50",
"1500000US040130506182","Block Group 2, Census Tract 506.18, Maricopa County, Arizona","1147","273","4","6","0","13","16","25","0","13","15","23","0","13","15","24","41","66","0","13","43","41","74","54","88","66","320","186","266","160","166","116","99","55",
"1500000US040130506191","Block Group 1, Census Tract 506.19, Maricopa County, Arizona","546","215","0","13","0","13","0","13","15","26","46","74","0","13","0","13","9","19","0","13","70","64","14","23","116","94","22","35","131","209","74","62","49","55",
"1500000US040130506192","Block Group 2, Census Tract 506.19, Maricopa County, Arizona","618","140","0","13","0","13","20","32","15","25","0","13","51","48","0","13","18","27","0","13","0","13","54","48","106","79","15","25","117","70","164","92","58","56",
"1500000US040130506193","Block Group 3, Census Tract 506.19, Maricopa County, Arizona","547","196","0","13","0","13","0","13","0","13","16","28","0","13","0","13","14","22","0","13","35","31","42","39","103","76","0","13","93","82","138","108","106","112",
"1500000US040130506194","Block Group 4, Census Tract 506.19, Maricopa County, Arizona","348","154","0","13","54","78","0","13","0","13","0","13","0","13","31","36","0","13","0","13","91","77","32","54","20","34","97","96","14","25","9","15","0","13",
"1500000US040130506201","Block Group 1, Census Tract 506.20, Maricopa County, Arizona","467","157","22","36","0","13","0","13","0","13","20","30","11","21","0","13","12","23","28","43","12","22","41","48","52","48","132","121","72","59","20","29","45","42",
"1500000US040130506202","Block Group 2, Census Tract 506.20, Maricopa County, Arizona","307","101","0","13","0","13","0","13","0","13","0","13","0","13","0","13","0","13","6","10","59","68","57","60","22","30","52","60","37","37","26","39","48","50",
"1500000US040130506203","Block Group 3, Census Tract 506.20, Maricopa County, Arizona","733","161","48","65","0","13","23","32","19","33","0","13","3","6","0","13","0","13","0","13","22","29","33","35","228","134","152","93","22","26","50","44","133","82",
"1500000US040130506211","Block Group 1, Census Tract 506.21, Maricopa County, Arizona","0","13","0","13","0","13","0","13","0","13","0","13","0","13","0","13","0","13","0","13","0","13","0","13","0","13","0","13","0","13","0","13","0","13",
"1500000US040130506212","Block Group 2, Census Tract 506.21, Maricopa County, Arizona","0","13","0","13","0","13","0","13","0","13","0","13","0","13","0","13","0","13","0","13","0","13","0","13","0","13","0","13","0","13","0","13","0","13",
"1500000US040130506213","Block Group 3, Census Tract 506.21, Maricopa County, Arizona","811","348","0","13","33","50","212","328","30","34","16","25","26","39","0","13","0","13","0","13","0","13","114","112","30","34","267","144","30","40","53","86","0","13",
"1500000US040130506214","Block Group 4, Census Tract 506.21, Maricopa County, Arizona","410","95","13","14","0","13","3","5","13","15","0","13","90","77","14","16","55","59","8","12","60","51","67","51","64","72","5","10","10","16","8","12","0","13",
"1500000US040130506215","Block Group 5, Census Tract 506.21, Maricopa County, Arizona","241","81","0","13","0","13","0","13","0","13","0","13","10","16","0","13","18","22","0","13","12","25","62","56","28","31","40","50","53","51","18","25","0","13",
"1500000US040130507011","Block Group 1, Census Tract 507.01, Maricopa County, Arizona","616","208","26","32","16","18","36","48","0","13","49","47","28","34","46","34","75","83","20","31","76","63","179","170","33","34","20","31","0","13","12","18","0","13",
"1500000US040130507012","Block Group 2, Census Tract 507.01, Maricopa County, Arizona","753","110","48","35","78","59","0","13","7","11","7","12","16","20","31","25","43","39","37","37","49","42","90","40","78","60","192","80","26","24","32","37","19","24",
"1500000US040130507013","Block Group 3, Census Tract 507.01, Maricopa County, Arizona","475","115","47","49","0","13","16","18","20","17","25","38","37","56","0","13","13","17","23","26","63","46","92","64","73","45","42","34","24","27","0","13","0","13",
"1500000US040130507021","Block Group 1, Census Tract 507.02, Maricopa County, Arizona","550","118","62","50","7","10","17","18","50","45","25","31","38","39","13","18","9","16","38","37","122","85","33","35","77","62","31","29","28","38","0","13","0","13",
"1500000US040130507022","Block Group 2, Census Tract 507.02, Maricopa County, Arizona","469","93","36","31","70","39","0","13","18","21","34","28","31","38","13","18","20","32","12","17","52","42","85","67","54","43","0","13","31","29","13","19","0","13",
"1500000US040130507023","Block Group 3, Census Tract 507.02, Maricopa County, Arizona","437","251","0","13","0","13","0","13","0","13","0","13","7","13","23","34","18","24","136","223","22","27","13","20","64","50","118","132","6","10","30","32","0","13",
"1500000US040130507024","Block Group 4, Census Tract 507.02, Maricopa County, Arizona","219","79","15","19","29","36","38","41","10","15","15","22","26","39","0","13","5","8","0","13","15","24","50","57","16","24","0","13","0","13","0","13","0","13",
"1500000US040130608011","Block Group 1, Census Tract 608.01, Maricopa County, Arizona","246","92","33","19","45","39","17","29","0","13","22","35","10","16","8","12","58","62","0","13","47","52","0","13","5","7","0","13","1","3","0","13","0","13",
"1500000US040130608012","Block Group 2, Census Tract 608.01, Maricopa County, Arizona","355","128","70","67","30","38","22","23","21","22","8","13","18","28","64","60","0","13","0","13","20","28","11","18","8","15","0","13","58","70","25","40","0","13",
"1500000US040130608013","Block Group 3, Census Tract 608.01, Maricopa County, Arizona","963","828","50","50","47","61","64","53","40","58","26","41","73","73","0","13","0","13","3","7","25","41","43","43","0","13","0","13","592","839","0","13","0","13",
"1500000US040130608014","Block Group 4, Census Tract 608.01, Maricopa County, Arizona","727","158","86","65","33","40","52","42","50","46","59","45","35","27","68","64","17","18","38","44","68","55","134","103","25","24","0","13","36","46","0","13","26","40",
"1500000US040130608015","Block Group 5, Census Tract 608.01, Maricopa County, Arizona","256","106","1","3","0","13","58","56","10","18","69","75","0","13","0","13","19","26","0","13","10","14","13","22","76","73","0","13","0","13","0","13","0","13",
"1500000US040130608021","Block Group 1, Census Tract 608.02, Maricopa County, Arizona","412","73","12","12","5","8","21","17","8","9","4","6","54","41","19","24","11","12","16","19","24","20","47","38","101","55","62","48","23","22","5","9","0","13",
"1500000US040130608022","Block Group 2, Census Tract 608.02, Maricopa County, Arizona","434","74","22","22","0","13","5","9","65","43","5","7","22","22","12","14","30","34","8","13","36","25","41","30","57","44","85","38","38","35","7","10","1","2",
"1500000US040130609011","Block Group 1, Census Tract 609.01, Maricopa County, Arizona","167","75","0","13","22","35","0","13","0","13","23","35","48","54","0","13","0","13","23","29","24","26","12","13","0","13","15","26","0","13","0","13","0","13",
"1500000US040130609012","Block Group 2, Census Tract 609.01, Maricopa County, Arizona","605","151","0","13","38","57","14","16","0","13","0","13","57","61","57","81","46","40","34","34","28","27","107","60","127","79","28","30","12","21","27","31","30","39",
"1500000US040130609013","Block Group 3, Census Tract 609.01, Maricopa County, Arizona","681","137","33","38","18","22","0","13","26","18","17","28","19","23","73","73","24","31","95","62","57","34","38","43","137","76","20","26","68","55","56","50","0","13",
"1500000US040130609021","Block Group 1, Census Tract 609.02, Maricopa County, Arizona","266","81","14","20","0","13","0","13","11","13","25","29","0","13","0","13","30","39","0","13","41","41","11","16","84","63","7","11","16","25","8","12","19","30",
"1500000US040130609022","Block Group 2, Census Tract 609.02, Maricopa County, Arizona","472","171","138","161","50","25","30","39","10","15","0","13","0","13","26","36","25","31","38","48","87","65","22","34","46","48","0","13","0","13","0","13","0","13",
"1500000US040130609023","Block Group 3, Census Tract 609.02, Maricopa County, Arizona","326","103","68","57","22","35","8","12","24","19","16","25","53","55","0","13","9","13","33","49","4","8","52","49","11","19","0","13","26","26","0","13","0","13",
"1500000US040130609031","Block Group 1, Census Tract 609.03, Maricopa County, Arizona","204","77","0","13","0","13","13","22","0","13","0","13","30","38","6","12","0","13","11","15","61","56","31","26","37","36","15","23","0","13","0","13","0","13",
"1500000US040130609032","Block Group 2, Census Tract 609.03, Maricopa County, Arizona","251","97","0","13","0","13","84","71","0","13","0","13","0","13","20","33","0","13","15","26","69","73","17","28","32","50","0","13","0","13","0","13","14","23",
"1500000US040130609033","Block Group 3, Census Tract 609.03, Maricopa County, Arizona","633","172","35","55","4","7","7","12","0","13","5","10","23","22","83","72","27","42","10","16","99","120","104","102","127","74","109","74","0","13","0","13","0","13",
"1500000US040130609034","Block Group 4, Census Tract 609.03, Maricopa County, Arizona","465","107","27","40","29","34","0","13","25","30","0","13","66","51","0","13","15","18","20","23","26","30","78","57","111","76","20","32","36","33","6","10","6","10",
"1500000US040130609041","Block Group 1, Census Tract 609.04, Maricopa County, Arizona","191","79","51","45","5","8","17","20","36","34","1","3","0","13","0","13","0","13","0","13","0","13","13","21","46","54","12","17","10","17","0","13","0","13",
"1500000US040130609042","Block Group 2, Census Tract 609.04, Maricopa County, Arizona","556","108","31","40","14","23","0","13","0","13","19","16","15","15","50","43","49","47","63","37","30","23","82","51","106","68","50","40","25","26","12","19","10","14",
"1500000US040130609043","Block Group 3, Census Tract 609.04, Maricopa County, Arizona","386","103","0","13","18","22","25","28","0","13","6","9","45","34","24","20","4","7","70","54","33","22","17","17","53","37","78","76","7","12","6","9","0","13",
"1500000US040130610101","Block Group 1, Census Tract 610.10, Maricopa County, Arizona","643","147","75","65","0","13","0","13","42","64","33","47","17","30","23","27","11","17","65","45","65","85","46","53","95","81","67","51","53","32","35","32","16","16",
"1500000US040130610102","Block Group 2, Census Tract 610.10, Maricopa County, Arizona","668","120","73","81","0","13","0","13","0","13","0","13","11","17","9","14","0","13","18","28","74","85","6","10","113","72","75","42","75","53","114","77","100","60",
"1500000US040130610103","Block Group 3, Census Tract 610.10, Maricopa County, Arizona","1130","258","20","23","0","13","11","18","0","13","17","28","20","21","14","22","61","91","69","61","108","73","48","45","108","85","176","136","59","36","219","182","200","105",
"1500000US040130610111","Block Group 1, Census Tract 610.11, Maricopa County, Arizona","976","624","0","13","33","52","0","13","7","13","37","44","8","13","0","13","0","13","10","17","61","65","8","13","109","76","203","115","415","608","19","31","66","40",
"1500000US040130610112","Block Group 2, Census Tract 610.11, Maricopa County, Arizona","436","104","0","13","0","13","18","27","0","13","12","18","0","13","50","53","0","13","0","13","82","70","59","48","130","58","63","52","11","17","11","18","0","13",
"1500000US040130610113","Block Group 3, Census Tract 610.11, Maricopa County, Arizona","928","205","23","28","0","13","0","13","11","16","14","22","45","47","8","12","0","13","12","19","78","69","42","50","200","85","133","54","76","52","155","181","131","60",
"1500000US040130610131","Block Group 1, Census Tract 610.13, Maricopa County, Arizona","846","175","7","13","11","21","11","18","0","13","0","13","10","12","20","23","0","13","0","13","99","67","64","54","245","177","129","65","13","15","102","66","135","63",
"1500000US040130610132","Block Group 2, Census Tract 610.13, Maricopa County, Arizona","1228","300","16","19","0","19","45","56","168","242","0","19","55","48","10","15","9","16","43","40","48","41","82","60","293","136","80","68","121","94","212","94","46","36",
"1500000US040130610141","Block Group 1, Census Tract 610.14, Maricopa County, Arizona","685","126","0","13","0","13","12","20","0","13","50","53","113","82","0","13","149","96","0","13","40","32","39","36","66","57","46","39","60","54","29","33","81","85",
"1500000US040130610142","Block Group 2, Census Tract 610.14, Maricopa County, Arizona","1354","250","25","29","0","13","100","82","71","70","57","59","121","101","34","50","97","82","51","57","148","97","197","113","136","93","215","185","17","28","85","68","0","13",
"1500000US040130610143","Block Group 3, Census Tract 610.14, Maricopa County, Arizona","312","160","11","24","0","13","0","13","0","13","0","13","23","26","0","13","12","21","92","143","22","21","11","18","21","33","57","47","23","28","20","25","20","26",
"1500000US040130610151","Block Group 1, Census Tract 610.15, Maricopa County, Arizona","785","151","10","19","0","13","0","13","60","96","0","13","0","13","28","44","7","13","0","13","43","58","167","109","22","35","104","79","121","108","168","98","55","65",
"1500000US040130610152","Block Group 2, Census Tract 610.15, Maricopa County, Arizona","152","83","0","13","0","13","16","26","0","13","0","13","0","13","8","14","0","13","27","41","28","37","0","13","65","80","8","14","0","13","0","13","0","13",
"1500000US040130610153","Block Group 3, Census Tract 610.15, Maricopa County, Arizona","782","164","12","19","0","13","7","12","0","13","0","13","0","13","42","54","17","30","0","13","86","80","178","124","147","108","49","58","139","105","17","19","88","59",
"1500000US040130610171","Block Group 1, Census Tract 610.17, Maricopa County, Arizona","0","13","0","13","0","13","0","13","0","13","0","13","0","13","0","13","0","13","0","13","0","13","0","13","0","13","0","13","0","13","0","13","0","13",
"1500000US040130610181","Block Group 1, Census Tract 610.18, Maricopa County, Arizona","1375","211","34","33","16","26","0","13","55","44","16","26","74","69","45","41","180","150","37","40","32","38","116","66","174","74","171","86","145","78","172","80","108","91",
"1500000US040130610182","Block Group 2, Census Tract 610.18, Maricopa County, Arizona","811","230","29","33","0","13","0","13","14","22","32","36","13","22","16","25","28","46","98","82","229","223","91","58","55","45","69","79","58","45","0","13","79","55",
"1500000US040130610183","Block Group 3, Census Tract 610.18, Maricopa County, Arizona","624","152","0","13","14","22","0","13","14","22","0","13","30","25","61","96","12","20","46","44","108","87","59","42","43","40","153","97","32","35","26","31","26","30",
"1500000US040130610201","Block Group 1, Census Tract 610.20, Maricopa County, Arizona","331","88","0","13","0","13","30","49","0","13","0","13","0","13","0","13","6","10","7","11","9","15","0","13","46","28","75","60","26","28","70","49","62","41",
"1500000US040130610202","Block Group 2, Census Tract 610.20, Maricopa County, Arizona","328","75","0","13","0","13","0","13","6","10","17","29","0","13","0","13","25","37","0","13","57","44","23","22","50","42","52","51","44","35","54","38","0","13",
"1500000US040130610203","Block Group 3, Census Tract 610.20, Maricopa County, Arizona","437","101","0","13","7","11","41","40","9","15","0","13","0","13","0","13","5","9","6","13","20","21","94","84","52","38","45","40","79","56","61","41","18","16",
"1500000US040130610211","Block Group 1, Census Tract 610.21, Maricopa County, Arizona","513","66","3","6","0","13","0","13","8","12","4","7","0","13","16","24","0","13","4","9","14","14","20","18","97","40","81","47","62","35","149","55","55","27",
"1500000US040130610241","Block Group 1, Census Tract 610.24, Maricopa County, Arizona","583","72","9","13","0","13","14","14","2","5","26","25","31","24","46","33","4","6","31","32","51","38","90","46","88","44","93","52","61","34","28","37","9","15",
"1500000US040130610261","Block Group 1, Census Tract 610.26, Maricopa County, Arizona","1211","664","8","12","18","18","15","20","16","24","0","13","461","657","16","18","29","28","99","55","36","28","113","46","177","93","116","71","49","48","11","19","47","63",
"1500000US040130610262","Block Group 2, Census Tract 610.26, Maricopa County, Arizona","243","66","0","13","0","13","0","13","7","11","10","16","14","16","0","13","14","15","0","13","16","15","68","45","12","20","38","34","64","47","0","13","0","13",
"1500000US040130610263","Block Group 3, Census Tract 610.26, Maricopa County, Arizona","726","181","124","120","0","13","7","12","9","14","9","14","14","23","28","36","20","29","30","29","120","59","26","27","45","31","182","145","65","55","24","27","23","21",
"1500000US040130610271","Block Group 1, Census Tract 610.27, Maricopa County, Arizona","316","118","0","13","0","13","16","27","0","13","0","13","32","26","0","13","32","38","0","13","13","21","79","79","94","110","34","52","16","26","0","13","0","13",
"1500000US040130610272","Block Group 2, Census Tract 610.27, Maricopa County, Arizona","635","348","0","13","0","13","0","13","0","13","0","13","0","13","0","13","0","13","0","13","17","27","164","88","322","363","50","45","67","55","15","25","0","13",
"1500000US040130610273","Block Group 3, Census Tract 610.27, Maricopa County, Arizona","484","118","30","35","17","27","17","27","5","10","0","13","0","13","0","13","0","13","17","28","17","27","152","119","65","79","50","48","97","87","17","26","0","13",
"1500000US040130610274","Block Group 4, Census Tract 610.27, Maricopa County, Arizona","581","220","35","39","0","13","16","25","19","31","35","38","0","13","0","13","66","66","17","28","20","32","174","210","100","69","16","25","31","36","52","45","0","13",
"1500000US040130610281","Block Group 1, Census Tract 610.28, Maricopa County, Arizona","1056","92","18","16","57","40","25","20","42","36","31","23","63","47","45","31","72","42","50","28","131","66","127","62","94","47","166","67","85","47","19","20","31","17",
"1500000US040130610291","Block Group 1, Census Tract 610.29, Maricopa County, Arizona","639","189","46","35","11","16","8","12","55","51","16","17","40","53","5","9","30","49","21","24","75","52","166","180","66","48","0","13","56","64","30","27","14","21",
"1500000US040130610292","Block Group 2, Census Tract 610.29, Maricopa County, Arizona","364","107","17","20","0","13","7","12","8","14","7","12","20","20","27","27","36","39","11","16","9","15","78","71","79","48","0","13","52","55","0","13","13","19",
"1500000US040130610293","Block Group 3, Census Tract 610.29, Maricopa County, Arizona","472","101","9","14","9","13","35","46","23","23","56","48","28","26","6","9","75","55","0","13","23","26","73","63","20","20","44","38","6","9","35","27","30","29",
"1500000US040130610294","Block Group 4, Census Tract 610.29, Maricopa County, Arizona","460","103","8","14","0","13","8","12","21","19","9","16","0","13","33","49","38","44","10","15","59","48","72","49","64","66","41","33","31","29","20","21","46","56",
"1500000US040130610311","Block Group 1, Census Tract 610.31, Maricopa County, Arizona","0","13","0","13","0","13","0","13","0","13","0","13","0","13","0","13","0","13","0","13","0","13","0","13","0","13","0","13","0","13","0","13","0","13",
"1500000US040130610312","Block Group 2, Census Tract 610.31, Maricopa County, Arizona","446","108","45","40","0","13","6","10","27","30","0","13","24","23","10","16","42","45","10","15","66","57","39","37","26","25","57","36","67","60","27","24","0","13",
"1500000US040130610313","Block Group 3, Census Tract 610.31, Maricopa County, Arizona","554","206","10","17","0","13","11","16","0","13","12","18","17","25","48","65","111","173","11","18","0","13","54","40","102","69","35","38","31","30","11","17","101","78",
"1500000US040130610314","Block Group 4, Census Tract 610.31, Maricopa County, Arizona","278","139","0","13","11","16","8","27","26","30","15","23","0","13","15","22","0","13","0","13","0","13","41","31","36","30","0","13","78","120","48","77","0","13",
"1500000US040130610315","Block Group 5, Census Tract 610.31, Maricopa County, Arizona","509","114","13","19","0","13","6","10","0","13","7","12","22","26","13","20","28","32","6","10","44","32","6","10","80","48","31","28","44","56","195","99","14","23",
"1500000US040130610316","Block Group 6, Census Tract 610.31, Maricopa County, Arizona","0","13","0","13","0","13","0","13","0","13","0","13","0","13","0","13","0","13","0","13","0","13","0","13","0","13","0","13","0","13","0","13","0","13",
"1500000US040130610317","Block Group 7, Census Tract 610.31, Maricopa County, Arizona","41","35","0","13","0","13","0","13","0","13","0","13","0","13","0","13","0","13","0","13","0","13","0","13","0","13","17","27","18","21","0","13","6","10",
"1500000US040130610321","Block Group 1, Census Tract 610.32, Maricopa County, Arizona","487","115","0","13","0","13","0","13","9","15","0","13","7","13","11","19","13","24","0","13","59","49","109","85","78","45","88","68","53","36","20","22","40","37",
"1500000US040130610322","Block Group 2, Census Tract 610.32, Maricopa County, Arizona","812","179","10","16","9","14","11","17","0","13","11","18","0","13","0","13","37","56","26","25","88","61","79","53","156","74","310","176","34","32","41","40","0","13",
"1500000US040130610323","Block Group 3, Census Tract 610.32, Maricopa County, Arizona","246","92","0","13","0","13","0","13","7","11","6","10","0","13","24","37","23","28","9","13","11","14","18","20","110","84","33","22","0","13","5","8","0","13",
"1500000US040130610324","Block Group 4, Census Tract 610.32, Maricopa County, Arizona","316","71","6","10","27","25","0","13","0","13","0","13","23","32","8","14","21","24","11","17","22","20","51","50","22","24","33","28","48","49","22","25","22","32",
"1500000US040130610331","Block Group 1, Census Tract 610.33, Maricopa County, Arizona","489","171","0","13","0","13","0","13","0","13","0","13","0","13","22","21","42","34","0","13","59","53","27","31","214","162","65","45","42","31","7","11","11","19",
"1500000US040130610332","Block Group 2, Census Tract 610.33, Maricopa County, Arizona","751","122","22","25","40","46","28","44","19","20","12","19","41","46","11","17","21","26","41","38","112","80","105","75","140","78","130","83","0","13","19","21","10","15",
"1500000US040130610333","Block Group 3, Census Tract 610.33, Maricopa County, Arizona","705","139","21","30","12","18","13","20","28","31","27","43","14","22","38","60","0","13","40","40","99","75","94","56","189","96","52","36","10","17","51","58","17","25",
"1500000US040130610341","Block Group 1, Census Tract 610.34, Maricopa County, Arizona","780","276","78","107","0","13","0","13","0","13","29","46","0","13","15","24","0","13","8","12","0","13","149","229","88","65","60","69","135","73","141","135","77","58",
"1500000US040130610342","Block Group 2, Census Tract 610.34, Maricopa County, Arizona","419","131","0","13","0","13","0","13","0","13","6","37","18","30","17","31","0","13","0","13","83","59","108","90","77","71","37","44","40","42","0","13","33","47",
"1500000US040130610343","Block Group 3, Census Tract 610.34, Maricopa County, Arizona","856","260","44","64","0","13","0","13","36","59","78","117","10","18","0","13","71","115","68","83","147","169","110","103","100","127","16","27","12","19","115","91","49","53",
"1500000US040130610344","Block Group 4, Census Tract 610.34, Maricopa County, Arizona","276","215","25","33","0","13","0","13","0","13","9","15","0","13","0","13","0","13","0","13","0","13","26","40","8","13","46","49","138","215","24","37","0","13",
"1500000US040130610351","Block Group 1, Census Tract 610.35, Maricopa County, Arizona","639","157","0","13","17","28","19","31","0","13","0","13","24","38","0","13","48","57","15","24","91","79","108","91","117","87","40","46","84","102","32","36","44","68",
"1500000US040130610352","Block Group 2, Census Tract 610.35, Maricopa County, Arizona","359","135","0","13","16","25","0","13","0","13","0","13","3","6","0","13","56","68","0","13","55","82","47","45","76","73","1","16","46","41","43","71","16","27",
"1500000US040130610353","Block Group 3, Census Tract 610.35, Maricopa County, Arizona","780","307","20","32","0","13","0","13","0","13","73","83","38","43","69","55","19","31","182","261","59","50","144","145","74","76","39","47","51","61","12","22","0","13",
"1500000US040130610354","Block Group 4, Census Tract 610.35, Maricopa County, Arizona","539","198","0","13","18","29","0","13","0","13","0","13","95","91","16","27","0","13","65","98","61","74","80","78","128","100","66","84","10","17","0","13","0","13",
"1500000US040130610361","Block Group 1, Census Tract 610.36, Maricopa County, Arizona","564","111","18","29","0","13","45","54","9","14","43","43","0","13","10","15","6","9","23","29","13","16","4","10","55","28","112","70","39","26","108","84","79","55",
"1500000US040130610362","Block Group 2, Census Tract 610.36, Maricopa County, Arizona","667","103","0","13","0","13","10","15","0","13","0","13","29","26","17","28","11","19","0","13","53","45","91","47","91","56","78","45","108","59","66","43","113","87",
"1500000US040130610371","Block Group 1, Census Tract 610.37, Maricopa County, Arizona","560","110","20","25","0","13","0","13","0","13","0","13","0","13","0","13","34","30","0","13","45","43","85","57","109","78","155","79","62","51","44","31","6","11",
"1500000US040130610372","Block Group 2, Census Tract 610.37, Maricopa County, Arizona","590","106","32","50","0","13","15","23","51","46","0","13","8","13","17","27","0","13","0","13","60","54","42","36","85","50","143","85","70","52","43","36","24","27",
"1500000US040130610373","Block Group 3, Census Tract 610.37, Maricopa County, Arizona","480","98","15","23","7","11","0","13","0","13","24","37","18","27","0","13","9","13","8","14","0","13","40","34","104","63","137","78","43","29","53","41","22","23",
"1500000US040130610381","Block Group 1, Census Tract 610.38, Maricopa County, Arizona","467","108","0","13","4","10","55","59","0","13","40","55","0","13","0","13","0","13","21","22","13","21","116","75","109","53","17","22","47","60","36","30","9","15",
"1500000US040130610382","Block Group 2, Census Tract 610.38, Maricopa County, Arizona","301","72","10","19","0","13","0","13","0","13","11","17","9","16","0","13","0","13","4","8","14","18","34","34","124","61","37","31","48","34","0","13","10","18",
"1500000US040130610383","Block Group 3, Census Tract 610.38, Maricopa County, Arizona","614","208","6","12","39","46","0","13","0","13","12","18","9","15","33","37","151","184","30","47","23","24","62","48","52","35","134","111","35","34","28","29","0","13",
"1500000US040130610391","Block Group 1, Census Tract 610.39, Maricopa County, Arizona","525","101","0","13","0","13","8","11","4","9","0","13","0","13","11","18","4","9","0","13","80","48","38","32","97","58","104","55","30","31","90","48","59","58",
"1500000US040130610392","Block Group 2, Census Tract 610.39, Maricopa County, Arizona","234","82","0","13","0","13","35","46","0","13","0","13","0","13","13","20","0","13","0","13","62","61","0","13","0","13","25","27","14","17","35","36","50","32",
"1500000US040130610393","Block Group 3, Census Tract 610.39, Maricopa County, Arizona","592","176","46","42","0","13","0","13","0","13","0","13","13","21","12","19","11","17","4","9","40","34","48","32","72","71","213","169","54","33","46","48","33","30",
"1500000US040130610401","Block Group 1, Census Tract 610.40, Maricopa County, Arizona","502","194","0","13","0","13","58","62","0","13","8","14","0","13","0","13","0","13","7","12","76","69","134","161","156","92","13","20","10","16","25","25","15","24",
"1500000US040130610402","Block Group 2, Census Tract 610.40, Maricopa County, Arizona","301","102","0","13","11","16","0","13","0","13","34","52","14","23","11","17","9","17","0","13","44","36","36","34","84","70","0","13","49","74","0","13","9","15",
"1500000US040130610403","Block Group 3, Census Tract 610.40, Maricopa County, Arizona","731","199","13","22","0","13","31","42","72","68","11","18","57","59","9","14","68","65","41","48","68","53","42","30","162","99","35","35","113","157","9","15","0","13",
"1500000US040130610411","Block Group 1, Census Tract 610.41, Maricopa County, Arizona","339","242","9","15","0","13","0","13","0","13","0","13","29","42","12","19","7","13","0","13","19","26","9","17","199","229","15","26","40","63","0","13","0","13",
"1500000US040130610412","Block Group 2, Census Tract 610.41, Maricopa County, Arizona","355","226","0","13","0","13","0","13","13","21","0","13","76","104","0","13","19","22","0","13","3","9","63","36","155","209","14","26","12","20","0","13","0","13",
"1500000US040130610413","Block Group 3, Census Tract 610.41, Maricopa County, Arizona","699","171","0","13","0","13","19","30","95","116","70","87","49","55","92","73","6","13","70","67","42","37","58","49","131","90","55","50","12","19","0","13","0","13",
"1500000US040130610414","Block Group 4, Census Tract 610.41, Maricopa County, Arizona","222","91","0","13","26","39","0","13","10","15","0","13","0","13","0","13","0","13","0","13","7","12","74","83","62","46","20","20","0","13","23","35","0","13",
"1500000US040130610421","Block Group 1, Census Tract 610.42, Maricopa County, Arizona","468","91","7","11","27","31","10","9","7","11","14","17","6","9","0","13","7","11","66","41","74","48","63","44","139","66","0","13","0","13","48","63","0","13",
"1500000US040130610422","Block Group 2, Census Tract 610.42, Maricopa County, Arizona","516","101","16","15","6","9","6","9","5","7","11","13","10","13","21","18","47","35","35","31","97","46","87","47","89","38","53","34","11","11","6","9","16","25",
"1500000US040130610431","Block Group 1, Census Tract 610.43, Maricopa County, Arizona","399","71","0","13","0","13","30","33","6","9","29","33","1","13","35","24","22","26","47","43","54","37","79","44","58","45","14","18","0","13","8","16","16","18",
"1500000US040130610432","Block Group 2, Census Tract 610.43, Maricopa County, Arizona","181","60","0","13","0","13","0","13","0","13","0","13","0","13","0","13","7","10","0","13","31","34","9","12","36","31","49","38","18","18","26","29","5","7",
"1500000US040130610433","Block Group 3, Census Tract 610.43, Maricopa County, Arizona","111","44","0","13","0","13","0","13","16","24","0","13","7","12","0","13","17","23","0","13","17","15","8","12","15","18","0","13","17","18","5","8","9","14",
"1500000US040130610441","Block Group 1, Census Tract 610.44, Maricopa County, Arizona","953","203","0","13","37","44","0","13","0","13","0","13","15","24","0","13","66","83","19","31","23","40","80","62","269","168","219","139","78","76","121","76","26","43",
"1500000US040130610442","Block Group 2, Census Tract 610.44, Maricopa County, Arizona","618","181","16","27","0","13","0","13","58","61","0","13","35","42","0","13","21","34","0","13","63","54","34","63","122","73","128","97","34","43","49","60","58","89",
"1500000US040130610443","Block Group 3, Census Tract 610.44, Maricopa County, Arizona","863","187","0","13","0","13","15","25","37","42","53","80","0","13","0","13","13","20","61","58","25","42","111","109","304","156","49","47","61","55","113","89","21","33",
"1500000US040130610444","Block Group 4, Census Tract 610.44, Maricopa County, Arizona","189","277","0","13","0","13","0","13","0","13","0","13","0","13","0","13","0","13","0","13","0","13","0","13","20","32","169","273","0","13","0","13","0","13",
"1500000US040130610451","Block Group 1, Census Tract 610.45, Maricopa County, Arizona","656","165","0","13","0","13","0","13","0","13","30","34","0","13","0","13","40","55","24","22","52","56","66","38","19","22","144","72","54","44","103","63","124","135",
"1500000US040130610452","Block Group 2, Census Tract 610.45, Maricopa County, Arizona","738","235","0","13","10","15","10","16","0","13","42","42","0","13","0","13","64","58","17","26","23","26","14","24","294","237","48","53","68","52","61","39","87","56",
"1500000US040130610453","Block Group 3, Census Tract 610.45, Maricopa County, Arizona","581","112","0","13","0","13","0","13","33","52","0","13","10","15","0","13","0","13","0","13","21","25","27","28","86","69","107","68","115","58","67","51","115","67",
"1500000US040130610454","Block Group 4, Census Tract 610.45, Maricopa County, Arizona","580","162","0","13","0","13","0","13","18","20","32","34","22","25","31","47","0","13","18","21","25","31","67","61","95","105","96","60","0","13","86","81","90","73",
"1500000US040130610461","Block Group 1, Census Tract 610.46, Maricopa County, Arizona","907","194","0","13","84","72","55","43","91","75","76","71","42","40","74","80","52","55","19","31","89","73","45","40","217","163","35","35","0","13","22","24","6","9",
"1500000US040130610462","Block Group 2, Census Tract 610.46, Maricopa County, Arizona","713","142","103","81","14","22","11","17","97","83","46","64","0","13","41","53","56","58","0","13","97","63","77","68","45","38","74","66","5","9","34","54","13","19",
"1500000US040130610463","Block Group 3, Census Tract 610.46, Maricopa County, Arizona","510","98","11","17","0","13","0","13","0","13","0","13","26","30","0","13","10","16","34","53","21","18","70","54","70","42","98","51","66","35","85","45","19","23",
"1500000US040130610471","Block Group 1, Census Tract 610.47, Maricopa County, Arizona","924","138","8","11","6","10","4","8","5","8","21","30","17","27","0","13","12","20","9","10","53","49","114","58","128","91","153","68","169","85","49","30","176","57",
"1500000US040130610472","Block Group 2, Census Tract 610.47, Maricopa County, Arizona","253","55","0","13","0","13","0","13","0","13","0","13","0","13","0","13","0","13","0","13","14","23","4","6","22","26","43","38","65","40","43","32","62","38",
"1500000US040130610481","Block Group 1, Census Tract 610.48, Maricopa County, Arizona","769","205","0","13","0","13","0","13","0","13","34","50","0","13","0","13","2","15","19","33","128","147","167","94","103","90","129","103","58","60","77","88","52","65",
"1500000US040130610482","Block Group 2, Census Tract 610.48, Maricopa County, Arizona","444","114","0","13","22","30","23","38","0","13","16","27","0","13","16","28","18","29","16","26","16","27","41","53","86","76","85","78","43","49","0","13","62","57",
"1500000US040130610491","Block Group 1, Census Tract 610.49, Maricopa County, Arizona","736","255","0","13","0","13","0","13","0","13","0","13","0","13","31","40","38","42","18","27","57","62","54","72","79","61","139","104","131","83","189","202","0","13",
"1500000US040130610492","Block Group 2, Census Tract 610.49, Maricopa County, Arizona","847","160","0","13","8","18","0","13","0","13","18","30","0","13","27","41","112","104","66","53","102","96","132","85","214","99","15","37","31","41","122","99","0","13",
"1500000US040130610501","Block Group 1, Census Tract 610.50, Maricopa County, Arizona","455","136","14","25","0","13","0","13","0","13","40","52","0","13","19","30","71","78","22","29","54","43","18","29","100","86","49","77","24","40","0","13","44","48",
"1500000US040130610502","Block Group 2, Census Tract 610.50, Maricopa County, Arizona","373","139","13","20","0","13","12","19","44","56","7","11","25","41","0","13","0","13","11","18","13","24","60","72","145","109","12","20","13","21","0","13","18","28",
"1500000US040130610503","Block Group 3, Census Tract 610.50, Maricopa County, Arizona","780","209","0","13","0","13","72","84","0","13","35","38","15","25","0","13","0","13","10","16","46","68","76","52","172","118","147","103","95","69","72","64","40","40",
"1500000US040130610511","Block Group 1, Census Tract 610.51, Maricopa County, Arizona","871","326","35","41","0","13","0","13","7","30","34","45","0","13","54","44","34","34","0","13","22","27","317","359","48","48","144","93","87","75","79","67","10","25",
"1500000US040130610512","Block Group 2, Census Tract 610.51, Maricopa County, Arizona","383","117","11","20","0","13","0","13","0","13","38","47","0","13","0","13","0","13","13","30","19","30","69","49","29","40","22","30","122","92","15","26","45","43",
"1500000US040130610521","Block Group 1, Census Tract 610.52, Maricopa County, Arizona","984","260","30","46","0","13","26","34","27","33","24","40","0","13","22","42","102","107","25","43","121","99","102","105","178","134","111","88","14","26","154","169","48","50",
"1500000US040130610522","Block Group 2, Census Tract 610.52, Maricopa County, Arizona","1158","358","19","32","0","13","0","13","0","13","16","24","62","78","0","13","60","58","19","30","21","35","217","159","202","135","126","94","48","37","328","338","40","65",
"1500000US040130610523","Block Group 3, Census Tract 610.52, Maricopa County, Arizona","244","126","32","36","0","13","0","13","26","42","0","13","0","13","33","52","19","38","0","13","0","13","69","83","39","45","26","38","0","13","0","13","0","13",
"1500000US040130610531","Block Group 1, Census Tract 610.53, Maricopa County, Arizona","642","307","0","13","18","26","0","13","39","56","0","13","62","49","0","13","188","271","0","13","78","70","24","28","97","73","70","64","28","51","10","17","28","44",
"1500000US040130610532","Block Group 2, Census Tract 610.53, Maricopa County, Arizona","516","148","0","13","0","13","33","49","0","13","109","97","0","13","16","27","2","22","17","28","0","13","42","48","102","101","81","80","91","79","11","24","12","19",
"1500000US040130610533","Block Group 3, Census Tract 610.53, Maricopa County, Arizona","371","132","0","13","0","13","0","13","0","13","45","62","34","56","0","13","0","13","0","13","6","22","25","29","40","47","99","64","9","30","80","65","33","47",
"1500000US040130610541","Block Group 1, Census Tract 610.54, Maricopa County, Arizona","620","193","0","13","0","13","0","13","0","13","0","13","0","13","0","13","0","13","0","13","13","19","28","28","93","93","86","86","74","84","113","76","213","132",
"1500000US040130610542","Block Group 2, Census Tract 610.54, Maricopa County, Arizona","1020","162","89","69","11","18","20","26","7","13","15","24","0","13","29","31","24","27","24","31","94","91","142","91","181","87","182","88","24","26","87","61","91","55",
"1500000US040130610543","Block Group 3, Census Tract 610.54, Maricopa County, Arizona","759","212","69","62","0","13","71","76","0","13","0","13","24","25","0","13","15","24","0","13","81","88","151","149","105","69","21","25","48","57","57","50","117","115",
"1500000US040130610551","Block Group 1, Census Tract 610.55, Maricopa County, Arizona","825","150","40","46","0","13","0","13","8","16","39","43","0","13","11","17","0","13","53","55","0","13","79","63","131","62","205","97","35","31","68","41","156","122",
"1500000US040130610552","Block Group 2, Census Tract 610.55, Maricopa County, Arizona","796","117","21","20","24","23","7","11","16","18","0","13","10","16","35","56","12","21","19","17","9","14","36","47","82","52","86","45","159","68","159","80","121","59",
"1500000US040130610561","Block Group 1, Census Tract 610.56, Maricopa County, Arizona","831","174","29","46","0","13","0","13","0","13","93","55","8","13","19","22","0","13","0","13","89","110","14","16","133","85","113","135","162","141","79","44","92","42",
"1500000US040130610571","Block Group 1, Census Tract 610.57, Maricopa County, Arizona","404","75","0","13","0","13","6","11","0","13","0","13","12","18","0","13","72","67","10","14","43","42","17","19","73","44","58","41","0","13","76","53","37","56",
"1500000US040130610572","Block Group 2, Census Tract 610.57, Maricopa County, Arizona","133","62","0","13","0","13","68","69","0","13","12","18","0","13","0","13","0","13","0","13","21","22","13","21","19","28","0","13","0","13","0","13","0","13",
"1500000US040130610573","Block Group 3, Census Tract 610.57, Maricopa County, Arizona","81","82","0","13","0","13","0","13","52","85","0","13","0","13","0","13","0","13","0","13","12","18","0","13","0","13","5","10","12","20","0","13","0","13",
"1500000US040130610574","Block Group 4, Census Tract 610.57, Maricopa County, Arizona","236","79","0","13","0","13","0","13","0","13","18","18","0","13","0","13","0","13","9","15","33","33","31","28","27","20","56","38","5","7","49","63","8","12",
"1500000US040130610581","Block Group 1, Census Tract 610.58, Maricopa County, Arizona","126","57","0","13","0","13","9","15","0","13","0","13","0","13","6","9","29","44","27","31","14","23","0","13","0","13","41","29","0","13","0","13","0","13",
"1500000US040130610582","Block Group 2, Census Tract 610.58, Maricopa County, Arizona","965","371","11","16","0","13","0","13","285","354","25","27","27","34","0","13","19","19","0","13","35","34","182","116","143","67","88","50","98","47","39","36","13","19",
"1500000US040130610591","Block Group 1, Census Tract 610.59, Maricopa County, Arizona","676","208","31","38","0","13","0","13","0","13","18","30","20","32","0","13","12","22","12","19","11","17","29","36","167","125","14","27","66","60","275","178","21","34",
"1500000US040130610592","Block Group 2, Census Tract 610.59, Maricopa County, Arizona","676","169","0","13","0","13","0","13","16","26","0","13","58","54","0","13","55","69","50","45","56","50","105","84","77","61","183","139","57","57","0","13","19","33",
"1500000US040130610601","Block Group 1, Census Tract 610.60, Maricopa County, Arizona","912","79","20","35","0","13","0","13","0","13","0","13","0","13","15","25","70","70","132","108","105","82","176","69","101","82","103","91","33","41","78","53","79","81",
"1500000US040130610611","Block Group 1, Census Tract 610.61, Maricopa County, Arizona","835","260","16","26","0","13","0","13","12","19","0","13","0","13","0","13","31","49","42","63","186","216","145","103","89","88","199","194","18","27","52","62","45","70",
"1500000US040130610612","Block Group 2, Census Tract 610.61, Maricopa County, Arizona","502","178","0","13","0","13","0","13","76","115","37","41","0","13","18","31","0","13","31","38","75","64","21","34","72","53","66","55","78","101","28","33","0","13",
"1500000US040130610621","Block Group 1, Census Tract 610.62, Maricopa County, Arizona","991","166","39","62","0","13","0","13","0","13","0","13","0","13","38","44","89","100","14","22","70","54","95","57","264","153","100","70","200","113","37","43","45","44",
"1500000US040130610622","Block Group 2, Census Tract 610.62, Maricopa County, Arizona","775","248","0","13","0","13","0","13","0","13","0","13","12","19","34","41","0","13","0","13","67","73","28","35","233","190","208","151","73","87","86","61","34","42",
"1500000US040130610623","Block Group 3, Census Tract 610.62, Maricopa County, Arizona","480","120","0","13","0","13","0","13","0","13","17","29","0","13","21","34","59","87","39","44","0","13","52","51","90","54","49","55","104","32","49","59","0","13",
"1500000US040130610631","Block Group 1, Census Tract 610.63, Maricopa County, Arizona","463","89","0","13","15","27","0","13","81","77","28","41","86","100","0","13","0","13","34","59","82","68","50","56","65","83","22","39","0","13","0","13","0","13",
"1500000US040130610641","Block Group 1, Census Tract 610.64, Maricopa County, Arizona","872","133","8","20","31","51","0","13","31","51","14","26","0","13","48","58","0","13","31","44","20","24","171","119","130","77","85","61","70","54","100","70","133","85",
"1500000US040130611001","Block Group 1, Census Tract 611, Maricopa County, Arizona","0","13","0","13","0","13","0","13","0","13","0","13","0","13","0","13","0","13","0","13","0","13","0","13","0","13","0","13","0","13","0","13","0","13",
"1500000US040130611002","Block Group 2, Census Tract 611, Maricopa County, Arizona","155","46","0","13","0","13","0","13","0","13","0","13","14","22","6","9","26","30","0","13","42","33","7","10","52","31","3","7","0","13","0","13","5","8",
"1500000US040130611003","Block Group 3, Census Tract 611, Maricopa County, Arizona","409","99","0","13","0","13","13","18","70","74","13","16","0","13","0","13","37","37","45","29","94","91","30","21","64","29","31","19","12","12","0","13","0","13",
"1500000US040130612001","Block Group 1, Census Tract 612, Maricopa County, Arizona","262","99","11","16","0","13","0","13","34","47","0","13","50","52","11","17","14","19","42","43","33","28","0","13","36","47","3","9","0","13","28","42","0","13",
"1500000US040130612002","Block Group 2, Census Tract 612, Maricopa County, Arizona","690","253","64","48","97","60","54","48","27","43","34","51","44","46","0","13","39","44","143","222","63","61","20","22","75","69","21","25","4","9","5","12","0","13",
"1500000US040130612003","Block Group 3, Census Tract 612, Maricopa County, Arizona","345","164","0","13","23","36","0","13","44","45","22","34","35","43","24","38","7","11","127","154","11","17","0","13","24","26","28","27","0","13","0","13","0","13",
"1500000US040130612004","Block Group 4, Census Tract 612, Maricopa County, Arizona","119","68","10","16","0","13","0","13","28","42","4","9","0","13","0","13","0","13","0","13","0","13","43","50","34","32","0","13","0","13","0","13","0","13",
"1500000US040130612005","Block Group 5, Census Tract 612, Maricopa County, Arizona","515","174","64","47","31","35","0","13","10","15","25","40","44","46","43","51","107","89","40","47","47","48","82","131","11","16","11","18","0","13","0","13","0","13",
"1500000US040130613001","Block Group 1, Census Tract 613, Maricopa County, Arizona","633","77","40","43","12","14","30","27","34","26","27","21","26","25","61","33","60","37","0","13","113","56","107","61","61","37","17","14","20","15","17","16","8","11",
"1500000US040130614011","Block Group 1, Census Tract 614.01, Maricopa County, Arizona","253","61","18","23","25","30","30","36","29","30","25","21","15","23","38","32","23","27","5","7","39","43","0","13","0","13","6","10","0","13","0","13","0","13",
"1500000US040130614012","Block Group 2, Census Tract 614.01, Maricopa County, Arizona","434","114","74","39","28","34","24","24","17","22","29","30","44","35","26","29","15","17","61","92","44","38","43","26","11","18","13","22","0","13","5","8","0","13",
"1500000US040130614021","Block Group 1, Census Tract 614.02, Maricopa County, Arizona","642","163","60","56","28","38","50","54","43","43","105","103","22","34","30","46","74","63","8","13","22","27","75","66","43","34","40","40","0","13","42","67","0","13",
"1500000US040130614022","Block Group 2, Census Tract 614.02, Maricopa County, Arizona","487","131","18","20","68","63","38","33","65","53","7","12","8","13","0","13","0","13","39","48","36","45","95","75","42","51","35","39","0","13","36","58","0","13",
"1500000US040130614023","Block Group 3, Census Tract 614.02, Maricopa County, Arizona","612","113","141","95","28","26","10","17","19","31","20","31","16","20","0","13","5","7","18","20","57","52","50","35","100","63","62","47","77","59","0","13","9","14",
"1500000US040130715031","Block Group 1, Census Tract 715.03, Maricopa County, Arizona","540","214","0","13","15","24","47","43","0","13","48","43","16","26","62","50","45","37","49","45","102","81","0","13","17","26","17","28","122","191","0","13","0","13",
"1500000US040130715032","Block Group 2, Census Tract 715.03, Maricopa County, Arizona","293","95","41","67","0","13","56","45","18","28","32","37","16","25","34","38","16","26","16","25","16","26","17","28","0","13","14","22","0","13","0","13","17","28",
"1500000US040130715033","Block Group 3, Census Tract 715.03, Maricopa County, Arizona","644","215","38","27","0","13","27","31","83","73","0","13","16","25","18","28","34","39","55","46","31","34","58","84","234","208","34","39","0","13","0","13","16","25",
"1500000US040130715034","Block Group 4, Census Tract 715.03, Maricopa County, Arizona","1011","162","89","76","113","96","38","36","61","55","98","64","49","45","78","58","61","50","49","42","61","48","71","52","75","53","107","78","30","36","15","23","16","25",
"1500000US040130715035","Block Group 5, Census Tract 715.03, Maricopa County, Arizona","501","122","15","25","49","44","30","34","0","13","35","39","121","105","32","36","17","27","14","23","31","36","32","37","9","15","83","84","0","13","16","26","17","27",
"1500000US040130715041","Block Group 1, Census Tract 715.04, Maricopa County, Arizona","446","102","16","27","46","36","0","13","46","55","0","13","20","32","104","74","32","37","11","18","60","51","30","31","50","46","31","39","0","13","0","13","0","13",
"1500000US040130715042","Block Group 2, Census Tract 715.04, Maricopa County, Arizona","648","146","26","30","11","18","58","52","67","56","16","26","34","38","41","37","0","13","27","31","44","41","62","49","182","121","16","12","0","13","15","24","49","40",
"1500000US040130715043","Block Group 3, Census Tract 715.04, Maricopa County, Arizona","388","89","0","13","38","62","0","13","23","26","20","30","12","18","32","37","17","26","37","46","64","73","12","18","113","78","0","13","20","33","0","13","0","13",
"1500000US040130715044","Block Group 4, Census Tract 715.04, Maricopa County, Arizona","689","137","19","29","15","25","34","38","7","16","32","38","37","36","39","36","27","34","100","97","97","55","100","59","67","44","85","81","0","13","30","36","0","13",
"1500000US040130715051","Block Group 1, Census Tract 715.05, Maricopa County, Arizona","935","154","42","39","28","32","44","41","103","86","29","32","84","63","28","45","59","48","11","17","126","71","139","96","142","74","50","44","0","13","36","59","14","22",
"1500000US040130715052","Block Group 2, Census Tract 715.05, Maricopa County, Arizona","507","151","0","13","0","13","48","55","71","95","32","35","33","37","58","47","0","13","16","25","96","89","73","73","13","21","12","19","40","65","15","23","0","13",
"1500000US040130715053","Block Group 3, Census Tract 715.05, Maricopa County, Arizona","722","131","51","48","0","13","31","36","29","33","50","42","78","54","48","43","0","13","74","94","47","41","82","75","142","77","28","33","15","24","47","43","0","13",
"1500000US040130715054","Block Group 4, Census Tract 715.05, Maricopa County, Arizona","1772","336","263","140","89","57","13","21","125","103","219","152","139","78","62","51","92","57","28","31","325","255","169","96","130","119","74","63","0","13","27","32","17","27",
"1500000US040130715061","Block Group 1, Census Tract 715.06, Maricopa County, Arizona","555","163","56","69","32","36","45","71","90","124","40","29","25","28","27","30","15","25","16","24","29","33","54","68","42","40","57","65","14","24","13","21","0","13",
"1500000US040130715062","Block Group 2, Census Tract 715.06, Maricopa County, Arizona","912","167","50","62","62","44","15","24","61","49","61","44","14","23","85","56","55","43","131","124","90","60","54","43","117","87","30","34","45","43","15","23","27","32",
"1500000US040130715063","Block Group 3, Census Tract 715.06, Maricopa County, Arizona","362","90","0","13","0","13","16","25","19","30","15","23","30","25","14","22","14","21","0","13","74","52","52","41","102","86","13","21","13","22","0","13","0","13",
"1500000US040130715064","Block Group 4, Census Tract 715.06, Maricopa County, Arizona","473","98","40","37","14","22","25","28","19","26","68","44","26","21","0","13","15","23","0","13","42","39","38","35","99","80","28","32","28","32","14","22","17","26",
"1500000US040130715091","Block Group 1, Census Tract 715.09, Maricopa County, Arizona","305","99","0","13","0","13","0","13","52","85","13","20","0","13","0","13","0","13","0","13","0","13","11","23","22","36","21","33","75","59","40","45","71","50",
"1500000US040130715092","Block Group 2, Census Tract 715.09, Maricopa County, Arizona","515","138","15","26","19","31","91","60","14","23","55","56","56","62","0","13","43","48","0","13","19","30","5","21","62","48","23","37","11","18","68","69","34","54",
"1500000US040130715093","Block Group 3, Census Tract 715.09, Maricopa County, Arizona","273","81","0","13","0","13","10","16","0","13","17","29","16","27","0","13","34","39","23","33","12","19","25","39","0","13","0","13","42","42","75","58","19","29",
"1500000US040130715094","Block Group 4, Census Tract 715.09, Maricopa County, Arizona","241","133","0","13","0","13","0","13","0","13","0","13","0","13","0","13","84","89","0","13","20","33","0","13","16","26","20","31","35","53","66","97","0","13",
"1500000US040130715095","Block Group 5, Census Tract 715.09, Maricopa County, Arizona","456","108","0","13","15","25","0","13","0","13","48","68","19","33","0","13","0","13","24","36","62","73","24","40","34","39","93","63","79","55","40","46","18","27",
"1500000US040130715101","Block Group 1, Census Tract 715.10, Maricopa County, Arizona","597","123","0","13","0","13","0","13","0","13","0","13","0","13","0","13","0","13","0","13","0","13","26","26","192","113","75","52","90","49","71","40","143","75",
"1500000US040130715102","Block Group 2, Census Tract 715.10, Maricopa County, Arizona","396","96","6","12","0","13","0","13","0","13","0","13","9","14","0","13","8","13","0","13","21","33","33","29","89","60","47","50","19","24","56","34","108","74",
"1500000US040130715103","Block Group 3, Census Tract 715.10, Maricopa County, Arizona","233","68","0","13","0","13","8","12","0","13","0","13","0","13","8","12","0","13","0","13","8","13","9","14","16","19","62","54","0","13","65","42","57","32",
"1500000US040130715111","Block Group 1, Census Tract 715.11, Maricopa County, Arizona","1072","206","31","35","37","34","22","27","69","64","57","78","0","13","0","13","88","89","51","44","84","51","120","69","156","85","103","66","178","157","29","31","47","42",
"1500000US040130715112","Block Group 2, Census Tract 715.11, Maricopa County, Arizona","325","86","70","56","0","13","29","26","35","38","14","20","14","21","15","23","7","15","8","13","52","40","44","37","29","26","8","12","0","13","0","13","0","13",
"1500000US040130715121","Block Group 1, Census Tract 715.12, Maricopa County, Arizona","615","131","27","30","12","20","45","47","38","43","44","44","11","17","27","30","20","23","13","20","202","115","0","13","42","42","54","46","54","50","0","13","26","41",
"1500000US040130715122","Block Group 2, Census Tract 715.12, Maricopa County, Arizona","722","459","0","13","0","13","0","13","0","13","0","13","47","38","14","22","0","13","0","13","0","13","47","57","323","468","63","54","151","97","52","83","25","39",
"1500000US040130715123","Block Group 3, Census Tract 715.12, Maricopa County, Arizona","290","106","0","13","4","12","0","13","36","56","0","13","0","13","15","24","12","22","32","35","11","18","23","30","31","24","45","48","59","52","22","34","0","13",
"1500000US040130715124","Block Group 4, Census Tract 715.12, Maricopa County, Arizona","496","85","0","13","9","15","0","13","15","28","0","13","0","13","0","13","0","13","0","13","20","35","91","91","184","110","33","32","68","51","30","41","46","36",
"1500000US040130715131","Block Group 1, Census Tract 715.13, Maricopa County, Arizona","244","48","11","18","0","13","0","13","0","13","3","5","0","13","18","18","5","7","0","13","18","21","25","17","27","26","49","30","0","13","47","29","41","25",
"1500000US040130715132","Block Group 2, Census Tract 715.13, Maricopa County, Arizona","236","53","0","13","5","7","0","13","0","13","0","13","7","11","7","12","13","15","0","13","36","30","38","29","15","16","42","25","21","23","15","13","37","31",
"1500000US040130715141","Block Group 1, Census Tract 715.14, Maricopa County, Arizona","469","122","0","13","32","42","0","13","0","13","8","12","8","13","0","13","64","76","6","10","18","21","77","46","69","48","86","68","66","75","35","37","0","13",
"1500000US040130715142","Block Group 2, Census Tract 715.14, Maricopa County, Arizona","670","116","20","33","0","13","12","20","9","15","0","13","10","15","10","16","0","13","0","13","55","43","89","54","88","52","167","101","106","78","59","39","45","33",
"1500000US040130715143","Block Group 3, Census Tract 715.14, Maricopa County, Arizona","594","395","58","56","7","11","10","16","5","9","0","13","0","13","11","18","0","13","50","43","119","186","33","31","301","360","0","13","0","13","0","13","0","13",
"1500000US040130715151","Block Group 1, Census Tract 715.15, Maricopa County, Arizona","550","225","7","12","127","157","0","13","8","12","17","24","16","20","0","13","0","13","28","28","23","22","41","33","37","27","136","161","85","61","0","13","25","28",
"1500000US040130715152","Block Group 2, Census Tract 715.15, Maricopa County, Arizona","728","119","36","27","9","15","17","18","71","45","37","46","34","29","8","12","15","16","76","54","23","22","28","25","123","86","101","49","70","45","66","33","14","20",
"1500000US040130715153","Block Group 3, Census Tract 715.15, Maricopa County, Arizona","264","101","7","11","0","13","0","13","0","13","0","13","49","44","0","13","33","38","56","36","0","13","85","89","12","17","11","18","0","13","0","13","11","18",
"1500000US040130715154","Block Group 4, Census Tract 715.15, Maricopa County, Arizona","171","71","0","13","15","22","0","13","0","13","0","13","0","13","0","13","0","13","0","13","15","17","27","32","76","64","7","12","0","13","13","22","18","23",
"1500000US040130715161","Block Group 1, Census Tract 715.16, Maricopa County, Arizona","1388","219","193","119","35","31","43","43","28","29","62","41","90","62","45","39","191","87","36","37","106","61","201","105","207","169","97","38","18","20","11","17","25","24",
"1500000US040130715162","Block Group 2, Census Tract 715.16, Maricopa County, Arizona","579","95","43","32","34","32","103","65","69","37","47","31","56","35","38","29","41","32","9","16","37","33","21","25","0","13","26","24","10","15","45","33","0","13",
"1500000US040130715171","Block Group 1, Census Tract 715.17, Maricopa County, Arizona","374","74","12","18","0","13","0","13","9","15","12","19","32","39","10","15","6","11","0","13","68","36","43","38","51","29","61","44","16","20","42","31","12","18",
"1500000US040130715172","Block Group 2, Census Tract 715.17, Maricopa County, Arizona","269","64","23","36","0","13","0","13","11","18","0","13","5","10","0","13","7","10","10","15","24","26","33","30","62","39","19","21","18","24","26","35","31","30",
"1500000US040130715173","Block Group 3, Census Tract 715.17, Maricopa County, Arizona","498","73","44","50","0","13","0","13","24","38","19","20","6","12","8","13","63","61","7","11","37","38","39","40","123","73","61","52","44","42","16","19","7","13",
"1500000US040130716001","Block Group 1, Census Tract 716, Maricopa County, Arizona","990","150","106","71","69","51","154","75","93","57","160","95","45","38","83","60","54","55","18","20","92","63","50","54","33","32","10","16","0","13","0","13","23","25",
"1500000US040130716002","Block Group 2, Census Tract 716, Maricopa County, Arizona","675","183","135","122","31","32","27","28","40","37","35","32","30","34","33","29","48","43","4","13","49","47","87","62","139","105","0","13","0","13","9","15","8","13",
"1500000US040130717011","Block Group 1, Census Tract 717.01, Maricopa County, Arizona","954","98","41","36","16","19","39","26","46","35","26","23","9","9","39","33","58","51","87","114","34","28","189","94","137","49","132","61","53","40","46","35","2","4",
"1500000US040130717021","Block Group 1, Census Tract 717.02, Maricopa County, Arizona","399","134","12","14","27","31","0","13","11","18","83","96","24","27","52","39","33","39","36","41","45","59","16","25","26","29","34","56","0","13","0","13","0","13",
"1500000US040130717022","Block Group 2, Census Tract 717.02, Maricopa County, Arizona","299","91","27","22","13","20","12","20","16","25","12","19","27","30","15","23","0","13","47","22","28","32","76","70","18","28","8","13","0","13","0","13","0","13",
"1500000US040130717023","Block Group 3, Census Tract 717.02, Maricopa County, Arizona","359","114","18","28","12","19","46","45","16","25","16","25","42","39","25","29","11","18","29","34","11","18","16","26","75","105","42","40","0","13","0","13","0","13",
"1500000US040130717024","Block Group 4, Census Tract 717.02, Maricopa County, Arizona","487","116","0","13","12","18","85","76","32","36","54","61","58","40","8","13","0","13","7","14","93","52","27","44","58","43","11","18","19","32","13","21","10","17",
"1500000US040130717025","Block Group 5, Census Tract 717.02, Maricopa County, Arizona","306","70","35","40","30","34","15","24","36","26","22","28","16","26","53","40","0","13","22","26","37","34","40","32","0","13","0","13","0","13","0","13","0","13",
"1500000US040130718011","Block Group 1, Census Tract 718.01, Maricopa County, Arizona","1229","390","307","243","84","77","259","298","39","38","17","26","44","35","53","38","74","87","58","45","98","60","86","56","17","27","84","53","0","13","0","13","9","15",
"1500000US040130718012","Block Group 2, Census Tract 718.01, Maricopa County, Arizona","314","83","33","37","0","13","0","13","50","79","44","43","22","35","25","30","34","30","0","13","15","24","43","37","20","33","14","23","14","23","0","13","0","13",
"1500000US040130718013","Block Group 3, Census Tract 718.01, Maricopa County, Arizona","605","111","50","42","50","40","49","45","99","63","15","24","61","57","62","43","87","59","18","29","44","39","20","31","17","27","16","26","0","13","17","27","0","13",
"1500000US040130718014","Block Group 4, Census Tract 718.01, Maricopa County, Arizona","487","122","0","13","75","83","40","36","14","21","67","54","48","47","15","24","17","27","26","33","25","29","59","71","37","42","0","13","64","81","0","13","0","13",
"1500000US040130718015","Block Group 5, Census Tract 718.01, Maricopa County, Arizona","232","74","0","13","0","13","32","37","18","29","26","42","0","13","16","26","0","13","15","24","32","36","69","47","12","20","0","13","12","20","0","13","0","13",
"1500000US040130718016","Block Group 6, Census Tract 718.01, Maricopa County, Arizona","273","74","0","13","16","26","13","22","30","34","0","13","29","34","83","46","15","24","0","13","0","13","17","27","56","55","14","25","0","13","0","13","0","13",
"1500000US040130718021","Block Group 1, Census Tract 718.02, Maricopa County, Arizona","734","266","27","31","96","101","70","47","168","234","47","43","60","49","25","30","30","25","16","26","70","70","46","39","15","24","0","13","51","73","13","21","0","13",
"1500000US040130718022","Block Group 2, Census Tract 718.02, Maricopa County, Arizona","385","110","27","30","15","23","56","39","14","22","98","76","12","20","25","29","39","37","0","13","39","63","15","24","16","26","15","24","0","13","0","13","14","24",
"1500000US040130718023","Block Group 3, Census Tract 718.02, Maricopa County, Arizona","588","127","125","114","15","24","15","24","15","23","58","60","52","65","44","43","44","32","0","13","84","77","61","49","64","65","0","13","0","13","11","19","0","13",
"1500000US040130718024","Block Group 4, Census Tract 718.02, Maricopa County, Arizona","454","105","13","21","16","27","43","42","15","24","41","67","29","35","14","22","67","84","0","13","51","46","84","64","53","42","0","13","13","20","0","13","15","25",
"1500000US040130719031","Block Group 1, Census Tract 719.03, Maricopa County, Arizona","209","104","0","13","0","13","0","13","8","15","16","27","0","13","23","39","0","13","18","31","46","64","27","45","14","24","37","62","20","25","0","13","0","13",
"1500000US040130719032","Block Group 2, Census Tract 719.03, Maricopa County, Arizona","460","252","0","13","0","13","0","13","46","51","0","13","11","18","42","68","173","222","0","13","17","28","72","86","0","13","85","100","14","22","0","13","0","13",
"1500000US040130719033","Block Group 3, Census Tract 719.03, Maricopa County, Arizona","321","168","0","13","13","22","0","13","0","13","0","13","18","33","0","13","9","20","0","13","16","28","18","30","56","50","22","27","169","148","0","13","0","13",
"1500000US040130719034","Block Group 4, Census Tract 719.03, Maricopa County, Arizona","163","70","11","18","11","19","27","43","0","13","0","13","0","13","45","56","0","13","0","13","0","13","32","41","11","19","8","15","18","32","0","13","0","13",
"1500000US040130719035","Block Group 5, Census Tract 719.03, Maricopa County, Arizona","194","101","0","13","0","13","0","13","21","36","19","32","0","13","38","53","0","13","0","13","0","13","0","13","58","65","0","13","47","60","0","13","11","22",
"1500000US040130719036","Block Group 6, Census Tract 719.03, Maricopa County, Arizona","251","116","38","48","0","13","0","13","0","13","0","13","0","13","0","13","38","58","0","13","0","13","44","51","13","22","106","88","0","13","12","20","0","13",
"1500000US040130719037","Block Group 7, Census Tract 719.03, Maricopa County, Arizona","700","351","30","49","0","13","34","45","10","15","43","45","61","66","0","13","0","13","29","36","41","39","192","187","8","14","35","58","196","298","0","13","21","34",
"1500000US040130719061","Block Group 1, Census Tract 719.06, Maricopa County, Arizona","770","453","9","14","10","15","0","13","8","12","51","40","25","22","60","43","341","467","6","16","42","39","58","41","60","36","79","49","13","20","8","12","0","13",
"1500000US040130719062","Block Group 2, Census Tract 719.06, Maricopa County, Arizona","448","115","0","13","22","24","22","35","0","13","0","13","36","27","8","13","21","28","24","23","32","36","45","36","112","91","90","59","16","24","16","21","4","6",
"1500000US040130719063","Block Group 3, Census Tract 719.06, Maricopa County, Arizona","425","83","11","17","0","13","0","13","0","13","0","13","0","13","0","13","18","30","50","51","107","68","79","48","58","36","0","13","60","40","42","32","0","13",
"1500000US040130719064","Block Group 4, Census Tract 719.06, Maricopa County, Arizona","337","82","50","55","52","34","21","22","26","42","13","21","0","13","26","33","7","11","19","21","10","15","37","58","34","40","0","13","16","25","26","39","0","13",
"1500000US040130719091","Block Group 1, Census Tract 719.09, Maricopa County, Arizona","470","123","28","22","5","9","131","102","39","26","13","11","54","50","36","29","68","62","13","20","13","16","36","34","8","13","19","18","0","13","7","11","0","13",
"1500000US040130719092","Block Group 2, Census Tract 719.09, Maricopa County, Arizona","262","70","0","13","0","13","14","15","0","13","0","13","0","13","0","13","32","38","0","13","62","35","42","38","37","48","20","22","23","27","32","30","0","13",
"1500000US040130719093","Block Group 3, Census Tract 719.09, Maricopa County, Arizona","523","90","16","19","8","12","82","71","0","13","16","17","19","20","29","28","45","40","29","26","36","32","96","67","102","62","44","44","0","13","0","13","1","2",
"1500000US040130719094","Block Group 4, Census Tract 719.09, Maricopa County, Arizona","252","102","0","13","0","13","13","21","0","13","14","22","0","13","0","13","0","13","38","42","0","13","19","14","126","88","21","19","12","20","9","13","0","13",
"1500000US040130719101","Block Group 1, Census Tract 719.10, Maricopa County, Arizona","505","167","0","13","0","13","0","13","13","21","18","30","17","30","11","17","26","45","20","39","145","95","43","52","168","141","44","54","0","13","0","13","0","13",
"1500000US040130719102","Block Group 2, Census Tract 719.10, Maricopa County, Arizona","175","126","15","25","17","30","0","13","0","13","0","13","0","13","13","22","62","102","20","33","0","13","14","23","0","13","15","26","19","35","0","13","0","13",
"1500000US040130719103","Block Group 3, Census Tract 719.10, Maricopa County, Arizona","253","135","0","13","0","13","17","29","26","42","0","13","0","13","54","88","25","36","40","56","0","13","29","38","43","71","0","13","19","29","0","13","0","13",
"1500000US040130719104","Block Group 4, Census Tract 719.10, Maricopa County, Arizona","799","269","0","13","0","13","0","13","13","21","63","84","0","13","293","237","112","112","111","129","59","94","70","60","32","40","0","13","30","35","16","27","0","13",
"1500000US040130719105","Block Group 5, Census Tract 719.10, Maricopa County, Arizona","609","193","99","88","16","29","102","113","16","26","0","13","30","33","13","21","0","13","81","101","58","48","0","13","108","91","20","25","52","53","14","25","0","13",
"1500000US040130719111","Block Group 1, Census Tract 719.11, Maricopa County, Arizona","434","91","12","16","0","13","0","13","9","15","6","10","0","13","11","16","36","31","30","26","0","13","38","30","128","79","39","36","47","41","46","50","32","40",
"1500000US040130719112","Block Group 2, Census Tract 719.11, Maricopa County, Arizona","582","202","0","13","7","15","0","13","12","18","10","18","101","138","38","36","0","13","11","16","27","29","59","41","100","116","122","77","52","43","30","27","13","13",
"1500000US040130719121","Block Group 1, Census Tract 719.12, Maricopa County, Arizona","500","107","28","27","58","55","0","13","11","16","34","38","17","19","31","45","8","13","51","50","20","24","60","47","164","100","1","8","0","13","17","21","0","13",
"1500000US040130719122","Block Group 2, Census Tract 719.12, Maricopa County, Arizona","593","216","34","23","11","18","21","23","97","78","35","43","131","204","0","13","31","31","0","13","67","46","65","47","80","47","4","6","14","24","0","13","3","5",
"1500000US040130719131","Block Group 1, Census Tract 719.13, Maricopa County, Arizona","682","103","1","9","15","16","0","13","16","22","22","23","0","13","13","21","22","19","50","47","38","37","65","42","180","68","134","71","65","47","21","23","40","63",
"1500000US040130719132","Block Group 2, Census Tract 719.13, Maricopa County, Arizona","621","107","111","74","44","44","13","21","24","30","68","69","50","55","51","59","18","20","58","52","39","47","76","60","38","42","31","40","0","13","0","13","0","13",
"1500000US040130719133","Block Group 3, Census Tract 719.13, Maricopa County, Arizona","408","140","33","25","0","13","7","12","8","12","0","13","0","13","42","47","111","109","0","13","28","23","30","33","88","63","7","12","53","59","1","2","0","13",
"1500000US040130719141","Block Group 1, Census Tract 719.14, Maricopa County, Arizona","201","51","0","13","6","9","29","25","1","2","0","13","0","13","9","13","8","13","14","17","8","12","57","37","23","18","23","21","15","15","8","12","0","13",
"1500000US040130719142","Block Group 2, Census Tract 719.14, Maricopa County, Arizona","222","54","9","14","4","6","21","36","14","16","45","37","0","13","20","20","20","21","10","16","25","22","34","22","13","14","7","11","0","13","0","13","0","13",
"1500000US040130719143","Block Group 3, Census Tract 719.14, Maricopa County, Arizona","370","67","31","28","33","32","4","6","23","20","8","13","19","17","8","11","19","18","0","13","63","41","65","36","27","19","30","24","32","25","8","13","0","13",
"1500000US040130719151","Block Group 1, Census Tract 719.15, Maricopa County, Arizona","339","105","26","40","5","8","8","13","35","31","63","72","11","17","40","50","0","13","39","48","6","9","43","35","12","17","32","28","7","12","12","19","0","13",
"1500000US040130719152","Block Group 2, Census Tract 719.15, Maricopa County, Arizona","340","78","18","21","44","48","32","29","0","13","0","13","0","13","23","24","17","20","11","14","29","27","0","13","48","33","75","56","0","13","20","19","23","33",
"1500000US040130719153","Block Group 3, Census Tract 719.15, Maricopa County, Arizona","648","322","24","27","0","13","10","16","10","16","0","13","6","10","210","312","26","41","0","13","22","23","111","65","68","46","83","49","49","57","29","30","0","13",
"1500000US040130820021","Block Group 1, Census Tract 820.02, Maricopa County, Arizona","974","266","45","59","47","71","47","64","0","13","129","204","40","51","41","44","42","58","53","57","40","49","131","103","218","140","75","82","33","38","13","21","20","31",
"1500000US040130820022","Block Group 2, Census Tract 820.02, Maricopa County, Arizona","736","179","99","107","91","108","22","38","0","13","27","31","64","84","0","13","56","83","29","34","0","13","21","37","257","142","47","58","23","35","0","13","0","13",
"1500000US040130820023","Block Group 3, Census Tract 820.02, Maricopa County, Arizona","725","391","43","67","0","13","0","13","69","70","0","13","0","13","37","46","18","31","0","13","39","65","78","103","357","379","48","46","11","17","25","39","0","13",
"1500000US040130820071","Block Group 1, Census Tract 820.07, Maricopa County, Arizona","656","110","23","26","21","33","78","59","0","13","50","44","56","57","81","54","23","20","8","12","96","73","66","42","41","34","50","28","55","50","8","12","0","13",
"1500000US040130820072","Block Group 2, Census Tract 820.07, Maricopa County, Arizona","521","105","8","13","32","33","0","13","42","35","22","21","0","13","66","61","21","21","12","16","82","54","78","59","112","69","29","41","17","27","0","13","0","13",
"1500000US040130820081","Block Group 1, Census Tract 820.08, Maricopa County, Arizona","331","99","21","33","0","13","0","13","0","13","50","48","62","63","14","22","57","66","0","13","16","19","75","59","16","28","0","13","2","4","0","13","18","25",
"1500000US040130820082","Block Group 2, Census Tract 820.08, Maricopa County, Arizona","905","470","47","46","11","17","7","12","41","36","46","41","228","279","13","22","8","13","23","35","11","17","111","81","285","373","0","13","25","39","24","28","25","29",
"1500000US040130820083","Block Group 3, Census Tract 820.08, Maricopa County, Arizona","475","109","43","50","18","23","0","13","30","30","34","39","49","50","0","13","0","13","63","53","68","56","37","35","82","63","32","30","11","19","8","15","0","13",
"1500000US040130820091","Block Group 1, Census Tract 820.09, Maricopa County, Arizona","608","191","142","162","40","34","10","16","0","13","39","42","45","44","25","38","19","20","18","29","62","48","79","55","45","32","69","53","0","13","8","14","7","13",
"1500000US040130820092","Block Group 2, Census Tract 820.09, Maricopa County, Arizona","716","137","8","12","30","33","0","13","0","13","45","49","55","61","15","24","19","28","51","40","100","88","62","53","125","73","98","64","33","41","75","81","0","13",
"1500000US040130820101","Block Group 1, Census Tract 820.10, Maricopa County, Arizona","543","104","9","15","22","24","19","30","50","50","46","49","28","30","9","14","10","16","44","59","99","63","62","43","28","35","56","43","30","36","31","40","0","13",
"1500000US040130820102","Block Group 2, Census Tract 820.10, Maricopa County, Arizona","780","310","0","13","9","15","72","67","66","59","0","13","8","14","20","30","89","63","0","13","39","52","96","108","137","80","51","40","16","26","0","13","177","270",
"1500000US040130820121","Block Group 1, Census Tract 820.12, Maricopa County, Arizona","483","116","16","24","0","13","13","25","18","29","0","13","0","13","0","13","11","15","0","13","41","41","75","58","124","76","149","91","18","22","18","21","0","13",
"1500000US040130820122","Block Group 2, Census Tract 820.12, Maricopa County, Arizona","828","126","8","13","24","33","84","71","21","26","33","38","16","20","33","34","28","43","49","58","107","56","180","89","114","64","48","46","31","29","45","45","7","12",
"1500000US040130820123","Block Group 3, Census Tract 820.12, Maricopa County, Arizona","492","139","6","12","9","14","0","13","0","13","56","58","0","13","43","56","0","13","21","33","28","38","121","104","155","99","18","23","6","11","29","46","0","13",
"1500000US040130820161","Block Group 1, Census Tract 820.16, Maricopa County, Arizona","0","13","0","13","0","13","0","13","0","13","0","13","0","13","0","13","0","13","0","13","0","13","0","13","0","13","0","13","0","13","0","13","0","13",
"1500000US040130820162","Block Group 2, Census Tract 820.16, Maricopa County, Arizona","843","119","0","13","0","13","9","10","35","29","46","31","45","36","27","29","34","29","72","75","41","33","85","47","209","95","93","55","71","42","64","35","12","17",
"1500000US040130820171","Block Group 1, Census Tract 820.17, Maricopa County, Arizona","466","119","71","83","10","19","45","67","22","38","44","64","19","29","32","41","0","13","6","12","58","57","65","64","20","22","65","71","9","15","0","13","0","13",
"1500000US040130820172","Block Group 2, Census Tract 820.17, Maricopa County, Arizona","0","13","0","13","0","13","0","13","0","13","0","13","0","13","0","13","0","13","0","13","0","13","0","13","0","13","0","13","0","13","0","13","0","13",
"1500000US040130820173","Block Group 3, Census Tract 820.17, Maricopa County, Arizona","874","168","54","54","0","13","0","13","22","32","44","44","22","27","88","109","20","23","58","45","69","50","173","97","98","77","71","71","83","66","8","18","64","59",
"1500000US040130820181","Block Group 1, Census Tract 820.18, Maricopa County, Arizona","714","286","4","6","10","17","7","10","48","48","87","76","81","64","0","13","10","16","32","29","28","32","202","262","70","55","65","63","31","32","27","28","12","17",
"1500000US040130820182","Block Group 2, Census Tract 820.18, Maricopa County, Arizona","920","186","7","13","24","26","18","25","44","53","7","11","30","29","31","31","89","63","0","13","129","83","153","126","223","140","140","81","9","15","0","13","16","21",
"1500000US040130820191","Block Group 1, Census Tract 820.19, Maricopa County, Arizona","432","78","0","13","12","16","0","13","0","13","0","13","8","18","62","76","11","21","4","7","31","37","81","71","78","51","33","29","53","41","28","26","31","29",
"1500000US040130820192","Block Group 2, Census Tract 820.19, Maricopa County, Arizona","349","81","0","13","0","13","0","13","6","9","0","13","3","7","16","20","12","14","11","18","0","13","36","28","52","37","80","64","60","41","51","61","22","20",
"1500000US040130820201","Block Group 1, Census Tract 820.20, Maricopa County, Arizona","680","129","0","13","7","14","8","14","22","27","0","13","0","13","12","20","98","112","0","13","122","90","104","76","92","68","140","84","38","37","11","19","26","30",
"1500000US040130820202","Block Group 2, Census Tract 820.20, Maricopa County, Arizona","691","263","17","30","0","13","0","13","42","62","0","13","0","13","0","13","6","9","43","52","5","9","50","46","140","167","154","153","105","81","121","108","8","13",
"1500000US040130820211","Block Group 1, Census Tract 820.21, Maricopa County, Arizona","434","89","25","39","0","13","12","21","6","19","12","19","22","20","0","13","9","18","5","8","40","37","107","82","52","40","28","29","71","73","22","29","23","27",
"1500000US040130820212","Block Group 2, Census Tract 820.21, Maricopa County, Arizona","364","216","4","6","21","35","45","61","0","13","0","13","5","7","24","38","0","13","0","13","0","13","0","13","62","72","161","204","20","20","22","24","0","13",
"1500000US040130820221","Block Group 1, Census Tract 820.22, Maricopa County, Arizona","833","180","62","70","3","5","0","13","11","18","59","61","0","13","0","13","0","13","31","41","174","164","38","39","193","69","144","74","52","35","23","26","43","37",
"1500000US040130820222","Block Group 2, Census Tract 820.22, Maricopa County, Arizona","969","336","0","13","28","27","61","52","13","20","238","301","74","55","183","78","114","88","7","11","110","99","23","37","40","48","61","47","17","25","0","13","0","13",
"1500000US040130820231","Block Group 1, Census Tract 820.23, Maricopa County, Arizona","290","78","25","40","0","13","0","13","0","13","6","10","9","15","0","13","0","13","7","11","40","43","51","33","81","42","0","13","25","22","40","38","6","10",
"1500000US040130820232","Block Group 2, Census Tract 820.23, Maricopa County, Arizona","699","213","28","33","0","13","7","17","8","14","17","19","16","18","22","33","0","13","41","41","14","17","38","36","270","202","89","62","45","32","69","36","35","41",
"1500000US040130820233","Block Group 3, Census Tract 820.23, Maricopa County, Arizona","780","130","51","46","0","13","31","43","24","37","0","13","24","22","26","41","0","13","40","43","80","46","82","50","141","73","69","53","71","79","126","76","15","18",
"1500000US040130820241","Block Group 1, Census Tract 820.24, Maricopa County, Arizona","342","107","21","36","0","13","0","13","9","13","0","13","0","13","17","27","0","13","14","21","34","50","28","50","42","40","74","60","26","38","24","33","53","60",
"1500000US040130820242","Block Group 2, Census Tract 820.24, Maricopa County, Arizona","1123","165","65","48","10","15","44","45","46","39","271","132","82","80","111","88","38","44","32","26","55","41","105","72","210","126","28","32","15","22","11","19","0","13",
"1500000US040130820251","Block Group 1, Census Tract 820.25, Maricopa County, Arizona","976","284","13","16","0","13","11","18","32","41","24","18","34","23","9","14","5","10","32","24","100","75","98","45","218","74","120","47","210","264","16","17","54","56",
"1500000US040130820261","Block Group 1, Census Tract 820.26, Maricopa County, Arizona","994","154","16","21","43","62","24","33","44","46","28","29","49","46","70","58","64","69","31","30","99","60","135","79","134","86","107","76","37","35","92","85","21","27",
"1500000US040130820262","Block Group 2, Census Tract 820.26, Maricopa County, Arizona","498","230","18","27","0","13","12","18","0","13","16","19","62","73","0","13","13","15","8","14","20","29","15","22","113","99","23","23","0","13","198","213","0","13",
"1500000US040130820263","Block Group 3, Census Tract 820.26, Maricopa County, Arizona","575","258","42","43","0","13","0","13","8","13","0","13","8","15","23","30","0","13","7","11","0","13","50","38","221","257","111","66","30","32","62","53","13","22",
"1500000US040130820271","Block Group 1, Census Tract 820.27, Maricopa County, Arizona","381","120","37","56","0","13","23","37","23","37","5","7","33","53","23","22","10","12","15","24","74","87","50","47","30","31","10","16","12","19","9","17","27","47",
"1500000US040130820272","Block Group 2, Census Tract 820.27, Maricopa County, Arizona","126","67","0","13","7","12","0","13","0","13","0","13","0","13","0","13","0","13","0","13","0","13","51","47","26","34","11","17","0","13","31","50","0","13",
"1500000US040130820273","Block Group 3, Census Tract 820.27, Maricopa County, Arizona","886","176","44","55","69","77","0","13","29","35","35","37","38","37","74","76","0","13","13","21","110","95","64","46","114","68","37","33","61","53","91","78","107","95",
"1500000US040130820281","Block Group 1, Census Tract 820.28, Maricopa County, Arizona","493","180","26","38","23","31","0","13","15","18","0","13","46","41","51","37","23","34","78","92","123","139","74","59","21","29","0","13","13","16","0","13","0","13",
"1500000US040130820282","Block Group 2, Census Tract 820.28, Maricopa County, Arizona","881","212","23","36","31","34","0","13","21","33","36","51","9","15","104","100","0","13","37","57","199","159","30","30","160","108","81","90","90","70","13","20","47","51",
"1500000US040130822041","Block Group 1, Census Tract 822.04, Maricopa County, Arizona","814","137","58","62","0","13","23","31","53","64","4","12","11","17","49","56","31","22","0","13","47","42","102","87","177","81","137","77","56","54","51","53","15","24",
"1500000US040130822042","Block Group 2, Census Tract 822.04, Maricopa County, Arizona","139","77","0","13","0","13","0","13","0","13","0","13","0","13","42","47","12","19","20","32","0","13","35","34","27","45","3","14","0","13","0","13","0","13",
"1500000US040130822043","Block Group 3, Census Tract 822.04, Maricopa County, Arizona","522","160","15","29","0","13","0","13","0","13","21","39","6","17","0","13","28","32","41","62","93","70","104","73","135","112","68","54","11","21","0","13","0","13",
"1500000US040130822051","Block Group 1, Census Tract 822.05, Maricopa County, Arizona","595","111","17","30","9","14","0","13","10","15","0","13","0","13","25","24","0","13","14","24","44","40","68","63","179","74","181","97","21","33","16","31","11","12",
"1500000US040130822052","Block Group 2, Census Tract 822.05, Maricopa County, Arizona","324","97","10","16","0","13","0","13","0","13","0","13","0","13","0","13","20","24","21","23","38","48","35","44","146","96","13","18","21","25","0","13","20","29",
"1500000US040130822053","Block Group 3, Census Tract 822.05, Maricopa County, Arizona","733","165","34","50","24","29","29","28","7","18","0","13","0","13","45","40","28","30","164","97","67","51","92","60","146","127","29","45","35","43","22","32","11","17",
"1500000US040130822061","Block Group 1, Census Tract 822.06, Maricopa County, Arizona","182","53","0","13","0","13","0","13","0","13","7","10","10","16","0","13","8","12","0","13","19","17","17","24","49","38","16","17","6","9","12","15","38","34",
"1500000US040130822062","Block Group 2, Census Tract 822.06, Maricopa County, Arizona","329","77","9","13","0","13","0","13","10","19","20","25","0","13","9","12","0","13","7","12","66","36","52","32","62","40","37","33","9","11","29","26","19","18",
"1500000US040130822063","Block Group 3, Census Tract 822.06, Maricopa County, Arizona","549","96","0","13","1","2","0","13","0","13","0","13","33","37","10","14","20","29","7","10","86","58","34","24","116","68","79","44","52","33","54","49","57","45",
"1500000US040130822071","Block Group 1, Census Tract 822.07, Maricopa County, Arizona","400","97","56","50","0","13","0","13","19","32","25","23","4","7","20","20","38","29","5","8","60","36","40","34","27","27","83","96","11","15","0","13","12","18",
"1500000US040130822072","Block Group 2, Census Tract 822.07, Maricopa County, Arizona","517","103","0","13","0","13","10","15","4","7","4","8","10","15","27","25","15","22","53","44","50","43","77","49","74","40","96","83","78","66","11","18","8","11",
"1500000US040130822081","Block Group 1, Census Tract 822.08, Maricopa County, Arizona","454","89","31","30","27","25","20","23","46","57","3","6","34","25","6","10","21","25","63","41","26","23","86","43","58","43","13","15","15","16","5","8","0","13",
"1500000US040130822082","Block Group 2, Census Tract 822.08, Maricopa County, Arizona","173","68","0","13","0","13","0","13","9","14","7","10","0","13","0","13","0","13","0","13","33","37","55","36","26","30","0","13","29","27","14","24","0","13",
"1500000US040130822083","Block Group 3, Census Tract 822.08, Maricopa County, Arizona","174","48","19","27","0","13","0","13","12","17","6","9","9","12","0","13","0","13","15","24","34","35","6","8","32","30","8","14","0","13","21","31","12","18",
"1500000US040130822091","Block Group 1, Census Tract 822.09, Maricopa County, Arizona","189","51","28","17","0","13","20","32","3","5","9","12","9","17","10","16","36","28","0","13","41","40","4","9","14","21","4","9","0","13","4","13","7","10",
"1500000US040130822092","Block Group 2, Census Tract 822.09, Maricopa County, Arizona","707","129","47","40","18","29","0","13","83","117","18","31","41","38","41","43","36","39","39","46","55","50","135","85","91","59","96","84","0","13","0","13","7","10",
"1500000US040130822101","Block Group 1, Census Tract 822.10, Maricopa County, Arizona","553","125","0","13","24","38","0","13","0","13","0","13","15","23","29","47","37","37","39","36","82","74","95","61","112","53","50","51","42","49","19","29","9","15",
"1500000US040130822102","Block Group 2, Census Tract 822.10, Maricopa County, Arizona","364","166","33","31","0","13","0","13","5","8","11","19","10","16","0","13","15","19","143","151","0","13","103","68","36","46","0","13","0","13","8","13","0","13",
"1500000US040130822103","Block Group 3, Census Tract 822.10, Maricopa County, Arizona","478","123","16","22","0","13","27","42","25","26","7","12","0","13","0","13","17","20","27","35","48","47","21","23","124","82","95","58","42","35","14","18","15","27",
"1500000US040130822111","Block Group 1, Census Tract 822.11, Maricopa County, Arizona","256","77","0","13","14","21","0","13","47","49","0","13","0","13","0","13","10","17","26","38","0","13","0","13","44","42","57","50","17","20","21","36","20","24",
"1500000US040130822112","Block Group 2, Census Tract 822.11, Maricopa County, Arizona","652","327","0","13","0","13","0","13","3","6","0","13","0","13","14","23","10","17","0","13","14","21","38","35","192","116","295","312","48","56","26","31","12","17",
"1500000US040130822113","Block Group 3, Census Tract 822.11, Maricopa County, Arizona","574","244","7","12","0","13","0","13","0","13","57","56","7","11","11","18","24","31","0","13","71","54","23","24","107","64","178","216","59","55","22","26","8","14",
"1500000US040130822114","Block Group 4, Census Tract 822.11, Maricopa County, Arizona","374","110","0","13","0","13","0","13","0","13","0","13","0","13","0","13","94","68","0","13","73","57","30","32","117","69","13","21","27","41","20","22","0","13",
"1500000US040130822121","Block Group 1, Census Tract 822.12, Maricopa County, Arizona","576","145","24","38","43","60","0","13","0","13","0","13","17","31","0","13","7","12","0","13","135","100","23","37","197","97","0","13","47","44","83","65","0","13",
"1500000US040130822122","Block Group 2, Census Tract 822.12, Maricopa County, Arizona","1007","485","45","72","0","13","14","28","0","13","0","13","17","29","0","13","0","13","78","68","48","80","88","88","200","146","333","467","63","68","78","75","43","48",
"1500000US040130822131","Block Group 1, Census Tract 822.13, Maricopa County, Arizona","327","140","0","13","0","13","13","24","0","13","0","13","0","13","0","13","0","13","0","13","77","87","0","13","69","73","95","89","0","13","60","87","13","27",
"1500000US040130822132","Block Group 2, Census Tract 822.13, Maricopa County, Arizona","760","316","35","60","0","13","0","13","0","13","60","62","0","13","0","13","0","13","40","66","81","76","26","39","169","136","239","303","80","75","0","13","30","42",
"1500000US040130822133","Block Group 3, Census Tract 822.13, Maricopa County, Arizona","526","154","0","13","0","13","0","13","0","13","0","13","53","81","0","13","76","75","19","32","36","48","21","36","141","104","141","100","0","13","15","28","24","37",
"1500000US040130830001","Block Group 1, Census Tract 830, Maricopa County, Arizona","812","229","23","38","23","32","28","48","91","114","10","19","63","72","14","25","68","75","0","13","100","97","106","150","118","89","49","67","119","146","0","13","0","13",
"1500000US040130830002","Block Group 2, Census Tract 830, Maricopa County, Arizona","539","143","69","63","25","45","12","14","0","13","59","55","0","13","43","45","15","21","59","59","93","77","0","13","90","71","62","64","12","21","0","13","0","13",
"1500000US040130830003","Block Group 3, Census Tract 830, Maricopa County, Arizona","0","13","0","13","0","13","0","13","0","13","0","13","0","13","0","13","0","13","0","13","0","13","0","13","0","13","0","13","0","13","0","13","0","13",
"1500000US040130830004","Block Group 4, Census Tract 830, Maricopa County, Arizona","311","98","5","9","11","20","0","13","10","16","0","13","12","19","8","15","18","31","34","44","22","24","49","40","0","13","29","31","46","39","67","72","0","13",
"1500000US040130830005","Block Group 5, Census Tract 830, Maricopa County, Arizona","587","282","47","62","169","266","16","20","48","60","0","13","0","13","18","28","22","36","12","19","17","27","57","66","143","101","13","21","25","43","0","13","0","13",
"1500000US040130923051","Block Group 1, Census Tract 923.05, Maricopa County, Arizona","777","144","22","21","10","17","36","46","49","55","5","8","16","19","14","18","9","18","52","44","96","62","120","89","130","96","134","69","34","46","39","37","11","17",
"1500000US040130923052","Block Group 2, Census Tract 923.05, Maricopa County, Arizona","805","310","71","84","34","44","78","60","260","307","60","54","21","24","26","28","37","46","17","26","27","24","34","25","39","36","46","45","7","11","38","30","10","17",
"1500000US040130923061","Block Group 1, Census Tract 923.06, Maricopa County, Arizona","426","100","22","35","0","13","16","27","19","31","0","13","17","28","23","38","35","35","0","13","21","38","90","69","12","20","0","13","142","94","16","26","13","34",
"1500000US040130923062","Block Group 2, Census Tract 923.06, Maricopa County, Arizona","407","123","99","96","48","57","0","13","42","47","8","15","16","26","67","67","0","13","16","26","20","35","28","32","20","36","43","46","0","13","0","13","0","13",
"1500000US040130923063","Block Group 3, Census Tract 923.06, Maricopa County, Arizona","558","142","17","29","0","13","0","13","0","13","41","44","0","13","0","13","8","12","71","90","25","42","64","54","165","87","46","43","35","46","86","75","0","13",
"1500000US040130923064","Block Group 4, Census Tract 923.06, Maricopa County, Arizona","628","192","0","13","0","13","0","13","27","34","128","145","17","25","0","13","22","34","92","98","19","36","74","64","121","90","61","47","22","28","35","56","10","15",
"1500000US040130923071","Block Group 1, Census Tract 923.07, Maricopa County, Arizona","726","197","68","53","85","68","13","19","0","13","20","32","117","91","19","31","26","42","0","13","0","13","195","152","83","106","80","80","6","18","0","13","14","24",
"1500000US040130923072","Block Group 2, Census Tract 923.07, Maricopa County, Arizona","505","256","0","13","0","13","199","227","0","13","0","13","14","23","105","150","0","13","0","13","74","106","13","18","13","22","29","35","58","66","0","13","0","13",
"1500000US040130923073","Block Group 3, Census Tract 923.07, Maricopa County, Arizona","461","135","0","13","17","33","9","14","0","13","0","13","0","13","0","13","42","56","75","69","0","13","45","67","72","64","91","68","65","52","20","33","25","32",
"1500000US040130923074","Block Group 4, Census Tract 923.07, Maricopa County, Arizona","307","109","13","20","0","13","0","13","39","54","0","13","10","17","10","20","0","13","19","30","34","40","78","85","37","37","13","21","46","57","8","12","0","13",
"1500000US040130923081","Block Group 1, Census Tract 923.08, Maricopa County, Arizona","495","141","17","26","13","21","0","13","27","43","25","39","0","13","2","3","38","41","62","64","133","79","0","13","113","81","36","56","29","45","0","13","0","13",
"1500000US040130923082","Block Group 2, Census Tract 923.08, Maricopa County, Arizona","1260","455","247","378","0","13","82","61","120","137","22","37","62","73","19","28","96","100","73","92","251","155","84","100","127","85","13","28","23","36","41","56","0","13",
"1500000US040130923083","Block Group 3, Census Tract 923.08, Maricopa County, Arizona","444","150","0","13","59","76","16","30","7","13","0","13","41","46","0","13","0","13","0","13","31","37","20","32","102","70","102","92","51","85","15","30","0","13",
"1500000US040130923084","Block Group 4, Census Tract 923.08, Maricopa County, Arizona","480","182","40","45","0","13","0","13","38","63","18","28","39","41","28","36","0","13","75","112","19","29","14","20","37","45","118","118","43","42","11","17","0","13",
"1500000US040130923091","Block Group 1, Census Tract 923.09, Maricopa County, Arizona","331","87","4","7","0","13","0","13","7","11","0","13","5","8","0","13","19","25","10","15","34","26","42","65","43","37","92","57","23","22","20","22","32","31",
"1500000US040130923092","Block Group 2, Census Tract 923.09, Maricopa County, Arizona","574","121","45","30","0","13","0","13","32","41","22","21","41","41","38","49","71","51","12","11","0","13","94","74","90","75","51","48","6","10","41","50","31","41",
"1500000US040130923093","Block Group 3, Census Tract 923.09, Maricopa County, Arizona","506","89","8","13","49","48","33","36","17","21","50","49","0","13","18","22","32","26","15","17","25","21","63","38","122","67","21","21","24","22","23","22","6","9",
"1500000US040130923094","Block Group 4, Census Tract 923.09, Maricopa County, Arizona","413","167","0","13","0","13","0","13","6","10","0","13","0","13","0","13","5","8","37","29","22","27","41","58","182","177","26","25","57","47","37","39","0","13",
"1500000US040130923111","Block Group 1, Census Tract 923.11, Maricopa County, Arizona","455","129","105","81","41","46","17","23","22","26","58","48","14","22","26","31","43","50","13","12","23","26","56","50","31","33","0","13","0","13","0","13","6","11",
"1500000US040130923112","Block Group 2, Census Tract 923.11, Maricopa County, Arizona","861","205","108","84","85","54","36","32","31","30","98","73","86","71","26","30","129","169","33","33","47","44","62","39","18","25","32","52","17","26","53","71","0","13",
"1500000US040130923121","Block Group 1, Census Tract 923.12, Maricopa County, Arizona","272","114","20","34","9","14","0","13","47","65","0","13","20","36","0","13","13","21","0","13","32","50","34","31","26","40","18","31","37","58","0","13","16","30",
"1500000US040130923122","Block Group 2, Census Tract 923.12, Maricopa County, Arizona","1130","232","152","108","141","87","74","62","14","22","55","48","67","58","39","65","113","101","0","13","123","93","231","132","52","43","17","27","31","43","0","13","21","30",
"1500000US040130923123","Block Group 3, Census Tract 923.12, Maricopa County, Arizona","516","176","34","41","0","13","0","13","104","116","32","51","37","45","32","51","56","69","80","68","23","36","37","42","0","13","26","43","55","85","0","13","0","13",
"1500000US040130923124","Block Group 4, Census Tract 923.12, Maricopa County, Arizona","489","143","33","56","0","13","34","41","42","67","76","83","46","46","16","25","52","77","52","73","29","33","79","91","9","15","0","13","0","13","21","26","0","13",
"1500000US040130924011","Block Group 1, Census Tract 924.01, Maricopa County, Arizona","574","103","47","43","40","52","51","42","46","31","101","65","68","59","75","56","26","29","0","13","26","25","52","55","0","13","0","13","0","13","0","13","42","50",
"1500000US040130924012","Block Group 2, Census Tract 924.01, Maricopa County, Arizona","340","80","23","30","45","43","0","13","18","20","20","24","16","21","15","17","14","21","29","34","26","31","58","42","20","22","39","43","0","13","0","13","17","19",
"1500000US040130924013","Block Group 3, Census Tract 924.01, Maricopa County, Arizona","725","166","35","46","9","13","0","13","10","17","11","17","0","13","178","151","11","17","19","22","173","88","38","41","64","40","76","57","57","43","31","38","13","21",
"1500000US040130924021","Block Group 1, Census Tract 924.02, Maricopa County, Arizona","427","106","0","13","0","13","0","13","71","50","0","13","42","53","78","84","6","11","21","24","29","28","41","38","45","27","15","18","15","18","38","30","26","24",
"1500000US040130924022","Block Group 2, Census Tract 924.02, Maricopa County, Arizona","679","332","15","20","183","158","12","19","9","15","9","14","26","42","49","54","244","295","44","46","67","69","5","8","16","17","0","13","0","13","0","13","0","13",
"1500000US040130924023","Block Group 3, Census Tract 924.02, Maricopa County, Arizona","713","238","85","59","242","203","9","15","9","13","19","21","0","13","79","109","24","29","28","32","35","33","19","20","109","98","0","13","17","18","38","44","0","13",
"1500000US040130925001","Block Group 1, Census Tract 925, Maricopa County, Arizona","661","159","29","26","108","78","44","47","57","53","32","51","18","21","0","13","19","29","0","13","47","60","140","123","40","36","79","81","31","35","17","26","0","13",
"1500000US040130925002","Block Group 2, Census Tract 925, Maricopa County, Arizona","612","119","91","64","36","43","32","30","13","16","86","53","47","52","72","67","43","35","60","75","39","34","42","53","18","29","33","39","0","13","0","13","0","13",
"1500000US040130925003","Block Group 3, Census Tract 925, Maricopa County, Arizona","360","259","23","39","0","13","6","10","22","26","23","26","18","21","0","13","12","19","0","13","0","13","41","57","170","254","0","13","0","13","45","54","0","13",
"1500000US040130925004","Block Group 4, Census Tract 925, Maricopa County, Arizona","250","70","0","13","7","13","7","11","0","13","16","19","10","16","15","18","0","13","21","27","0","13","51","42","83","29","40","50","0","13","0","13","0","13",
"1500000US040130926001","Block Group 1, Census Tract 926, Maricopa County, Arizona","377","149","110","88","0","13","0","13","0","13","14","23","8","15","18","24","23","28","71","116","70","54","63","74","0","13","0","13","0","13","0","13","0","13",
"1500000US040130926002","Block Group 2, Census Tract 926, Maricopa County, Arizona","514","137","101","71","46","31","36","46","29","47","49","52","52","48","35","54","24","33","48","73","25","29","34","47","0","13","0","13","0","13","0","13","35","53",
"1500000US040130926003","Block Group 3, Census Tract 926, Maricopa County, Arizona","211","92","54","51","12","21","23","38","8","13","9","14","0","13","0","13","0","13","0","13","17","19","0","13","81","71","0","13","0","13","7","14","0","13",
"1500000US040130927051","Block Group 1, Census Tract 927.05, Maricopa County, Arizona","823","250","75","56","22","23","48","44","28","32","22","37","63","51","89","73","26","31","93","66","171","249","29","29","98","63","38","41","14","22","7","14","0","13",
"1500000US040130927052","Block Group 2, Census Tract 927.05, Maricopa County, Arizona","737","136","8","12","63","96","0","13","52","49","32","28","49","38","35","40","32","32","48","38","155","64","48","36","97","65","69","44","16","24","26","36","7","12",
"1500000US040130927081","Block Group 1, Census Tract 927.08, Maricopa County, Arizona","73","34","0","13","3","5","0","13","0","13","27","31","9","10","12","20","0","13","4","7","18","18","0","13","0","13","0","13","0","13","0","13","0","13",
"1500000US040130927082","Block Group 2, Census Tract 927.08, Maricopa County, Arizona","602","85","46","31","16","21","0","13","19","15","21","21","60","31","4","7","15","17","45","31","58","40","80","41","114","83","27","21","53","39","35","18","9","13",
"1500000US040130927091","Block Group 1, Census Tract 927.09, Maricopa County, Arizona","525","157","36","37","0","13","40","42","9","14","26","42","35","42","0","13","11","16","15","18","36","30","35","39","128","109","106","130","18","27","9","15","21","24",
"1500000US040130927092","Block Group 2, Census Tract 927.09, Maricopa County, Arizona","311","116","12","15","3","6","5","9","0","13","0","13","55","65","0","13","0","13","62","97","14","18","14","18","81","60","25","20","9","15","24","23","7","14",
"1500000US040130927093","Block Group 3, Census Tract 927.09, Maricopa County, Arizona","541","129","49","59","0","13","90","85","0","13","32","38","34","35","0","13","12","18","6","10","57","60","55","51","69","67","46","51","0","13","22","25","69","79",
"1500000US040130927101","Block Group 1, Census Tract 927.10, Maricopa County, Arizona","856","139","80","72","12","18","13","22","9","14","7","11","34","43","12","18","40","40","50","64","45","37","73","47","179","116","120","57","68","43","82","60","32","38",
"1500000US040130927102","Block Group 2, Census Tract 927.10, Maricopa County, Arizona","791","138","0","13","0","13","0","13","19","22","10","14","45","58","29","38","18","19","35","29","18","20","100","55","160","91","110","89","85","50","131","73","31","38",
"1500000US040130927111","Block Group 1, Census Tract 927.11, Maricopa County, Arizona","525","97","14","13","17","15","6","10","36","20","27","36","12","14","58","41","0","13","25","29","57","46","48","35","45","24","54","33","7","11","42","23","77","68",
"1500000US040130927112","Block Group 2, Census Tract 927.11, Maricopa County, Arizona","529","106","52","43","37","21","26","32","12","12","20","17","20","16","49","48","16","18","6","8","43","29","13","15","121","70","55","33","40","35","19","19","0","13",
"1500000US040130927121","Block Group 1, Census Tract 927.12, Maricopa County, Arizona","1019","395","25","19","35","38","7","11","80","60","22","34","12","23","48","44","52","57","317","409","50","39","107","71","134","74","79","47","39","36","12","19","0","13",
"1500000US040130927122","Block Group 2, Census Tract 927.12, Maricopa County, Arizona","715","109","0","13","0","13","9","14","12","18","47","44","6","10","12","18","8","13","0","13","75","44","35","45","108","65","52","41","86","56","196","87","69","54",
"1500000US040130927131","Block Group 1, Census Tract 927.13, Maricopa County, Arizona","808","224","0","13","32","27","33","43","6","11","27","20","13","20","66","72","116","142","11","13","33","39","15","23","194","149","160","89","6","11","74","43","22","24",
"1500000US040130927132","Block Group 2, Census Tract 927.13, Maricopa County, Arizona","623","117","67","51","0","13","1","3","13","15","8","13","65","60","6","10","23","26","30","31","108","42","53","37","90","60","151","98","0","13","8","14","0","13",
"1500000US040130927151","Block Group 1, Census Tract 927.15, Maricopa County, Arizona","232","84","0","13","0","13","0","13","0","13","13","20","0","13","0","13","46","46","0","13","0","13","34","44","73","52","33","30","33","56","0","13","0","13",
"1500000US040130927152","Block Group 2, Census Tract 927.15, Maricopa County, Arizona","511","141","45","56","0","13","36","56","64","69","19","22","34","30","56","59","34","42","24","28","95","91","58","52","15","16","8","13","11","20","0","13","12","18",
"1500000US040130927153","Block Group 3, Census Tract 927.15, Maricopa County, Arizona","454","110","0","13","38","42","14","17","0","13","9","14","0","13","0","13","19","30","0","13","82","65","37","33","24","27","164","95","16","19","51","52","0","13",
"1500000US040130927161","Block Group 1, Census Tract 927.16, Maricopa County, Arizona","253","95","49","68","18","26","12","19","0","13","7","13","9","13","24","27","10","17","0","13","0","13","42","38","32","25","38","35","0","13","0","13","12","18",
"1500000US040130927162","Block Group 2, Census Tract 927.16, Maricopa County, Arizona","564","108","34","48","13","20","8","11","24","37","0","13","12","19","18","31","0","13","33","31","86","62","136","80","110","70","69","56","0","13","21","30","0","13",
"1500000US040130927163","Block Group 3, Census Tract 927.16, Maricopa County, Arizona","305","122","7","11","0","13","0","13","0","13","36","43","0","13","33","31","0","13","30","45","59","80","38","45","80","54","13","19","9","13","0","13","0","13",
"1500000US040130927171","Block Group 1, Census Tract 927.17, Maricopa County, Arizona","988","162","25","22","62","54","50","54","92","55","42","42","27","43","179","114","96","64","31","41","77","65","93","85","92","59","75","69","47","41","0","13","0","13",
"1500000US040130927172","Block Group 2, Census Tract 927.17, Maricopa County, Arizona","560","100","0","13","0","13","48","46","0","13","7","11","40","39","28","30","66","50","0","13","46","34","70","51","73","54","94","44","34","37","34","37","20","26",
"1500000US040130927181","Block Group 1, Census Tract 927.18, Maricopa County, Arizona","345","83","0","13","13","28","0","13","71","58","18","29","0","13","0","13","7","13","0","13","5","12","70","47","94","56","35","36","19","27","8","14","5","9",
"1500000US040130927182","Block Group 2, Census Tract 927.18, Maricopa County, Arizona","942","300","136","90","120","139","10","17","17","20","59","63","54","52","43","48","206","252","58","54","41","32","24","35","76","62","71","65","27","32","0","13","0","13",
"1500000US040130927191","Block Group 1, Census Tract 927.19, Maricopa County, Arizona","879","135","11","19","0","13","11","18","28","39","39","48","49","47","58","56","0","13","92","76","105","94","222","108","127","71","48","55","45","44","30","39","14","18",
"1500000US040130927192","Block Group 2, Census Tract 927.19, Maricopa County, Arizona","641","140","39","39","0","13","0","13","11","17","24","36","14","15","7","11","28","22","51","59","103","76","160","103","66","43","40","33","27","30","71","61","0","13",
"1500000US040130927201","Block Group 1, Census Tract 927.20, Maricopa County, Arizona","394","94","9","14","0","13","0","13","20","31","64","63","8","14","13","14","22","34","11","17","19","21","59","53","87","63","49","71","11","18","22","25","0","13",
"1500000US040130927202","Block Group 2, Census Tract 927.20, Maricopa County, Arizona","337","126","33","49","10","18","0","13","7","12","0","13","0","13","15","18","18","20","20","32","0","13","56","52","21","24","82","98","14","17","54","46","7","12",
"1500000US040130927203","Block Group 3, Census Tract 927.20, Maricopa County, Arizona","766","248","0","13","67","61","40","35","9","16","55","56","0","13","22","25","37","57","11","16","33","31","208","242","75","58","45","35","79","50","73","56","12","19",
"1500000US040130927204","Block Group 4, Census Tract 927.20, Maricopa County, Arizona","555","148","0","13","0","13","48","52","32","36","0","13","0","13","0","13","3","7","0","13","27","34","89","70","154","94","47","56","49","49","84","74","22","23",
"1500000US040130927211","Block Group 1, Census Tract 927.21, Maricopa County, Arizona","673","93","20","19","0","13","5","7","32","49","0","13","0","13","4","6","24","27","29","26","39","32","68","39","104","44","118","66","39","33","136","61","55","36",
"1500000US040130927212","Block Group 2, Census Tract 927.21, Maricopa County, Arizona","366","95","0","13","24","23","0","13","10","17","0","13","0","13","0","13","0","13","0","13","12","12","10","11","51","28","48","32","76","80","76","63","59","28",
"1500000US040130927231","Block Group 1, Census Tract 927.23, Maricopa County, Arizona","892","115","35","26","63","65","24","24","6","10","34","43","32","33","54","52","93","76","7","10","78","58","167","84","118","75","93","50","8","10","61","44","19","21",
"1500000US040130927232","Block Group 2, Census Tract 927.23, Maricopa County, Arizona","521","132","6","10","25","30","16","20","9","13","9","14","18","22","43","37","5","8","19","24","63","47","35","31","80","57","117","90","25","39","51","53","0","13",
"1500000US040130927241","Block Group 1, Census Tract 927.24, Maricopa County, Arizona","556","111","0","13","93","82","21","34","28","34","42","33","17","19","22","19","24","22","51","52","72","39","56","46","89","96","32","25","9","15","0","13","0","13",
"1500000US040130927242","Block Group 2, Census Tract 927.24, Maricopa County, Arizona","512","87","15","12","28","22","47","43","77","48","73","55","15","17","22","24","45","46","15","22","74","50","35","26","33","29","14","15","12","14","7","10","0","13",
"1500000US040130927243","Block Group 3, Census Tract 927.24, Maricopa County, Arizona","351","124","98","109","0","13","7","11","7","11","0","13","12","13","8","13","12","16","22","35","14","16","30","33","87","56","27","25","20","20","7","12","0","13",
"1500000US040130928011","Block Group 1, Census Tract 928.01, Maricopa County, Arizona","465","153","45","49","0","13","40","51","22","35","61","53","0","13","10","16","60","62","41","57","31","54","62","86","72","86","16","18","0","13","5","10","0","13",
"1500000US040130928012","Block Group 2, Census Tract 928.01, Maricopa County, Arizona","420","141","95","109","39","54","39","48","35","43","42","41","0","13","9","14","49","54","0","13","29","33","48","56","14","21","0","13","21","34","0","13","0","13",
"1500000US040130928013","Block Group 3, Census Tract 928.01, Maricopa County, Arizona","406","116","39","54","32","50","10","15","63","47","63","60","19","21","21","32","0","13","95","84","26","38","14","21","0","13","16","18","8","14","0","13","0","13",
"1500000US040130928014","Block Group 4, Census Tract 928.01, Maricopa County, Arizona","288","119","36","33","45","71","0","13","32","28","29","46","23","36","9","14","28","45","0","13","0","13","15","17","53","62","18","31","0","13","0","13","0","13",
"1500000US040130928021","Block Group 1, Census Tract 928.02, Maricopa County, Arizona","804","140","95","82","102","78","76","64","52","58","51","49","62","45","61","48","31","37","119","83","77","63","34","43","36","43","8","13","0","13","0","13","0","13",
"1500000US040130928022","Block Group 2, Census Tract 928.02, Maricopa County, Arizona","226","98","13","19","0","13","0","13","0","13","11","20","44","28","0","13","45","49","0","13","0","13","74","72","0","13","29","42","0","13","10","16","0","13",
"1500000US040130928023","Block Group 3, Census Tract 928.02, Maricopa County, Arizona","344","137","13","21","45","50","36","42","74","82","8","12","17","28","0","13","0","13","64","97","44","55","38","30","5","10","0","13","0","13","0","13","0","13",
"1500000US040130928024","Block Group 4, Census Tract 928.02, Maricopa County, Arizona","330","98","62","54","36","57","0","13","0","13","0","13","17","27","8","14","48","34","12","16","39","36","40","48","45","36","3","15","8","12","6","11","6","12",
"1500000US040130929001","Block Group 1, Census Tract 929, Maricopa County, Arizona","477","75","43","29","28","21","48","36","18","15","49","38","30","26","50","38","26","18","28","25","57","38","39","30","38","26","9","15","14","16","0","13","0","13",
"1500000US040130929002","Block Group 2, Census Tract 929, Maricopa County, Arizona","539","106","76","33","86","85","53","35","39","29","25","23","29","22","8","13","60","38","14","21","44","31","41","28","25","24","33","47","0","13","6","11","0","13",
"1500000US040130930011","Block Group 1, Census Tract 930.01, Maricopa County, Arizona","1089","264","121","80","19","22","78","62","263","252","66","57","46","40","9","15","65","51","19","30","82","60","125","74","63","37","117","92","16","28","0","13","0","13",
"1500000US040130930012","Block Group 2, Census Tract 930.01, Maricopa County, Arizona","460","123","28","34","9","14","21","32","15","21","63","60","0","13","41","52","45","50","58","57","30","37","56","48","44","41","10","17","0","13","0","13","40","61",
"1500000US040130930013","Block Group 3, Census Tract 930.01, Maricopa County, Arizona","416","107","46","37","17","23","0","13","63","38","62","39","52","49","9","15","0","13","10","16","55","52","29","46","31","37","0","13","42","54","0","13","0","13",
"1500000US040130930021","Block Group 1, Census Tract 930.02, Maricopa County, Arizona","197","83","17","37","0","13","21","32","6","8","37","43","21","36","0","13","5","9","0","13","0","13","14","25","49","54","0","13","27","46","0","13","0","13",
"1500000US040130930022","Block Group 2, Census Tract 930.02, Maricopa County, Arizona","599","201","98","71","20","24","22","25","0","13","77","82","30","32","6","10","21","30","6","14","53","55","210","186","29","29","0","13","12","18","0","13","15","24",
"1500000US040130930023","Block Group 3, Census Tract 930.02, Maricopa County, Arizona","449","130","0","13","46","46","21","26","0","13","7","12","114","92","30","31","9","18","19","21","9","19","108","103","47","43","39","62","0","13","0","13","0","13",
"1500000US040130931011","Block Group 1, Census Tract 931.01, Maricopa County, Arizona","248","80","0","13","51","58","0","13","20","23","38","53","24","24","13","22","0","13","46","49","10","16","10","12","36","39","0","13","0","13","0","13","0","13",
"1500000US040130931012","Block Group 2, Census Tract 931.01, Maricopa County, Arizona","426","111","0","13","0","13","10","15","0","13","31","49","14","24","32","36","4","25","16","20","44","44","113","102","29","34","77","61","42","66","0","13","14","15",
"1500000US040130931013","Block Group 3, Census Tract 931.01, Maricopa County, Arizona","329","149","0","13","73","91","0","13","80","91","0","13","39","58","0","13","0","13","0","13","77","99","19","38","6","9","0","13","9","16","26","43","0","13",
"1500000US040130931014","Block Group 4, Census Tract 931.01, Maricopa County, Arizona","644","127","109","75","40","33","38","34","92","98","76","83","15","20","0","13","54","69","97","90","19","22","82","74","22","26","0","13","0","13","0","13","0","13",
"1500000US040130931041","Block Group 1, Census Tract 931.04, Maricopa County, Arizona","659","137","118","58","79","60","6","10","97","59","57","51","62","51","40","38","39","43","54","45","73","75","24","38","10","15","0","13","0","13","0","13","0","13",
"1500000US040130931042","Block Group 2, Census Tract 931.04, Maricopa County, Arizona","243","85","18","29","8","12","64","57","35","30","0","13","48","40","25","34","22","35","0","13","0","13","0","13","0","13","23","33","0","13","0","13","0","13",
"1500000US040130931043","Block Group 3, Census Tract 931.04, Maricopa County, Arizona","507","113","73","51","57","54","69","71","0","13","0","13","40","39","70","54","30","35","60","57","101","66","0","13","0","13","0","13","7","12","0","13","0","13",
"1500000US040130931044","Block Group 4, Census Tract 931.04, Maricopa County, Arizona","77","41","24","30","0","13","0","13","0","13","0","13","0","13","0","13","0","13","0","13","8","11","34","36","11","17","0","13","0","13","0","13","0","13",
"1500000US040130931051","Block Group 1, Census Tract 931.05, Maricopa County, Arizona","247","79","61","49","27","31","11","17","31","37","16","18","0","13","14","17","24","24","25","23","0","13","0","13","10","17","0","13","0","13","21","34","7","13",
"1500000US040130931052","Block Group 2, Census Tract 931.05, Maricopa County, Arizona","497","114","150","92","12","19","121","84","11","19","35","40","51","55","53","56","0","13","0","13","28","45","20","32","16","24","0","13","0","13","0","13","0","13",
"1500000US040130931053","Block Group 3, Census Tract 931.05, Maricopa County, Arizona","671","209","202","96","50","52","55","46","110","81","11","17","13","17","47","35","32","39","0","13","128","155","0","13","23","36","0","13","0","13","0","13","0","13",
"1500000US040130931054","Block Group 4, Census Tract 931.05, Maricopa County, Arizona","341","82","30","37","10","17","0","13","11","17","10","17","40","39","25","29","4","7","10","15","0","13","130","67","67","44","4","10","0","13","0","13","0","13",
"1500000US040130931061","Block Group 1, Census Tract 931.06, Maricopa County, Arizona","369","116","10","19","0","13","9","16","0","13","0","13","8","13","27","27","0","13","57","72","31","38","14","18","57","44","65","55","29","32","36","38","26","43",
"1500000US040130931062","Block Group 2, Census Tract 931.06, Maricopa County, Arizona","410","97","111","86","49","49","52","43","26","43","1","2","30","47","43","44","0","13","35","43","0","13","19","27","19","29","25","33","0","13","0","13","0","13",
"1500000US040130931063","Block Group 3, Census Tract 931.06, Maricopa County, Arizona","263","99","3","5","0","13","0","13","8","25","41","46","0","13","0","13","0","13","0","13","0","13","91","70","57","55","0","13","36","41","27","40","0","13",
"1500000US040130932001","Block Group 1, Census Tract 932, Maricopa County, Arizona","447","106","6","11","9","14","61","49","17","19","33","30","64","47","43","41","45","44","53","51","9","15","57","44","28","38","22","33","0","13","0","13","0","13",
"1500000US040130932002","Block Group 2, Census Tract 932, Maricopa County, Arizona","84","66","0","13","0","13","0","13","0","13","0","13","0","13","0","13","0","13","30","42","40","44","6","11","8","12","0","13","0","13","0","13","0","13",
"1500000US040130932003","Block Group 3, Census Tract 932, Maricopa County, Arizona","823","169","44","42","41","38","44","41","52","56","8","13","0","13","10","15","128","122","6","11","238","103","106","78","70","51","34","31","0","13","21","24","21","35",
"1500000US040131032051","Block Group 1, Census Tract 1032.05, Maricopa County, Arizona","395","58","5","7","0","13","0","13","0","13","4","6","24","26","0","13","40","23","5","8","33","30","39","19","65","31","27","18","43","28","41","25","69","34",
"1500000US040131032052","Block Group 2, Census Tract 1032.05, Maricopa County, Arizona","533","58","4","6","31","27","4","6","25","18","10","12","4","6","11","17","40","36","22","25","15","13","75","49","84","38","63","38","38","31","36","32","71","35",
"1500000US040131032061","Block Group 1, Census Tract 1032.06, Maricopa County, Arizona","412","56","4","6","9","9","0","13","12","18","5","7","7","9","9","11","16","14","0","13","9","10","18","22","18","14","79","36","23","18","71","33","132","50",
"1500000US040131032062","Block Group 2, Census Tract 1032.06, Maricopa County, Arizona","453","62","3","4","0","13","0","13","15","24","4","8","8","8","6","12","18","15","5","7","19","18","41","26","62","36","108","47","24","24","49","24","91","42",
"1500000US040131032071","Block Group 1, Census Tract 1032.07, Maricopa County, Arizona","445","69","0","13","5","7","11","11","11","13","9","12","10","12","19","16","0","13","0","13","8","9","0","13","49","34","64","27","39","27","87","56","133","62",
"1500000US040131032072","Block Group 2, Census Tract 1032.07, Maricopa County, Arizona","400","57","5","8","0","13","5","8","0","13","0","13","8","13","5","8","0","13","24","19","19","18","10","10","84","38","64","35","36","21","42","27","98","40",
"1500000US040131032081","Block Group 1, Census Tract 1032.08, Maricopa County, Arizona","494","139","64","75","30","34","0","13","0","13","16","25","26","29","0","13","14","21","15","23","30","32","29","34","74","63","39","45","13","21","61","58","83","54",
"1500000US040131032082","Block Group 2, Census Tract 1032.08, Maricopa County, Arizona","1092","258","45","36","53","63","58","64","102","101","25","30","64","62","71","63","53","50","23","26","145","103","182","165","156","101","90","72","0","13","25","29","0","13",
"1500000US040131032083","Block Group 3, Census Tract 1032.08, Maricopa County, Arizona","505","145","14","23","20","32","49","62","0","13","28","30","28","32","0","13","37","47","29","44","0","13","78","81","46","38","26","31","17","27","54","66","79","53",
"1500000US040131032091","Block Group 1, Census Tract 1032.09, Maricopa County, Arizona","272","92","0","13","14","23","0","13","15","25","0","13","0","13","38","40","0","13","0","13","37","32","21","32","0","13","11","20","16","24","34","43","86","76",
"1500000US040131032092","Block Group 2, Census Tract 1032.09, Maricopa County, Arizona","394","124","0","13","11","19","18","30","49","48","18","30","42","68","44","68","18","28","18","29","58","71","51","61","25","42","16","25","0","13","0","13","26","30",
"1500000US040131032093","Block Group 3, Census Tract 1032.09, Maricopa County, Arizona","787","150","15","24","0","13","0","13","50","79","0","13","0","13","23","38","14","22","16","26","32","38","77","86","47","48","153","115","105","70","23","38","232","90",
"1500000US040131032094","Block Group 4, Census Tract 1032.09, Maricopa County, Arizona","747","225","51","46","16","27","23","36","25","40","75","58","0","13","0","13","63","76","0","13","0","13","138","195","61","81","0","13","46","45","47","37","202","98",
"1500000US040131032101","Block Group 1, Census Tract 1032.10, Maricopa County, Arizona","641","260","0","13","0","13","0","13","0","13","58","80","0","13","82","77","81","78","14","21","68","69","30","34","11","18","31","37","56","51","17","26","193","238",
"1500000US040131032102","Block Group 2, Census Tract 1032.10, Maricopa County, Arizona","1175","430","87","81","46","42","29","39","20","23","41","67","275","430","34","53","33","37","0","13","72","66","148","117","183","138","30","36","36","45","106","108","35","57",
"1500000US040131032103","Block Group 3, Census Tract 1032.10, Maricopa County, Arizona","556","153","0","13","13","21","27","43","11","17","0","13","60","44","15","25","10","16","14","22","15","25","28","39","198","162","152","127","0","13","13","19","0","13",
"1500000US040131032104","Block Group 4, Census Tract 1032.10, Maricopa County, Arizona","538","154","50","59","31","49","0","13","26","30","84","75","60","79","33","39","0","13","27","32","87","77","29","32","58","64","14","21","39","44","0","13","0","13",
"1500000US040131032105","Block Group 5, Census Tract 1032.10, Maricopa County, Arizona","845","171","70","65","28","32","15","24","62","78","110","100","57","61","13","20","11","19","82","85","63","51","150","82","80","77","87","89","0","13","0","13","17","26",
"1500000US040131032111","Block Group 1, Census Tract 1032.11, Maricopa County, Arizona","488","121","0","13","9","14","5","9","0","13","0","13","9","14","41","33","0","13","14","20","5","8","35","33","93","63","92","99","78","45","57","32","50","61",
"1500000US040131032112","Block Group 2, Census Tract 1032.11, Maricopa County, Arizona","665","96","0","13","27","38","0","13","22","24","9","14","12","18","11","17","0","13","0","13","51","41","84","47","78","44","77","38","60","52","113","53","121","56",
"1500000US040131032113","Block Group 3, Census Tract 1032.11, Maricopa County, Arizona","604","162","11","18","0","13","29","43","48","39","17","19","29","25","41","43","0","13","22","23","63","39","91","100","47","36","116","105","9","15","34","33","47","53",
"1500000US040131032121","Block Group 1, Census Tract 1032.12, Maricopa County, Arizona","649","178","1","7","10","16","10","16","11","16","0","13","9","14","9","14","0","13","117","180","24","22","31","25","75","48","114","65","44","46","67","42","127","68",
"1500000US040131032122","Block Group 2, Census Tract 1032.12, Maricopa County, Arizona","553","98","10","15","0","13","0","13","2","4","9","14","26","29","0","13","39","51","0","13","50","53","34","29","130","62","51","34","39","32","86","53","77","46",
"1500000US040131032123","Block Group 3, Census Tract 1032.12, Maricopa County, Arizona","415","108","0","13","0","13","8","14","20","22","10","16","8","14","0","13","0","13","9","14","0","13","47","30","86","83","79","40","10","13","106","60","32","29",
"1500000US040131032141","Block Group 1, Census Tract 1032.14, Maricopa County, Arizona","391","81","0","13","0","13","0","13","15","22","0","13","0","13","0","13","0","13","20","21","7","11","70","56","22","35","38","31","103","48","60","42","56","53",
"1500000US040131032142","Block Group 2, Census Tract 1032.14, Maricopa County, Arizona","666","134","0","13","21","32","12","18","37","58","9","13","25","23","16","24","9","14","0","13","14","15","30","23","93","41","60","32","68","41","114","53","158","117",
"1500000US040131032143","Block Group 3, Census Tract 1032.14, Maricopa County, Arizona","411","86","25","34","9","15","9","15","0","13","14","15","8","12","0","13","0","13","14","21","43","51","68","53","64","43","69","51","30","26","19","22","39","28",
"1500000US040131032151","Block Group 1, Census Tract 1032.15, Maricopa County, Arizona","464","98","8","13","0","13","7","11","0","13","16","17","7","11","9","15","25","22","0","13","24","29","51","41","34","23","50","33","33","24","80","41","120","85",
"1500000US040131032152","Block Group 2, Census Tract 1032.15, Maricopa County, Arizona","656","124","54","75","0","13","8","12","10","16","15","16","0","13","29","31","0","13","11","16","41","34","86","95","72","55","71","44","92","51","93","50","74","37",
"1500000US040131032161","Block Group 1, Census Tract 1032.16, Maricopa County, Arizona","370","89","19","31","0","13","13","22","0","13","38","42","0","13","43","48","0","13","0","13","19","28","18","28","0","13","43","43","44","63","72","54","61","46",
"1500000US040131032162","Block Group 2, Census Tract 1032.16, Maricopa County, Arizona","590","119","0","13","12","19","0","13","18","30","56","51","0","13","14","24","17","28","24","38","35","41","30","36","165","85","70","67","16","27","28","33","105","62",
"1500000US040131032163","Block Group 3, Census Tract 1032.16, Maricopa County, Arizona","768","467","0","13","40","41","0","13","0","13","0","13","71","57","0","13","0","13","28","31","57","70","41","46","66","76","67","67","0","13","61","59","337","470",
"1500000US040131032164","Block Group 4, Census Tract 1032.16, Maricopa County, Arizona","736","324","15","24","0","13","41","60","0","13","57","71","0","13","108","104","26","32","194","309","48","45","33","37","65","64","54","78","19","26","57","61","19","22",
"1500000US040131032171","Block Group 1, Census Tract 1032.17, Maricopa County, Arizona","490","113","5","7","0","13","20","32","0","13","20","25","15","26","14","23","0","13","0","13","34","37","31","35","63","58","51","69","24","39","122","100","91","70",
"1500000US040131032172","Block Group 2, Census Tract 1032.17, Maricopa County, Arizona","682","282","166","268","0","13","0","13","0","13","33","37","0","13","15","25","52","58","0","13","23","35","15","24","83","59","104","90","29","33","129","108","33","36",
"1500000US040131032173","Block Group 3, Census Tract 1032.17, Maricopa County, Arizona","444","103","0","13","36","39","20","32","0","13","16","25","13","20","49","62","25","39","16","25","0","13","13","19","42","46","78","48","26","31","7","12","103","62",
"1500000US040131032174","Block Group 4, Census Tract 1032.17, Maricopa County, Arizona","851","170","18","29","0","13","0","13","124","121","0","13","0","13","74","61","38","61","41","67","66","63","123","127","174","121","109","124","11","18","67","81","6","10",
"1500000US040131032191","Block Group 1, Census Tract 1032.19, Maricopa County, Arizona","862","205","56","67","0","13","11","19","0","13","8","13","0","13","17","27","0","13","0","13","37","29","125","60","171","172","125","68","65","46","50","48","197","84",
"1500000US040131032192","Block Group 2, Census Tract 1032.19, Maricopa County, Arizona","426","80","28","43","0","13","0","13","11","14","0","13","21","21","0","13","29","34","26","31","7","12","65","59","30","30","7","11","40","36","99","54","63","50",
"1500000US040131032193","Block Group 3, Census Tract 1032.19, Maricopa County, Arizona","397","85","7","11","9","14","0","13","0","13","0","13","31","38","8","13","4","6","28","33","46","46","27","26","72","38","24","25","43","41","74","59","24","19",
"1500000US040131032201","Block Group 1, Census Tract 1032.20, Maricopa County, Arizona","372","81","0","13","7","11","0","13","0","13","7","11","7","10","0","13","13","15","0","13","8","15","40","25","43","33","52","42","12","14","58","36","125","73",
"1500000US040131032202","Block Group 2, Census Tract 1032.20, Maricopa County, Arizona","429","251","7","11","13","15","0","13","0","13","15","18","35","34","0","13","13","16","31","41","28","33","24","38","34","26","0","13","11","10","178","242","40","29",
"1500000US040131032203","Block Group 3, Census Tract 1032.20, Maricopa County, Arizona","568","118","28","33","58","50","0","13","0","13","44","44","30","37","29","38","6","9","7","11","36","22","72","59","70","52","85","51","80","56","14","18","9","14",
"1500000US040131033021","Block Group 1, Census Tract 1033.02, Maricopa County, Arizona","433","110","30","35","18","27","16","25","0","13","0","13","0","13","24","37","0","13","12","20","61","70","31","36","111","73","17","27","56","69","57","57","0","13",
"1500000US040131033022","Block Group 2, Census Tract 1033.02, Maricopa County, Arizona","947","239","14","23","0","13","22","36","20","32","0","13","41","45","0","13","71","83","39","57","84","131","242","121","86","59","191","182","76","86","49","49","12","20",
"1500000US040131033023","Block Group 3, Census Tract 1033.02, Maricopa County, Arizona","292","119","13","21","0","13","0","13","16","25","0","13","53","56","16","26","0","13","99","81","77","70","18","29","0","13","0","13","0","13","0","13","0","13",
"1500000US040131033024","Block Group 4, Census Tract 1033.02, Maricopa County, Arizona","316","125","0","13","0","13","48","58","0","13","36","47","15","24","0","13","12","21","16","28","74","126","14","25","29","33","44","34","18","29","0","13","10","17",
"1500000US040131033025","Block Group 5, Census Tract 1033.02, Maricopa County, Arizona","215","77","0","13","13","22","0","13","0","13","38","43","41","64","0","13","0","13","0","13","38","41","12","19","10","17","48","66","0","13","15","23","0","13",
"1500000US040131033031","Block Group 1, Census Tract 1033.03, Maricopa County, Arizona","666","151","0","13","0","13","0","13","37","34","15","19","16","13","54","50","25","37","45","66","55","38","53","56","92","58","82","47","50","43","106","134","36","37",
"1500000US040131033032","Block Group 2, Census Tract 1033.03, Maricopa County, Arizona","640","169","24","23","22","24","8","12","47","38","51","44","115","152","84","70","14","16","8","12","100","61","69","45","80","46","7","11","0","13","11","17","0","13",
"1500000US040131033033","Block Group 3, Census Tract 1033.03, Maricopa County, Arizona","395","118","32","35","24","18","0","13","16","19","24","36","33","40","26","25","18","20","0","13","0","13","70","56","44","45","74","91","8","14","9","14","17","21",
"1500000US040131033041","Block Group 1, Census Tract 1033.04, Maricopa County, Arizona","703","201","51","56","40","42","69","55","42","50","7","13","91","75","42","44","28","45","25","26","74","72","64","48","111","155","38","39","21","28","0","13","0","13",
"1500000US040131033042","Block Group 2, Census Tract 1033.04, Maricopa County, Arizona","366","115","11","16","85","76","40","48","28","33","0","13","31","47","52","60","0","13","0","13","19","22","77","70","0","13","0","13","0","13","23","36","0","13",
"1500000US040131033043","Block Group 3, Census Tract 1033.04, Maricopa County, Arizona","584","166","36","33","59","63","46","54","9","17","0","13","108","80","26","36","0","13","21","31","99","94","85","75","49","38","12","18","0","13","34","45","0","13",
"1500000US040131033051","Block Group 1, Census Tract 1033.05, Maricopa County, Arizona","456","89","67","38","9","14","6","9","40","32","36","32","18","26","46","34","40","35","28","30","120","74","4","7","25","32","4","7","5","8","0","13","8","14",
"1500000US040131033052","Block Group 2, Census Tract 1033.05, Maricopa County, Arizona","708","251","36","40","8","10","40","28","41","33","170","215","38","30","24","30","53","54","41","43","64","54","92","94","48","49","29","27","0","13","9","16","15","19",
"1500000US040131033061","Block Group 1, Census Tract 1033.06, Maricopa County, Arizona","381","93","30","33","32","35","50","40","0","13","34","39","49","45","19","30","0","13","0","13","44","40","50","43","29","35","16","26","17","28","11","17","0","13",
"1500000US040131033062","Block Group 2, Census Tract 1033.06, Maricopa County, Arizona","970","152","79","50","85","59","105","57","29","34","54","42","29","35","135","79","35","37","62","49","30","38","84","61","153","119","36","33","27","32","20","25","7","11",
"1500000US040131034001","Block Group 1, Census Tract 1034, Maricopa County, Arizona","468","111","22","30","6","9","63","76","0","13","10","14","0","13","0","13","26","28","29","37","8","14","51","51","91","70","55","34","47","57","27","25","33","51",
"1500000US040131034002","Block Group 2, Census Tract 1034, Maricopa County, Arizona","650","199","18","30","19","23","18","17","68","56","0","13","108","165","27","30","7","12","6","10","87","55","39","33","59","51","103","69","54","54","12","18","25","28",
"1500000US040131034003","Block Group 3, Census Tract 1034, Maricopa County, Arizona","289","83","0","13","28","32","0","13","0","13","0","13","25","27","20","25","25","30","0","13","42","51","0","13","62","35","3","7","20","26","64","65","0","13",
"1500000US040131034004","Block Group 4, Census Tract 1034, Maricopa County, Arizona","412","135","1","2","79","123","6","11","0","13","14","21","0","13","0","13","18","25","23","24","27","33","20","20","94","51","38","43","13","22","66","68","13","22",
"1500000US040131035011","Block Group 1, Census Tract 1035.01, Maricopa County, Arizona","513","108","31","49","31","50","13","20","54","47","0","13","12","18","40","40","60","54","25","23","4","13","42","46","113","57","38","49","11","17","7","13","32","52",
"1500000US040131035012","Block Group 2, Census Tract 1035.01, Maricopa County, Arizona","392","123","0","13","0","13","19","22","29","27","10","17","65","106","15","23","10","15","8","12","0","13","36","32","64","55","58","29","35","33","16","17","27","24",
"1500000US040131035013","Block Group 3, Census Tract 1035.01, Maricopa County, Arizona","353","74","10","17","19","23","16","17","0","13","11","17","10","15","0","13","10","15","0","13","11","17","15","16","48","48","27","19","80","45","55","41","41","44",
"1500000US040131035021","Block Group 1, Census Tract 1035.02, Maricopa County, Arizona","622","157","99","135","20","33","0","13","19","29","19","28","46","53","13","21","29","34","93","104","19","33","12","18","75","84","30","34","16","27","119","70","13","21",
"1500000US040131035022","Block Group 2, Census Tract 1035.02, Maricopa County, Arizona","390","104","0","13","0","13","3","6","0","13","0","13","0","13","16","25","33","36","20","38","41","55","40","33","97","70","16","33","112","94","0","13","12","20",
"1500000US040131035023","Block Group 3, Census Tract 1035.02, Maricopa County, Arizona","441","111","0","13","0","13","16","25","0","13","16","26","0","13","32","46","0","13","17","26","31","37","58","42","116","91","48","40","63","67","32","50","12","19",
"1500000US040131035024","Block Group 4, Census Tract 1035.02, Maricopa County, Arizona","516","192","60","91","21","36","83","134","0","13","0","13","0","13","34","53","16","26","16","26","19","30","96","65","40","38","87","73","16","26","28","32","0","13",
"1500000US040131035025","Block Group 5, Census Tract 1035.02, Maricopa County, Arizona","516","180","0","13","0","13","0","13","0","13","30","35","0","13","20","31","35","41","86","89","93","92","21","33","90","108","109","104","16","25","0","13","16","25",
"1500000US040131036041","Block Group 1, Census Tract 1036.04, Maricopa County, Arizona","584","112","17","20","57","67","53","72","12","19","12","20","33","52","73","62","46","50","27","29","69","56","49","56","48","42","59","43","19","26","10","16","0","13",
"1500000US040131036042","Block Group 2, Census Tract 1036.04, Maricopa County, Arizona","493","132","0","13","0","13","31","29","20","22","9","15","0","13","19","22","0","13","10","14","17","19","40","33","49","40","138","119","30","36","46","45","84","45",
"1500000US040131036043","Block Group 3, Census Tract 1036.04, Maricopa County, Arizona","770","113","43","46","17","21","8","13","85","67","101","61","59","60","33","38","0","13","74","65","90","53","31","32","112","74","27","24","38","43","11","18","41","23",
"1500000US040131036051","Block Group 1, Census Tract 1036.05, Maricopa County, Arizona","576","121","18","28","0","13","18","28","20","25","0","13","0","13","15","24","75","92","40","45","95","74","21","34","22","29","73","60","21","26","29","38","129","74",
"1500000US040131036052","Block Group 2, Census Tract 1036.05, Maricopa County, Arizona","826","142","23","27","0","13","0","13","14","23","19","31","0","13","19","31","39","44","60","65","42","42","32","38","54","46","200","119","106","90","42","40","176","92",
"1500000US040131036053","Block Group 3, Census Tract 1036.05, Maricopa County, Arizona","480","111","0","13","22","35","19","30","33","37","51","49","0","13","15","23","31","37","9","15","27","32","20","31","108","75","44","36","15","23","50","61","36","41",
"1500000US040131036054","Block Group 4, Census Tract 1036.05, Maricopa County, Arizona","584","324","0","13","0","13","0","13","0","13","0","13","0","13","17","28","14","23","13","21","0","13","8","13","32","37","33","41","118","100","43","47","306","336",
"1500000US040131036061","Block Group 1, Census Tract 1036.06, Maricopa County, Arizona","524","94","18","20","52","51","17","19","21","23","0","13","34","27","64","62","0","13","44","41","18","20","57","48","105","61","27","19","47","46","9","13","11","16",
"1500000US040131036062","Block Group 2, Census Tract 1036.06, Maricopa County, Arizona","503","73","11","17","0","13","5","9","0","13","0","13","0","13","0","13","27","23","42","47","90","60","25","26","83","47","65","38","50","42","23","35","82","41",
"1500000US040131036063","Block Group 3, Census Tract 1036.06, Maricopa County, Arizona","805","165","0","13","33","36","13","19","46","39","52","49","47","35","17","19","18","21","59","38","37","30","88","63","88","51","59","43","93","64","130","141","25","22",
"1500000US040131036071","Block Group 1, Census Tract 1036.07, Maricopa County, Arizona","397","85","16","18","19","21","9","15","8","13","11","17","8","13","28","26","11","17","47","57","14","16","26","26","91","62","7","12","78","64","11","19","13","14",
"1500000US040131036072","Block Group 2, Census Tract 1036.07, Maricopa County, Arizona","556","102","61","53","0","13","53","57","0","13","15","17","3","7","11","16","20","23","29","34","8","13","16","18","88","51","92","62","49","42","101","70","10","16",
"1500000US040131036073","Block Group 3, Census Tract 1036.07, Maricopa County, Arizona","437","118","14","23","0","13","53","84","9","15","4","6","18","20","0","13","12","18","0","13","19","21","22","20","18","18","21","23","4","7","87","70","156","67",
"1500000US040131036074","Block Group 4, Census Tract 1036.07, Maricopa County, Arizona","338","70","37","25","6","11","11","17","10","15","0","13","0","13","9","14","15","17","10","16","18","28","21","24","37","27","29","27","16","19","39","29","80","44",
"1500000US040131036081","Block Group 1, Census Tract 1036.08, Maricopa County, Arizona","900","176","37","47","6","10","0","13","16","19","36","42","15","17","35","40","51","42","37","43","33","28","54","44","275","154","90","51","78","55","51","46","86","57",
"1500000US040131036082","Block Group 2, Census Tract 1036.08, Maricopa County, Arizona","674","118","16","25","8","14","0","13","60","53","91","85","70","44","47","41","0","13","0","13","52","44","97","62","67","87","48","35","13","20","48","55","57","57",
"1500000US040131036091","Block Group 1, Census Tract 1036.09, Maricopa County, Arizona","746","429","283","426","60","94","44","40","0","13","0","13","0","13","36","44","40","44","10","17","0","13","21","20","213","104","26","34","0","13","0","13","13","21",
"1500000US040131036092","Block Group 2, Census Tract 1036.09, Maricopa County, Arizona","483","121","4","9","0","13","14","19","34","53","8","13","58","75","12","19","0","13","27","32","27","31","58","68","59","51","66","55","32","31","66","82","18","29",
"1500000US040131036093","Block Group 3, Census Tract 1036.09, Maricopa County, Arizona","787","438","13","22","0","13","28","33","253","408","70","69","111","109","37","58","61","93","0","13","62","61","87","82","65","66","0","13","0","13","0","13","0","13",
"1500000US040131036094","Block Group 4, Census Tract 1036.09, Maricopa County, Arizona","806","160","69","74","0","13","53","61","54","41","63","62","30","36","40","63","190","112","149","114","16","26","142","109","0","13","0","13","0","13","0","13","0","13",
"1500000US040131036111","Block Group 1, Census Tract 1036.11, Maricopa County, Arizona","681","169","66","83","0","13","0","13","0","13","0","13","19","32","45","71","53","52","0","13","0","13","55","82","227","137","141","93","30","36","30","37","15","25",
"1500000US040131036112","Block Group 2, Census Tract 1036.11, Maricopa County, Arizona","449","98","0","13","0","13","0","13","0","13","6","11","17","35","0","13","0","13","0","13","11","18","78","51","78","59","19","30","124","89","30","36","86","47",
"1500000US040131036113","Block Group 3, Census Tract 1036.11, Maricopa County, Arizona","1102","166","0","13","0","13","27","30","16","24","43","56","22","29","14","24","8","30","71","71","89","67","54","45","199","114","49","50","119","74","68","60","323","135",
"1500000US040131036121","Block Group 1, Census Tract 1036.12, Maricopa County, Arizona","648","337","32","38","53","84","150","116","46","43","41","64","0","13","0","13","8","17","0","13","0","13","0","13","270","305","0","13","48","76","0","13","0","13",
"1500000US040131036122","Block Group 2, Census Tract 1036.12, Maricopa County, Arizona","399","98","23","36","0","13","0","13","22","34","0","13","0","13","15","26","0","13","24","35","42","59","32","36","49","47","69","58","47","54","33","40","43","38",
"1500000US040131036123","Block Group 3, Census Tract 1036.12, Maricopa County, Arizona","635","146","0","13","47","60","0","13","0","13","48","69","0","13","19","27","18","29","45","44","58","55","20","32","38","43","64","56","73","59","74","58","131","100",
"1500000US040131036124","Block Group 4, Census Tract 1036.12, Maricopa County, Arizona","971","321","16","26","0","13","71","74","74","122","15","26","56","71","128","189","62","79","41","65","320","230","48","56","140","113","0","13","0","13","0","13","0","13",
"1500000US040131036141","Block Group 1, Census Tract 1036.14, Maricopa County, Arizona","802","272","194","258","20","23","16","23","20","23","22","32","0","13","52","39","18","16","6","10","35","25","89","55","114","60","58","42","50","31","47","39","61","42",
"1500000US040131036142","Block Group 2, Census Tract 1036.14, Maricopa County, Arizona","481","99","5","7","0","13","9","14","0","13","17","19","8","13","19","22","25","31","31","28","9","13","64","48","34","27","80","46","52","46","100","64","28","31",
"1500000US040131036151","Block Group 1, Census Tract 1036.15, Maricopa County, Arizona","420","163","23","21","26","29","0","13","9","14","22","38","19","21","22","35","18","27","37","37","23","24","142","142","35","33","15","26","16","24","13","17","0","13",
"1500000US040131036152","Block Group 2, Census Tract 1036.15, Maricopa County, Arizona","692","140","63","56","81","59","100","60","22","34","0","13","27","32","77","57","54","44","19","31","43","35","36","33","70","56","82","86","0","13","0","13","18","28",
"1500000US040131036153","Block Group 3, Census Tract 1036.15, Maricopa County, Arizona","751","131","139","66","94","55","59","61","106","96","74","55","50","46","32","35","0","13","0","13","99","64","89","77","9","15","0","13","0","13","0","13","0","13",
"1500000US040131037011","Block Group 1, Census Tract 1037.01, Maricopa County, Arizona","725","211","84","92","44","72","91","107","127","104","94","86","19","29","25","29","13","24","0","13","177","155","0","13","34","43","0","13","0","13","9","15","8","12",
"1500000US040131037012","Block Group 2, Census Tract 1037.01, Maricopa County, Arizona","1149","206","148","115","0","13","19","26","18","29","28","44","108","66","50","57","134","96","0","13","63","81","129","90","116","69","176","125","16","27","28","33","116","52",
"1500000US040131037013","Block Group 3, Census Tract 1037.01, Maricopa County, Arizona","464","146","33","41","78","76","40","74","38","39","0","13","0","13","29","34","0","13","0","13","100","85","49","40","87","91","0","13","10","16","0","13","0","13",
"1500000US040131037021","Block Group 1, Census Tract 1037.02, Maricopa County, Arizona","278","74","13","16","18","24","12","15","8","13","0","13","29","26","0","13","26","42","0","13","51","36","37","28","26","25","17","28","0","13","34","26","7","11",
"1500000US040131037022","Block Group 2, Census Tract 1037.02, Maricopa County, Arizona","696","96","11","13","26","41","14","15","19","17","0","13","0","13","35","47","0","13","0","13","99","64","78","47","129","61","96","55","59","39","60","53","70","49",
"1500000US040131037023","Block Group 3, Census Tract 1037.02, Maricopa County, Arizona","659","222","26","24","32","40","17","19","51","56","28","33","16","18","10","15","0","13","9","14","8","13","197","187","120","59","95","103","7","12","19","27","24","22",
"1500000US040131039001","Block Group 1, Census Tract 1039, Maricopa County, Arizona","541","295","0","13","20","32","21","32","0","13","39","57","0","13","14","27","0","13","0","13","0","13","36","41","144","108","267","273","0","13","0","13","0","13",
"1500000US040131039002","Block Group 2, Census Tract 1039, Maricopa County, Arizona","503","194","16","26","0","13","0","13","35","39","38","60","22","35","49","73","34","40","68","109","77","95","135","126","29","33","0","13","0","13","0","13","0","13",
"1500000US040131039003","Block Group 3, Census Tract 1039, Maricopa County, Arizona","504","156","0","13","0","13","18","32","22","35","87","113","37","43","12","19","15","25","44","57","20","32","52","67","57","56","122","113","18","31","0","13","0","13",
"1500000US040131039004","Block Group 4, Census Tract 1039, Maricopa County, Arizona","880","162","40","55","17","27","19","28","27","32","135","120","84","62","11","18","126","120","100","104","105","74","101","88","12","21","0","13","61","61","10","21","32","43",
"1500000US040131040001","Block Group 1, Census Tract 1040, Maricopa County, Arizona","682","231","66","78","135","191","68","54","81","83","0","13","16","26","36","57","6","25","97","98","14","25","117","101","18","29","8","19","0","13","0","13","20","34",
"1500000US040131040002","Block Group 2, Census Tract 1040, Maricopa County, Arizona","490","168","26","43","39","58","0","13","0","13","0","13","14","22","54","64","10","18","0","13","36","45","41","64","86","81","147","141","0","13","37","41","0","13",
"1500000US040131040003","Block Group 3, Census Tract 1040, Maricopa County, Arizona","590","151","0","13","33","38","8","20","43","63","0","13","118","117","92","103","44","47","43","47","15","24","79","56","38","43","32","37","30","31","15","26","0","13",
"1500000US040131040004","Block Group 4, Census Tract 1040, Maricopa County, Arizona","1435","703","98","93","55","74","35","41","257","316","0","13","369","564","20","33","57","54","14","23","281","243","54","64","48","69","86","81","18","29","0","13","43","74",
"1500000US040131041001","Block Group 1, Census Tract 1041, Maricopa County, Arizona","728","198","114","95","0","13","76","120","68","67","32","42","80","77","155","116","30","47","30","48","93","88","27","33","23","36","0","13","0","13","0","13","0","13",
"1500000US040131041002","Block Group 2, Census Tract 1041, Maricopa County, Arizona","708","273","36","40","29","49","18","31","0","13","10","19","11","15","8","23","22","41","0","13","161","146","90","82","55","67","184","228","84","95","0","13","0","13",
"1500000US040131041003","Block Group 3, Census Tract 1041, Maricopa County, Arizona","667","343","67","108","0","13","0","13","17","30","0","13","99","95","0","13","0","13","0","13","14","22","113","89","295","318","29","37","0","13","20","31","13","22",
"1500000US040131041004","Block Group 4, Census Tract 1041, Maricopa County, Arizona","501","145","62","70","0","13","6","13","0","13","0","13","28","53","59","87","55","50","183","116","0","13","50","42","28","36","10","18","13","25","0","13","7","18",
"1500000US040131042021","Block Group 1, Census Tract 1042.02, Maricopa County, Arizona","468","90","22","29","0","13","12","16","0","13","53","58","81","58","15","19","8","13","0","13","39","23","100","62","29","29","56","40","21","24","19","18","13","22",
"1500000US040131042022","Block Group 2, Census Tract 1042.02, Maricopa County, Arizona","619","108","31","34","0","13","1","3","0","13","9","14","8","13","8","12","39","30","12","18","128","89","70","39","81","52","104","78","20","20","49","48","59","52",
"1500000US040131042023","Block Group 3, Census Tract 1042.02, Maricopa County, Arizona","606","148","21","23","37","36","11","19","28","43","9","14","14","16","24","23","5","8","15","16","76","54","23","21","121","78","53","37","27","29","137","134","5","7",
"1500000US040131042031","Block Group 1, Census Tract 1042.03, Maricopa County, Arizona","439","165","6","13","0","13","0","13","0","13","0","13","30","47","20","32","54","53","36","45","30","48","185","124","55","59","14","24","9","15","0","13","0","13",
"1500000US040131042032","Block Group 2, Census Tract 1042.03, Maricopa County, Arizona","477","179","0","13","0","13","0","13","95","128","0","13","0","13","0","13","0","13","0","13","29","35","118","73","60","69","23","30","33","38","119","140","0","13",
"1500000US040131042033","Block Group 3, Census Tract 1042.03, Maricopa County, Arizona","241","93","23","41","44","71","16","27","26","40","0","13","23","35","6","12","0","13","0","13","17","31","23","32","54","81","0","13","0","13","9","15","0","13",
"1500000US040131042034","Block Group 4, Census Tract 1042.03, Maricopa County, Arizona","500","170","0","13","0","13","0","13","26","53","0","13","0","13","5","9","26","42","0","13","186","170","57","54","82","77","37","45","47","73","26","30","8","13",
"1500000US040131042035","Block Group 5, Census Tract 1042.03, Maricopa County, Arizona","626","175","8","12","11","20","5","15","10","16","91","65","34","40","14","22","0","13","0","13","66","83","14","24","125","84","144","128","25","44","52","58","27","43",
"1500000US040131042041","Block Group 1, Census Tract 1042.04, Maricopa County, Arizona","384","73","0","13","8","12","10","15","11","17","25","35","8","14","16","18","16","27","19","23","59","51","46","37","73","40","48","61","26","28","19","15","0","13",
"1500000US040131042042","Block Group 2, Census Tract 1042.04, Maricopa County, Arizona","582","101","0","13","11","17","38","40","0","13","7","13","55","56","32","24","40","28","8","13","50","40","52","41","139","86","37","32","53","57","41","33","19","23",
"1500000US040131042051","Block Group 1, Census Tract 1042.05, Maricopa County, Arizona","427","101","31","43","0","13","0","13","20","31","0","13","0","13","0","13","0","13","0","13","48","52","37","45","56","53","143","96","47","43","20","34","25","39",
"1500000US040131042052","Block Group 2, Census Tract 1042.05, Maricopa County, Arizona","972","327","202","137","26","42","0","13","46","74","87","57","243","265","0","13","161","117","35","41","50","80","65","83","57","52","0","13","0","13","0","13","0","13",
"1500000US040131042053","Block Group 3, Census Tract 1042.05, Maricopa County, Arizona","286","96","0","13","0","13","18","28","0","13","33","53","34","50","39","45","17","27","0","13","0","13","0","13","56","53","31","45","0","13","16","24","42","53",
"1500000US040131042054","Block Group 4, Census Tract 1042.05, Maricopa County, Arizona","1044","282","265","169","61","74","148","181","31","36","114","95","41","68","32","37","20","31","0","13","29","36","203","191","65","84","35","41","0","13","0","13","0","13",
"1500000US040131042061","Block Group 1, Census Tract 1042.06, Maricopa County, Arizona","385","97","55","58","7","10","23","22","40","37","0","13","9","14","9","14","8","11","60","59","44","39","55","35","44","25","25","24","0","13","0","13","6","9",
"1500000US040131042062","Block Group 2, Census Tract 1042.06, Maricopa County, Arizona","445","128","58","48","0","13","29","34","0","13","41","50","39","54","0","13","32","32","11","17","28","29","45","35","72","69","9","15","52","55","20","34","9","14",
"1500000US040131042063","Block Group 3, Census Tract 1042.06, Maricopa County, Arizona","471","122","0","13","9","14","7","12","88","103","10","16","7","11","33","42","6","11","11","15","39","28","72","60","165","82","10","16","0","13","14","21","0","13",
"1500000US040131042071","Block Group 1, Census Tract 1042.07, Maricopa County, Arizona","647","217","7","11","23","26","0","13","16","17","0","13","123","177","17","20","9","15","0","13","56","44","72","37","150","72","44","42","52","38","35","35","43","41",
"1500000US040131042072","Block Group 2, Census Tract 1042.07, Maricopa County, Arizona","520","126","0","13","0","13","0","13","9","14","29","27","12","18","0","13","0","13","0","13","21","22","140","112","101","68","89","61","42","34","59","38","18","23",
"1500000US040131042073","Block Group 3, Census Tract 1042.07, Maricopa County, Arizona","672","121","82","65","46","47","40","38","75","59","21","24","76","56","16","19","56","68","78","59","78","42","30","26","59","55","9","14","6","10","0","13","0","13",
"1500000US040131042121","Block Group 1, Census Tract 1042.12, Maricopa County, Arizona","305","132","0","13","0","13","0","13","51","90","44","67","0","13","20","31","103","93","0","13","72","95","0","13","0","13","0","13","0","13","15","25","0","13",
"1500000US040131042122","Block Group 2, Census Tract 1042.12, Maricopa County, Arizona","576","292","0","13","88","144","0","13","28","39","14","22","0","13","28","28","0","13","0","13","26","30","192","235","98","68","30","38","0","13","29","47","43","48",
"1500000US040131042123","Block Group 3, Census Tract 1042.12, Maricopa County, Arizona","579","153","24","34","0","13","0","13","0","13","14","23","25","59","0","13","38","44","0","13","181","115","75","63","106","116","74","61","30","36","0","13","12","20",
"1500000US040131042124","Block Group 4, Census Tract 1042.12, Maricopa County, Arizona","649","192","15","26","27","30","0","13","0","13","36","43","38","47","13","23","21","33","0","13","23","29","164","132","92","78","220","149","0","13","0","13","0","13",
"1500000US040131042141","Block Group 1, Census Tract 1042.14, Maricopa County, Arizona","414","65","8","11","7","10","0","13","13","15","15","14","0","13","30","27","28","32","33","28","30","23","66","36","59","28","54","46","24","24","26","17","21","19",
"1500000US040131042142","Block Group 2, Census Tract 1042.14, Maricopa County, Arizona","466","206","121","177","0","13","0","13","30","27","6","8","11","12","0","13","11","12","5","7","111","98","36","24","20","15","29","20","32","24","31","21","23","26",
"1500000US040131042151","Block Group 1, Census Tract 1042.15, Maricopa County, Arizona","264","103","0","13","0","13","16","18","9","14","42","49","12","20","6","11","42","48","10","18","16","18","24","29","25","38","0","13","56","80","6","10","0","13",
"1500000US040131042152","Block Group 2, Census Tract 1042.15, Maricopa County, Arizona","362","106","33","33","18","22","83","74","41","52","20","23","20","23","35","41","33","39","0","13","42","41","16","18","9","13","12","19","0","13","0","13","0","13",
"1500000US040131042153","Block Group 3, Census Tract 1042.15, Maricopa County, Arizona","257","83","0","13","7","11","0","13","0","13","0","13","26","43","0","13","29","45","7","11","9","18","7","10","58","46","35","28","42","38","37","37","0","13",
"1500000US040131042154","Block Group 4, Census Tract 1042.15, Maricopa County, Arizona","128","49","0","13","0","13","0","13","0","13","0","13","21","19","0","13","0","13","26","39","0","13","0","13","45","29","13","21","9","14","14","15","0","13",
"1500000US040131042155","Block Group 5, Census Tract 1042.15, Maricopa County, Arizona","517","128","0","13","0","13","0","13","25","25","48","60","16","16","28","31","19","31","7","12","6","10","101","56","29","27","107","57","81","89","27","26","23","26",
"1500000US040131042161","Block Group 1, Census Tract 1042.16, Maricopa County, Arizona","606","101","84","71","65","47","24","24","0","13","40","24","64","52","9","14","33","31","45","42","88","56","10","15","83","67","47","48","14","16","0","13","0","13",
"1500000US040131042162","Block Group 2, Census Tract 1042.16, Maricopa County, Arizona","441","183","0","13","0","13","9","14","25","34","8","14","0","13","43","51","10","15","0","13","0","13","41","35","208","178","30","29","32","31","14","18","21","27",
"1500000US040131042163","Block Group 3, Census Tract 1042.16, Maricopa County, Arizona","903","222","16","20","0","13","21","23","0","13","46","45","44","41","7","11","52","55","19","28","99","46","261","207","149","63","103","59","43","28","23","22","20","20",
"1500000US040131042171","Block Group 1, Census Tract 1042.17, Maricopa County, Arizona","628","115","8","14","31","30","0","13","0","13","15","18","24","24","6","11","35","29","49","45","80","75","77","50","169","83","55","47","30","25","25","22","24","28",
"1500000US040131042172","Block Group 2, Census Tract 1042.17, Maricopa County, Arizona","583","95","38","38","0","13","45","47","0","13","8","12","21","32","10","16","29","42","18","20","46","44","90","63","176","80","42","42","22","27","29","27","9","16",
"1500000US040131042173","Block Group 3, Census Tract 1042.17, Maricopa County, Arizona","642","123","50","43","39","26","35","42","27","24","20","22","56","38","52","45","81","47","35","28","87","81","57","41","54","42","9","14","20","24","20","21","0","13",
"1500000US040131042181","Block Group 1, Census Tract 1042.18, Maricopa County, Arizona","313","99","38","38","8","13","38","62","0","13","0","13","0","13","11","19","7","12","14","23","13","17","31","28","71","49","61","32","15","23","6","12","0","13",
"1500000US040131042182","Block Group 2, Census Tract 1042.18, Maricopa County, Arizona","353","88","15","23","9","13","0","13","0","13","0","13","8","12","37","51","44","53","11","17","50","46","18","22","16","18","38","32","58","41","49","53","0","13",
"1500000US040131042183","Block Group 3, Census Tract 1042.18, Maricopa County, Arizona","645","129","66","63","40","44","9","17","19","24","0","13","57","43","143","96","32","27","19","28","58","47","35","37","132","90","35","51","0","13","0","13","0","13",
"1500000US040131042191","Block Group 1, Census Tract 1042.19, Maricopa County, Arizona","650","340","12","13","0","13","0","13","11","12","0","13","12","12","20","23","6","8","34","21","257","339","74","39","97","51","66","30","22","20","18","17","21","15",
"1500000US040131042192","Block Group 2, Census Tract 1042.19, Maricopa County, Arizona","551","115","11","12","11","12","74","90","5","11","30","17","28","39","0","13","19","18","17","15","21","18","75","40","79","40","106","57","36","33","22","24","17","18",
"1500000US040131042211","Block Group 1, Census Tract 1042.21, Maricopa County, Arizona","452","144","0","13","10","16","6","10","0","13","12","14","61","73","50","54","0","13","20","23","87","94","43","62","18","22","106","90","30","26","0","13","9","11",
"1500000US040131042212","Block Group 2, Census Tract 1042.21, Maricopa County, Arizona","552","119","10","15","28","29","0","13","80","60","30","44","17","22","6","9","24","25","10","15","10","16","98","77","114","63","23","22","72","52","21","26","9","17",
"1500000US040131042213","Block Group 3, Census Tract 1042.21, Maricopa County, Arizona","216","64","10","16","0","13","0","13","6","12","6","10","6","9","38","48","5","9","0","13","12","19","18","21","44","33","19","22","12","19","27","26","13","16",
"1500000US040131042214","Block Group 4, Census Tract 1042.21, Maricopa County, Arizona","599","135","0","13","49","81","0","13","12","19","55","57","16","18","28","43","31","45","0","13","30","23","50","41","143","77","77","49","48","42","60","50","0","13",
"1500000US040131042221","Block Group 1, Census Tract 1042.22, Maricopa County, Arizona","359","100","0","13","0","13","24","39","0","13","0","13","24","38","20","32","0","13","0","13","39","45","0","13","70","66","120","72","46","50","16","26","0","13",
"1500000US040131042222","Block Group 2, Census Tract 1042.22, Maricopa County, Arizona","368","120","0","13","0","13","25","37","0","13","0","13","0","13","0","13","22","37","0","13","112","86","0","13","60","61","117","86","0","13","32","37","0","13",
"1500000US040131042223","Block Group 3, Census Tract 1042.22, Maricopa County, Arizona","560","205","0","13","0","13","53","41","0","13","45","50","0","13","56","52","14","30","27","44","47","41","77","121","35","42","49","58","29","47","0","13","128","148",
"1500000US040131042224","Block Group 4, Census Tract 1042.22, Maricopa County, Arizona","1000","280","105","116","86","73","60","69","0","13","51","76","42","49","0","13","158","246","24","36","30","48","207","132","90","75","36","40","82","60","13","26","16","29",
"1500000US040131042231","Block Group 1, Census Tract 1042.23, Maricopa County, Arizona","260","45","0","13","0","13","6","9","0","13","5","8","4","6","9","10","7","11","0","13","13","14","9","11","25","18","45","27","48","33","39","21","50","26",
"1500000US040131042232","Block Group 2, Census Tract 1042.23, Maricopa County, Arizona","389","58","0","13","0","13","17","24","0","13","0","13","11","15","0","13","17","25","5","9","41","28","10","11","5","8","80","29","36","24","70","48","97","43",
"1500000US040131042241","Block Group 1, Census Tract 1042.24, Maricopa County, Arizona","377","115","68","64","0","13","0","13","19","37","38","41","17","28","25","39","86","79","0","13","39","47","44","71","0","13","41","43","0","13","0","13","0","13",
"1500000US040131042242","Block Group 2, Census Tract 1042.24, Maricopa County, Arizona","640","133","0","13","66","77","0","13","0","13","15","24","29","34","25","34","11","19","19","30","45","49","27","39","117","67","82","58","78","64","53","55","73","66",
"1500000US040131042243","Block Group 3, Census Tract 1042.24, Maricopa County, Arizona","1043","393","114","97","33","36","106","98","46","45","54","52","14","22","270","354","0","13","100","77","108","77","103","80","38","62","28","44","14","23","0","13","15","23",
"1500000US040131042244","Block Group 4, Census Tract 1042.24, Maricopa County, Arizona","488","135","0","13","0","13","0","13","0","13","31","47","6","9","29","36","0","13","0","13","0","13","156","89","34","37","89","84","78","56","6","11","59","78",
"1500000US040131042251","Block Group 1, Census Tract 1042.25, Maricopa County, Arizona","626","183","25","25","39","35","0","13","0","13","0","13","43","36","7","12","10","15","38","35","54","54","56","42","215","183","38","37","30","34","58","50","13","19",
"1500000US040131042252","Block Group 2, Census Tract 1042.25, Maricopa County, Arizona","328","59","7","10","23","27","0","13","15","18","11","16","0","13","12","18","20","24","7","11","11","17","24","21","49","41","33","35","49","38","29","24","38","32",
"1500000US040131042253","Block Group 3, Census Tract 1042.25, Maricopa County, Arizona","342","93","19","21","0","13","36","50","32","35","58","68","0","13","0","13","0","13","36","50","36","28","34","24","52","32","0","13","30","31","0","13","9","14",
"1500000US040131042261","Block Group 1, Census Tract 1042.26, Maricopa County, Arizona","355","103","99","80","9","13","9","15","30","49","16","18","9","18","0","13","35","32","0","13","29","27","69","51","0","13","31","30","0","13","19","22","0","13",
"1500000US040131042262","Block Group 2, Census Tract 1042.26, Maricopa County, Arizona","556","132","0","13","9","14","24","39","18","20","9","14","70","81","0","13","28","41","5","9","44","31","57","65","39","31","103","77","63","53","48","36","39","45",
"1500000US040131042263","Block Group 3, Census Tract 1042.26, Maricopa County, Arizona","328","115","18","20","19","20","45","45","10","15","19","21","0","13","49","55","0","13","0","13","102","99","45","55","10","17","0","13","11","17","0","13","0","13",
"1500000US040131042264","Block Group 4, Census Tract 1042.26, Maricopa County, Arizona","365","114","8","13","0","13","9","14","9","14","0","13","0","13","0","13","0","13","21","23","29","34","9","15","48","36","74","51","51","64","96","72","11","15",
"1500000US040131042271","Block Group 1, Census Tract 1042.27, Maricopa County, Arizona","525","142","18","15","98","121","39","35","5","8","5","8","34","40","19","23","16","14","10","10","20","21","77","51","79","56","55","37","21","14","12","13","17","19",
"1500000US040131042272","Block Group 2, Census Tract 1042.27, Maricopa County, Arizona","256","62","20","21","7","11","6","8","8","14","10","10","59","50","17","16","0","13","0","13","23","17","25","24","40","31","36","27","0","13","0","13","5","7",
"1500000US040131043011","Block Group 1, Census Tract 1043.01, Maricopa County, Arizona","661","212","32","36","0","13","10","17","11","18","10","17","10","15","48","62","15","19","137","195","42","42","67","48","147","74","35","27","14","20","47","41","36","29",
"1500000US040131043012","Block Group 2, Census Tract 1043.01, Maricopa County, Arizona","601","127","107","98","6","10","6","11","14","25","10","16","10","18","57","60","44","37","0","13","18","25","134","72","74","71","69","53","35","33","17","28","0","13",
"1500000US040131043021","Block Group 1, Census Tract 1043.02, Maricopa County, Arizona","790","163","140","74","80","65","48","43","31","26","34","28","110","100","28","20","92","69","27","27","51","46","90","59","12","17","47","56","0","13","0","13","0","13",
"1500000US040131043022","Block Group 2, Census Tract 1043.02, Maricopa County, Arizona","1127","293","51","49","47","44","83","56","48","46","74","66","16","19","197","196","90","63","48","38","265","188","91","65","24","24","83","46","10","14","0","13","0","13",
"1500000US040131044011","Block Group 1, Census Tract 1044.01, Maricopa County, Arizona","767","161","41","41","113","126","0","13","1","17","75","101","36","58","10","24","81","102","78","66","65","67","105","92","134","123","28","49","0","13","0","13","0","13",
"1500000US040131044012","Block Group 2, Census Tract 1044.01, Maricopa County, Arizona","628","205","70","111","14","22","45","71","129","130","0","13","15","27","31","49","21","27","180","127","27","32","10","18","66","85","20","33","0","13","0","13","0","13",
"1500000US040131044013","Block Group 3, Census Tract 1044.01, Maricopa County, Arizona","875","285","211","252","59","70","87","53","178","128","62","72","31","35","55","84","81","89","7","11","30","35","59","67","0","13","0","13","15","24","0","13","0","13",
"1500000US040131044021","Block Group 1, Census Tract 1044.02, Maricopa County, Arizona","318","107","15","17","9","13","97","77","22","25","68","66","27","24","25","31","0","13","0","13","0","13","9","14","16","25","0","13","30","36","0","13","0","13",
"1500000US040131044022","Block Group 2, Census Tract 1044.02, Maricopa County, Arizona","746","159","102","89","50","50","4","6","62","64","35","46","0","13","53","56","11","16","13","21","91","58","54","56","178","85","77","76","0","13","9","15","7","33",
"1500000US040131045011","Block Group 1, Census Tract 1045.01, Maricopa County, Arizona","434","75","11","16","28","34","26","31","21","23","10","16","9","14","7","10","47","45","28","32","47","35","71","59","54","39","26","20","11","17","29","34","9","13",
"1500000US040131045012","Block Group 2, Census Tract 1045.01, Maricopa County, Arizona","556","174","107","76","58","47","13","21","31","23","20","32","75","56","130","110","26","33","50","47","0","13","46","74","0","13","0","13","0","13","0","13","0","13",
"1500000US040131045013","Block Group 3, Census Tract 1045.01, Maricopa County, Arizona","546","279","56","49","52","46","0","13","37","38","22","23","46","40","41","44","18","28","0","13","48","44","38","44","9","14","0","13","179","277","0","13","0","13",
"1500000US040131045021","Block Group 1, Census Tract 1045.02, Maricopa County, Arizona","561","182","38","32","96","105","13","23","43","43","32","26","20","32","11","18","18","21","22","30","76","49","142","133","50","49","0","13","0","13","0","13","0","13",
"1500000US040131045022","Block Group 2, Census Tract 1045.02, Maricopa County, Arizona","526","146","58","48","30","48","90","69","22","34","20","23","39","41","0","13","108","88","0","13","0","13","44","40","99","70","16","26","0","13","0","13","0","13",
"1500000US040131045023","Block Group 3, Census Tract 1045.02, Maricopa County, Arizona","524","133","113","110","0","13","17","20","67","66","53","49","0","13","88","67","45","46","8","12","16","25","37","35","31","29","49","42","0","13","0","13","0","13",
"1500000US040131046001","Block Group 1, Census Tract 1046, Maricopa County, Arizona","882","225","29","27","28","41","21","24","37","44","179","178","29","27","44","56","79","50","38","36","33","31","98","69","76","43","11","13","47","48","77","72","56","39",
"1500000US040131046002","Block Group 2, Census Tract 1046, Maricopa County, Arizona","499","173","31","29","54","62","135","98","33","28","31","28","0","13","10","16","11","17","31","48","68","69","0","13","13","21","71","111","0","13","11","17","0","13",
"1500000US040131046003","Block Group 3, Census Tract 1046, Maricopa County, Arizona","357","112","31","37","0","13","23","23","0","13","30","46","0","13","11","17","18","19","6","10","20","22","71","61","93","78","44","37","10","16","0","13","0","13",
"1500000US040131047011","Block Group 1, Census Tract 1047.01, Maricopa County, Arizona","734","248","17","19","90","70","63","51","88","76","7","10","10","16","98","80","0","13","56","65","71","57","177","210","33","43","14","18","0","13","10","14","0","13",
"1500000US040131047012","Block Group 2, Census Tract 1047.01, Maricopa County, Arizona","474","116","29","28","3","5","9","14","13","15","34","38","30","19","17","19","45","48","18","19","64","70","76","58","97","60","32","33","0","13","7","12","0","13",
"1500000US040131047013","Block Group 3, Census Tract 1047.01, Maricopa County, Arizona","341","142","55","41","0","13","10","16","10","16","0","13","9","14","23","22","35","33","3","8","5","8","110","110","54","62","6","10","0","13","21","36","0","13",
"1500000US040131047021","Block Group 1, Census Tract 1047.02, Maricopa County, Arizona","352","147","8","13","84","64","13","15","8","13","51","61","0","13","0","13","29","31","0","13","16","19","8","13","95","108","40","45","0","13","0","13","0","13",
"1500000US040131047022","Block Group 2, Census Tract 1047.02, Maricopa County, Arizona","551","120","101","74","25","23","0","13","45","52","55","66","54","45","31","28","29","37","11","18","17","29","24","30","29","25","72","66","22","36","28","24","8","13",
"1500000US040131047023","Block Group 3, Census Tract 1047.02, Maricopa County, Arizona","482","126","40","40","8","13","0","13","69","49","18","21","7","12","46","50","32","27","42","58","47","33","46","39","0","13","64","62","34","37","29","34","0","13",
"1500000US040131047024","Block Group 4, Census Tract 1047.02, Maricopa County, Arizona","415","103","18","21","59","53","63","35","38","33","83","72","0","13","8","12","26","25","13","15","92","52","7","12","0","13","0","13","0","13","8","12","0","13",
"1500000US040131048011","Block Group 1, Census Tract 1048.01, Maricopa County, Arizona","845","195","0","13","37","45","10","11","20","24","35","41","0","13","12","18","41","39","54","51","28","34","31","27","166","130","112","62","71","32","158","143","70","36",
"1500000US040131048012","Block Group 2, Census Tract 1048.01, Maricopa County, Arizona","688","127","7","11","90","88","37","36","28","25","0","13","11","17","9","14","38","55","0","13","113","77","23","26","49","50","37","47","25","29","49","35","172","61",
"1500000US040131048021","Block Group 1, Census Tract 1048.02, Maricopa County, Arizona","356","109","0","13","0","13","14","23","0","13","0","13","0","13","0","13","10","19","0","13","94","85","13","25","62","49","77","71","40","31","18","29","28","33",
"1500000US040131048022","Block Group 2, Census Tract 1048.02, Maricopa County, Arizona","943","350","64","48","233","318","60","70","107","80","16","29","31","49","11","19","58","74","41","65","63","63","38","54","157","114","45","48","0","13","11","16","8","15",
"1500000US040131048023","Block Group 3, Census Tract 1048.02, Maricopa County, Arizona","563","141","0","13","0","13","0","13","0","13","0","13","10","15","16","30","0","13","0","13","0","13","84","68","32","46","97","65","110","93","166","73","48","51",
"1500000US040131048024","Block Group 4, Census Tract 1048.02, Maricopa County, Arizona","297","95","9","14","0","13","0","13","0","13","0","13","4","6","46","49","0","13","0","13","14","22","16","22","35","39","114","103","26","32","8","14","25","23",
"1500000US040131048025","Block Group 5, Census Tract 1048.02, Maricopa County, Arizona","279","99","16","25","0","13","15","24","6","11","18","31","0","13","0","13","33","42","0","13","39","38","81","81","60","73","11","17","0","13","0","13","0","13",
"1500000US040131049001","Block Group 1, Census Tract 1049, Maricopa County, Arizona","381","69","14","15","0","13","0","13","18","19","8","12","0","13","19","22","3","4","18","19","11","13","36","26","60","41","89","39","52","35","33","43","20","22",
"1500000US040131049002","Block Group 2, Census Tract 1049, Maricopa County, Arizona","431","64","0","13","23","32","18","19","12","17","18","20","0","13","8","13","24","21","9","13","18","20","66","42","45","32","61","47","50","37","31","27","48","29",
"1500000US040131049003","Block Group 3, Census Tract 1049, Maricopa County, Arizona","293","132","10","16","0","13","0","13","10","16","0","13","13","16","4","6","7","10","0","13","37","37","24","23","129","143","3","7","17","19","39","40","0","13",
"1500000US040131049004","Block Group 4, Census Tract 1049, Maricopa County, Arizona","540","111","9","14","0","13","24","28","28","39","0","13","0","13","25","37","0","13","0","13","39","26","50","40","45","37","25","24","48","31","161","111","86","46",
"1500000US040131050021","Block Group 1, Census Tract 1050.02, Maricopa County, Arizona","410","124","62","72","0","13","19","29","10","15","0","13","30","48","0","13","0","13","0","13","20","22","0","13","10","18","10","17","23","24","4","6","222","78",
"1500000US040131050022","Block Group 2, Census Tract 1050.02, Maricopa County, Arizona","889","225","97","89","0","13","14","25","27","42","11","17","0","13","16","20","0","13","9","16","19","21","74","54","64","57","12","18","25","28","116","99","405","206",
"1500000US040131050031","Block Group 1, Census Tract 1050.03, Maricopa County, Arizona","893","165","0","13","13","22","18","21","9","14","16","26","0","13","29","47","0","13","0","13","10","16","10","15","21","23","58","53","60","46","131","97","518","123",
"1500000US040131050032","Block Group 2, Census Tract 1050.03, Maricopa County, Arizona","791","170","0","13","0","13","38","47","98","128","17","27","8","12","0","13","40","33","10","16","0","13","0","13","30","24","30","33","40","24","82","56","398","118",
"1500000US040131050041","Block Group 1, Census Tract 1050.04, Maricopa County, Arizona","790","279","8","13","0","13","0","13","0","13","8","13","9","15","0","13","203","274","0","13","8","13","10","16","12","19","130","127","0","13","56","43","346","90",
"1500000US040131050042","Block Group 2, Census Tract 1050.04, Maricopa County, Arizona","365","76","8","14","0","13","12","18","11","17","0","13","0","13","11","16","0","13","0","13","0","13","12","19","34","37","30","34","9","14","27","26","211","71",
"1500000US040131050043","Block Group 3, Census Tract 1050.04, Maricopa County, Arizona","476","170","0","13","0","13","21","32","0","13","0","13","0","13","0","13","0","13","0","13","0","13","26","41","27","32","30","28","0","13","36","31","336","165",
"1500000US040131051011","Block Group 1, Census Tract 1051.01, Maricopa County, Arizona","352","72","11","16","0","13","0","13","9","15","0","13","0","13","0","13","12","18","0","13","9","14","0","13","54","34","40","44","39","30","90","60","88","42",
"1500000US040131051012","Block Group 2, Census Tract 1051.01, Maricopa County, Arizona","717","126","38","35","0","13","0","13","29","46","0","13","18","19","9","14","8","14","0","13","22","26","17","17","68","96","65","49","38","25","53","34","352","103",
"1500000US040131051013","Block Group 3, Census Tract 1051.01, Maricopa County, Arizona","590","75","10","16","0","13","0","13","25","39","28","24","5","8","10","16","0","13","20","21","0","13","38","30","81","43","95","57","69","46","119","60","90","44",
"1500000US040131051021","Block Group 1, Census Tract 1051.02, Maricopa County, Arizona","326","120","0","13","0","13","0","13","0","13","23","37","0","13","0","13","0","13","0","13","0","13","0","13","65","63","15","23","20","32","41","51","162","96",
"1500000US040131051022","Block Group 2, Census Tract 1051.02, Maricopa County, Arizona","784","215","28","45","23","37","0","13","0","13","0","13","95","96","0","13","0","13","26","41","0","13","31","42","88","88","15","29","50","50","186","185","242","94",
"1500000US040131051023","Block Group 3, Census Tract 1051.02, Maricopa County, Arizona","773","151","15","25","26","42","0","13","0","13","0","13","0","13","43","59","21","35","0","13","0","13","107","74","245","122","113","99","38","43","121","75","44","50",
"1500000US040131051024","Block Group 4, Census Tract 1051.02, Maricopa County, Arizona","615","147","47","75","18","28","51","61","18","29","0","13","0","13","0","13","0","13","45","50","0","13","93","75","160","114","26","41","117","100","33","38","7","16",
"1500000US040131051031","Block Group 1, Census Tract 1051.03, Maricopa County, Arizona","351","69","9","15","9","14","0","13","0","13","0","13","0","13","9","14","0","13","0","13","11","17","35","28","34","23","46","46","9","15","69","39","120","54",
"1500000US040131051032","Block Group 2, Census Tract 1051.03, Maricopa County, Arizona","263","80","0","13","11","16","0","13","0","13","0","13","0","13","0","13","8","14","13","19","28","45","11","16","0","13","25","19","13","17","9","14","145","64",
"1500000US040131051033","Block Group 3, Census Tract 1051.03, Maricopa County, Arizona","756","193","37","42","0","13","10","15","0","13","10","13","0","13","10","16","8","12","10","16","10","15","58","53","13","15","20","22","31","29","114","67","425","211",
"1500000US040131052001","Block Group 1, Census Tract 1052, Maricopa County, Arizona","514","146","29","46","45","74","14","23","31","35","0","13","3","12","0","13","0","13","11","18","55","43","90","89","0","13","0","13","118","103","81","71","37","31",
"1500000US040131052002","Block Group 2, Census Tract 1052, Maricopa County, Arizona","822","224","54","66","0","13","0","13","92","97","13","21","0","13","14","25","5","9","0","13","125","95","154","122","153","97","103","111","30","47","79","76","0","13",
"1500000US040131052003","Block Group 3, Census Tract 1052, Maricopa County, Arizona","670","193","0","13","20","35","53","55","118","116","0","13","0","13","58","86","84","104","31","34","83","89","7","19","156","100","40","52","20","35","0","13","0","13",
"1500000US040131052004","Block Group 4, Census Tract 1052, Maricopa County, Arizona","1036","407","0","13","13","20","0","13","0","13","62","97","25","50","0","13","30","36","29","41","236","341","95","70","180","215","97","136","36","44","198","124","35","38",
"1500000US040131053001","Block Group 1, Census Tract 1053, Maricopa County, Arizona","650","140","58","63","12","20","0","13","0","13","0","13","71","98","22","25","11","17","43","43","40","45","66","45","57","37","70","41","57","70","62","55","81","46",
"1500000US040131053002","Block Group 2, Census Tract 1053, Maricopa County, Arizona","819","184","79","66","55","58","29","33","13","21","56","71","35","38","23","25","26","42","88","61","48","41","16","24","136","94","132","81","26","40","57","90","0","13",
"1500000US040131053003","Block Group 3, Census Tract 1053, Maricopa County, Arizona","652","102","28","42","0","13","10","16","11","17","0","13","11","19","46","59","12","19","8","12","28","31","136","89","61","48","63","41","26","29","65","47","147","68",
"1500000US040131054001","Block Group 1, Census Tract 1054, Maricopa County, Arizona","490","144","0","13","0","13","0","13","0","13","0","13","0","13","9","14","0","13","9","14","11","16","41","30","46","34","27","27","57","61","53","35","237","126",
"1500000US040131054002","Block Group 2, Census Tract 1054, Maricopa County, Arizona","580","113","65","58","10","16","0","13","0","13","22","23","13","22","0","13","35","54","0","13","11","18","19","25","99","76","51","32","61","43","104","59","90","50",
"1500000US040131054003","Block Group 3, Census Tract 1054, Maricopa County, Arizona","427","98","0","13","0","13","0","13","9","14","52","53","30","48","7","12","11","17","57","43","81","60","42","36","38","50","7","11","35","28","28","27","30","26",
"1500000US040131055011","Block Group 1, Census Tract 1055.01, Maricopa County, Arizona","475","72","89","52","36","33","27","27","11","11","18","22","44","36","0","13","42","35","25","23","31","26","40","26","44","35","33","24","10","12","8","11","17","21",
"1500000US040131055012","Block Group 2, Census Tract 1055.01, Maricopa County, Arizona","461","95","16","15","16","25","42","38","48","32","68","44","17","27","31","27","16","15","16","17","29","29","81","40","28","28","35","43","0","13","0","13","18","27",
"1500000US040131055021","Block Group 1, Census Tract 1055.02, Maricopa County, Arizona","398","82","47","33","11","16","13","19","24","20","35","30","43","36","17","16","41","33","6","10","57","31","18","23","52","45","14","22","0","13","0","13","20","25",
"1500000US040131055022","Block Group 2, Census Tract 1055.02, Maricopa County, Arizona","440","87","72","44","37","29","17","17","32","26","26","27","12","13","33","27","18","18","67","41","36","29","60","50","17","22","0","13","10","14","3","5","0","13",
"1500000US040131055031","Block Group 1, Census Tract 1055.03, Maricopa County, Arizona","332","96","11","18","11","17","19","21","31","28","23","24","12","18","13","20","25","24","6","10","62","58","65","53","24","30","19","28","0","13","0","13","11","17",
"1500000US040131055032","Block Group 2, Census Tract 1055.03, Maricopa County, Arizona","1683","367","131","65","84","46","91","64","254","205","149","82","48","44","228","225","168","167","119","76","95","63","124","65","122","64","46","45","12","18","12","18","0","13",
"1500000US040131056011","Block Group 1, Census Tract 1056.01, Maricopa County, Arizona","626","246","4","8","16","21","35","53","7","12","30","31","77","52","49","33","27","31","14","16","19","24","19","21","84","69","62","51","142","211","27","28","14","21",
"1500000US040131056012","Block Group 2, Census Tract 1056.01, Maricopa County, Arizona","608","105","44","51","0","13","68","58","23","26","50","61","45","40","83","52","47","47","25","26","16","23","86","67","18","20","58","39","5","10","27","43","13","21",
"1500000US040131056021","Block Group 1, Census Tract 1056.02, Maricopa County, Arizona","521","209","0","13","13","21","0","13","56","58","0","13","77","110","16","22","0","13","24","41","68","69","0","13","214","176","11","18","42","59","0","13","0","13",
"1500000US040131056022","Block Group 2, Census Tract 1056.02, Maricopa County, Arizona","808","215","39","46","69","76","0","13","139","119","0","13","132","137","164","145","139","119","76","75","10","26","27","41","0","13","7","14","0","13","6","15","0","13",
"1500000US040131056023","Block Group 3, Census Tract 1056.02, Maricopa County, Arizona","787","182","63","67","0","13","98","92","28","41","92","94","60","62","77","84","43","56","10","17","0","13","14","25","165","101","100","86","0","13","37","64","0","13",
"1500000US040131057011","Block Group 1, Census Tract 1057.01, Maricopa County, Arizona","494","101","31","25","0","13","9","15","43","56","0","13","9","13","19","19","53","64","16","20","121","85","19","27","60","37","39","36","16","26","42","35","17","28",
"1500000US040131057012","Block Group 2, Census Tract 1057.01, Maricopa County, Arizona","636","153","23","29","42","49","13","21","60","54","43","41","24","31","0","13","54","43","33","48","58","35","139","115","34","34","20","28","5","8","29","47","59","53",
"1500000US040131057021","Block Group 1, Census Tract 1057.02, Maricopa County, Arizona","802","185","6","9","49","45","0","13","20","32","3","8","4","8","0","13","60","48","29","38","84","67","170","95","128","81","73","68","100","162","42","42","34","46",
"1500000US040131057022","Block Group 2, Census Tract 1057.02, Maricopa County, Arizona","525","125","17","27","13","15","68","58","51","61","37","35","39","38","41","37","0","13","4","11","86","63","77","51","11","15","36","39","45","42","0","13","0","13",
"1500000US040131058001","Block Group 1, Census Tract 1058, Maricopa County, Arizona","515","193","33","28","42","43","0","13","0","13","10","15","32","29","26","39","8","13","9","14","0","13","88","77","43","34","183","178","8","13","21","24","12","20",
"1500000US040131058002","Block Group 2, Census Tract 1058, Maricopa County, Arizona","731","429","9","14","50","51","0","13","28","32","31","25","265","422","50","39","0","13","30","42","0","13","103","62","78","52","0","13","35","53","19","24","33","44",
"1500000US040131058003","Block Group 3, Census Tract 1058, Maricopa County, Arizona","504","173","16","19","13","20","0","13","10","15","8","14","36","41","0","13","43","42","24","26","30","29","148","148","129","91","0","13","0","13","34","31","13","18",
"1500000US040131058004","Block Group 4, Census Tract 1058, Maricopa County, Arizona","486","101","19","21","63","58","0","13","46","42","17","14","53","60","0","13","38","55","9","15","37","32","37","25","78","58","53","42","23","27","0","13","13","20",
"1500000US040131059001","Block Group 1, Census Tract 1059, Maricopa County, Arizona","735","166","0","13","39","34","9","14","105","72","65","65","49","36","33","44","18","21","0","13","100","75","51","34","108","124","104","68","32","33","9","15","13","17",
"1500000US040131059002","Block Group 2, Census Tract 1059, Maricopa County, Arizona","669","211","73","79","0","13","0","13","23","26","88","123","7","12","9","14","61","64","68","67","58","62","33","32","107","72","88","132","27","38","24","23","3","5",
"1500000US040131059003","Block Group 3, Census Tract 1059, Maricopa County, Arizona","687","158","71","59","42","68","55","63","101","63","10","16","69","54","19","21","9","13","15","22","28","28","98","81","43","40","89","60","7","11","23","26","8","6",
"1500000US040131060011","Block Group 1, Census Tract 1060.01, Maricopa County, Arizona","538","79","103","52","12","13","35","37","39","27","2","4","40","37","23","27","85","46","26","23","59","40","44","37","7","11","58","51","0","13","0","13","5","10",
"1500000US040131060021","Block Group 1, Census Tract 1060.02, Maricopa County, Arizona","1090","592","105","60","8","10","49","49","97","59","27","30","94","55","433","599","48","39","22","20","38","26","62","40","56","34","32","27","0","13","6","10","13","16",
"1500000US040131060022","Block Group 2, Census Tract 1060.02, Maricopa County, Arizona","386","66","38","33","0","13","30","22","37","29","37","31","46","44","38","28","22","21","6","9","33","33","30","29","14","16","47","41","2","4","6","8","0","13",
"1500000US040131060031","Block Group 1, Census Tract 1060.03, Maricopa County, Arizona","737","118","41","55","70","58","28","27","119","97","52","63","3","5","42","45","17","20","39","36","25","22","182","90","48","37","23","32","38","39","10","21","0","13",
"1500000US040131060032","Block Group 2, Census Tract 1060.03, Maricopa County, Arizona","506","106","1","3","21","31","73","46","27","35","59","52","18","18","8","13","44","36","43","45","61","45","36","29","42","48","15","17","37","36","21","26","0","13",
"1500000US040131061001","Block Group 1, Census Tract 1061, Maricopa County, Arizona","362","95","0","13","0","13","0","13","0","13","0","13","0","13","10","15","0","13","0","13","15","26","19","32","49","53","65","56","121","75","46","46","37","36",
"1500000US040131061002","Block Group 2, Census Tract 1061, Maricopa County, Arizona","513","166","0","13","0","13","0","13","13","21","0","13","0","13","0","13","0","13","37","37","29","46","45","46","47","55","81","81","86","138","124","93","51","32",
"1500000US040131061003","Block Group 3, Census Tract 1061, Maricopa County, Arizona","487","165","11","17","0","13","31","50","0","13","71","97","0","13","40","66","20","37","36","41","36","41","62","55","93","72","22","39","43","41","22","37","0","13",
"1500000US040131061004","Block Group 4, Census Tract 1061, Maricopa County, Arizona","437","136","0","13","55","85","24","42","0","13","53","79","64","87","0","13","0","13","0","13","10","15","29","37","20","19","38","37","54","56","80","80","10","15",
"1500000US040131061005","Block Group 5, Census Tract 1061, Maricopa County, Arizona","932","187","159","126","40","41","67","61","87","81","134","119","97","104","0","13","70","86","14","23","55","69","110","76","14","23","47","44","0","13","0","13","38","44",
"1500000US040131062001","Block Group 1, Census Tract 1062, Maricopa County, Arizona","608","90","11","17","0","13","0","13","0","13","0","13","8","12","0","13","27","33","7","12","29","26","40","39","8","12","76","44","34","27","167","67","201","73",
"1500000US040131062002","Block Group 2, Census Tract 1062, Maricopa County, Arizona","835","548","0","13","8","13","4","6","0","13","9","10","4","8","0","13","0","13","0","13","7","12","16","18","48","43","9","14","30","24","124","69","576","545",
"1500000US040131063001","Block Group 1, Census Tract 1063, Maricopa County, Arizona","794","324","0","13","172","208","0","13","19","30","23","25","15","25","0","13","13","22","0","13","130","114","38","57","34","40","145","101","14","22","0","13","191","230",
"1500000US040131063002","Block Group 2, Census Tract 1063, Maricopa County, Arizona","804","177","51","63","0","13","13","21","68","63","13","21","14","22","27","30","0","13","14","22","152","93","68","85","96","73","184","168","0","13","36","34","68","58",
"1500000US040131063003","Block Group 3, Census Tract 1063, Maricopa County, Arizona","530","148","13","22","0","13","0","13","44","63","12","19","21","25","105","91","13","22","19","25","47","52","32","48","97","82","31","35","37","59","22","27","37","45",
"1500000US040131063004","Block Group 4, Census Tract 1063, Maricopa County, Arizona","631","214","18","30","13","22","0","13","107","146","0","13","0","13","0","13","47","55","16","28","11","19","109","106","109","121","72","77","36","53","0","13","93","78",
"1500000US040131064001","Block Group 1, Census Tract 1064, Maricopa County, Arizona","480","110","17","19","0","13","17","20","3","13","13","19","10","15","12","18","11","14","0","13","44","32","59","39","52","33","18","19","57","58","80","58","87","63",
"1500000US040131064002","Block Group 2, Census Tract 1064, Maricopa County, Arizona","881","131","39","34","0","13","8","12","24","20","58","65","66","56","59","68","85","65","64","56","42","43","151","87","84","68","55","31","39","48","81","50","26","24",
"1500000US040131065011","Block Group 1, Census Tract 1065.01, Maricopa County, Arizona","835","181","18","18","74","81","44","44","32","43","17","18","23","30","0","13","24","20","36","40","29","27","137","100","71","39","120","144","21","22","83","49","106","76",
"1500000US040131065012","Block Group 2, Census Tract 1065.01, Maricopa County, Arizona","701","125","67","54","49","48","14","15","10","15","25","30","20","20","101","71","0","13","0","13","52","56","82","54","67","37","96","49","11","18","22","28","85","61",
"1500000US040131065021","Block Group 1, Census Tract 1065.02, Maricopa County, Arizona","717","153","66","53","14","17","0","13","67","51","136","113","68","69","49","47","46","50","8","12","58","39","107","61","7","12","50","47","9","15","26","22","6","9",
"1500000US040131065022","Block Group 2, Census Tract 1065.02, Maricopa County, Arizona","567","110","31","39","0","13","8","13","16","17","8","12","36","44","27","24","15","17","52","48","58","49","31","25","100","60","42","36","49","33","9","16","85","53",
"1500000US040131065023","Block Group 3, Census Tract 1065.02, Maricopa County, Arizona","534","92","49","43","31","35","49","48","0","13","8","12","0","13","40","40","48","52","16","19","75","58","73","46","54","37","20","24","0","13","23","36","48","44",
"1500000US040131066001","Block Group 1, Census Tract 1066, Maricopa County, Arizona","992","238","11","18","84","75","21","24","53","53","75","75","7","12","18","21","11","17","82","66","61","65","45","30","62","55","50","31","98","81","35","32","279","212",
"1500000US040131066002","Block Group 2, Census Tract 1066, Maricopa County, Arizona","821","130","58","65","82","79","35","30","59","67","11","16","0","13","0","13","0","13","0","13","28","26","41","33","95","64","18","20","101","71","37","30","256","96",
"1500000US040131067011","Block Group 1, Census Tract 1067.01, Maricopa County, Arizona","805","269","112","64","88","67","71","42","69","39","0","13","86","61","7","12","0","13","159","134","19","22","32","39","162","216","0","13","0","13","0","13","0","13",
"1500000US040131067012","Block Group 2, Census Tract 1067.01, Maricopa County, Arizona","821","379","101","60","22","23","0","13","30","29","46","33","284","377","24","28","41","38","92","64","57","41","0","13","69","51","23","21","10","16","22","36","0","13",
"1500000US040131067013","Block Group 3, Census Tract 1067.01, Maricopa County, Arizona","474","101","50","50","43","44","14","22","0","13","20","23","19","25","72","57","42","56","31","48","15","19","31","41","37","33","36","21","9","16","44","40","11","17",
"1500000US040131067021","Block Group 1, Census Tract 1067.02, Maricopa County, Arizona","570","114","34","23","45","30","18","17","7","8","26","22","65","88","42","38","4","8","27","25","44","34","64","36","50","24","37","26","34","24","53","29","20","19",
"1500000US040131067031","Block Group 1, Census Tract 1067.03, Maricopa County, Arizona","478","70","22","20","40","28","26","23","15","10","4","6","13","13","6","8","15","14","7","11","54","32","78","43","95","48","18","16","27","20","19","17","39","26",
"1500000US040131067032","Block Group 2, Census Tract 1067.03, Maricopa County, Arizona","542","87","4","6","10","10","2","5","12","15","16","18","38","32","15","15","35","36","15","22","30","23","47","35","50","31","92","42","68","66","20","14","88","40",
"1500000US040131068011","Block Group 1, Census Tract 1068.01, Maricopa County, Arizona","581","130","96","78","51","49","74","56","48","70","78","60","0","13","78","86","0","13","46","52","13","19","76","64","21","28","0","13","0","13","0","13","0","13",
"1500000US040131068012","Block Group 2, Census Tract 1068.01, Maricopa County, Arizona","767","172","93","68","6","13","63","62","170","105","45","42","92","89","86","115","26","29","116","79","27","30","22","24","4","7","0","13","10","16","0","13","7","12",
"1500000US040131068013","Block Group 3, Census Tract 1068.01, Maricopa County, Arizona","379","101","58","59","24","27","68","51","41","37","33","46","58","41","0","13","41","44","0","13","30","35","0","13","0","13","10","16","0","13","0","13","16","24",
"1500000US040131068021","Block Group 1, Census Tract 1068.02, Maricopa County, Arizona","449","83","20","31","8","12","35","26","28","40","41","45","10","15","36","31","73","51","14","15","41","40","64","35","20","24","17","27","0","13","42","50","0","13",
"1500000US040131068022","Block Group 2, Census Tract 1068.02, Maricopa County, Arizona","404","86","12","19","23","37","25","24","0","13","35","42","0","13","18","22","21","20","7","12","59","46","50","39","66","40","52","35","9","14","9","14","18","24",
"1500000US040131068023","Block Group 3, Census Tract 1068.02, Maricopa County, Arizona","443","106","82","57","0","13","36","39","54","44","29","30","49","39","9","13","6","12","40","53","9","14","30","29","27","29","15","18","0","13","37","42","20","34",
"1500000US040131069001","Block Group 1, Census Tract 1069, Maricopa County, Arizona","483","199","0","13","0","13","0","13","183","147","18","30","0","13","20","36","49","59","0","13","26","45","76","98","92","96","19","26","0","13","0","13","0","13",
"1500000US040131069002","Block Group 2, Census Tract 1069, Maricopa County, Arizona","641","236","9","18","14","23","41","53","34","52","20","35","51","82","0","13","143","187","56","72","0","13","25","42","163","130","45","51","0","13","40","68","0","13",
"1500000US040131069003","Block Group 3, Census Tract 1069, Maricopa County, Arizona","397","136","0","13","18","27","0","13","31","50","17","30","20","34","10","21","28","46","0","13","79","84","67","81","68","51","59","62","0","13","0","13","0","13",
"1500000US040131069004","Block Group 4, Census Tract 1069, Maricopa County, Arizona","764","246","20","34","71","90","0","13","0","13","14","22","0","13","0","13","60","74","79","79","21","33","260","173","193","110","27","38","19","34","0","13","0","13",
"1500000US040131070011","Block Group 1, Census Tract 1070.01, Maricopa County, Arizona","697","339","0","13","24","40","0","13","0","13","19","32","21","38","25","43","38","44","19","35","52","49","236","343","165","107","41","33","57","88","0","13","0","13",
"1500000US040131070012","Block Group 2, Census Tract 1070.01, Maricopa County, Arizona","847","276","28","45","32","53","0","13","139","196","84","124","112","129","0","13","0","13","176","227","12","19","36","58","39","55","120","111","69","108","0","13","0","13",
"1500000US040131070021","Block Group 1, Census Tract 1070.02, Maricopa County, Arizona","636","155","42","53","55","69","30","47","13","23","51","65","11","20","85","54","0","13","35","54","40","49","80","65","37","50","68","71","0","13","89","110","0","13",
"1500000US040131070022","Block Group 2, Census Tract 1070.02, Maricopa County, Arizona","524","153","17","28","0","13","16","26","67","61","0","13","41","60","52","58","21","31","0","13","108","80","11","18","67","79","96","113","0","13","28","43","0","13",
"1500000US040131071011","Block Group 1, Census Tract 1071.01, Maricopa County, Arizona","571","218","0","13","41","55","10","16","0","13","9","15","0","13","36","33","39","51","27","27","0","13","98","71","38","44","25","22","214","218","27","26","7","12",
"1500000US040131071012","Block Group 2, Census Tract 1071.01, Maricopa County, Arizona","717","151","0","13","21","18","96","84","123","97","71","67","32","50","10","19","36","57","42","51","34","28","80","54","65","48","58","43","49","50","0","13","0","13",
"1500000US040131071021","Block Group 1, Census Tract 1071.02, Maricopa County, Arizona","431","120","23","25","26","42","9","15","11","18","69","69","31","49","0","13","23","29","55","61","98","72","39","31","47","41","0","13","0","13","0","13","0","13",
"1500000US040131071022","Block Group 2, Census Tract 1071.02, Maricopa County, Arizona","627","196","51","44","61","60","25","40","30","48","38","33","40","48","44","51","11","17","11","17","18","22","80","65","151","182","0","13","51","57","0","13","16","25",
"1500000US040131071023","Block Group 3, Census Tract 1071.02, Maricopa County, Arizona","587","127","44","34","49","53","74","59","0","13","46","48","26","42","34","31","74","68","19","16","46","51","36","43","76","66","40","51","0","13","0","13","23","39",
"1500000US040131072011","Block Group 1, Census Tract 1072.01, Maricopa County, Arizona","52","32","0","13","9","14","2","5","0","13","16","27","6","9","0","13","0","13","0","13","19","31","0","13","0","13","0","13","0","13","0","13","0","13",
"1500000US040131072012","Block Group 2, Census Tract 1072.01, Maricopa County, Arizona","307","116","109","81","30","32","0","13","12","20","15","22","0","13","17","29","16","24","48","37","25","43","0","13","24","41","11","17","0","13","0","13","0","13",
"1500000US040131072021","Block Group 1, Census Tract 1072.02, Maricopa County, Arizona","643","101","38","43","4","7","49","58","80","71","32","28","11","17","20","24","42","38","121","84","82","71","75","59","29","32","42","35","0","13","0","13","18","26",
"1500000US040131072022","Block Group 2, Census Tract 1072.02, Maricopa County, Arizona","727","171","26","39","72","56","74","67","59","49","49","48","0","13","23","25","48","43","33","39","93","64","32","28","102","61","111","138","5","16","0","13","0","13",
"1500000US040131073001","Block Group 1, Census Tract 1073, Maricopa County, Arizona","745","315","11","19","0","13","26","40","23","25","41","66","35","41","181","294","0","13","42","46","74","54","99","109","125","78","31","29","9","16","34","53","14","23",
"1500000US040131073002","Block Group 2, Census Tract 1073, Maricopa County, Arizona","369","111","56","66","10","16","0","13","31","34","14","25","23","36","38","43","0","13","28","37","20","33","88","71","46","58","15","25","0","13","0","13","0","13",
"1500000US040131073003","Block Group 3, Census Tract 1073, Maricopa County, Arizona","397","188","0","13","19","24","19","32","48","76","0","13","33","42","25","40","13","20","104","124","16","25","9","16","111","165","0","13","0","13","0","13","0","13",
"1500000US040131073004","Block Group 4, Census Tract 1073, Maricopa County, Arizona","635","188","53","62","47","62","18","28","146","116","123","115","48","60","49","59","0","13","0","13","41","64","22","36","88","84","0","13","0","13","0","13","0","13",
"1500000US040131074011","Block Group 1, Census Tract 1074.01, Maricopa County, Arizona","404","94","44","41","0","13","0","13","27","44","7","15","0","13","0","13","0","13","0","13","0","13","25","27","96","74","0","13","11","24","89","59","105","64",
"1500000US040131074012","Block Group 2, Census Tract 1074.01, Maricopa County, Arizona","502","99","1","3","0","13","40","38","0","13","28","43","26","32","57","54","121","98","37","42","47","72","43","48","28","35","18","21","0","13","56","42","0","13",
"1500000US040131074013","Block Group 3, Census Tract 1074.01, Maricopa County, Arizona","206","99","67","94","0","13","0","13","0","13","0","13","17","30","0","13","0","13","0","13","45","41","4","6","0","13","15","27","0","13","58","54","0","13",
"1500000US040131074021","Block Group 1, Census Tract 1074.02, Maricopa County, Arizona","436","96","16","26","0","13","0","13","60","81","28","43","48","50","34","36","10","21","44","62","82","53","0","13","114","68","0","13","0","13","0","13","0","13",
"1500000US040131074031","Block Group 1, Census Tract 1074.03, Maricopa County, Arizona","576","328","40","44","38","51","213","333","0","13","15","23","42","43","0","13","100","91","0","13","21","34","24","37","51","54","28","43","0","13","4","6","0","13",
"1500000US040131074032","Block Group 2, Census Tract 1074.03, Maricopa County, Arizona","436","118","142","90","16","28","20","31","73","75","4","6","28","33","89","86","0","13","5","8","18","28","5","8","10","17","0","13","0","13","0","13","26","43",
"1500000US040131074041","Block Group 1, Census Tract 1074.04, Maricopa County, Arizona","404","37","121","61","34","40","87","66","54","48","19","36","0","13","0","13","41","48","0","13","0","13","0","13","21","17","27","49","0","13","0","13","0","13",
"1500000US040131075001","Block Group 1, Census Tract 1075, Maricopa County, Arizona","459","164","23","35","16","18","38","50","0","13","0","13","5","7","0","13","18","20","0","13","0","13","8","12","35","28","20","18","5","9","87","56","204","167",
"1500000US040131075002","Block Group 2, Census Tract 1075, Maricopa County, Arizona","562","96","8","11","15","16","0","13","7","11","24","39","0","13","17","19","0","13","13","15","0","13","27","26","44","41","64","47","14","17","158","79","171","55",
"1500000US040131075003","Block Group 3, Census Tract 1075, Maricopa County, Arizona","632","121","22","35","4","6","13","18","0","13","7","12","8","14","18","21","49","40","62","51","36","28","131","85","77","57","98","68","12","19","30","24","65","43",
"1500000US040131076011","Block Group 1, Census Tract 1076.01, Maricopa County, Arizona","476","114","16","17","0","13","61","70","80","63","26","28","0","13","62","55","28","35","21","25","17","19","38","43","26","26","66","56","13","15","17","18","5","11",
"1500000US040131076012","Block Group 2, Census Tract 1076.01, Maricopa County, Arizona","696","191","14","15","33","27","53","46","91","135","92","74","29","37","40","38","0","13","46","52","52","57","25","31","43","37","83","77","21","20","40","40","34","47",
"1500000US040131076013","Block Group 3, Census Tract 1076.01, Maricopa County, Arizona","762","120","41","28","63","50","91","91","25","30","17","19","18","21","27","32","14","16","45","31","50","41","39","38","123","70","68","41","43","39","64","63","34","44",
"1500000US040131076021","Block Group 1, Census Tract 1076.02, Maricopa County, Arizona","573","107","0","13","0","13","0","13","18","22","0","13","18","20","9","13","0","13","9","13","35","28","52","45","26","22","153","77","41","31","66","38","146","75",
"1500000US040131076022","Block Group 2, Census Tract 1076.02, Maricopa County, Arizona","723","152","16","18","9","14","34","49","29","27","110","68","8","12","50","48","15","22","9","15","154","118","84","53","89","64","64","63","38","37","0","13","14","17",
"1500000US040131077001","Block Group 1, Census Tract 1077, Maricopa County, Arizona","343","120","0","13","0","13","0","13","0","13","0","13","0","13","0","13","0","13","0","13","85","69","16","22","8","15","6","10","0","13","52","49","176","118",
"1500000US040131077002","Block Group 2, Census Tract 1077, Maricopa County, Arizona","333","126","0","13","0","13","0","13","25","30","19","32","0","13","9","22","10","18","16","27","20","31","11","18","83","99","83","60","7","12","0","13","50","58",
"1500000US040131077003","Block Group 3, Census Tract 1077, Maricopa County, Arizona","692","214","65","102","20","30","19","30","21","36","5","8","168","164","0","13","5","9","44","47","32","44","102","123","96","100","20","23","74","70","0","13","21","26",
"1500000US040131077004","Block Group 4, Census Tract 1077, Maricopa County, Arizona","419","120","18","29","9","14","54","51","13","20","21","35","19","32","0","13","18","28","14","22","33","37","126","115","39","48","0","13","55","66","0","13","0","13",
"1500000US040131077005","Block Group 5, Census Tract 1077, Maricopa County, Arizona","178","77","0","13","0","13","0","13","23","36","0","13","0","13","16","26","0","13","0","13","0","13","0","13","66","76","0","13","28","29","22","35","23","37",
"1500000US040131077006","Block Group 6, Census Tract 1077, Maricopa County, Arizona","226","101","0","13","0","13","0","13","0","13","10","15","11","18","0","13","0","13","0","13","24","38","0","13","19","29","15","24","0","13","10","17","137","108",
"1500000US040131078001","Block Group 1, Census Tract 1078, Maricopa County, Arizona","406","88","0","13","0","13","18","15","32","40","7","11","0","13","0","13","7","11","0","13","0","13","9","18","41","43","16","18","63","47","58","46","155","53",
"1500000US040131078002","Block Group 2, Census Tract 1078, Maricopa County, Arizona","1086","228","54","43","22","37","9","14","35","36","54","52","30","21","8","12","6","10","5","8","104","71","71","47","281","201","86","48","45","30","38","31","238","83",
"1500000US040131079001","Block Group 1, Census Tract 1079, Maricopa County, Arizona","357","164","30","46","9","14","0","13","0","13","0","13","14","16","0","13","31","27","0","13","0","13","0","13","97","149","13","20","10","16","21","21","132","61",
"1500000US040131079002","Block Group 2, Census Tract 1079, Maricopa County, Arizona","656","103","0","13","0","13","0","13","19","22","32","31","10","16","0","13","57","57","0","13","9","13","44","36","0","13","26","24","54","30","103","57","302","89",
"1500000US040131079003","Block Group 3, Census Tract 1079, Maricopa County, Arizona","677","151","95","79","0","13","0","13","28","40","67","80","56","54","68","62","9","15","44","52","79","60","43","34","83","71","29","47","6","13","28","35","42","28",
"1500000US040131080001","Block Group 1, Census Tract 1080, Maricopa County, Arizona","355","80","0","13","0","13","0","13","15","23","0","13","6","9","0","13","0","13","0","13","10","17","0","13","17","20","44","33","19","22","50","32","194","73",
"1500000US040131080002","Block Group 2, Census Tract 1080, Maricopa County, Arizona","594","147","35","34","0","13","0","13","0","13","10","16","0","13","0","13","0","13","0","13","0","13","26","27","11","18","48","33","59","40","86","53","319","119",
"1500000US040131081001","Block Group 1, Census Tract 1081, Maricopa County, Arizona","1141","265","0","13","5","9","9","13","91","67","48","40","29","30","25","22","62","51","142","190","48","61","43","35","76","75","75","53","116","66","43","36","329","119",
"1500000US040131082001","Block Group 1, Census Tract 1082, Maricopa County, Arizona","570","174","39","54","0","13","35","32","10","16","31","28","10","16","0","13","21","32","0","13","98","105","48","38","33","30","77","57","29","29","9","15","130","138",
"1500000US040131082002","Block Group 2, Census Tract 1082, Maricopa County, Arizona","482","111","51","67","7","12","6","12","8","13","47","50","18","19","26","32","71","54","12","14","0","13","26","24","6","9","26","24","46","38","32","30","100","59",
"1500000US040131082003","Block Group 3, Census Tract 1082, Maricopa County, Arizona","631","111","50","51","0","13","9","13","0","13","8","12","27","23","45","45","9","13","69","56","20","24","36","43","79","61","48","43","33","35","56","42","142","69",
"1500000US040131083011","Block Group 1, Census Tract 1083.01, Maricopa County, Arizona","539","170","17","20","0","13","19","22","0","13","12","18","13","21","0","13","35","43","30","28","11","17","13","16","129","167","10","16","29","28","58","41","163","77",
"1500000US040131083012","Block Group 2, Census Tract 1083.01, Maricopa County, Arizona","669","249","44","44","8","13","8","12","0","13","8","13","0","13","0","13","10","15","0","13","119","132","42","40","45","32","32","29","42","46","69","53","242","194",
"1500000US040131083013","Block Group 3, Census Tract 1083.01, Maricopa County, Arizona","628","120","35","35","17","14","0","13","18","20","65","56","45","48","6","10","14","18","33","32","78","80","40","45","53","33","42","39","24","23","26","25","132","58",
"1500000US040131083021","Block Group 1, Census Tract 1083.02, Maricopa County, Arizona","584","113","28","46","0","13","45","50","27","26","38","50","17","24","0","13","40","38","9","13","23","28","52","52","53","36","48","36","66","42","63","45","75","42",
"1500000US040131083022","Block Group 2, Census Tract 1083.02, Maricopa County, Arizona","979","135","56","49","34","32","11","16","42","27","18","22","71","62","119","111","35","42","43","35","68","47","133","80","119","71","33","31","42","37","72","43","83","64",
"1500000US040131084001","Block Group 1, Census Tract 1084, Maricopa County, Arizona","412","145","0","13","14","21","155","114","55","90","128","128","0","13","41","45","0","13","0","13","0","13","0","13","19","30","0","13","0","13","0","13","0","13",
"1500000US040131084002","Block Group 2, Census Tract 1084, Maricopa County, Arizona","612","292","0","13","0","13","53","84","0","13","19","32","11","19","18","30","0","13","0","13","19","30","48","43","128","83","170","267","0","13","56","70","90","81",
"1500000US040131084003","Block Group 3, Census Tract 1084, Maricopa County, Arizona","624","286","53","84","60","92","18","30","0","13","28","32","0","13","116","126","0","13","0","13","0","13","259","247","23","27","4","6","56","76","7","13","0","13",
"1500000US040131084004","Block Group 4, Census Tract 1084, Maricopa County, Arizona","947","183","36","60","0","13","0","13","44","50","13","21","0","13","19","29","75","94","0","13","57","54","64","54","76","66","66","49","45","42","186","109","266","162",
"1500000US040131084005","Block Group 5, Census Tract 1084, Maricopa County, Arizona","312","130","0","13","21","34","0","13","35","40","20","32","20","32","0","13","0","13","0","13","39","46","21","33","69","66","19","31","0","13","13","21","55","64",
"1500000US040131085011","Block Group 1, Census Tract 1085.01, Maricopa County, Arizona","520","109","2","3","9","13","76","46","41","46","9","14","12","19","26","41","61","37","15","19","83","64","28","32","69","37","22","21","38","29","29","24","0","13",
"1500000US040131085012","Block Group 2, Census Tract 1085.01, Maricopa County, Arizona","564","157","18","20","20","23","0","13","37","48","20","33","16","18","9","14","32","29","15","23","0","13","153","149","53","34","97","63","28","30","36","30","30","29",
"1500000US040131085021","Block Group 1, Census Tract 1085.02, Maricopa County, Arizona","467","170","0","13","0","13","0","13","56","75","20","30","17","28","26","37","0","13","163","119","0","13","0","13","53","58","45","49","42","43","15","30","30","48",
"1500000US040131085022","Block Group 2, Census Tract 1085.02, Maricopa County, Arizona","307","106","0","13","0","13","12","20","0","13","15","25","0","13","14","22","44","52","0","13","0","13","0","13","96","92","77","91","14","23","18","27","17","27",
"1500000US040131085023","Block Group 3, Census Tract 1085.02, Maricopa County, Arizona","665","163","5","7","43","70","0","13","32","43","0","13","24","39","40","48","33","40","13","24","61","60","113","104","50","54","80","69","50","81","43","68","78","89",
"1500000US040131085024","Block Group 4, Census Tract 1085.02, Maricopa County, Arizona","353","121","28","32","0","13","0","13","0","13","0","13","0","13","40","58","76","92","0","13","0","13","24","30","35","41","9","14","19","31","37","40","85","64",
"1500000US040131086011","Block Group 1, Census Tract 1086.01, Maricopa County, Arizona","871","157","235","120","33","34","41","31","78","56","33","30","36","35","24","39","20","31","79","69","86","50","37","33","111","83","26","29","12","19","0","13","20","25",
"1500000US040131086012","Block Group 2, Census Tract 1086.01, Maricopa County, Arizona","430","107","39","46","11","18","48","46","21","24","67","54","38","46","13","15","0","13","0","13","28","33","39","47","114","58","0","13","12","21","0","13","0","13",
"1500000US040131086021","Block Group 1, Census Tract 1086.02, Maricopa County, Arizona","1301","624","43","64","35","40","50","64","132","167","63","73","74","72","390","584","98","138","119","131","28","44","29","34","117","97","123","83","0","13","0","13","0","13",
"1500000US040131086022","Block Group 2, Census Tract 1086.02, Maricopa County, Arizona","874","201","161","118","29","37","0","13","98","89","0","13","20","37","34","57","76","69","40","47","161","121","35","55","143","90","0","13","77","59","0","13","0","13",
"1500000US040131086023","Block Group 3, Census Tract 1086.02, Maricopa County, Arizona","740","261","34","58","0","13","57","64","154","227","0","13","12","21","27","47","18","29","90","101","51","60","16","25","30","50","86","75","122","113","35","56","8","16",
"1500000US040131086024","Block Group 4, Census Tract 1086.02, Maricopa County, Arizona","509","154","14","21","24","35","33","51","66","66","24","39","46","45","69","101","0","13","0","13","43","42","93","83","81","93","0","13","0","13","16","25","0","13",
"1500000US040131088021","Block Group 1, Census Tract 1088.02, Maricopa County, Arizona","615","193","54","46","15","24","26","41","43","32","18","20","21","20","26","28","28","33","103","159","62","44","118","76","32","33","19","21","43","31","0","13","7","10",
"1500000US040131088022","Block Group 2, Census Tract 1088.02, Maricopa County, Arizona","197","96","9","14","16","23","0","13","0","13","0","13","4","7","0","13","81","88","0","13","8","10","10","17","18","23","3","8","22","28","9","13","17","18",
"1500000US040131088023","Block Group 3, Census Tract 1088.02, Maricopa County, Arizona","322","90","0","13","9","13","0","13","0","13","25","28","43","37","0","13","9","14","20","19","40","63","32","28","28","27","10","15","64","42","26","23","16","21",
"1500000US040131089011","Block Group 1, Census Tract 1089.01, Maricopa County, Arizona","305","106","48","53","39","60","0","13","8","10","0","13","7","12","0","13","37","39","33","37","35","38","7","12","33","34","39","37","5","10","6","10","8","15",
"1500000US040131089012","Block Group 2, Census Tract 1089.01, Maricopa County, Arizona","391","155","0","13","65","42","11","16","36","33","7","11","39","51","6","10","0","13","56","52","19","31","21","25","32","28","6","12","4","8","6","10","83","125",
"1500000US040131089013","Block Group 3, Census Tract 1089.01, Maricopa County, Arizona","423","98","0","13","5","9","34","38","6","10","0","13","72","57","18","33","8","12","0","13","20","23","37","26","36","27","17","19","16","17","42","41","112","92",
"1500000US040131089021","Block Group 1, Census Tract 1089.02, Maricopa County, Arizona","561","120","44","58","97","65","72","57","12","13","20","29","47","53","40","33","0","13","72","50","23","25","56","37","25","30","17","19","9","14","0","13","27","36",
"1500000US040131089022","Block Group 2, Census Tract 1089.02, Maricopa County, Arizona","644","151","31","28","20","22","0","13","33","44","25","32","97","68","29","28","42","42","29","20","62","52","96","63","113","111","60","40","0","13","7","11","0","13",
"1500000US040131089023","Block Group 3, Census Tract 1089.02, Maricopa County, Arizona","649","310","66","52","37","48","25","30","29","43","0","13","25","41","8","13","8","12","207","307","17","20","58","48","17","21","55","58","26","40","12","19","59","95",
"1500000US040131089024","Block Group 4, Census Tract 1089.02, Maricopa County, Arizona","378","92","52","51","6","10","0","13","16","27","0","13","33","39","0","13","7","21","0","13","95","66","22","25","41","32","28","28","19","18","48","45","11","13",
"1500000US040131090011","Block Group 1, Census Tract 1090.01, Maricopa County, Arizona","510","93","63","48","19","31","32","41","17","24","76","55","84","42","30","30","50","47","0","13","70","56","13","19","56","43","0","13","0","13","0","13","0","13",
"1500000US040131090012","Block Group 2, Census Tract 1090.01, Maricopa County, Arizona","896","158","60","57","49","47","119","75","84","67","112","89","101","71","11","19","9","14","28","29","70","67","141","116","58","51","23","38","26","42","5","8","0","13",
"1500000US040131090021","Block Group 1, Census Tract 1090.02, Maricopa County, Arizona","419","110","75","66","37","41","4","7","62","54","59","48","0","13","33","42","0","13","7","11","22","35","40","31","43","36","9","13","28","35","0","13","0","13",
"1500000US040131090022","Block Group 2, Census Tract 1090.02, Maricopa County, Arizona","714","153","90","67","30","36","49","50","87","74","89","73","62","50","31","38","7","11","102","89","40","46","22","26","58","58","40","31","7","13","0","13","0","13",
"1500000US040131090023","Block Group 3, Census Tract 1090.02, Maricopa County, Arizona","246","76","8","12","1","9","8","12","0","13","28","23","0","13","0","13","28","47","8","12","14","17","39","37","42","30","59","52","0","13","11","18","0","13",
"1500000US040131090031","Block Group 1, Census Tract 1090.03, Maricopa County, Arizona","646","107","98","63","92","61","42","37","55","38","10","15","27","35","71","60","34","40","40","39","53","62","31","33","45","44","37","40","11","18","0","13","0","13",
"1500000US040131090032","Block Group 2, Census Tract 1090.03, Maricopa County, Arizona","673","119","173","74","36","46","61","49","75","66","74","54","0","13","34","35","51","47","46","55","38","32","59","52","17","22","3","6","6","9","0","13","0","13",
"1500000US040131090033","Block Group 3, Census Tract 1090.03, Maricopa County, Arizona","246","90","21","26","0","13","27","45","59","48","12","19","30","47","0","13","15","19","15","18","0","13","46","40","0","13","0","13","0","13","21","34","0","13",
"1500000US040131090034","Block Group 4, Census Tract 1090.03, Maricopa County, Arizona","1332","1506","57","38","17","28","37","42","0","13","3","13","37","35","55","52","20","33","30","34","8","12","1060","1505","0","13","8","12","0","13","0","13","0","13",
"1500000US040131091011","Block Group 1, Census Tract 1091.01, Maricopa County, Arizona","496","109","72","55","0","13","12","13","71","43","18","16","8","13","46","36","26","23","8","11","48","39","32","23","100","87","27","24","6","9","22","24","0","13",
"1500000US040131091012","Block Group 2, Census Tract 1091.01, Maricopa County, Arizona","473","133","17","20","0","13","46","37","19","23","69","51","25","24","29","24","24","28","20","27","44","36","30","35","74","42","7","11","69","111","0","13","0","13",
"1500000US040131091021","Block Group 1, Census Tract 1091.02, Maricopa County, Arizona","451","104","65","61","10","15","58","64","0","13","33","41","50","62","0","13","37","44","42","40","34","34","10","15","88","55","21","25","3","15","0","13","0","13",
"1500000US040131091022","Block Group 2, Census Tract 1091.02, Maricopa County, Arizona","789","234","48","49","12","18","12","19","0","13","0","13","40","41","33","39","20","24","24","37","184","142","245","163","107","78","10","15","36","28","18","29","0","13",
"1500000US040131091023","Block Group 3, Census Tract 1091.02, Maricopa County, Arizona","390","119","63","83","0","13","10","15","21","35","0","13","0","13","14","21","60","68","9","14","60","51","46","49","32","25","37","45","21","23","11","16","6","11",
"1500000US040131092001","Block Group 1, Census Tract 1092, Maricopa County, Arizona","0","13","0","13","0","13","0","13","0","13","0","13","0","13","0","13","0","13","0","13","0","13","0","13","0","13","0","13","0","13","0","13","0","13",
"1500000US040131092002","Block Group 2, Census Tract 1092, Maricopa County, Arizona","369","123","38","62","27","44","7","11","26","30","32","50","0","13","131","98","0","13","24","30","0","13","5","9","28","24","33","38","8","17","0","13","10","16",
"1500000US040131092003","Block Group 3, Census Tract 1092, Maricopa County, Arizona","675","132","20","21","46","32","26","32","154","90","29","35","0","13","41","48","101","71","0","13","95","85","84","52","18","25","15","24","7","12","39","58","0","13",
"1500000US040131092004","Block Group 4, Census Tract 1092, Maricopa County, Arizona","358","121","73","52","98","90","0","13","25","38","8","13","39","55","33","41","33","40","0","13","8","14","28","34","0","13","13","21","0","13","0","13","0","13",
"1500000US040131093001","Block Group 1, Census Tract 1093, Maricopa County, Arizona","419","285","19","27","11","17","31","37","8","15","0","13","13","20","0","13","11","17","18","23","13","22","53","65","60","51","0","13","29","43","153","249","0","13",
"1500000US040131093002","Block Group 2, Census Tract 1093, Maricopa County, Arizona","467","135","19","20","0","13","0","13","0","13","13","20","30","45","45","59","0","13","0","13","109","76","84","77","118","54","0","13","49","60","0","13","0","13",
"1500000US040131093003","Block Group 3, Census Tract 1093, Maricopa County, Arizona","289","102","0","13","0","13","0","13","27","35","0","13","0","13","38","51","0","13","0","13","76","50","70","71","37","45","41","48","0","13","0","13","0","13",
"1500000US040131094011","Block Group 1, Census Tract 1094.01, Maricopa County, Arizona","249","154","0","13","0","13","0","13","0","13","17","28","0","13","63","52","0","13","50","77","0","13","17","33","0","13","0","13","102","129","0","13","0","13",
"1500000US040131094012","Block Group 2, Census Tract 1094.01, Maricopa County, Arizona","722","178","78","77","19","31","82","85","74","73","141","130","0","13","62","65","21","35","61","76","0","13","103","111","0","13","81","92","0","13","0","13","0","13",
"1500000US040131094013","Block Group 3, Census Tract 1094.01, Maricopa County, Arizona","356","136","49","77","17","26","0","13","0","13","0","13","54","82","0","13","23","38","63","52","23","42","19","31","52","52","27","41","0","13","29","42","0","13",
"1500000US040131094021","Block Group 1, Census Tract 1094.02, Maricopa County, Arizona","574","265","0","13","31","51","58","63","45","72","0","13","0","13","0","13","33","57","11","18","199","237","22","44","51","76","90","84","0","13","34","54","0","13",
"1500000US040131094022","Block Group 2, Census Tract 1094.02, Maricopa County, Arizona","386","130","0","13","0","13","0","13","16","37","13","22","0","13","56","86","58","88","28","32","35","46","24","33","74","94","0","13","0","13","41","57","41","64",
"1500000US040131094023","Block Group 3, Census Tract 1094.02, Maricopa County, Arizona","373","139","62","74","68","50","90","79","33","31","0","13","35","55","0","13","13","22","0","13","17","29","3","15","52","63","0","13","0","13","0","13","0","13",
"1500000US040131095001","Block Group 1, Census Tract 1095, Maricopa County, Arizona","698","256","0","13","7","12","47","52","8","13","14","23","39","37","44","42","48","46","53","52","56","61","62","52","194","246","27","36","64","61","5","10","30","45",
"1500000US040131095002","Block Group 2, Census Tract 1095, Maricopa County, Arizona","303","89","0","13","0","13","31","38","11","18","8","14","0","13","29","43","28","46","0","13","0","13","21","24","27","35","95","73","0","13","6","10","47","34",
"1500000US040131095003","Block Group 3, Census Tract 1095, Maricopa County, Arizona","483","114","16","20","0","13","8","15","33","30","23","26","51","52","0","13","24","25","21","25","59","40","55","49","35","32","24","22","91","106","43","38","0","13",
"1500000US040131096011","Block Group 1, Census Tract 1096.01, Maricopa County, Arizona","504","124","30","33","0","13","10","16","32","35","24","28","0","13","47","51","65","67","46","51","76","72","47","39","96","59","0","13","0","13","18","28","13","21",
"1500000US040131096012","Block Group 2, Census Tract 1096.01, Maricopa County, Arizona","296","98","33","37","30","37","0","13","27","35","0","13","0","13","8","13","14","23","60","56","48","56","8","14","42","41","26","28","0","13","0","13","0","13",
"1500000US040131096013","Block Group 3, Census Tract 1096.01, Maricopa County, Arizona","479","126","22","34","8","14","29","30","22","26","39","60","14","21","62","66","57","63","19","21","60","54","18","22","33","39","65","70","10","17","21","27","0","13",
"1500000US040131096021","Block Group 1, Census Tract 1096.02, Maricopa County, Arizona","329","75","14","21","13","21","5","10","30","39","67","51","19","15","0","13","0","13","3","9","37","31","37","36","67","45","37","38","0","13","0","13","0","13",
"1500000US040131096022","Block Group 2, Census Tract 1096.02, Maricopa County, Arizona","1116","467","11","17","59","43","65","43","68","52","51","57","52","60","80","62","360","459","145","102","9","13","41","42","89","63","33","50","0","13","53","61","0","13",
"1500000US040131096023","Block Group 3, Census Tract 1096.02, Maricopa County, Arizona","377","111","13","21","50","47","7","11","6","11","25","37","21","25","49","58","0","13","33","52","88","76","0","13","51","52","0","13","0","13","34","43","0","13",
"1500000US040131096031","Block Group 1, Census Tract 1096.03, Maricopa County, Arizona","287","89","7","11","12","19","0","13","7","13","42","49","7","11","7","11","0","13","41","33","19","22","49","52","36","39","28","32","32","43","0","13","0","13",
"1500000US040131096032","Block Group 2, Census Tract 1096.03, Maricopa County, Arizona","241","74","0","13","11","19","16","24","8","13","42","49","0","13","47","45","18","29","0","13","14","18","63","47","22","23","0","13","0","13","0","13","0","13",
"1500000US040131096033","Block Group 3, Census Tract 1096.03, Maricopa County, Arizona","316","87","0","13","0","13","5","10","20","31","0","13","69","54","51","50","12","21","23","38","54","45","0","13","70","53","12","16","0","13","0","13","0","13",
"1500000US040131096034","Block Group 4, Census Tract 1096.03, Maricopa County, Arizona","287","89","16","17","0","13","9","15","0","13","0","13","28","41","14","18","0","13","28","33","20","28","56","56","42","43","17","20","45","47","0","13","12","20",
"1500000US040131096041","Block Group 1, Census Tract 1096.04, Maricopa County, Arizona","817","261","52","38","9","13","16","21","96","61","33","32","42","45","33","40","7","11","18","28","58","46","163","141","172","206","30","23","28","24","21","22","39","35",
"1500000US040131096042","Block Group 2, Census Tract 1096.04, Maricopa County, Arizona","322","76","38","41","19","31","30","33","14","15","10","14","14","15","59","41","52","38","7","11","24","23","29","34","8","12","18","28","0","13","0","13","0","13",
"1500000US040131097021","Block Group 1, Census Tract 1097.02, Maricopa County, Arizona","443","106","3","10","45","45","0","13","26","31","0","13","46","40","49","46","68","71","0","13","33","29","24","29","40","37","65","60","44","52","0","13","0","13",
"1500000US040131097022","Block Group 2, Census Tract 1097.02, Maricopa County, Arizona","551","147","0","13","29","33","119","74","28","24","8","12","0","13","60","65","25","30","25","29","80","63","63","104","29","38","19","20","40","52","26","34","0","13",
"1500000US040131097023","Block Group 3, Census Tract 1097.02, Maricopa County, Arizona","299","82","31","37","0","13","0","13","2","4","38","60","21","33","17","27","34","54","27","24","43","59","7","10","44","48","35","53","0","13","0","13","0","13",
"1500000US040131097031","Block Group 1, Census Tract 1097.03, Maricopa County, Arizona","441","134","28","23","7","10","37","35","11","12","47","42","0","13","14","14","10","13","32","30","34","32","24","22","155","133","0","13","20","25","14","15","8","13",
"1500000US040131097032","Block Group 2, Census Tract 1097.03, Maricopa County, Arizona","598","183","119","158","29","22","14","12","60","46","46","41","42","38","29","24","58","44","127","95","8","14","13","14","43","36","7","12","0","13","0","13","3","6",
"1500000US040131097041","Block Group 1, Census Tract 1097.04, Maricopa County, Arizona","334","79","4","6","0","13","21","26","0","13","34","35","47","43","52","39","16","25","21","17","56","40","25","27","31","28","27","43","0","13","0","13","0","13",
"1500000US040131097042","Block Group 2, Census Tract 1097.04, Maricopa County, Arizona","249","77","18","19","9","13","0","13","14","19","21","22","7","11","58","44","8","12","5","9","34","35","13","14","58","47","0","13","4","6","0","13","0","13",
"1500000US040131097051","Block Group 1, Census Tract 1097.05, Maricopa County, Arizona","216","64","12","18","5","7","14","21","5","9","5","8","22","20","3","5","10","17","5","7","11","12","51","62","27","30","26","29","5","7","2","4","13","20",
"1500000US040131097052","Block Group 2, Census Tract 1097.05, Maricopa County, Arizona","278","42","0","13","24","25","14","20","0","13","0","13","23","28","11","20","20","23","24","23","21","21","40","28","61","39","29","25","0","13","7","10","4","6",
"1500000US040131097061","Block Group 1, Census Tract 1097.06, Maricopa County, Arizona","821","125","29","31","51","50","64","55","85","75","20","34","71","51","50","47","20","31","30","47","195","126","152","104","15","25","39","32","0","13","0","13","0","13",
"1500000US040131097071","Block Group 1, Census Tract 1097.07, Maricopa County, Arizona","442","162","0","13","38","60","51","75","21","34","38","60","25","41","68","79","33","55","22","35","136","94","0","13","10","19","0","13","0","13","0","13","0","13",
"1500000US040131097072","Block Group 2, Census Tract 1097.07, Maricopa County, Arizona","694","227","50","54","17","30","120","114","88","59","39","64","65","75","0","13","27","44","0","13","113","89","96","124","1","16","6","30","72","78","0","13","0","13",
"1500000US040131097073","Block Group 3, Census Tract 1097.07, Maricopa County, Arizona","529","168","54","86","32","51","78","86","71","82","0","13","0","13","107","86","15","25","0","13","52","66","79","97","22","35","0","13","0","13","0","13","19","32",
"1500000US040131098011","Block Group 1, Census Tract 1098.01, Maricopa County, Arizona","917","291","16","18","25","23","18","20","88","52","123","122","223","249","42","30","10","15","3","5","103","90","87","38","84","48","67","50","28","26","0","13","0","13",
"1500000US040131098012","Block Group 2, Census Tract 1098.01, Maricopa County, Arizona","515","105","33","29","50","36","0","13","19","19","19","20","52","30","51","36","68","82","12","11","34","26","61","42","87","44","15","17","10","15","0","13","4","6",
"1500000US040131098021","Block Group 1, Census Tract 1098.02, Maricopa County, Arizona","521","147","0","13","6","11","50","50","16","20","16","18","36","33","37","48","77","79","0","13","47","59","64","47","23","25","107","107","21","22","21","25","0","13",
"1500000US040131098022","Block Group 2, Census Tract 1098.02, Maricopa County, Arizona","367","101","35","50","0","13","17","18","0","13","0","13","24","36","13","19","47","47","37","32","5","11","80","53","96","68","3","11","0","13","10","17","0","13",
"1500000US040131098023","Block Group 3, Census Tract 1098.02, Maricopa County, Arizona","326","91","7","12","6","11","15","18","0","13","0","13","20","32","20","22","7","11","30","48","27","40","25","29","89","58","43","49","32","47","5","10","0","13",
"1500000US040131099001","Block Group 1, Census Tract 1099, Maricopa County, Arizona","609","248","12","20","19","23","53","57","0","13","49","52","51","60","28","42","47","52","0","13","159","203","59","53","71","67","0","13","36","43","25","40","0","13",
"1500000US040131099002","Block Group 2, Census Tract 1099, Maricopa County, Arizona","544","146","100","73","10","15","46","53","11","17","0","13","65","62","22","35","55","65","0","13","37","44","136","71","53","81","9","16","0","13","0","13","0","13",
"1500000US040131099003","Block Group 3, Census Tract 1099, Maricopa County, Arizona","571","190","0","13","25","23","0","13","77","63","87","98","84","75","0","13","27","28","10","15","31","39","111","86","22","34","12","18","0","13","20","30","65","106",
"1500000US040131099004","Block Group 4, Census Tract 1099, Maricopa County, Arizona","236","85","0","13","10","15","0","13","0","13","0","13","0","13","36","45","0","13","27","41","52","51","60","45","22","35","0","13","9","15","0","13","20","30",
"1500000US040131100011","Block Group 1, Census Tract 1100.01, Maricopa County, Arizona","592","166","6","8","68","86","10","12","35","32","28","24","25","33","47","36","64","46","30","31","79","46","33","30","95","111","38","40","22","37","12","14","0","13",
"1500000US040131100012","Block Group 2, Census Tract 1100.01, Maricopa County, Arizona","556","150","24","26","14","22","29","35","0","13","0","13","40","41","38","37","5","7","39","34","73","53","59","42","104","55","114","123","17","29","0","13","0","13",
"1500000US040131100021","Block Group 1, Census Tract 1100.02, Maricopa County, Arizona","392","120","15","24","0","13","5","8","9","15","0","13","24","39","32","37","0","13","9","16","52","53","90","91","111","85","31","38","14","19","0","13","0","13",
"1500000US040131100022","Block Group 2, Census Tract 1100.02, Maricopa County, Arizona","956","221","7","11","49","56","21","36","38","44","86","117","98","68","161","140","77","59","34","50","59","50","14","19","170","162","108","67","24","37","0","13","10","16",
"1500000US040131101001","Block Group 1, Census Tract 1101, Maricopa County, Arizona","377","89","37","45","23","37","89","58","0","13","29","42","29","35","0","13","63","56","0","13","0","13","79","54","28","31","0","13","0","13","0","13","0","13",
"1500000US040131101002","Block Group 2, Census Tract 1101, Maricopa County, Arizona","485","111","11","17","46","51","44","47","18","29","45","38","33","40","25","29","21","35","92","81","30","35","57","55","63","47","0","13","0","13","0","13","0","13",
"1500000US040131101003","Block Group 3, Census Tract 1101, Maricopa County, Arizona","606","162","0","13","20","31","29","26","11","17","9","16","23","37","8","12","70","56","44","51","89","60","91","55","54","44","23","26","116","138","19","21","0","13",
"1500000US040131101004","Block Group 4, Census Tract 1101, Maricopa County, Arizona","443","114","48","43","22","25","0","13","22","36","20","31","35","42","20","34","44","50","72","95","41","38","29","35","28","24","19","22","19","22","7","17","17","25",
"1500000US040131104001","Block Group 1, Census Tract 1104, Maricopa County, Arizona","691","246","0","13","18","32","0","13","12","19","28","45","15","28","149","222","44","62","48","81","138","109","82","80","17","28","64","75","67","61","9","14","0","13",
"1500000US040131104002","Block Group 2, Census Tract 1104, Maricopa County, Arizona","465","143","101","87","39","63","37","56","56","73","14","22","41","64","21","35","40","39","13","23","32","37","46","51","0","13","15","25","7","13","0","13","3","5",
"1500000US040131104003","Block Group 3, Census Tract 1104, Maricopa County, Arizona","688","183","14","24","12","22","72","80","0","13","109","106","0","13","26","32","65","75","13","21","13","20","16","25","135","105","32","40","15","27","114","104","52","46",
"1500000US040131104004","Block Group 4, Census Tract 1104, Maricopa County, Arizona","447","149","0","13","0","13","22","27","9","19","0","13","37","44","0","13","12","20","0","13","82","121","77","88","46","58","42","42","29","37","9","15","82","69",
"1500000US040131105011","Block Group 1, Census Tract 1105.01, Maricopa County, Arizona","384","102","28","31","0","13","0","13","0","13","13","15","18","20","0","13","56","47","49","58","48","33","43","37","32","27","36","30","31","23","30","36","0","13",
"1500000US040131105012","Block Group 2, Census Tract 1105.01, Maricopa County, Arizona","1109","180","26","39","34","28","79","76","67","47","6","10","88","71","12","20","206","100","85","64","192","116","117","76","140","75","22","29","19","21","6","16","10","15",
"1500000US040131105013","Block Group 3, Census Tract 1105.01, Maricopa County, Arizona","383","88","105","63","51","40","12","19","0","13","11","16","23","22","9","13","4","7","0","13","39","43","19","21","29","32","27","28","18","21","12","16","24","37",
"1500000US040131105021","Block Group 1, Census Tract 1105.02, Maricopa County, Arizona","969","270","77","55","120","85","85","81","55","43","0","13","20","32","8","13","29","32","8","12","106","77","131","79","69","54","24","27","38","38","18","22","181","223",
"1500000US040131105022","Block Group 2, Census Tract 1105.02, Maricopa County, Arizona","857","152","49","39","61","53","49","36","8","13","7","12","23","24","37","31","58","53","20","31","38","26","132","84","107","85","120","61","16","20","94","65","38","38",
"1500000US040131106001","Block Group 1, Census Tract 1106, Maricopa County, Arizona","332","120","0","13","15","22","2","4","0","13","0","13","0","13","0","13","26","30","0","13","18","29","134","101","77","63","14","24","30","34","16","35","0","13",
"1500000US040131106002","Block Group 2, Census Tract 1106, Maricopa County, Arizona","589","179","0","13","21","26","0","13","32","41","15","24","45","69","59","89","17","30","60","78","64","57","89","80","94","61","8","15","85","103","0","13","0","13",
"1500000US040131106003","Block Group 3, Census Tract 1106, Maricopa County, Arizona","273","112","0","13","15","24","0","13","0","13","0","13","0","13","0","13","73","75","26","34","76","73","3","4","68","67","0","13","12","32","0","13","0","13",
"1500000US040131106004","Block Group 4, Census Tract 1106, Maricopa County, Arizona","712","166","0","13","38","65","0","13","4","7","0","13","15","25","93","78","39","29","82","81","34","36","185","127","76","54","36","38","27","32","18","25","65","45",
"1500000US040131107011","Block Group 1, Census Tract 1107.01, Maricopa County, Arizona","545","125","22","22","33","49","17","19","61","57","6","8","0","13","29","37","11","17","30","45","115","92","69","50","121","57","19","32","0","13","12","20","0","13",
"1500000US040131107012","Block Group 2, Census Tract 1107.01, Maricopa County, Arizona","438","118","106","64","36","34","25","24","10","18","13","16","30","25","17","22","34","44","50","51","29","30","10","17","71","58","7","12","0","13","0","13","0","13",
"1500000US040131107021","Block Group 1, Census Tract 1107.02, Maricopa County, Arizona","948","161","41","46","42","36","7","12","12","18","39","51","60","65","68","55","9","14","66","56","57","43","86","55","231","130","53","47","32","41","87","51","58","52",
"1500000US040131107022","Block Group 2, Census Tract 1107.02, Maricopa County, Arizona","794","286","25","41","9","13","179","275","66","54","0","13","7","12","47","46","37","36","10","15","34","28","42","35","184","68","44","37","8","13","61","37","41","48",
"1500000US040131108011","Block Group 1, Census Tract 1108.01, Maricopa County, Arizona","929","247","19","26","68","74","21","36","86","86","55","68","18","25","10","20","52","66","33","40","200","168","45","51","168","113","63","66","0","13","29","34","62","99",
"1500000US040131108012","Block Group 2, Census Tract 1108.01, Maricopa County, Arizona","525","163","39","36","0","13","49","47","24","30","31","45","0","13","60","68","0","13","32","52","51","64","105","94","75","106","10","19","9","18","40","48","0","13",
"1500000US040131108013","Block Group 3, Census Tract 1108.01, Maricopa County, Arizona","786","217","61","71","30","35","0","13","32","51","68","68","11","17","41","34","35","52","32","47","28","25","46","73","109","77","109","123","78","100","0","13","106","166",
"1500000US040131108021","Block Group 1, Census Tract 1108.02, Maricopa County, Arizona","475","72","66","42","11","11","5","9","10","11","28","27","69","42","17","13","35","29","0","13","49","28","34","23","41","28","36","29","18","13","21","19","35","29",
"1500000US040131108022","Block Group 2, Census Tract 1108.02, Maricopa County, Arizona","642","195","13","10","27","27","65","66","41","35","16","14","29","19","0","13","100","100","22","15","31","19","105","160","63","34","35","20","48","27","32","20","15","13",
"1500000US040131109011","Block Group 1, Census Tract 1109.01, Maricopa County, Arizona","394","98","0","13","9","14","6","10","7","11","20","26","0","13","0","13","0","13","13","21","23","38","27","27","48","40","50","37","4","6","96","89","91","51",
"1500000US040131109012","Block Group 2, Census Tract 1109.01, Maricopa County, Arizona","1249","272","276","193","146","59","63","44","64","37","58","50","106","62","27","25","40","41","156","182","40","25","30","37","26","30","102","78","11","9","30","43","74","73",
"1500000US040131109021","Block Group 1, Census Tract 1109.02, Maricopa County, Arizona","839","167","54","25","51","37","56","34","109","129","42","33","36","43","121","82","50","48","14","21","19","19","79","51","77","51","65","46","27","39","17","20","22","35",
"1500000US040131109022","Block Group 2, Census Tract 1109.02, Maricopa County, Arizona","991","124","108","59","44","51","27","24","85","70","83","62","6","10","83","75","21","26","40","37","51","45","125","85","97","58","41","35","70","58","36","34","74","61",
"1500000US040131110001","Block Group 1, Census Tract 1110, Maricopa County, Arizona","457","156","25","30","0","13","0","13","10","16","28","41","37","59","0","13","92","112","35","43","35","56","55","67","18","31","11","18","18","28","38","46","55","57",
"1500000US040131110002","Block Group 2, Census Tract 1110, Maricopa County, Arizona","265","102","0","13","0","13","0","13","22","38","0","13","0","13","0","13","21","36","0","13","12","18","0","13","66","65","0","13","90","76","0","13","54","53",
"1500000US040131110003","Block Group 3, Census Tract 1110, Maricopa County, Arizona","500","125","23","37","0","13","0","13","0","13","16","29","0","13","0","13","0","13","0","13","50","50","28","42","109","88","21","33","38","48","143","73","72","68",
"1500000US040131110004","Block Group 4, Census Tract 1110, Maricopa County, Arizona","417","250","16","26","32","49","0","13","0","13","0","13","22","37","11","18","0","13","0","13","37","48","10","17","17","30","36","45","170","237","11","18","55","46",
"1500000US040131110005","Block Group 5, Census Tract 1110, Maricopa County, Arizona","333","105","0","13","23","35","24","39","0","13","0","13","0","13","0","13","0","13","20","35","0","13","25","35","64","62","47","45","23","40","56","63","51","55",
"1500000US040131111001","Block Group 1, Census Tract 1111, Maricopa County, Arizona","547","136","18","20","0","13","50","53","18","21","4","6","11","16","7","12","10","18","10","16","29","27","18","19","62","41","19","20","79","63","106","107","106","56",
"1500000US040131111002","Block Group 2, Census Tract 1111, Maricopa County, Arizona","574","122","24","26","27","25","28","27","62","62","74","63","20","21","57","60","65","72","0","13","22","24","6","11","49","36","81","75","11","18","7","15","41","43",
"1500000US040131111003","Block Group 3, Census Tract 1111, Maricopa County, Arizona","680","153","9","14","0","13","21","29","0","13","16","22","0","13","28","38","82","116","0","13","19","20","62","44","25","22","57","36","80","69","78","42","203","85",
"1500000US040131112011","Block Group 1, Census Tract 1112.01, Maricopa County, Arizona","637","208","52","48","23","38","57","66","99","76","0","13","0","13","32","39","140","87","0","13","59","70","154","163","21","35","0","13","0","13","0","13","0","13",
"1500000US040131112012","Block Group 2, Census Tract 1112.01, Maricopa County, Arizona","807","207","0","13","31","36","0","13","94","136","51","60","144","119","0","13","41","42","55","70","35","39","93","94","70","59","112","124","37","51","10","17","34","40",
"1500000US040131112013","Block Group 3, Census Tract 1112.01, Maricopa County, Arizona","752","194","15","24","16","28","0","13","0","13","110","96","49","50","17","31","125","106","73","109","143","81","98","111","57","53","0","13","15","23","0","13","34","38",
"1500000US040131112014","Block Group 4, Census Tract 1112.01, Maricopa County, Arizona","458","111","34","40","18","28","0","13","0","13","0","13","14","23","34","37","100","86","0","13","0","13","0","13","50","43","73","69","40","48","66","66","29","31",
"1500000US040131112021","Block Group 1, Census Tract 1112.02, Maricopa County, Arizona","900","150","52","31","52","26","65","50","38","32","28","28","68","46","79","40","38","34","34","22","93","51","258","147","23","20","32","29","33","37","7","9","0","13",
"1500000US040131112031","Block Group 1, Census Tract 1112.03, Maricopa County, Arizona","1107","231","223","175","79","37","35","27","68","36","34","23","27","19","103","109","118","53","27","19","88","41","178","123","61","32","28","25","7","11","31","51","0","13",
"1500000US040131112041","Block Group 1, Census Tract 1112.04, Maricopa County, Arizona","1622","295","34","34","73","61","9","14","0","13","90","64","70","45","107","67","96","51","112","80","154","72","296","151","393","261","157","82","19","30","12","19","0","13",
"1500000US040131113001","Block Group 1, Census Tract 1113, Maricopa County, Arizona","445","184","0","13","41","65","0","13","0","13","81","87","42","65","0","13","0","13","19","32","78","77","13","21","62","56","0","13","64","103","45","74","0","13",
"1500000US040131113002","Block Group 2, Census Tract 1113, Maricopa County, Arizona","525","127","24","19","0","13","10","17","61","97","0","13","64","78","0","13","0","13","0","13","76","76","116","83","78","58","16","27","23","29","31","47","26","28",
"1500000US040131113003","Block Group 3, Census Tract 1113, Maricopa County, Arizona","514","184","94","120","20","33","33","43","0","13","21","34","94","91","0","13","47","78","22","27","60","47","45","33","77","85","0","13","0","13","1","2","0","13",
"1500000US040131113004","Block Group 4, Census Tract 1113, Maricopa County, Arizona","460","118","36","54","0","13","45","48","0","13","18","28","0","13","0","13","11","20","17","27","58","65","37","59","49","56","75","55","58","43","15","23","41","31",
"1500000US040131113005","Block Group 5, Census Tract 1113, Maricopa County, Arizona","495","153","0","13","0","13","7","14","20","31","69","81","18","28","19","31","51","65","43","67","46","70","73","75","74","56","18","28","17","27","40","61","0","13",
"1500000US040131114011","Block Group 1, Census Tract 1114.01, Maricopa County, Arizona","645","198","17","22","6","10","0","13","42","50","15","18","116","97","47","39","23","37","35","37","24","39","50","52","70","59","160","164","19","23","21","22","0","13",
"1500000US040131114012","Block Group 2, Census Tract 1114.01, Maricopa County, Arizona","714","184","48","51","14","18","17","27","146","144","29","33","39","46","42","37","24","34","30","49","66","58","105","73","66","59","26","39","10","16","52","71","0","13",
"1500000US040131114021","Block Group 1, Census Tract 1114.02, Maricopa County, Arizona","721","137","60","58","22","26","5","10","59","52","71","50","12","18","74","67","43","49","0","13","28","30","35","42","139","101","41","37","58","92","32","40","42","37",
"1500000US040131114022","Block Group 2, Census Tract 1114.02, Maricopa County, Arizona","672","113","28","30","90","69","63","51","46","40","30","27","9","15","9","14","43","36","25","38","98","64","71","52","54","50","34","32","21","23","11","18","40","46",
"1500000US040131115011","Block Group 1, Census Tract 1115.01, Maricopa County, Arizona","749","182","50","40","44","35","0","13","54","39","52","46","46","45","143","161","16","22","42","48","92","77","71","60","95","59","19","20","3","6","22","22","0","13",
"1500000US040131115021","Block Group 1, Census Tract 1115.02, Maricopa County, Arizona","475","130","65","38","0","13","0","13","0","13","35","36","51","58","11","17","79","95","12","19","79","63","36","35","36","41","26","36","13","16","22","26","10","17",
"1500000US040131115022","Block Group 2, Census Tract 1115.02, Maricopa County, Arizona","768","260","19","31","23","34","7","11","75","60","36","35","25","30","48","48","107","102","55","53","163","226","77","52","32","42","30","36","64","63","7","12","0","13",
"1500000US040131115023","Block Group 3, Census Tract 1115.02, Maricopa County, Arizona","541","122","47","45","84","73","3","5","21","24","114","93","0","13","38","42","36","43","89","66","11","18","90","68","8","12","0","13","0","13","0","13","0","13",
"1500000US040131115024","Block Group 4, Census Tract 1115.02, Maricopa County, Arizona","418","164","25","23","23","37","36","29","44","56","15","23","42","38","0","13","11","18","0","13","32","29","146","143","32","43","0","13","12","17","0","13","0","13",
"1500000US040131116011","Block Group 1, Census Tract 1116.01, Maricopa County, Arizona","481","100","29","33","95","56","10","15","38","33","29","30","17","21","7","10","20","23","28","25","0","13","44","35","50","41","12","18","70","48","8","12","24","22",
"1500000US040131116012","Block Group 2, Census Tract 1116.01, Maricopa County, Arizona","535","138","0","13","44","34","27","29","41","44","0","13","37","28","35","35","69","52","23","23","157","128","22","23","21","22","36","32","23","22","0","13","0","13",
"1500000US040131116021","Block Group 1, Census Tract 1116.02, Maricopa County, Arizona","355","120","71","95","17","19","0","13","43","41","18","19","29","30","33","37","22","26","30","35","52","39","30","35","0","13","10","15","0","13","0","13","0","13",
"1500000US040131116022","Block Group 2, Census Tract 1116.02, Maricopa County, Arizona","555","96","73","46","66","49","19","20","9","14","25","30","19","26","44","43","9","14","4","6","91","52","49","43","16","19","67","45","21","27","0","13","43","52",
"1500000US040131116023","Block Group 3, Census Tract 1116.02, Maricopa County, Arizona","939","336","47","42","42","41","53","49","97","64","51","40","27","31","27","31","38","35","31","38","352","345","26","30","122","54","26","32","0","13","0","13","0","13",
"1500000US040131117001","Block Group 1, Census Tract 1117, Maricopa County, Arizona","681","182","93","97","0","13","35","54","0","13","67","94","27","32","17","30","20","32","0","13","94","98","70","59","37","41","108","60","38","47","64","48","11","18",
"1500000US040131117002","Block Group 2, Census Tract 1117, Maricopa County, Arizona","652","185","62","97","17","38","20","31","0","13","0","13","34","38","16","28","80","89","29","46","0","13","28","36","151","102","139","136","0","13","30","51","46","60",
"1500000US040131117003","Block Group 3, Census Tract 1117, Maricopa County, Arizona","655","160","71","74","63","67","19","30","26","43","0","13","0","13","54","69","23","38","0","13","31","42","81","82","195","140","43","66","26","30","23","28","0","13",
"1500000US040131117004","Block Group 4, Census Tract 1117, Maricopa County, Arizona","541","212","56","57","0","13","0","13","0","13","0","13","18","30","43","62","0","13","0","13","17","29","52","67","218","224","45","41","44","68","0","13","48","44",
"1500000US040131118001","Block Group 1, Census Tract 1118, Maricopa County, Arizona","373","169","133","139","47","76","0","13","14","22","0","13","0","13","0","13","9","15","0","13","22","34","33","30","61","45","0","13","0","13","28","33","26","30",
"1500000US040131118002","Block Group 2, Census Tract 1118, Maricopa County, Arizona","595","181","13","21","0","13","21","26","29","45","0","13","0","13","72","68","22","26","27","44","0","13","13","21","54","41","77","55","19","23","53","58","195","130",
"1500000US040131118003","Block Group 3, Census Tract 1118, Maricopa County, Arizona","870","291","26","43","37","57","0","13","18","28","15","23","0","13","0","13","38","33","0","13","27","31","55","56","221","234","69","48","47","40","143","103","174","108",
"1500000US040131118004","Block Group 4, Census Tract 1118, Maricopa County, Arizona","525","176","30","47","54","67","27","24","0","13","0","13","31","39","0","13","0","13","14","23","54","51","74","77","34","39","7","12","0","13","162","148","38","34",
"1500000US040131119001","Block Group 1, Census Tract 1119, Maricopa County, Arizona","415","87","54","45","0","13","0","13","9","14","9","13","31","41","15","17","39","44","0","13","10","15","7","12","26","21","17","19","126","67","31","29","41","34",
"1500000US040131119002","Block Group 2, Census Tract 1119, Maricopa County, Arizona","222","56","9","14","9","14","0","13","0","13","0","13","0","13","21","23","0","13","0","13","24","27","0","13","57","42","31","21","9","16","16","19","46","30",
"1500000US040131119003","Block Group 3, Census Tract 1119, Maricopa County, Arizona","490","148","46","53","17","20","13","17","0","13","0","13","0","13","0","13","24","37","23","23","12","18","92","48","77","73","37","31","111","120","29","26","9","14",
"1500000US040131121001","Block Group 1, Census Tract 1121, Maricopa County, Arizona","369","115","4","6","0","13","0","13","14","22","0","13","30","32","24","21","77","72","0","13","59","41","121","84","5","10","17","20","3","5","15","21","0","13",
"1500000US040131121002","Block Group 2, Census Tract 1121, Maricopa County, Arizona","373","96","10","11","21","20","23","28","22","19","43","34","1","5","54","35","10","16","60","83","9","15","16","18","27","25","12","19","41","28","17","20","7","11",
"1500000US040131121003","Block Group 3, Census Tract 1121, Maricopa County, Arizona","232","77","18","17","13","15","0","13","57","40","0","13","36","47","0","13","17","27","20","24","14","22","20","29","20","25","17","18","0","13","0","13","0","13",
"1500000US040131122011","Block Group 1, Census Tract 1122.01, Maricopa County, Arizona","441","124","0","13","23","26","0","13","0","13","46","43","24","27","24","35","0","13","63","58","18","30","73","71","104","87","32","49","21","23","0","13","13","20",
"1500000US040131122012","Block Group 2, Census Tract 1122.01, Maricopa County, Arizona","840","288","9","16","12","20","46","57","53","67","81","73","124","108","51","62","0","13","164","232","74","70","51","67","42","49","69","59","32","28","32","51","0","13",
"1500000US040131122021","Block Group 1, Census Tract 1122.02, Maricopa County, Arizona","394","126","16","18","41","36","31","47","5","10","31","44","35","51","34","50","50","48","0","13","36","44","58","80","9","15","18","26","0","13","0","13","30","33",
"1500000US040131122022","Block Group 2, Census Tract 1122.02, Maricopa County, Arizona","347","88","7","12","0","13","0","13","57","66","18","21","36","27","36","40","0","13","0","13","23","35","33","39","4","9","106","69","11","18","14","18","2","6",
"1500000US040131122023","Block Group 3, Census Tract 1122.02, Maricopa County, Arizona","921","312","144","68","49","41","318","308","62","46","86","45","20","24","30","32","25","24","50","50","38","43","76","57","17","22","6","9","0","13","0","13","0","13",
"1500000US040131123011","Block Group 1, Census Tract 1123.01, Maricopa County, Arizona","1119","532","157","81","215","109","51","36","29","44","392","530","148","94","0","13","19","30","19","31","14","16","16","28","59","49","0","13","0","13","0","13","0","13",
"1500000US040131123012","Block Group 2, Census Tract 1123.01, Maricopa County, Arizona","515","110","0","13","33","35","42","49","55","51","20","33","69","62","0","13","36","36","37","45","61","54","54","39","43","33","35","30","30","48","0","13","0","13",
"1500000US040131123013","Block Group 3, Census Tract 1123.01, Maricopa County, Arizona","527","208","18","20","0","13","0","13","24","36","45","45","15","25","0","13","3","9","23","35","77","59","156","189","139","62","0","13","27","33","0","13","0","13",
"1500000US040131123021","Block Group 1, Census Tract 1123.02, Maricopa County, Arizona","445","135","15","24","0","13","85","60","18","29","44","50","124","108","88","62","0","13","0","13","36","40","0","13","28","32","0","13","7","11","0","13","0","13",
"1500000US040131123022","Block Group 2, Census Tract 1123.02, Maricopa County, Arizona","475","120","47","44","33","40","50","47","44","50","40","45","0","13","4","7","24","38","17","27","71","62","58","45","15","25","24","36","32","39","16","26","0","13",
"1500000US040131123023","Block Group 3, Census Tract 1123.02, Maricopa County, Arizona","223","83","8","13","7","13","18","29","0","13","9","16","0","13","9","15","0","13","24","36","8","12","49","45","0","13","24","36","67","53","0","13","0","13",
"1500000US040131123024","Block Group 4, Census Tract 1123.02, Maricopa County, Arizona","527","131","111","55","32","29","149","97","61","60","0","13","9","15","35","50","0","13","0","13","24","38","64","58","22","35","0","13","20","34","0","13","0","13",
"1500000US040131123025","Block Group 5, Census Tract 1123.02, Maricopa County, Arizona","430","126","49","48","0","13","0","13","8","12","20","31","17","22","29","31","77","96","23","27","50","47","24","31","75","52","0","13","44","42","14","23","0","13",
"1500000US040131124011","Block Group 1, Census Tract 1124.01, Maricopa County, Arizona","447","98","82","67","20","32","77","57","28","33","45","49","30","34","0","13","18","20","30","48","0","13","0","13","68","52","49","47","0","13","0","13","0","13",
"1500000US040131124012","Block Group 2, Census Tract 1124.01, Maricopa County, Arizona","647","182","23","37","26","41","35","48","23","38","40","42","146","170","65","55","79","64","42","52","42","51","36","44","13","20","26","39","0","13","51","42","0","13",
"1500000US040131124013","Block Group 3, Census Tract 1124.01, Maricopa County, Arizona","655","417","12","18","0","13","22","33","11","18","8","12","54","57","28","45","13","20","269","423","19","28","109","67","47","32","22","21","41","52","0","13","0","13",
"1500000US040131124021","Block Group 1, Census Tract 1124.02, Maricopa County, Arizona","635","207","13","22","0","13","0","13","31","49","40","40","66","79","19","27","16","20","15","24","9","15","126","108","157","167","120","101","0","13","19","26","4","7",
"1500000US040131124022","Block Group 2, Census Tract 1124.02, Maricopa County, Arizona","342","120","6","10","0","13","15","26","19","28","0","13","0","13","7","12","16","32","31","42","32","53","69","75","97","88","0","13","50","78","0","13","0","13",
"1500000US040131124023","Block Group 3, Census Tract 1124.02, Maricopa County, Arizona","397","148","15","25","0","13","0","13","32","36","35","54","0","13","21","32","24","39","27","30","0","13","5","9","156","108","0","13","82","94","0","13","0","13",
"1500000US040131125021","Block Group 1, Census Tract 1125.02, Maricopa County, Arizona","773","197","31","46","72","60","0","13","28","31","84","68","12","18","6","11","46","47","37","38","59","52","139","72","156","174","47","46","18","23","0","13","38","43",
"1500000US040131125022","Block Group 2, Census Tract 1125.02, Maricopa County, Arizona","285","121","37","49","13","23","7","13","0","13","10","17","0","13","0","13","19","33","75","90","16","25","30","34","43","43","26","33","0","13","9","14","0","13",
"1500000US040131125023","Block Group 3, Census Tract 1125.02, Maricopa County, Arizona","423","105","0","13","0","13","47","69","0","13","49","39","0","13","26","45","59","65","24","40","77","69","71","63","13","23","36","44","0","13","0","13","21","30",
"1500000US040131125041","Block Group 1, Census Tract 1125.04, Maricopa County, Arizona","515","114","35","25","4","8","0","13","29","25","30","28","29","23","0","13","30","29","0","13","69","32","58","35","88","41","48","38","77","99","11","18","7","13",
"1500000US040131125042","Block Group 2, Census Tract 1125.04, Maricopa County, Arizona","657","158","78","52","29","23","48","39","48","35","60","43","35","31","145","121","25","29","14","23","76","54","33","29","6","11","15","18","45","65","0","13","0","13",
"1500000US040131125071","Block Group 1, Census Tract 1125.07, Maricopa County, Arizona","501","283","34","33","13","22","11","11","19","22","37","28","226","285","7","11","12","18","63","39","25","27","14","22","31","34","0","13","0","13","0","13","9","16",
"1500000US040131125072","Block Group 2, Census Tract 1125.07, Maricopa County, Arizona","412","56","14","22","38","32","26","30","43","36","14","21","69","43","85","51","19","20","53","36","20","24","0","13","8","11","16","24","0","13","7","11","0","13",
"1500000US040131125081","Block Group 1, Census Tract 1125.08, Maricopa County, Arizona","662","109","55","42","41","35","31","24","61","48","23","19","25","24","48","38","20","19","45","30","83","38","128","96","102","68","0","13","0","13","0","13","0","13",
"1500000US040131125101","Block Group 1, Census Tract 1125.10, Maricopa County, Arizona","250","75","0","13","8","14","0","13","0","13","12","19","12","19","14","20","0","13","5","8","78","56","11","15","21","25","27","42","37","35","25","39","0","13",
"1500000US040131125102","Block Group 2, Census Tract 1125.10, Maricopa County, Arizona","412","145","0","13","25","41","0","13","11","18","28","43","36","45","10","18","0","13","0","13","12","18","99","83","141","117","0","13","12","19","24","27","14","22",
"1500000US040131125103","Block Group 3, Census Tract 1125.10, Maricopa County, Arizona","512","123","0","13","0","13","0","13","39","47","58","48","0","13","12","22","0","13","0","13","61","56","59","62","130","69","36","45","58","67","13","18","46","58",
"1500000US040131125121","Block Group 1, Census Tract 1125.12, Maricopa County, Arizona","142","51","2","3","14","20","28","35","0","13","5","8","0","13","6","11","0","13","6","10","29","21","47","41","0","13","0","13","5","8","0","13","0","13",
"1500000US040131125122","Block Group 2, Census Tract 1125.12, Maricopa County, Arizona","0","13","0","13","0","13","0","13","0","13","0","13","0","13","0","13","0","13","0","13","0","13","0","13","0","13","0","13","0","13","0","13","0","13",
"1500000US040131125141","Block Group 1, Census Tract 1125.14, Maricopa County, Arizona","726","225","27","34","90","75","10","15","6","11","61","99","51","41","17","27","22","34","0","13","132","73","35","37","190","184","67","48","10","15","0","13","8","17",
"1500000US040131125142","Block Group 2, Census Tract 1125.14, Maricopa County, Arizona","727","122","19","31","14","22","0","13","9","15","37","54","10","15","0","13","52","49","16","19","67","51","132","81","193","91","114","69","13","18","51","51","0","13",
"1500000US040131125151","Block Group 1, Census Tract 1125.15, Maricopa County, Arizona","171","81","0","13","0","13","30","34","0","13","17","29","0","13","0","13","14","23","38","36","44","48","28","31","0","13","0","13","0","13","0","13","0","13",
"1500000US040131125152","Block Group 2, Census Tract 1125.15, Maricopa County, Arizona","559","187","36","55","0","13","0","13","0","13","0","13","16","35","0","13","0","13","0","13","59","58","147","118","70","73","31","39","187","182","1","20","12","20",
"1500000US040131125153","Block Group 3, Census Tract 1125.15, Maricopa County, Arizona","511","152","0","13","0","13","0","13","31","49","19","32","77","92","36","55","73","82","26","40","63","70","141","82","0","13","20","31","0","13","0","13","25","25",
"1500000US040131125161","Block Group 1, Census Tract 1125.16, Maricopa County, Arizona","0","13","0","13","0","13","0","13","0","13","0","13","0","13","0","13","0","13","0","13","0","13","0","13","0","13","0","13","0","13","0","13","0","13",
"1500000US040131125162","Block Group 2, Census Tract 1125.16, Maricopa County, Arizona","620","226","0","13","0","13","0","13","36","43","0","13","28","45","127","177","52","60","13","24","148","108","99","73","48","62","46","54","23","38","0","13","0","13",
"1500000US040131125163","Block Group 3, Census Tract 1125.16, Maricopa County, Arizona","641","179","2","4","0","13","0","13","0","13","0","13","113","81","76","63","122","96","53","76","89","87","44","50","0","13","0","13","45","76","0","13","97","152",
"1500000US040131125171","Block Group 1, Census Tract 1125.17, Maricopa County, Arizona","481","104","12","19","0","13","0","13","21","24","0","13","11","18","5","7","0","13","12","18","101","63","19","21","76","55","84","73","60","60","80","62","0","13",
"1500000US040131125172","Block Group 2, Census Tract 1125.17, Maricopa County, Arizona","455","145","34","42","16","28","0","13","5","8","30","46","15","25","3","4","0","13","18","25","58","46","88","53","64","51","82","104","0","13","28","41","14","21",
"1500000US040131125173","Block Group 3, Census Tract 1125.17, Maricopa County, Arizona","425","134","133","113","0","13","0","13","0","13","16","20","16","24","7","13","16","23","0","13","9","12","11","20","137","79","44","50","36","36","0","13","0","13",
"1500000US040131125181","Block Group 1, Census Tract 1125.18, Maricopa County, Arizona","469","80","0","13","0","13","4","6","0","13","28","31","42","45","0","13","0","13","34","39","27","26","33","22","122","68","94","58","62","65","23","26","0","13",
"1500000US040131125182","Block Group 2, Census Tract 1125.18, Maricopa County, Arizona","443","121","32","49","0","13","0","13","12","20","0","13","16","23","0","13","65","89","13","20","22","33","34","33","123","63","47","39","19","20","60","42","0","13",
"1500000US040131125191","Block Group 1, Census Tract 1125.19, Maricopa County, Arizona","463","148","0","13","0","13","16","42","0","13","11","22","24","47","92","125","34","40","12","30","145","89","27","41","102","105","0","13","0","13","0","13","0","13",
"1500000US040131125192","Block Group 2, Census Tract 1125.19, Maricopa County, Arizona","600","116","11","24","0","13","0","13","0","13","0","13","61","54","131","125","144","116","3","5","48","55","94","91","29","51","79","81","0","13","0","13","0","13",
"1500000US040131125201","Block Group 1, Census Tract 1125.20, Maricopa County, Arizona","451","119","51","64","9","16","79","67","0","13","0","13","12","26","29","44","16","29","0","13","46","53","137","85","58","60","0","13","0","13","14","23","0","13",
"1500000US040131125202","Block Group 2, Census Tract 1125.20, Maricopa County, Arizona","665","217","77","111","0","13","0","13","57","55","42","63","0","13","35","47","0","13","55","77","56","60","222","150","88","70","22","46","11","20","0","13","0","13",
"1500000US040131125211","Block Group 1, Census Tract 1125.21, Maricopa County, Arizona","641","148","0","13","24","37","54","61","0","13","29","49","48","69","29","32","144","100","63","79","62","87","148","115","16","25","24","38","0","13","0","13","0","13",
"1500000US040131125212","Block Group 2, Census Tract 1125.21, Maricopa County, Arizona","490","156","36","57","0","13","0","13","69","78","26","44","147","114","0","13","121","122","0","13","0","13","16","23","25","39","31","52","19","32","0","13","0","13",
"1500000US040131125221","Block Group 1, Census Tract 1125.22, Maricopa County, Arizona","585","190","0","13","10","21","64","63","0","13","28","44","0","13","25","36","30","48","169","92","32","35","96","116","120","138","0","13","0","13","11","23","0","13",
"1500000US040131125222","Block Group 2, Census Tract 1125.22, Maricopa County, Arizona","302","106","0","13","32","59","0","13","7","16","24","38","37","53","68","59","64","65","51","61","0","13","0","13","0","13","19","30","0","13","0","13","0","13",
"1500000US040131125223","Block Group 3, Census Tract 1125.22, Maricopa County, Arizona","491","158","32","37","0","13","24","43","38","62","47","58","0","13","30","49","58","64","44","67","24","40","0","13","127","102","0","13","67","97","0","13","0","13",
"1500000US040131125231","Block Group 1, Census Tract 1125.23, Maricopa County, Arizona","690","144","32","50","0","13","34","47","0","13","178","137","58","88","108","100","46","73","97","114","0","13","70","87","47","73","0","13","20","30","0","13","0","13",
"1500000US040131125232","Block Group 2, Census Tract 1125.23, Maricopa County, Arizona","0","13","0","13","0","13","0","13","0","13","0","13","0","13","0","13","0","13","0","13","0","13","0","13","0","13","0","13","0","13","0","13","0","13",
"1500000US040131125233","Block Group 3, Census Tract 1125.23, Maricopa County, Arizona","645","180","0","13","21","35","45","64","31","52","0","13","0","13","28","43","50","55","10","17","65","45","145","104","34","38","43","44","105","122","52","60","16","24",
"1500000US040131125241","Block Group 1, Census Tract 1125.24, Maricopa County, Arizona","1342","519","108","108","0","13","18","31","23","37","279","378","108","174","94","92","0","13","63","82","156","141","345","250","35","44","19","28","38","57","0","13","56","88",
"1500000US040131125242","Block Group 2, Census Tract 1125.24, Maricopa County, Arizona","665","203","0","13","76","103","42","53","0","13","32","49","121","106","158","118","56","88","46","52","44","48","70","80","0","13","20","35","0","13","0","13","0","13",
"1500000US040131125243","Block Group 3, Census Tract 1125.24, Maricopa County, Arizona","0","13","0","13","0","13","0","13","0","13","0","13","0","13","0","13","0","13","0","13","0","13","0","13","0","13","0","13","0","13","0","13","0","13",
"1500000US040131126011","Block Group 1, Census Tract 1126.01, Maricopa County, Arizona","464","60","113","38","72","40","24","21","65","41","53","39","0","13","24","25","13","15","0","13","49","37","18","21","22","22","6","8","0","13","0","13","5","8",
"1500000US040131126012","Block Group 2, Census Tract 1126.01, Maricopa County, Arizona","720","241","68","35","22","24","13","19","130","144","42","34","78","65","40","30","148","185","18","18","37","28","39","24","32","28","43","35","5","9","0","13","5","10",
"1500000US040131126021","Block Group 1, Census Tract 1126.02, Maricopa County, Arizona","579","160","30","34","68","52","32","37","0","13","36","32","17","27","45","44","32","34","67","54","154","128","27","41","34","31","37","44","0","13","0","13","0","13",
"1500000US040131126022","Block Group 2, Census Tract 1126.02, Maricopa County, Arizona","607","168","18","28","37","43","62","49","29","34","115","123","42","39","28","35","24","21","19","29","56","49","74","54","33","40","53","85","0","13","17","28","0","13",
"1500000US040131126023","Block Group 3, Census Tract 1126.02, Maricopa County, Arizona","296","105","14","23","19","30","8","15","0","13","28","22","31","36","0","13","24","33","32","38","24","27","85","79","31","30","0","13","0","13","0","13","0","13",
"1500000US040131126024","Block Group 4, Census Tract 1126.02, Maricopa County, Arizona","666","129","33","34","44","48","76","60","122","75","13","17","30","33","113","81","36","42","41","47","84","69","0","13","64","61","0","13","10","15","0","13","0","13",
"1500000US040131127001","Block Group 1, Census Tract 1127, Maricopa County, Arizona","529","159","36","36","11","16","0","13","88","105","30","36","8","15","20","29","14","20","4","11","17","26","77","66","119","95","54","44","0","13","51","46","0","13",
"1500000US040131127002","Block Group 2, Census Tract 1127, Maricopa County, Arizona","548","151","91","70","37","43","44","50","25","33","32","31","46","43","26","41","23","22","98","111","15","23","18","28","34","41","10","14","17","28","32","45","0","13",
"1500000US040131127003","Block Group 3, Census Tract 1127, Maricopa County, Arizona","610","146","12","19","0","13","48","50","0","13","129","88","72","66","22","31","118","96","16","28","41","34","4","6","30","34","37","40","56","87","25","29","0","13",
"1500000US040131127004","Block Group 4, Census Tract 1127, Maricopa County, Arizona","200","77","17","27","0","13","0","13","25","42","19","29","12","21","0","13","0","13","13","21","12","20","21","34","7","16","46","47","0","13","28","31","0","13",
"1500000US040131129001","Block Group 1, Census Tract 1129, Maricopa County, Arizona","451","85","45","30","17","27","45","28","27","31","14","16","38","45","21","22","0","13","0","13","10","17","50","40","84","48","27","24","7","11","54","38","12","19",
"1500000US040131129002","Block Group 2, Census Tract 1129, Maricopa County, Arizona","486","104","27","24","23","22","32","41","37","37","30","27","58","48","18","28","18","19","10","16","33","42","48","34","59","62","13","21","36","39","0","13","44","43",
"1500000US040131129003","Block Group 3, Census Tract 1129, Maricopa County, Arizona","563","166","92","52","0","13","67","62","0","13","104","117","55","45","0","13","8","13","40","47","79","62","18","31","57","43","43","69","0","13","0","13","0","13",
"1500000US040131129004","Block Group 4, Census Tract 1129, Maricopa County, Arizona","462","143","133","81","16","17","0","13","22","25","107","91","10","16","38","38","0","13","65","62","6","11","37","41","9","17","9","14","0","13","10","15","0","13",
"1500000US040131130001","Block Group 1, Census Tract 1130, Maricopa County, Arizona","1156","175","145","93","72","54","59","48","56","61","11","17","115","75","19","21","41","31","25","28","73","47","66","53","147","139","77","47","63","59","54","34","133","51",
"1500000US040131130002","Block Group 2, Census Tract 1130, Maricopa County, Arizona","476","125","29","45","1","5","0","13","12","19","91","85","7","13","74","58","0","13","9","13","31","27","11","17","47","38","66","41","23","21","21","20","54","48",
"1500000US040131131001","Block Group 1, Census Tract 1131, Maricopa County, Arizona","729","270","174","252","46","42","100","84","0","13","30","25","32","31","30","38","39","31","47","71","130","104","14","24","28","44","52","60","0","13","0","13","7","12",
"1500000US040131131002","Block Group 2, Census Tract 1131, Maricopa County, Arizona","896","218","193","89","47","43","22","27","41","43","16","19","9","14","19","21","32","41","9","14","0","13","65","79","195","119","162","159","24","36","51","43","11","27",
"1500000US040131131003","Block Group 3, Census Tract 1131, Maricopa County, Arizona","426","122","136","74","80","50","51","44","0","13","8","12","0","13","37","46","34","40","0","13","15","23","0","13","51","75","0","13","14","25","0","13","0","13",
"1500000US040131132011","Block Group 1, Census Tract 1132.01, Maricopa County, Arizona","401","111","27","29","20","20","26","33","17","21","42","39","41","40","23","31","27","26","0","13","49","43","2","6","41","35","11","14","19","26","5","7","51","80",
"1500000US040131132012","Block Group 2, Census Tract 1132.01, Maricopa County, Arizona","323","80","40","35","16","25","34","32","47","33","13","18","5","7","22","26","7","13","25","28","54","44","8","15","1","2","36","33","0","13","5","8","10","10",
"1500000US040131132021","Block Group 1, Census Tract 1132.02, Maricopa County, Arizona","370","74","10","12","47","46","52","33","24","28","10","10","37","27","11","12","18","20","14","20","29","26","16","18","8","12","48","42","11","17","15","17","20","22",
"1500000US040131132022","Block Group 2, Census Tract 1132.02, Maricopa County, Arizona","452","197","53","40","40","32","8","12","29","25","41","34","19","21","30","27","126","168","8","13","14","18","24","20","0","13","0","13","60","93","0","13","0","13",
"1500000US040131132041","Block Group 1, Census Tract 1132.04, Maricopa County, Arizona","727","107","43","36","95","62","67","39","67","41","59","43","10","9","31","24","24","28","35","24","87","47","84","58","54","35","36","28","0","13","29","30","6","9",
"1500000US040131132042","Block Group 2, Census Tract 1132.04, Maricopa County, Arizona","318","145","50","32","17","18","10","13","5","8","78","120","38","37","40","57","0","13","0","13","27","39","29","26","10","14","6","9","8","11","0","13","0","13",
"1500000US040131132043","Block Group 3, Census Tract 1132.04, Maricopa County, Arizona","291","93","0","13","21","31","5","9","0","13","39","51","0","13","0","13","0","13","21","31","0","13","34","33","60","64","58","54","16","26","37","52","0","13",
"1500000US040131133011","Block Group 1, Census Tract 1133.01, Maricopa County, Arizona","465","227","187","88","82","66","2","8","184","211","0","13","10","15","0","13","0","13","0","13","0","13","0","13","0","13","0","13","0","13","0","13","0","13",
"1500000US040131133012","Block Group 2, Census Tract 1133.01, Maricopa County, Arizona","615","128","126","68","123","65","58","44","52","46","48","34","18","19","49","46","5","9","13","21","34","33","32","35","57","60","0","13","0","13","0","13","0","13",
"1500000US040131133013","Block Group 3, Census Tract 1133.01, Maricopa County, Arizona","156","96","0","13","21","35","35","57","0","13","5","8","0","13","0","13","30","41","38","56","5","9","22","36","0","13","0","13","0","13","0","13","0","13",
"1500000US040131133014","Block Group 4, Census Tract 1133.01, Maricopa County, Arizona","53","44","31","38","0","13","6","10","9","15","0","13","0","13","0","13","0","13","0","13","0","13","0","13","7","18","0","13","0","13","0","13","0","13",
"1500000US040131135021","Block Group 1, Census Tract 1135.02, Maricopa County, Arizona","863","201","56","42","0","13","45","35","66","34","86","53","47","31","37","29","253","205","39","33","70","48","93","49","46","25","0","13","8","11","17","23","0","13",
"1500000US040131135031","Block Group 1, Census Tract 1135.03, Maricopa County, Arizona","598","96","20","31","38","39","23","36","75","51","40","41","101","66","9","13","20","19","28","26","99","76","49","37","60","51","25","25","11","15","0","13","0","13",
"1500000US040131135032","Block Group 2, Census Tract 1135.03, Maricopa County, Arizona","830","153","89","63","68","55","29","34","79","57","33","37","46","43","66","47","62","43","21","33","20","23","116","71","69","58","0","13","117","109","15","19","0","13",
"1500000US040131135033","Block Group 3, Census Tract 1135.03, Maricopa County, Arizona","29","21","0","13","9","14","0","13","0","13","0","13","12","19","0","13","0","13","0","13","0","13","0","13","8","12","0","13","0","13","0","13","0","13",
"1500000US040131136011","Block Group 1, Census Tract 1136.01, Maricopa County, Arizona","583","225","34","40","52","52","11","17","48","65","35","42","46","47","10","17","150","221","35","40","30","36","21","22","52","45","43","41","8","15","0","13","8","12",
"1500000US040131136012","Block Group 2, Census Tract 1136.01, Maricopa County, Arizona","0","13","0","13","0","13","0","13","0","13","0","13","0","13","0","13","0","13","0","13","0","13","0","13","0","13","0","13","0","13","0","13","0","13",
"1500000US040131136013","Block Group 3, Census Tract 1136.01, Maricopa County, Arizona","964","116","42","37","0","13","27","30","44","36","51","49","59","42","64","45","49","41","96","63","89","66","184","98","138","73","77","58","24","26","10","14","10","16",
"1500000US040131136021","Block Group 1, Census Tract 1136.02, Maricopa County, Arizona","533","181","0","13","36","30","27","35","70","50","53","58","103","146","0","13","45","52","8","13","27","29","134","74","0","13","0","13","30","29","0","13","0","13",
"1500000US040131136022","Block Group 2, Census Tract 1136.02, Maricopa County, Arizona","894","217","60","39","107","86","20","34","67","56","84","70","22","37","20","32","20","32","0","13","30","39","277","190","68","85","60","55","35","28","0","13","24","34",
"1500000US040131137011","Block Group 1, Census Tract 1137.01, Maricopa County, Arizona","121","84","0","13","35","55","5","19","0","13","0","13","0","13","0","13","44","72","6","19","22","34","9","14","0","13","0","13","0","13","0","13","0","13",
"1500000US040131137012","Block Group 2, Census Tract 1137.01, Maricopa County, Arizona","431","120","0","13","0","13","0","13","0","13","16","24","13","21","92","111","32","43","41","42","69","71","58","52","58","56","40","49","12","26","0","13","0","13",
"1500000US040131137013","Block Group 3, Census Tract 1137.01, Maricopa County, Arizona","1174","248","85","56","63","80","69","65","141","161","226","151","65","84","72","82","64","72","58","66","16","18","80","61","100","83","81","75","9","15","45","66","0","13",
"1500000US040131137014","Block Group 4, Census Tract 1137.01, Maricopa County, Arizona","687","173","56","70","68","89","80","70","38","60","21","32","49","62","49","78","35","57","48","60","59","52","78","79","20","35","0","13","43","68","43","70","0","13",
"1500000US040131137021","Block Group 1, Census Tract 1137.02, Maricopa County, Arizona","189","96","0","13","0","13","0","13","0","13","0","13","29","46","0","13","0","13","0","13","0","13","44","49","32","42","84","86","0","13","0","13","0","13",
"1500000US040131137022","Block Group 2, Census Tract 1137.02, Maricopa County, Arizona","481","157","0","13","18","29","0","13","78","72","44","75","0","13","0","13","68","108","5","28","67","63","11","15","93","78","44","42","16","26","37","48","0","13",
"1500000US040131138001","Block Group 1, Census Tract 1138, Maricopa County, Arizona","0","13","0","13","0","13","0","13","0","13","0","13","0","13","0","13","0","13","0","13","0","13","0","13","0","13","0","13","0","13","0","13","0","13",
"1500000US040131138002","Block Group 2, Census Tract 1138, Maricopa County, Arizona","692","99","21","22","13","14","18","16","16","14","38","28","15","18","28","20","66","41","23","17","93","39","98","56","97","72","37","30","85","53","27","30","17","15",
"1500000US040131138003","Block Group 3, Census Tract 1138, Maricopa County, Arizona","0","13","0","13","0","13","0","13","0","13","0","13","0","13","0","13","0","13","0","13","0","13","0","13","0","13","0","13","0","13","0","13","0","13",
"1500000US040131138004","Block Group 4, Census Tract 1138, Maricopa County, Arizona","243","90","0","13","16","26","0","13","0","13","0","13","18","26","0","13","14","17","24","28","16","15","62","46","60","81","27","25","6","8","0","13","0","13",
"1500000US040131138005","Block Group 5, Census Tract 1138, Maricopa County, Arizona","13","13","7","14","0","13","0","13","0","13","0","13","0","13","0","13","0","13","0","13","0","13","0","13","6","9","0","13","0","13","0","13","0","13",
"1500000US040131138006","Block Group 6, Census Tract 1138, Maricopa County, Arizona","0","13","0","13","0","13","0","13","0","13","0","13","0","13","0","13","0","13","0","13","0","13","0","13","0","13","0","13","0","13","0","13","0","13",
"1500000US040131138007","Block Group 7, Census Tract 1138, Maricopa County, Arizona","304","89","86","71","0","13","27","31","15","25","21","27","50","56","12","26","21","27","29","33","0","13","0","13","43","26","0","13","0","13","0","13","0","13",
"1500000US040131139001","Block Group 1, Census Tract 1139, Maricopa County, Arizona","91","36","13","14","23","21","14","21","9","11","13","19","19","23","0","13","0","13","0","13","0","13","0","13","0","13","0","13","0","13","0","13","0","13",
"1500000US040131139002","Block Group 2, Census Tract 1139, Maricopa County, Arizona","475","124","125","103","77","45","43","34","25","25","43","39","15","23","27","23","2","4","14","22","76","65","5","11","16","13","2","5","5","7","0","13","0","13",
"1500000US040131140001","Block Group 1, Census Tract 1140, Maricopa County, Arizona","462","176","78","62","55","54","117","161","148","56","44","39","0","13","0","13","0","13","0","13","0","13","10","17","0","13","0","13","0","13","10","16","0","13",
"1500000US040131140002","Block Group 2, Census Tract 1140, Maricopa County, Arizona","7","11","0","13","0","13","0","13","0","13","7","11","0","13","0","13","0","13","0","13","0","13","0","13","0","13","0","13","0","13","0","13","0","13",
"1500000US040131140003","Block Group 3, Census Tract 1140, Maricopa County, Arizona","632","103","81","60","5","8","19","24","5","8","5","8","18","31","96","67","34","37","25","29","0","13","137","70","100","64","84","68","0","13","6","11","17","20",
"1500000US040131140004","Block Group 4, Census Tract 1140, Maricopa County, Arizona","157","57","6","11","0","13","13","22","6","9","0","13","17","28","0","13","26","22","0","13","9","16","0","13","80","46","0","13","0","13","0","13","0","13",
"1500000US040131141001","Block Group 1, Census Tract 1141, Maricopa County, Arizona","723","87","157","58","55","36","22","19","51","35","0","13","16","17","0","13","21","21","19","31","6","8","42","33","26","20","46","36","60","31","92","72","110","61",
"1500000US040131142001","Block Group 1, Census Tract 1142, Maricopa County, Arizona","424","263","40","26","20","25","35","27","176","252","21","25","10","14","13","18","42","38","0","13","16","17","14","20","28","21","5","8","0","13","4","7","0","13",
"1500000US040131143011","Block Group 1, Census Tract 1143.01, Maricopa County, Arizona","294","92","69","46","21","22","15","21","7","8","19","22","22","24","8","12","58","83","0","13","11","12","10","8","16","14","6","8","16","11","16","13","0","13",
"1500000US040131143021","Block Group 1, Census Tract 1143.02, Maricopa County, Arizona","396","97","73","43","30","31","17","18","51","43","22","26","42","35","18","22","4","7","32","31","0","13","63","76","29","24","0","13","0","13","15","21","0","13",
"1500000US040131143022","Block Group 2, Census Tract 1143.02, Maricopa County, Arizona","562","75","129","48","103","50","37","34","29","26","59","42","110","61","31","35","9","15","0","13","19","20","30","28","6","10","0","13","0","13","0","13","0","13",
"1500000US040131144011","Block Group 1, Census Tract 1144.01, Maricopa County, Arizona","456","90","40","20","0","13","33","37","67","47","35","36","42","46","54","36","3","5","0","13","41","37","8","15","62","32","39","37","32","44","0","13","0","13",
"1500000US040131144021","Block Group 1, Census Tract 1144.02, Maricopa County, Arizona","259","46","21","21","17","19","19","20","0","13","32","27","57","26","19","22","13","18","17","18","30","19","11","13","23","21","0","13","0","13","0","13","0","13",
"1500000US040131144022","Block Group 2, Census Tract 1144.02, Maricopa County, Arizona","317","59","14","15","4","7","20","19","6","10","30","23","0","13","29","25","33","34","10","13","47","30","50","29","56","34","18","15","0","13","0","13","0","13",
"1500000US040131145001","Block Group 1, Census Tract 1145, Maricopa County, Arizona","501","116","36","33","13","19","0","13","76","67","0","13","75","82","24","36","0","13","49","47","120","69","22","26","65","55","9","15","0","13","0","13","12","18",
"1500000US040131145002","Block Group 2, Census Tract 1145, Maricopa County, Arizona","291","95","64","54","0","13","0","13","45","49","45","43","0","13","0","13","34","38","17","26","46","51","0","13","0","13","19","31","21","35","0","13","0","13",
"1500000US040131145003","Block Group 3, Census Tract 1145, Maricopa County, Arizona","522","174","10","16","0","13","0","13","87","65","53","46","0","13","63","56","54","48","23","35","47","41","37","39","58","100","67","108","0","13","23","38","0","13",
"1500000US040131146001","Block Group 1, Census Tract 1146, Maricopa County, Arizona","458","83","36","37","36","29","23","29","40","34","44","32","105","72","15","22","0","13","12","17","28","27","43","40","32","33","13","20","22","32","9","14","0","13",
"1500000US040131147041","Block Group 1, Census Tract 1147.04, Maricopa County, Arizona","418","155","40","33","36","30","18","17","44","36","24","22","24","26","125","154","23","31","4","6","27","27","48","33","1","7","4","7","0","13","0","13","0","13",
"1500000US040131147051","Block Group 1, Census Tract 1147.05, Maricopa County, Arizona","0","13","0","13","0","13","0","13","0","13","0","13","0","13","0","13","0","13","0","13","0","13","0","13","0","13","0","13","0","13","0","13","0","13",
"1500000US040131148001","Block Group 1, Census Tract 1148, Maricopa County, Arizona","347","64","35","23","15","17","23","22","60","32","7","7","35","26","22","20","13","15","0","13","23","22","41","34","43","26","16","17","14","15","0","13","0","13",
"1500000US040131148002","Block Group 2, Census Tract 1148, Maricopa County, Arizona","307","83","6","8","5","8","50","60","34","26","43","26","18","16","4","7","0","13","17","19","56","32","24","20","18","19","5","8","26","28","1","2","0","13",
"1500000US040131148003","Block Group 3, Census Tract 1148, Maricopa County, Arizona","99","38","32","23","11","16","0","13","0","13","0","13","9","15","0","13","6","9","7","10","6","9","7","12","0","13","8","11","13","21","0","13","0","13",
"1500000US040131149001","Block Group 1, Census Tract 1149, Maricopa County, Arizona","782","173","281","114","93","77","59","42","64","37","21","21","22","27","32","29","55","41","4","6","112","125","6","9","22","17","11","17","0","13","0","13","0","13",
"1500000US040131149002","Block Group 2, Census Tract 1149, Maricopa County, Arizona","288","134","61","39","11","12","25","36","9","12","0","13","78","124","14","22","24","24","0","13","39","37","19","25","0","13","0","13","0","13","8","10","0","13",
"1500000US040131149003","Block Group 3, Census Tract 1149, Maricopa County, Arizona","43","25","0","13","10","16","0","13","0","13","0","13","6","9","0","13","0","13","15","19","3","5","0","13","0","13","9","14","0","13","0","13","0","13",
"1500000US040131152001","Block Group 1, Census Tract 1152, Maricopa County, Arizona","0","13","0","13","0","13","0","13","0","13","0","13","0","13","0","13","0","13","0","13","0","13","0","13","0","13","0","13","0","13","0","13","0","13",
"1500000US040131152002","Block Group 2, Census Tract 1152, Maricopa County, Arizona","553","96","73","50","20","23","0","13","7","13","14","22","50","48","76","48","38","36","29","33","68","45","40","32","76","57","25","30","0","13","37","59","0","13",
"1500000US040131152003","Block Group 3, Census Tract 1152, Maricopa County, Arizona","319","80","5","8","34","30","14","17","57","50","24","28","0","13","3","5","32","34","0","13","15","16","36","32","54","35","20","24","25","17","0","13","0","13",
"1500000US040131153001","Block Group 1, Census Tract 1153, Maricopa County, Arizona","616","100","88","45","92","57","65","43","69","44","36","34","30","34","32","28","0","13","24","25","62","46","86","57","24","28","8","13","0","13","0","13","0","13",
"1500000US040131153002","Block Group 2, Census Tract 1153, Maricopa County, Arizona","420","100","42","29","91","40","40","30","13","19","66","72","6","8","4","6","7","10","33","31","33","30","30","26","30","26","0","13","25","29","0","13","0","13",
"1500000US040131154001","Block Group 1, Census Tract 1154, Maricopa County, Arizona","252","59","38","28","29","28","16","22","19","20","30","22","13","22","33","37","0","13","13","20","0","13","0","13","26","27","13","20","22","28","0","13","0","13",
"1500000US040131154002","Block Group 2, Census Tract 1154, Maricopa County, Arizona","330","95","59","39","13","17","0","13","33","41","19","22","32","26","10","15","23","25","7","10","17","16","82","78","12","16","0","13","7","12","0","13","16","22",
"1500000US040131155001","Block Group 1, Census Tract 1155, Maricopa County, Arizona","481","70","53","42","4","6","63","47","22","21","54","40","35","39","14","18","34","29","7","11","38","30","43","32","66","44","12","20","0","13","31","29","5","7",
"1500000US040131155002","Block Group 2, Census Tract 1155, Maricopa County, Arizona","545","121","37","31","39","35","74","61","48","31","26","26","0","13","64","56","39","41","14","16","29","32","127","54","33","26","2","6","0","13","0","13","13","14",
"1500000US040131156001","Block Group 1, Census Tract 1156, Maricopa County, Arizona","491","103","0","13","0","13","19","21","22","35","34","38","9","14","27","43","30","38","0","13","85","49","90","76","120","63","43","38","12","19","0","13","0","13",
"1500000US040131156002","Block Group 2, Census Tract 1156, Maricopa County, Arizona","587","106","25","41","61","61","22","24","11","17","68","55","97","80","117","67","11","18","23","29","27","43","49","31","0","13","45","43","22","33","9","14","0","13",
"1500000US040131157001","Block Group 1, Census Tract 1157, Maricopa County, Arizona","509","122","12","21","10","16","0","13","0","13","67","58","0","13","45","51","34","49","18","22","34","31","62","36","105","81","19","23","59","82","38","57","6","10",
"1500000US040131157002","Block Group 2, Census Tract 1157, Maricopa County, Arizona","664","154","24","39","6","9","19","22","26","31","87","72","15","15","0","13","26","37","27","25","145","83","140","112","62","54","33","41","31","33","23","39","0","13",
"1500000US040131157003","Block Group 3, Census Tract 1157, Maricopa County, Arizona","386","96","48","51","0","13","8","13","0","13","14","16","35","37","0","13","6","12","28","45","14","19","47","38","51","39","77","59","12","17","0","13","46","47",
"1500000US040131157004","Block Group 4, Census Tract 1157, Maricopa County, Arizona","253","82","1","2","0","13","20","30","8","16","24","39","75","64","0","13","0","13","0","13","0","13","65","48","12","19","21","31","27","30","0","13","0","13",
"1500000US040131158011","Block Group 1, Census Tract 1158.01, Maricopa County, Arizona","814","123","44","47","114","67","68","62","98","72","39","44","97","79","35","39","0","13","107","90","60","61","29","34","66","58","0","13","0","13","26","42","31","37",
"1500000US040131158012","Block Group 2, Census Tract 1158.01, Maricopa County, Arizona","495","118","74","55","29","35","77","61","27","33","76","57","13","16","30","36","62","66","40","40","15","29","0","13","40","66","0","13","12","22","0","13","0","13",
"1500000US040131158021","Block Group 1, Census Tract 1158.02, Maricopa County, Arizona","613","211","33","37","61","42","42","35","25","25","38","42","0","13","69","49","0","13","21","34","13","19","37","47","92","92","10","20","148","203","24","39","0","13",
"1500000US040131158022","Block Group 2, Census Tract 1158.02, Maricopa County, Arizona","753","274","32","33","103","64","16","19","80","66","50","57","74","62","7","11","90","72","0","13","0","13","12","20","23","28","64","56","202","263","0","13","0","13",
"1500000US040131159001","Block Group 1, Census Tract 1159, Maricopa County, Arizona","828","280","23","36","175","248","36","41","74","53","0","13","21","34","32","37","116","64","39","46","106","64","93","114","39","41","54","46","20","31","0","13","0","13",
"1500000US040131159002","Block Group 2, Census Tract 1159, Maricopa County, Arizona","686","194","31","35","106","88","0","13","34","27","90","125","0","13","28","45","10","17","46","50","83","60","47","45","47","43","48","45","37","39","79","120","0","13",
"1500000US040131159003","Block Group 3, Census Tract 1159, Maricopa County, Arizona","657","266","11","17","11","17","21","23","23","30","10","15","59","48","0","13","28","33","36","44","209","248","30","26","110","69","40","38","22","34","47","44","0","13",
"1500000US040131160001","Block Group 1, Census Tract 1160, Maricopa County, Arizona","372","104","70","61","84","67","0","13","8","13","17","27","6","9","20","22","5","8","0","13","55","55","50","46","13","21","33","43","11","16","0","13","0","13",
"1500000US040131160002","Block Group 2, Census Tract 1160, Maricopa County, Arizona","729","172","199","143","76","71","71","45","85","70","14","21","47","34","32","36","43","54","8","13","43","51","34","41","27","25","14","23","36","39","0","13","0","13",
"1500000US040131160003","Block Group 3, Census Tract 1160, Maricopa County, Arizona","330","97","51","48","8","12","0","13","0","13","0","13","17","27","9","14","14","18","20","31","0","13","33","46","34","33","24","27","8","14","112","78","0","13",
"1500000US040131160004","Block Group 4, Census Tract 1160, Maricopa County, Arizona","699","214","14","22","20","29","67","61","0","13","20","23","0","13","44","50","37","43","42","50","131","166","123","72","51","70","131","83","13","17","6","11","0","13",
"1500000US040131161001","Block Group 1, Census Tract 1161, Maricopa County, Arizona","795","283","167","160","282","239","20","23","37","43","46","40","28","33","40","33","45","38","0","13","47","45","24","28","27","28","8","12","8","12","16","25","0","13",
"1500000US040131161002","Block Group 2, Census Tract 1161, Maricopa County, Arizona","471","106","15","17","7","11","6","11","12","18","21","26","33","55","30","33","29","32","37","33","80","50","33","39","21","20","105","75","12","22","9","14","21","32",
"1500000US040131161003","Block Group 3, Census Tract 1161, Maricopa County, Arizona","151","66","0","13","0","13","0","13","0","13","10","17","0","13","9","15","57","51","14","22","27","28","16","26","18","28","0","13","0","13","0","13","0","13",
"1500000US040131162021","Block Group 1, Census Tract 1162.02, Maricopa County, Arizona","386","120","0","13","30","51","0","13","8","12","7","12","0","13","0","13","40","60","27","35","37","51","52","51","102","59","11","19","55","51","0","13","17","24",
"1500000US040131162022","Block Group 2, Census Tract 1162.02, Maricopa County, Arizona","538","126","10","15","25","41","0","13","0","13","14","17","11","17","95","100","0","13","64","60","89","83","118","76","43","58","49","38","0","13","20","31","0","13",
"1500000US040131162023","Block Group 3, Census Tract 1162.02, Maricopa County, Arizona","177","50","11","18","0","13","0","13","16","18","7","11","8","14","0","13","0","13","0","13","2","8","23","26","64","46","6","11","6","11","2","3","32","28",
"1500000US040131162024","Block Group 4, Census Tract 1162.02, Maricopa County, Arizona","203","82","0","13","16","36","0","13","14","18","8","12","0","13","6","11","0","13","12","21","0","13","45","51","90","68","0","13","0","13","9","14","3","5",
"1500000US040131162031","Block Group 1, Census Tract 1162.03, Maricopa County, Arizona","281","128","0","13","31","38","0","13","0","13","0","13","0","13","0","13","39","64","0","13","41","46","80","89","23","27","39","61","28","46","0","13","0","13",
"1500000US040131162032","Block Group 2, Census Tract 1162.03, Maricopa County, Arizona","1004","198","17","28","17","30","22","36","0","13","78","77","0","13","84","74","0","13","119","107","112","78","44","43","215","111","64","48","29","33","96","79","107","96",
"1500000US040131162033","Block Group 3, Census Tract 1162.03, Maricopa County, Arizona","975","411","16","30","301","357","0","13","45","47","2","3","0","13","0","13","14","16","18","29","27","32","79","71","109","76","187","209","37","33","91","69","49","47",
"1500000US040131162041","Block Group 1, Census Tract 1162.04, Maricopa County, Arizona","687","358","30","23","0","13","14","15","51","53","12","15","11","14","19","26","31","33","31","33","241","352","7","12","142","83","79","45","9","13","10","16","0","13",
"1500000US040131162042","Block Group 2, Census Tract 1162.04, Maricopa County, Arizona","344","180","0","13","25","35","33","48","4","7","23","24","7","11","0","13","10","14","124","157","16","20","41","49","54","45","7","11","0","13","0","13","0","13",
"1500000US040131162043","Block Group 3, Census Tract 1162.04, Maricopa County, Arizona","344","80","13","21","21","34","18","29","7","11","31","30","0","13","74","80","0","13","16","27","85","50","12","21","44","47","23","26","0","13","0","13","0","13",
"1500000US040131162051","Block Group 1, Census Tract 1162.05, Maricopa County, Arizona","410","105","10","12","16","17","0","13","1","3","9","15","20","22","21","22","127","94","9","14","48","52","86","61","14","23","38","28","0","13","11","13","0","13",
"1500000US040131162052","Block Group 2, Census Tract 1162.05, Maricopa County, Arizona","433","95","0","13","14","22","10","15","34","33","0","13","25","27","1","4","0","13","15","23","57","52","77","70","98","54","32","25","42","46","24","29","4","8",
"1500000US040131162053","Block Group 3, Census Tract 1162.05, Maricopa County, Arizona","843","209","36","41","9","15","63","55","34","51","22","25","89","65","59","54","79","65","30","31","143","142","204","135","49","53","26","29","0","13","0","13","0","13",
"1500000US040131163001","Block Group 1, Census Tract 1163, Maricopa County, Arizona","728","163","73","52","80","115","0","13","97","76","37","33","10","17","101","82","16","20","0","13","62","58","55","63","121","80","45","44","0","13","31","50","0","13",
"1500000US040131163002","Block Group 2, Census Tract 1163, Maricopa County, Arizona","647","158","72","75","0","13","12","18","0","13","26","37","69","66","10","15","0","13","16","14","70","56","31","28","171","109","100","92","35","34","20","31","15","18",
"1500000US040131163003","Block Group 3, Census Tract 1163, Maricopa County, Arizona","634","178","0","13","29","44","26","44","37","46","0","13","8","12","0","13","40","39","7","11","87","61","19","20","173","79","153","137","20","22","24","40","11","17",
"1500000US040131164001","Block Group 1, Census Tract 1164, Maricopa County, Arizona","395","132","30","29","0","13","8","14","58","66","0","13","56","73","0","13","11","16","7","12","5","9","34","26","53","51","76","62","0","13","0","13","57","57",
"1500000US040131164002","Block Group 2, Census Tract 1164, Maricopa County, Arizona","228","121","5","9","0","13","6","10","11","16","0","13","0","13","0","13","28","38","0","13","43","56","0","13","75","72","14","23","0","13","0","13","46","76",
"1500000US040131164003","Block Group 3, Census Tract 1164, Maricopa County, Arizona","521","105","31","24","0","13","37","39","0","13","0","13","0","13","66","61","46","53","13","21","60","49","59","55","105","68","47","38","45","43","12","19","0","13",
"1500000US040131164004","Block Group 4, Census Tract 1164, Maricopa County, Arizona","293","101","0","13","0","13","36","44","0","13","67","62","89","74","0","13","41","40","34","43","0","13","19","21","0","13","0","13","0","13","7","19","0","13",
"1500000US040131165001","Block Group 1, Census Tract 1165, Maricopa County, Arizona","727","262","26","40","98","126","74","71","0","13","85","89","75","76","45","56","13","24","0","13","150","193","26","31","51","37","24","30","25","41","0","13","35","50",
"1500000US040131165002","Block Group 2, Census Tract 1165, Maricopa County, Arizona","418","138","10","18","0","13","10","15","37","58","49","69","23","26","15","22","46","54","8","13","79","54","77","50","57","83","7","12","0","13","0","13","0","13",
"1500000US040131165003","Block Group 3, Census Tract 1165, Maricopa County, Arizona","307","149","32","30","34","53","8","14","9","16","77","97","23","29","5","8","9","15","0","13","0","13","31","48","15","26","12","19","39","56","13","26","0","13",
"1500000US040131166051","Block Group 1, Census Tract 1166.05, Maricopa County, Arizona","129","66","0","13","0","13","0","13","0","13","0","13","0","13","0","13","0","13","0","13","13","20","16","24","8","14","54","52","10","15","11","17","17","28",
"1500000US040131166052","Block Group 2, Census Tract 1166.05, Maricopa County, Arizona","876","230","0","13","0","13","11","17","21","23","21","23","43","55","0","13","34","54","54","38","172","189","54","52","307","108","118","93","6","9","0","13","35","54",
"1500000US040131166053","Block Group 3, Census Tract 1166.05, Maricopa County, Arizona","550","141","52","57","0","13","0","13","6","12","3","12","0","13","0","13","36","38","31","48","0","13","168","111","107","64","68","49","6","11","41","46","32","22",
"1500000US040131166054","Block Group 4, Census Tract 1166.05, Maricopa County, Arizona","582","228","0","13","0","13","41","61","0","13","0","13","0","13","18","21","12","19","0","13","42","42","132","119","55","67","62","56","13","20","138","179","69","54",
"1500000US040131166061","Block Group 1, Census Tract 1166.06, Maricopa County, Arizona","398","107","0","13","13","19","39","64","49","64","66","57","0","13","0","13","7","12","4","7","35","35","32","33","101","79","34","28","9","15","9","14","0","13",
"1500000US040131166062","Block Group 2, Census Tract 1166.06, Maricopa County, Arizona","620","161","31","32","0","13","0","13","24","27","0","13","27","42","8","12","39","44","169","100","72","46","98","59","91","75","16","17","45","53","0","13","0","13",
"1500000US040131166063","Block Group 3, Census Tract 1166.06, Maricopa County, Arizona","513","150","0","13","0","13","16","26","0","13","27","40","20","23","0","13","8","10","0","13","61","68","146","108","159","90","12","19","52","51","3","7","9","15",
"1500000US040131166071","Block Group 1, Census Tract 1166.07, Maricopa County, Arizona","677","173","7","12","0","13","0","13","0","13","9","14","15","24","48","58","87","126","14","19","46","33","115","58","158","69","110","80","30","30","9","13","29","31",
"1500000US040131166072","Block Group 2, Census Tract 1166.07, Maricopa County, Arizona","435","85","20","25","36","33","0","13","5","7","5","8","33","40","36","39","10","12","7","12","21","29","74","44","105","62","31","27","40","33","12","20","0","13",
"1500000US040131166101","Block Group 1, Census Tract 1166.10, Maricopa County, Arizona","673","187","8","15","0","13","0","13","0","13","0","13","5","9","53","53","0","13","53","61","23","28","64","64","49","49","165","100","184","173","57","49","12","15",
"1500000US040131166102","Block Group 2, Census Tract 1166.10, Maricopa County, Arizona","877","156","32","42","0","13","0","13","9","13","0","13","42","55","0","13","56","49","48","54","45","44","50","36","217","126","237","94","88","61","14","13","39","36",
"1500000US040131166103","Block Group 3, Census Tract 1166.10, Maricopa County, Arizona","277","84","0","13","0","13","0","13","0","13","14","22","0","13","0","13","0","13","17","17","28","27","24","31","80","61","33","25","28","27","38","29","15","23",
"1500000US040131166111","Block Group 1, Census Tract 1166.11, Maricopa County, Arizona","550","168","0","13","0","13","0","13","9","14","0","13","7","14","14","17","0","13","0","13","142","142","32","29","118","58","24","26","28","23","56","39","120","87",
"1500000US040131166112","Block Group 2, Census Tract 1166.11, Maricopa County, Arizona","659","134","38","44","0","13","31","48","19","19","0","13","88","74","10","15","0","13","10","16","30","33","33","33","62","54","99","60","69","68","88","66","82","94",
"1500000US040131166121","Block Group 1, Census Tract 1166.12, Maricopa County, Arizona","738","178","9","15","0","13","45","58","0","13","0","13","50","64","10","16","8","12","91","99","0","13","20","25","243","117","145","76","34","41","56","52","27","27",
"1500000US040131166122","Block Group 2, Census Tract 1166.12, Maricopa County, Arizona","285","112","0","13","0","13","0","13","0","13","0","13","0","13","0","13","11","17","0","13","0","13","75","52","14","18","43","65","48","59","31","38","63","57",
"1500000US040131166123","Block Group 3, Census Tract 1166.12, Maricopa County, Arizona","888","213","0","13","0","13","53","69","11","17","0","13","9","13","0","13","6","13","19","23","84","71","188","119","167","78","81","64","30","33","212","183","28","30",
"1500000US040131166141","Block Group 1, Census Tract 1166.14, Maricopa County, Arizona","936","203","117","81","26","32","40","63","49","80","6","11","10","16","0","13","43","49","199","205","72","69","67","70","192","95","61","54","4","7","8","12","42","54",
"1500000US040131166151","Block Group 1, Census Tract 1166.15, Maricopa County, Arizona","558","133","0","13","15","23","46","49","0","13","23","39","43","60","0","13","54","53","23","40","14","21","53","41","91","59","104","69","39","44","53","63","0","13",
"1500000US040131166152","Block Group 2, Census Tract 1166.15, Maricopa County, Arizona","697","170","220","91","32","40","19","30","69","89","22","32","12","26","44","42","81","86","36","57","44","58","69","51","0","13","29","38","20","31","0","13","0","13",
"1500000US040131166161","Block Group 1, Census Tract 1166.16, Maricopa County, Arizona","1091","402","34","43","0","13","0","13","35","71","0","13","0","13","0","13","0","13","156","139","147","130","189","147","126","117","115","96","50","58","225","360","14","33",
"1500000US040131166162","Block Group 2, Census Tract 1166.16, Maricopa County, Arizona","461","138","0","13","14","22","0","13","0","13","0","13","0","13","0","13","50","45","30","39","91","72","38","46","50","58","33","37","37","46","72","91","46","74",
"1500000US040131166171","Block Group 1, Census Tract 1166.17, Maricopa County, Arizona","488","158","0","13","9","15","0","13","0","13","0","13","10","16","0","13","87","87","3","5","42","44","46","43","62","45","118","85","111","97","0","13","0","13",
"1500000US040131166172","Block Group 2, Census Tract 1166.17, Maricopa County, Arizona","670","279","0","13","127","207","0","13","0","13","14","24","14","22","0","13","66","75","0","13","159","196","28","34","72","69","29","32","116","77","31","38","14","23",
"1500000US040131166181","Block Group 1, Census Tract 1166.18, Maricopa County, Arizona","961","146","69","51","0","13","11","21","11","18","99","54","10","16","0","13","95","53","40","38","114","109","83","62","140","76","132","87","84","73","47","46","26","31",
"1500000US040131166182","Block Group 2, Census Tract 1166.18, Maricopa County, Arizona","682","261","21","32","0","13","0","13","10","16","65","59","96","140","0","13","5","12","12","20","17","28","119","101","158","158","99","79","0","13","16","28","64","97",
"1500000US040131166191","Block Group 1, Census Tract 1166.19, Maricopa County, Arizona","479","122","11","17","0","13","5","8","3","6","0","13","12","19","52","60","0","13","19","23","42","44","107","99","101","58","46","32","23","28","16","18","42","43",
"1500000US040131166192","Block Group 2, Census Tract 1166.19, Maricopa County, Arizona","861","189","6","11","32","46","0","13","0","13","7","12","13","16","19","28","10","17","15","18","4","9","51","47","219","100","228","168","98","45","120","66","39","27",
"1500000US040131166201","Block Group 1, Census Tract 1166.20, Maricopa County, Arizona","197","89","0","13","0","13","4","7","4","8","0","13","0","13","64","66","20","27","1","7","0","13","18","21","10","15","38","38","30","36","8","13","0","13",
"1500000US040131166202","Block Group 2, Census Tract 1166.20, Maricopa County, Arizona","436","136","21","31","0","13","0","13","0","13","23","29","0","13","0","13","4","7","78","68","39","58","6","11","111","71","84","73","19","29","0","13","51","51",
"1500000US040131166203","Block Group 3, Census Tract 1166.20, Maricopa County, Arizona","493","197","80","77","7","11","0","13","0","13","53","75","0","13","31","46","11","21","0","13","0","13","57","52","117","79","26","33","10","15","12","15","89","140",
"1500000US040131166204","Block Group 4, Census Tract 1166.20, Maricopa County, Arizona","721","308","0","13","0","13","0","13","27","26","0","13","16","28","0","13","203","276","18","27","56","41","161","87","52","34","88","93","19","28","69","52","12","20",
"1500000US040131166205","Block Group 5, Census Tract 1166.20, Maricopa County, Arizona","255","74","19","31","0","13","0","13","0","13","9","15","9","18","0","13","0","13","0","13","38","29","46","51","54","46","37","33","25","29","0","13","18","20",
"1500000US040131166211","Block Group 1, Census Tract 1166.21, Maricopa County, Arizona","608","156","32","48","0","13","0","13","0","13","0","13","95","79","5","7","81","83","0","13","26","30","19","23","29","28","109","91","82","62","122","114","8","13",
"1500000US040131166212","Block Group 2, Census Tract 1166.21, Maricopa County, Arizona","805","159","45","58","14","22","32","41","33","46","0","13","2","9","0","13","73","81","51","52","82","70","90","78","65","48","194","115","39","38","56","47","29","35",
"1500000US040131167031","Block Group 1, Census Tract 1167.03, Maricopa County, Arizona","911","269","12","18","0","13","34","54","28","45","6","9","44","46","7","11","0","13","0","13","37","47","149","113","112","92","172","95","64","48","60","46","186","239",
"1500000US040131167032","Block Group 2, Census Tract 1167.03, Maricopa County, Arizona","483","117","37","38","0","13","11","13","17","27","0","13","25","31","79","70","57","53","6","11","37","46","17","19","61","44","0","13","88","74","39","45","9","15",
"1500000US040131167033","Block Group 3, Census Tract 1167.03, Maricopa County, Arizona","282","101","8","12","0","13","16","28","0","13","6","10","63","83","0","13","0","13","26","44","13","15","20","23","61","32","51","45","11","12","0","13","7","12",
"1500000US040131167071","Block Group 1, Census Tract 1167.07, Maricopa County, Arizona","755","202","11","17","11","17","15","18","0","13","33","30","20","25","32","51","39","32","7","13","44","43","23","23","274","193","28","25","28","31","124","86","66","50",
"1500000US040131167072","Block Group 2, Census Tract 1167.07, Maricopa County, Arizona","601","97","12","19","9","13","0","13","0","13","0","13","0","13","13","17","22","30","0","13","36","34","44","37","68","45","86","50","70","37","166","68","75","66",
"1500000US040131167081","Block Group 1, Census Tract 1167.08, Maricopa County, Arizona","756","175","31","34","0","13","16","28","0","13","42","40","104","82","0","13","0","13","0","13","99","92","50","39","170","151","89","65","75","64","0","13","80","57",
"1500000US040131167082","Block Group 2, Census Tract 1167.08, Maricopa County, Arizona","451","119","15","24","0","13","0","13","45","42","69","45","93","92","15","23","0","13","0","13","49","45","45","42","32","37","23","27","22","27","11","17","32","37",
"1500000US040131167083","Block Group 3, Census Tract 1167.08, Maricopa County, Arizona","627","155","13","22","0","13","20","33","79","78","44","67","47","44","42","40","75","75","28","44","36","37","50","46","130","102","29","35","27","31","7","17","0","13",
"1500000US040131167084","Block Group 4, Census Tract 1167.08, Maricopa County, Arizona","860","205","0","13","43","41","32","36","27","23","47","42","43","42","88","76","0","13","14","21","53","42","46","43","214","174","58","46","14","21","85","64","96","91",
"1500000US040131167091","Block Group 1, Census Tract 1167.09, Maricopa County, Arizona","1023","275","94","77","18","23","50","56","84","130","47","69","17","16","26","30","38","38","70","106","103","65","92","53","229","204","57","40","39","33","34","24","25","21",
"1500000US040131167092","Block Group 2, Census Tract 1167.09, Maricopa County, Arizona","338","82","0","13","0","13","46","64","0","13","6","9","0","13","11","13","33","27","15","22","47","42","68","38","7","8","53","38","16","14","31","22","5","8",
"1500000US040131167101","Block Group 1, Census Tract 1167.10, Maricopa County, Arizona","606","163","15","24","0","13","0","13","8","12","0","13","0","13","11","16","10","15","0","13","20","21","126","155","53","33","75","53","51","39","54","41","183","59",
"1500000US040131167102","Block Group 2, Census Tract 1167.10, Maricopa County, Arizona","716","196","69","88","21","24","0","13","16","24","0","13","0","13","23","24","0","13","0","13","11","17","52","43","150","174","23","26","64","38","71","40","216","77",
"1500000US040131167103","Block Group 3, Census Tract 1167.10, Maricopa County, Arizona","532","97","43","58","0","13","0","13","0","13","0","13","0","13","0","13","0","13","0","13","40","30","11","17","49","31","71","45","82","40","99","45","137","64",
"1500000US040131167111","Block Group 1, Census Tract 1167.11, Maricopa County, Arizona","319","95","22","19","0","13","49","82","11","13","6","9","7","10","0","13","5","7","14","16","17","15","21","15","49","25","20","18","41","29","31","19","26","17",
"1500000US040131167112","Block Group 2, Census Tract 1167.11, Maricopa County, Arizona","485","63","24","27","0","13","12","16","0","13","0","13","0","13","34","37","75","47","21","24","30","32","103","59","38","29","46","32","15","18","29","19","58","41",
"1500000US040131167121","Block Group 1, Census Tract 1167.12, Maricopa County, Arizona","1482","233","42","47","55","90","0","13","46","56","185","160","81","92","95","58","0","13","102","135","45","51","295","178","262","144","32","43","71","55","68","68","103","119",
"1500000US040131167122","Block Group 2, Census Tract 1167.12, Maricopa County, Arizona","713","211","0","13","0","13","0","13","0","13","19","36","10","16","24","38","0","13","0","13","58","86","202","149","54","50","196","124","40","46","110","120","0","13",
"1500000US040131167123","Block Group 3, Census Tract 1167.12, Maricopa County, Arizona","980","199","0","13","21","32","27","42","16","25","0","13","33","44","19","32","14","23","0","13","105","111","136","113","189","103","122","84","146","90","116","81","36","42",
"1500000US040131167131","Block Group 1, Census Tract 1167.13, Maricopa County, Arizona","465","111","37","43","0","13","17","26","39","44","36","41","46","73","33","28","0","13","14","24","18","31","38","44","86","78","16","26","50","64","19","30","16","27",
"1500000US040131167132","Block Group 2, Census Tract 1167.13, Maricopa County, Arizona","315","87","0","13","0","13","0","13","0","13","0","13","0","13","35","46","16","25","0","13","0","13","15","25","107","73","22","33","41","67","16","20","63","51",
"1500000US040131167133","Block Group 3, Census Tract 1167.13, Maricopa County, Arizona","345","82","22","33","0","13","0","13","0","13","0","13","0","13","0","13","0","13","0","13","29","33","39","44","62","50","16","25","63","59","29","34","85","73",
"1500000US040131167134","Block Group 4, Census Tract 1167.13, Maricopa County, Arizona","698","209","22","37","5","8","19","31","14","22","0","13","23","37","0","13","67","89","19","29","12","20","78","58","52","45","142","95","122","155","50","50","73","80",
"1500000US040131167135","Block Group 5, Census Tract 1167.13, Maricopa County, Arizona","455","185","0","13","13","22","0","13","12","20","0","13","0","13","0","13","0","13","20","32","145","186","16","25","13","20","78","51","61","61","87","60","10","17",
"1500000US040131167141","Block Group 1, Census Tract 1167.14, Maricopa County, Arizona","662","78","8","12","22","29","0","13","0","13","39","43","17","20","26","37","9","16","24","32","31","24","27","23","32","25","123","66","110","78","82","58","112","50",
"1500000US040131167142","Block Group 2, Census Tract 1167.14, Maricopa County, Arizona","609","108","12","17","0","13","5","12","57","82","0","13","0","13","54","37","0","13","0","13","97","68","49","36","70","51","63","38","36","28","73","57","93","58",
"1500000US040131167151","Block Group 1, Census Tract 1167.15, Maricopa County, Arizona","450","61","9","14","0","13","0","13","7","7","22","28","10","8","7","7","21","23","11","13","17","11","43","24","25","25","87","36","36","27","92","43","63","32",
"1500000US040131167152","Block Group 2, Census Tract 1167.15, Maricopa County, Arizona","390","53","7","7","10","15","12","9","18","18","20","18","21","19","10","10","7","7","21","15","26","18","32","25","65","27","41","32","36","33","26","16","38","24",
"1500000US040131167171","Block Group 1, Census Tract 1167.17, Maricopa County, Arizona","840","173","82","48","0","13","5","9","90","73","70","114","55","46","9","15","65","70","56","51","120","85","144","77","73","65","46","39","0","13","16","25","9","14",
"1500000US040131167172","Block Group 2, Census Tract 1167.17, Maricopa County, Arizona","686","107","10","18","32","50","16","18","90","68","51","46","60","54","58","55","10","16","8","13","64","55","78","54","82","65","40","35","61","39","17","25","9","14",
"1500000US040131167181","Block Group 1, Census Tract 1167.18, Maricopa County, Arizona","616","89","34","25","30","50","0","13","0","13","10","16","29","27","22","33","0","13","17","20","73","45","141","62","103","63","43","41","46","33","37","42","31","37",
"1500000US040131167182","Block Group 2, Census Tract 1167.18, Maricopa County, Arizona","505","84","28","26","0","13","40","49","15","13","10","16","32","28","18","19","9","15","40","47","111","59","45","32","48","37","44","47","0","13","49","34","16","19",
"1500000US040131167191","Block Group 1, Census Tract 1167.19, Maricopa County, Arizona","808","153","0","13","0","13","0","13","0","13","0","13","0","13","92","66","0","13","0","13","52","49","18","29","122","91","200","94","102","117","73","52","149","105",
"1500000US040131167192","Block Group 2, Census Tract 1167.19, Maricopa County, Arizona","564","171","0","13","0","13","0","13","13","21","0","13","0","13","148","136","78","126","0","13","71","86","26","40","147","95","44","50","0","13","37","46","0","13",
"1500000US040131167193","Block Group 3, Census Tract 1167.19, Maricopa County, Arizona","775","382","0","13","16","27","0","13","23","37","61","88","0","13","0","13","13","22","0","13","31","35","28","45","96","86","12","20","288","379","87","60","120","73",
"1500000US040131167194","Block Group 4, Census Tract 1167.19, Maricopa County, Arizona","632","142","54","48","0","13","0","13","0","13","0","13","0","13","64","90","0","13","0","13","65","67","64","76","82","61","24","36","112","97","81","60","86","70",
"1500000US040131167201","Block Group 1, Census Tract 1167.20, Maricopa County, Arizona","647","122","4","7","0","13","9","15","25","24","16","19","11","18","20","29","23","27","41","41","38","33","34","30","136","60","108","68","37","35","48","33","97","99",
"1500000US040131167202","Block Group 2, Census Tract 1167.20, Maricopa County, Arizona","332","96","57","73","16","24","0","13","16","18","15","18","41","45","11","21","14","22","13","15","35","28","41","36","48","38","25","27","0","13","0","13","0","13",
"1500000US040131167203","Block Group 3, Census Tract 1167.20, Maricopa County, Arizona","768","109","22","35","13","20","0","13","0","13","30","47","29","38","83","59","20","32","12","17","145","76","86","69","71","44","81","52","23","24","86","69","67","53",
"1500000US040131167211","Block Group 1, Census Tract 1167.21, Maricopa County, Arizona","730","215","23","29","0","13","12","18","11","17","0","13","0","13","10","15","7","11","0","13","22","20","169","178","66","46","56","37","89","49","47","31","218","119",
"1500000US040131167212","Block Group 2, Census Tract 1167.21, Maricopa County, Arizona","720","96","0","13","0","13","8","14","17","20","0","13","15","17","33","50","30","25","0","13","57","41","82","55","127","63","151","63","63","57","81","52","56","37",
"1500000US040131167251","Block Group 1, Census Tract 1167.25, Maricopa County, Arizona","454","112","0","13","14","24","0","13","0","13","0","13","4","7","45","41","38","62","16","27","9","19","0","13","106","88","19","30","64","59","96","65","43","36",
"1500000US040131167252","Block Group 2, Census Tract 1167.25, Maricopa County, Arizona","289","134","80","89","0","13","12","21","0","13","0","13","40","46","0","13","0","13","31","38","10","15","0","13","53","76","14","24","17","27","0","13","32","37",
"1500000US040131167253","Block Group 3, Census Tract 1167.25, Maricopa County, Arizona","528","109","12","18","0","13","0","13","0","13","0","13","0","13","22","30","0","13","0","13","0","13","72","50","20","19","18","28","27","35","55","48","302","100",
"1500000US040131167254","Block Group 4, Census Tract 1167.25, Maricopa County, Arizona","926","284","10","15","0","13","0","13","45","74","0","13","72","85","0","13","23","36","26","35","151","108","232","264","134","114","15","20","31","35","55","57","132","90",
"1500000US040131167271","Block Group 1, Census Tract 1167.27, Maricopa County, Arizona","517","84","8","12","5","9","0","13","0","13","7","10","0","13","0","13","0","13","0","13","45","44","34","40","51","38","108","66","0","13","55","36","204","55",
"1500000US040131167272","Block Group 2, Census Tract 1167.27, Maricopa County, Arizona","563","236","21","21","29","39","0","13","0","13","0","13","4","6","0","13","0","13","0","13","7","11","166","226","26","23","61","56","50","32","51","34","148","63",
"1500000US040131167273","Block Group 3, Census Tract 1167.27, Maricopa County, Arizona","394","80","9","14","0","13","0","13","0","13","14","15","0","13","0","13","36","56","0","13","9","16","43","43","59","35","26","25","38","32","76","46","84","59",
"1500000US040131167281","Block Group 1, Census Tract 1167.28, Maricopa County, Arizona","595","89","5","9","13","16","0","13","11","16","9","14","1","3","8","12","0","13","0","13","52","71","39","37","103","59","89","37","26","22","109","53","130","47",
"1500000US040131167282","Block Group 2, Census Tract 1167.28, Maricopa County, Arizona","817","283","3","5","0","13","0","13","0","13","0","13","0","13","0","13","0","13","0","13","22","34","19","22","30","28","134","66","76","51","322","293","211","81",
"1500000US040131167283","Block Group 3, Census Tract 1167.28, Maricopa County, Arizona","306","53","0","13","0","13","0","13","0","13","0","13","0","13","0","13","0","13","0","13","0","13","17","18","24","21","5","8","28","30","12","13","220","56",
"1500000US040131167291","Block Group 1, Census Tract 1167.29, Maricopa County, Arizona","364","62","0","13","0","13","0","13","0","13","0","13","0","13","22","24","18","20","0","13","10","15","27","25","32","26","64","33","50","47","75","43","66","37",
"1500000US040131167292","Block Group 2, Census Tract 1167.29, Maricopa County, Arizona","743","113","10","16","54","55","0","13","11","16","8","12","0","13","35","32","0","13","0","13","11","17","57","41","24","28","84","65","98","53","91","80","260","80",
"1500000US040131167293","Block Group 3, Census Tract 1167.29, Maricopa County, Arizona","310","62","0","13","0","13","28","28","7","11","0","13","16","24","0","13","0","13","0","13","6","12","2","4","48","46","18","19","13","19","36","28","136","55",
"1500000US040131167301","Block Group 1, Census Tract 1167.30, Maricopa County, Arizona","605","62","4","8","0","13","4","7","0","13","0","13","8","9","31","38","9","9","11","17","33","35","40","25","35","27","115","54","56","33","110","40","149","47",
"1500000US040131167311","Block Group 1, Census Tract 1167.31, Maricopa County, Arizona","773","148","15","24","0","13","0","13","0","13","0","13","8","12","0","13","22","26","17","17","68","46","88","73","100","51","116","72","156","96","100","53","83","42",
"1500000US040131167312","Block Group 2, Census Tract 1167.31, Maricopa County, Arizona","411","73","0","13","0","13","0","13","0","13","10","16","0","13","0","13","0","13","0","13","0","13","6","10","52","39","31","29","113","56","78","45","121","53",
"1500000US040131167321","Block Group 1, Census Tract 1167.32, Maricopa County, Arizona","392","108","0","13","22","29","14","25","30","43","32","33","34","31","39","45","0","13","26","39","26","30","26","26","36","50","30","46","0","13","0","13","77","66",
"1500000US040131167322","Block Group 2, Census Tract 1167.32, Maricopa County, Arizona","404","112","29","28","21","32","23","26","7","14","13","19","51","48","22","28","0","13","0","13","18","21","47","46","21","22","75","55","32","34","33","35","12","19",
"1500000US040131167323","Block Group 3, Census Tract 1167.32, Maricopa County, Arizona","336","120","8","14","13","21","0","13","0","13","0","13","14","20","0","13","0","13","11","16","30","45","12","17","40","49","10","15","12","18","106","94","80","53",
"1500000US040131167331","Block Group 1, Census Tract 1167.33, Maricopa County, Arizona","12","19","0","13","12","19","0","13","0","13","0","13","0","13","0","13","0","13","0","13","0","13","0","13","0","13","0","13","0","13","0","13","0","13",
"1500000US040131167341","Block Group 1, Census Tract 1167.34, Maricopa County, Arizona","468","69","22","40","23","29","0","13","63","48","0","13","0","13","28","34","15","24","0","13","20","26","56","31","93","69","50","42","23","29","75","47","0","13",
"1500000US040131167351","Block Group 1, Census Tract 1167.35, Maricopa County, Arizona","533","148","0","13","61","69","0","13","0","13","17","27","31","40","27","44","37","53","38","55","76","83","28","40","80","70","76","78","0","13","62","96","0","13",
"1500000US040131167352","Block Group 2, Census Tract 1167.35, Maricopa County, Arizona","489","135","15","24","58","61","52","67","28","32","90","71","0","13","0","13","150","112","0","13","36","47","0","13","21","35","27","44","0","13","12","26","0","13",
"1500000US040131167361","Block Group 1, Census Tract 1167.36, Maricopa County, Arizona","391","166","0","13","0","13","0","13","36","54","57","96","0","13","88","137","0","13","0","13","70","113","39","60","101","70","0","13","0","13","0","13","0","13",
"1500000US040131167362","Block Group 2, Census Tract 1167.36, Maricopa County, Arizona","579","138","57","76","20","30","0","13","10","20","0","13","40","47","36","59","0","13","31","50","92","107","78","75","149","104","21","35","23","42","0","13","22","33",
"1500000US040131167371","Block Group 1, Census Tract 1167.37, Maricopa County, Arizona","821","238","18","31","0","13","57","90","0","13","3","30","19","32","0","13","0","13","0","13","23","27","130","116","51","41","202","203","90","78","97","97","131","92",
"1500000US040131167372","Block Group 2, Census Tract 1167.37, Maricopa County, Arizona","475","115","0","13","0","13","0","13","8","22","0","13","21","33","0","13","0","13","0","13","18","28","42","41","47","58","140","110","0","13","121","73","78","61",
"1500000US040131167381","Block Group 1, Census Tract 1167.38, Maricopa County, Arizona","1205","475","8","14","0","13","0","13","30","50","0","13","37","45","35","42","30","48","168","115","14","22","195","134","115","83","57","78","371","469","34","46","111","100",
"1500000US040131167382","Block Group 2, Census Tract 1167.38, Maricopa County, Arizona","713","161","0","13","23","40","0","13","69","106","0","13","79","78","36","52","51","78","35","41","0","13","147","134","145","100","52","58","63","83","13","24","0","13",
"1500000US040131167383","Block Group 3, Census Tract 1167.38, Maricopa County, Arizona","797","205","2","4","40","46","74","116","35","43","0","13","0","13","61","97","0","13","19","31","54","72","72","70","150","101","100","70","56","62","37","38","97","53",
"1500000US040131168001","Block Group 1, Census Tract 1168, Maricopa County, Arizona","0","13","0","13","0","13","0","13","0","13","0","13","0","13","0","13","0","13","0","13","0","13","0","13","0","13","0","13","0","13","0","13","0","13",
"1500000US040131168002","Block Group 2, Census Tract 1168, Maricopa County, Arizona","0","13","0","13","0","13","0","13","0","13","0","13","0","13","0","13","0","13","0","13","0","13","0","13","0","13","0","13","0","13","0","13","0","13",
"1500000US040131168003","Block Group 3, Census Tract 1168, Maricopa County, Arizona","761","209","21","20","7","10","12","13","33","37","29","27","188","195","12","15","95","75","35","28","24","18","57","23","68","28","60","42","23","18","20","15","77","61",
"1500000US040131168004","Block Group 4, Census Tract 1168, Maricopa County, Arizona","285","77","75","59","30","39","36","45","8","11","8","12","4","6","22","33","2","4","31","42","0","13","24","37","23","33","0","13","0","13","22","37","0","13",
"1500000US040131169001","Block Group 1, Census Tract 1169, Maricopa County, Arizona","595","83","62","48","21","26","46","40","31","30","84","62","19","30","6","10","93","60","14","15","83","58","30","25","72","47","7","11","15","15","12","16","0","13",
"1500000US040131170001","Block Group 1, Census Tract 1170, Maricopa County, Arizona","945","274","57","67","17","30","26","43","100","101","52","57","78","71","60","90","80","86","69","108","170","126","113","175","63","65","14","23","34","31","0","13","12","23",
"1500000US040131170002","Block Group 2, Census Tract 1170, Maricopa County, Arizona","998","399","170","118","329","351","50","64","44","54","28","48","52","77","0","13","38","57","63","66","4","11","35","40","107","129","0","13","0","13","55","83","23","36",
"1500000US040131170003","Block Group 3, Census Tract 1170, Maricopa County, Arizona","710","224","72","72","122","132","0","13","14","26","193","117","55","74","21","33","57","53","0","13","45","62","40","44","0","13","56","71","0","13","18","29","17","35",
"1500000US040131171001","Block Group 1, Census Tract 1171, Maricopa County, Arizona","961","130","102","56","7","14","14","17","26","44","45","47","51","44","75","71","46","41","21","23","107","64","67","59","160","82","142","69","52","52","0","13","46","45",
"1500000US040131171002","Block Group 2, Census Tract 1171, Maricopa County, Arizona","429","135","0","13","13","22","23","28","0","13","8","14","0","13","35","40","1","9","0","13","7","13","73","54","173","121","46","47","22","34","14","21","14","17",
"1500000US040131172001","Block Group 1, Census Tract 1172, Maricopa County, Arizona","0","13","0","13","0","13","0","13","0","13","0","13","0","13","0","13","0","13","0","13","0","13","0","13","0","13","0","13","0","13","0","13","0","13",
"1500000US040131172002","Block Group 2, Census Tract 1172, Maricopa County, Arizona","12","11","3","4","0","13","0","13","0","13","0","13","7","9","0","13","0","13","2","4","0","13","0","13","0","13","0","13","0","13","0","13","0","13",
"1500000US040131172003","Block Group 3, Census Tract 1172, Maricopa County, Arizona","306","75","17","17","34","29","2","4","14","17","15","18","7","8","27","19","42","39","12","12","40","26","33","20","46","56","10","13","4","6","3","5","0","13",
"1500000US040131173001","Block Group 1, Census Tract 1173, Maricopa County, Arizona","199","41","0","13","0","13","27","30","0","13","46","36","6","10","13","19","11","14","0","13","33","24","12","20","40","34","0","13","11","17","0","13","0","13",
"1500000US040131173002","Block Group 2, Census Tract 1173, Maricopa County, Arizona","196","77","77","46","13","13","9","11","21","25","0","13","60","58","0","13","0","13","0","13","10","17","0","13","0","13","0","13","0","13","6","10","0","13",
"1500000US040132168061","Block Group 1, Census Tract 2168.06, Maricopa County, Arizona","783","115","80","43","0","13","52","50","26","28","12","18","11","17","9","14","10","16","71","40","71","60","23","24","76","45","54","45","165","90","22","25","101","54",
"1500000US040132168062","Block Group 2, Census Tract 2168.06, Maricopa County, Arizona","828","134","12","19","12","18","9","15","12","20","10","17","12","18","10","15","51","50","62","61","92","62","67","63","102","67","65","45","73","51","66","58","173","90",
"1500000US040132168071","Block Group 1, Census Tract 2168.07, Maricopa County, Arizona","1022","196","36","47","32","50","28","32","79","104","0","13","0","13","0","13","18","27","0","13","77","71","117","78","73","73","59","59","190","111","48","43","265","109",
"1500000US040132168072","Block Group 2, Census Tract 2168.07, Maricopa County, Arizona","477","148","38","61","0","13","0","13","0","13","0","13","8","15","0","13","0","13","16","27","17","26","0","13","59","61","96","107","51","57","51","53","141","107",
"1500000US040132168073","Block Group 3, Census Tract 2168.07, Maricopa County, Arizona","920","219","66","57","0","13","14","22","0","13","0","13","0","13","55","51","0","13","18","28","17","30","112","84","69","70","67","56","19","31","161","101","322","174",
"1500000US040132168091","Block Group 1, Census Tract 2168.09, Maricopa County, Arizona","1179","213","21","23","6","10","14","18","11","16","12","14","7","11","8","13","5","8","37","26","76","64","46","38","178","143","73","42","185","178","183","102","317","95",
"1500000US040132168092","Block Group 2, Census Tract 2168.09, Maricopa County, Arizona","433","86","0","13","8","13","12","18","0","13","0","13","12","18","0","13","9","14","0","13","0","13","37","30","34","27","43","42","45","47","51","38","182","77",
"1500000US040132168093","Block Group 3, Census Tract 2168.09, Maricopa County, Arizona","464","88","13","20","5","9","0","13","0","13","0","13","7","13","10","16","12","18","0","13","0","13","20","21","53","54","57","36","32","26","34","29","221","69",
"1500000US040132168101","Block Group 1, Census Tract 2168.10, Maricopa County, Arizona","1066","129","74","32","56","36","35","21","39","29","62","31","65","40","61","37","67","33","59","37","50","39","133","88","127","58","126","61","50","33","28","21","34","22",
"1500000US040132168131","Block Group 1, Census Tract 2168.13, Maricopa County, Arizona","947","369","15","27","17","26","0","13","16","26","51","80","15","25","0","13","28","45","0","13","17","26","17","26","32","35","234","289","27","23","88","80","390","265",
"1500000US040132168132","Block Group 2, Census Tract 2168.13, Maricopa County, Arizona","513","125","15","24","17","27","82","86","0","13","0","13","0","13","33","37","0","13","17","26","0","13","48","45","32","36","19","27","34","35","77","79","139","77",
"1500000US040132168133","Block Group 3, Census Tract 2168.13, Maricopa County, Arizona","352","101","17","26","15","25","0","13","17","26","0","13","17","27","5","8","54","68","0","13","39","62","0","13","50","47","29","32","17","27","64","45","28","32",
"1500000US040132168134","Block Group 4, Census Tract 2168.13, Maricopa County, Arizona","395","101","0","13","17","27","15","23","0","13","0","13","0","13","9","14","0","13","0","13","0","13","16","27","75","80","30","36","45","43","76","86","112","61",
"1500000US040132168161","Block Group 1, Census Tract 2168.16, Maricopa County, Arizona","1066","292","0","13","0","13","21","36","0","13","33","38","19","31","21","33","0","13","84","88","28","34","31","30","100","96","89","104","172","120","325","244","143","110",
"1500000US040132168162","Block Group 2, Census Tract 2168.16, Maricopa County, Arizona","706","170","40","65","0","13","0","13","0","13","0","13","0","13","19","29","0","13","0","13","33","38","49","51","51","45","75","59","105","91","160","114","174","87",
"1500000US040132168163","Block Group 3, Census Tract 2168.16, Maricopa County, Arizona","823","227","21","33","0","13","0","13","0","13","13","22","17","27","92","118","0","13","17","28","34","38","31","40","131","95","105","70","157","200","113","59","92","60",
"1500000US040132168191","Block Group 1, Census Tract 2168.19, Maricopa County, Arizona","1109","170","24","29","0","13","0","13","77","86","7","11","19","23","43","40","45","43","31","25","97","60","106","77","128","85","89","63","63","58","226","124","154","90",
"1500000US040132168192","Block Group 2, Census Tract 2168.19, Maricopa County, Arizona","913","137","0","13","0","13","43","41","16","26","0","13","18","31","18","30","15","23","9","16","90","64","81","65","265","121","154","115","31","37","63","57","110","67",
"1500000US040132168193","Block Group 3, Census Tract 2168.19, Maricopa County, Arizona","757","218","6","10","11","17","0","13","0","13","40","57","27","34","0","13","0","13","15","23","40","37","35","39","158","111","157","214","57","54","77","54","134","83",
"1500000US040132168201","Block Group 1, Census Tract 2168.20, Maricopa County, Arizona","666","171","4","7","0","13","18","20","8","12","60","92","15","18","0","13","14","15","18","19","43","45","94","58","44","31","87","76","56","38","47","26","158","102",
"1500000US040132168202","Block Group 2, Census Tract 2168.20, Maricopa County, Arizona","848","120","54","36","32","30","22","26","25","23","22","26","17","19","55","50","17","19","15","16","91","75","71","54","118","78","63","49","139","86","80","62","27","33",
"1500000US040132168203","Block Group 3, Census Tract 2168.20, Maricopa County, Arizona","564","122","9","16","0","13","0","13","19","21","9","14","0","13","12","19","11","12","13","22","50","48","140","103","102","52","108","64","11","13","2","6","78","47",
"1500000US040132168211","Block Group 1, Census Tract 2168.21, Maricopa County, Arizona","551","180","66","114","0","13","0","13","0","13","0","13","0","13","0","13","0","13","36","39","112","95","63","54","50","58","0","13","34","36","22","35","168","129",
"1500000US040132168212","Block Group 2, Census Tract 2168.21, Maricopa County, Arizona","837","156","37","42","46","67","0","13","0","13","33","39","16","27","67","92","0","13","35","29","11","19","79","46","126","92","141","79","40","63","46","45","160","73",
"1500000US040132168213","Block Group 3, Census Tract 2168.21, Maricopa County, Arizona","943","152","76","41","12","20","17","27","0","13","13","21","139","108","37","40","48","47","17","29","70","58","67","55","63","49","99","93","83","62","70","55","132","74",
"1500000US040132168214","Block Group 4, Census Tract 2168.21, Maricopa County, Arizona","513","177","0","13","0","13","0","13","0","13","0","13","0","13","0","13","0","13","0","13","18","29","38","42","35","41","27","32","27","31","65","61","303","178",
"1500000US040132168221","Block Group 1, Census Tract 2168.22, Maricopa County, Arizona","635","119","0","13","0","13","20","27","0","13","31","28","0","13","0","13","18","19","10","16","29","26","44","31","67","53","90","60","31","30","27","25","268","79",
"1500000US040132168222","Block Group 2, Census Tract 2168.22, Maricopa County, Arizona","796","126","38","30","0","13","0","13","40","32","10","16","72","60","19","20","0","13","0","13","10","15","64","53","147","75","62","43","62","39","143","73","129","48",
"1500000US040132168223","Block Group 3, Census Tract 2168.22, Maricopa County, Arizona","673","301","39","50","10","15","0","13","10","16","10","16","0","13","9","14","0","13","0","13","9","15","23","23","44","34","35","46","233","285","83","63","168","116",
"1500000US040132168261","Block Group 1, Census Tract 2168.26, Maricopa County, Arizona","612","221","29","33","17","26","0","13","83","66","53","56","13","20","29","34","26","42","13","21","146","184","40","44","41","47","17","29","44","52","61","77","0","13",
"1500000US040132168262","Block Group 2, Census Tract 2168.26, Maricopa County, Arizona","999","189","50","43","78","68","45","57","0","13","0","13","0","13","80","69","30","33","12","19","52","52","104","72","105","80","156","96","106","110","124","131","57","58",
"1500000US040132168263","Block Group 3, Census Tract 2168.26, Maricopa County, Arizona","564","133","15","24","13","20","15","26","0","13","78","81","0","13","0","13","15","24","25","30","83","67","73","89","87","86","54","52","18","29","73","85","15","25",
"1500000US040132168264","Block Group 4, Census Tract 2168.26, Maricopa County, Arizona","282","95","0","13","13","21","0","13","25","39","12","18","0","13","0","13","0","13","0","13","0","13","35","39","79","74","0","13","45","43","0","13","73","66",
"1500000US040132168291","Block Group 1, Census Tract 2168.29, Maricopa County, Arizona","880","185","61","90","16","27","0","13","0","13","0","13","0","13","71","91","0","13","60","70","36","41","33","37","61","52","80","52","140","103","102","85","220","123",
"1500000US040132168292","Block Group 2, Census Tract 2168.29, Maricopa County, Arizona","605","142","0","13","0","13","0","13","16","25","0","13","32","37","0","13","33","38","17","27","74","73","49","78","63","65","17","25","17","27","83","66","204","116",
"1500000US040132168293","Block Group 3, Census Tract 2168.29, Maricopa County, Arizona","735","299","0","13","0","13","0","13","0","13","0","13","0","13","0","13","0","13","0","13","76","47","119","91","45","42","51","40","34","40","262","282","148","121",
"1500000US040132168294","Block Group 4, Census Tract 2168.29, Maricopa County, Arizona","463","129","0","13","0","13","0","13","16","25","47","73","0","13","45","73","12","20","0","13","60","74","14","22","0","13","33","40","48","45","0","13","188","99",
"1500000US040132168301","Block Group 1, Census Tract 2168.30, Maricopa County, Arizona","791","124","23","24","38","49","44","47","21","26","59","58","0","13","112","74","18","19","74","62","80","54","62","40","65","43","65","47","57","60","0","13","73","59",
"1500000US040132168302","Block Group 2, Census Tract 2168.30, Maricopa County, Arizona","930","262","51","45","0","13","89","52","21","34","26","41","220","284","72","52","41","45","41","28","33","31","73","55","65","55","74","66","16","20","34","32","74","45",
"1500000US040132168311","Block Group 1, Census Tract 2168.31, Maricopa County, Arizona","356","73","17","18","22","24","0","13","0","13","0","13","0","13","0","13","0","13","0","13","31","42","13","20","58","48","20","21","46","33","61","37","88","43",
"1500000US040132168312","Block Group 2, Census Tract 2168.31, Maricopa County, Arizona","684","112","29","26","10","16","7","13","0","13","23","26","9","15","0","13","26","29","18","21","32","28","94","59","86","51","63","44","10","15","140","65","137","55",
"1500000US040132168321","Block Group 1, Census Tract 2168.32, Maricopa County, Arizona","719","165","39","36","8","14","23","23","9","13","52","58","8","13","10","14","31","39","34","37","0","13","27","27","115","107","80","75","15","23","69","33","199","94",
"1500000US040132168322","Block Group 2, Census Tract 2168.32, Maricopa County, Arizona","592","113","52","48","0","13","0","13","36","47","44","37","7","11","48","35","14","20","0","13","8","12","28","30","118","75","29","26","17","20","49","40","142","60",
"1500000US040132168331","Block Group 1, Census Tract 2168.33, Maricopa County, Arizona","844","144","0","13","18","29","18","30","16","25","43","44","88","93","0","13","39","45","61","82","58","51","80","64","174","104","80","57","43","52","47","49","79","57",
"1500000US040132168332","Block Group 2, Census Tract 2168.33, Maricopa County, Arizona","529","110","14","22","0","13","0","13","0","13","0","13","19","29","0","13","14","22","31","34","0","13","31","37","34","42","63","55","62","60","124","81","137","115",
"1500000US040132168333","Block Group 3, Census Tract 2168.33, Maricopa County, Arizona","649","193","0","13","33","37","0","13","22","36","12","20","0","13","0","13","18","28","0","13","99","95","79","115","161","113","16","25","50","50","63","69","96","86",
"1500000US040132168341","Block Group 1, Census Tract 2168.34, Maricopa County, Arizona","607","166","0","13","24","29","21","22","9","14","47","46","0","13","9","14","9","13","7","10","28","23","29","26","41","30","124","157","37","45","79","44","143","63",
"1500000US040132168342","Block Group 2, Census Tract 2168.34, Maricopa County, Arizona","815","321","209","304","12","18","0","13","18","21","48","50","19","21","21","23","7","11","7","11","31","27","63","49","43","49","65","56","95","74","69","40","108","46",
"1500000US040132168351","Block Group 1, Census Tract 2168.35, Maricopa County, Arizona","967","168","67","66","18","19","48","34","10","15","32","50","0","13","10","16","50","52","54","54","162","82","141","78","107","64","58","37","75","35","66","46","69","51",
"1500000US040132168352","Block Group 2, Census Tract 2168.35, Maricopa County, Arizona","598","113","9","14","7","13","9","15","40","52","9","13","7","10","17","19","45","46","5","9","30","26","37","28","89","71","31","26","42","32","87","58","134","77",
"1500000US040132168361","Block Group 1, Census Tract 2168.36, Maricopa County, Arizona","787","268","38","43","9","14","0","13","0","13","0","13","0","13","0","13","0","13","7","13","20","24","30","29","15","18","257","266","63","42","41","33","307","105",
"1500000US040132168362","Block Group 2, Census Tract 2168.36, Maricopa County, Arizona","818","160","0","13","10","17","21","22","19","30","22","25","0","13","0","13","31","44","58","55","49","51","74","45","223","132","54","45","60","38","50","41","147","87",
"1500000US040132168371","Block Group 1, Census Tract 2168.37, Maricopa County, Arizona","873","244","0","13","77","94","19","30","164","185","59","91","0","13","17","29","0","13","59","62","53","62","31","31","152","131","41","39","65","61","84","64","52","47",
"1500000US040132168372","Block Group 2, Census Tract 2168.37, Maricopa County, Arizona","947","263","19","30","50","79","0","13","33","41","44","72","14","23","16","24","16","26","15","23","67","54","31","44","299","239","133","86","68","83","44","46","98","70",
"1500000US040132168373","Block Group 3, Census Tract 2168.37, Maricopa County, Arizona","1183","309","45","49","39","43","0","13","18","28","152","121","131","96","12","21","0","13","151","114","29","32","133","89","227","137","66","47","141","223","11","18","28","36",
"1500000US040132168381","Block Group 1, Census Tract 2168.38, Maricopa County, Arizona","940","184","62","73","19","32","78","102","39","45","0","13","15","23","77","100","23","35","17","26","31","35","91","56","104","88","25","41","85","68","57","57","217","126",
"1500000US040132168382","Block Group 2, Census Tract 2168.38, Maricopa County, Arizona","621","183","25","39","0","13","0","13","0","13","0","13","0","13","14","22","26","40","0","13","15","25","38","35","16","26","117","105","73","64","232","175","65","57",
"1500000US040132168383","Block Group 3, Census Tract 2168.38, Maricopa County, Arizona","594","125","0","13","0","13","18","29","0","13","7","15","0","13","0","13","0","13","10","21","20","32","41","43","168","114","56","46","83","84","122","69","69","51",
"1500000US040132168391","Block Group 1, Census Tract 2168.39, Maricopa County, Arizona","496","95","8","12","0","13","9","14","0","13","9","13","26","25","36","34","0","13","0","13","46","43","15","19","19","21","71","56","78","49","51","37","128","67",
"1500000US040132168392","Block Group 2, Census Tract 2168.39, Maricopa County, Arizona","776","207","0","13","31","40","19","21","9","14","34","41","9","14","0","13","20","24","0","13","29","32","70","83","144","131","49","36","51","40","111","69","200","140",
"1500000US040132168393","Block Group 3, Census Tract 2168.39, Maricopa County, Arizona","529","118","9","14","0","13","0","13","0","13","34","41","0","13","0","13","10","15","7","12","0","13","52","49","43","35","49","44","90","57","38","43","197","101",
"1500000US040132168401","Block Group 1, Census Tract 2168.40, Maricopa County, Arizona","1149","261","12","21","20","30","66","57","19","23","51","67","18","21","31","27","0","13","33","29","51","53","59","46","104","58","178","214","60","44","159","57","288","142",
"1500000US040132168402","Block Group 2, Census Tract 2168.40, Maricopa County, Arizona","397","70","20","30","0","13","0","13","9","15","0","13","0","13","0","13","0","13","0","13","0","13","9","14","70","45","45","36","41","32","85","60","118","47",
"1500000US040132168403","Block Group 3, Census Tract 2168.40, Maricopa County, Arizona","455","86","0","13","0","13","0","13","0","13","11","16","26","40","0","13","0","13","0","13","0","13","11","16","117","68","36","48","11","17","35","28","208","69",
"1500000US040132168411","Block Group 1, Census Tract 2168.41, Maricopa County, Arizona","486","90","0","13","0","13","12","18","11","18","12","18","0","13","0","13","0","13","11","17","23","18","35","29","21","24","54","35","54","53","30","29","223","73",
"1500000US040132168412","Block Group 2, Census Tract 2168.41, Maricopa County, Arizona","1013","99","0","13","0","13","26","30","64","69","0","13","14","18","35","30","0","13","13","21","24","29","57","54","149","75","137","88","95","67","145","74","254","72",
"1500000US040132168421","Block Group 1, Census Tract 2168.42, Maricopa County, Arizona","435","104","11","16","8","13","0","13","16","19","16","18","0","13","0","13","38","37","0","13","0","13","24","24","21","26","61","46","28","21","72","80","140","53",
"1500000US040132168422","Block Group 2, Census Tract 2168.42, Maricopa County, Arizona","784","108","0","13","44","44","8","13","0","13","10","17","0","13","16","17","9","14","11","17","40","38","26","24","53","37","63","47","28","27","142","65","334","121",
"1500000US040132168431","Block Group 1, Census Tract 2168.43, Maricopa County, Arizona","215","54","30","46","0","13","0","13","0","13","35","44","0","13","11","17","0","13","0","13","0","13","8","14","30","22","9","14","0","13","45","28","47","34",
"1500000US040132168432","Block Group 2, Census Tract 2168.43, Maricopa County, Arizona","563","133","31","28","28","43","0","13","0","13","0","13","10","15","9","14","20","24","0","13","0","13","55","59","10","17","16","19","96","61","35","28","253","123",
"1500000US040132168433","Block Group 3, Census Tract 2168.43, Maricopa County, Arizona","942","114","23","23","33","38","8","14","39","32","51","34","67","52","0","13","32","40","0","13","55","37","0","13","93","57","75","35","94","45","76","37","296","101",
"1500000US040132168441","Block Group 1, Census Tract 2168.44, Maricopa County, Arizona","846","143","40","33","0","13","9","14","0","13","35","38","14","20","22","24","11","19","22","24","28","26","47","56","139","85","84","56","22","28","164","72","209","82",
"1500000US040132168442","Block Group 2, Census Tract 2168.44, Maricopa County, Arizona","1674","230","85","56","55","31","65","60","90","63","35","32","60","68","21","24","41","28","41","44","103","70","150","97","228","79","270","152","106","68","212","154","112","78",
"1500000US040132168451","Block Group 1, Census Tract 2168.45, Maricopa County, Arizona","879","604","29","36","10","17","25","28","48","56","29","45","0","13","4","7","442","606","39","60","22","35","49","43","44","27","63","59","23","25","31","38","21","21",
"1500000US040132168452","Block Group 2, Census Tract 2168.45, Maricopa County, Arizona","650","120","30","26","32","49","0","13","43","55","11","19","1","3","18","22","43","56","0","13","80","54","86","57","40","51","96","58","63","54","21","29","86","49",
"1500000US040132168491","Block Group 1, Census Tract 2168.49, Maricopa County, Arizona","274","86","0","13","0","13","0","13","0","13","0","13","0","13","0","13","0","13","0","13","18","27","0","13","31","34","0","13","20","29","95","91","110","64",
"1500000US040132168492","Block Group 2, Census Tract 2168.49, Maricopa County, Arizona","369","82","0","13","0","13","16","25","0","13","0","13","0","13","0","13","0","13","0","13","0","13","32","36","13","20","51","70","0","13","49","46","208","92",
"1500000US040132168493","Block Group 3, Census Tract 2168.49, Maricopa County, Arizona","621","117","20","33","38","43","0","13","0","13","0","13","0","13","15","23","38","61","0","13","10","17","0","13","0","13","63","53","53","46","52","39","332","127",
"1500000US040132168494","Block Group 4, Census Tract 2168.49, Maricopa County, Arizona","593","139","14","24","15","25","0","13","15","25","0","13","0","13","14","22","18","28","0","13","16","27","40","38","14","23","15","24","18","28","116","87","298","122",
"1500000US040132168495","Block Group 5, Census Tract 2168.49, Maricopa County, Arizona","885","335","0","13","14","23","16","26","35","39","0","13","16","25","0","13","0","13","0","13","15","24","227","342","16","26","134","81","45","41","129","119","238","105",
"1500000US040132168501","Block Group 1, Census Tract 2168.50, Maricopa County, Arizona","530","303","0","13","0","13","0","13","112","183","0","13","0","13","161","255","0","13","0","13","18","33","66","67","90","48","0","13","0","13","65","64","18","30",
"1500000US040132168502","Block Group 2, Census Tract 2168.50, Maricopa County, Arizona","1472","540","56","86","0","13","0","13","34","37","386","514","17","28","0","13","18","30","32","36","90","82","53","51","363","176","143","107","76","59","116","102","88","66",
"1500000US040132168503","Block Group 3, Census Tract 2168.50, Maricopa County, Arizona","642","157","0","13","0","13","0","13","34","38","16","24","0","13","87","74","40","45","10","17","42","47","95","87","214","126","28","37","40","45","18","29","18","28",
"1500000US040132168511","Block Group 1, Census Tract 2168.51, Maricopa County, Arizona","248","59","0","13","0","13","0","13","0","13","0","13","0","13","11","17","0","13","0","13","0","13","0","13","35","31","24","35","0","13","44","29","134","55",
"1500000US040132168512","Block Group 2, Census Tract 2168.51, Maricopa County, Arizona","774","164","23","22","0","13","11","17","11","17","43","52","46","56","0","13","10","18","0","13","0","13","9","13","122","88","137","123","49","36","79","44","234","80",
"1500000US040132168513","Block Group 3, Census Tract 2168.51, Maricopa County, Arizona","519","148","0","13","0","13","0","13","0","13","0","13","21","25","13","21","0","13","0","13","24","36","22","30","22","26","12","19","42","24","111","67","252","131",
"1500000US040132168514","Block Group 4, Census Tract 2168.51, Maricopa County, Arizona","417","89","20","22","0","13","11","19","12","18","0","13","0","13","0","13","0","13","0","13","9","13","54","42","20","24","33","29","22","24","22","25","214","77",
"1500000US040132168521","Block Group 1, Census Tract 2168.52, Maricopa County, Arizona","446","122","0","13","0","13","10","16","0","13","8","14","8","12","38","52","10","15","15","17","38","47","100","107","45","31","37","41","37","29","61","43","39","27",
"1500000US040132168522","Block Group 2, Census Tract 2168.52, Maricopa County, Arizona","521","121","8","14","20","22","34","31","17","18","64","52","9","13","8","14","32","30","30","48","19","21","27","25","130","85","39","41","10","16","26","31","48","38",
"1500000US040132168523","Block Group 3, Census Tract 2168.52, Maricopa County, Arizona","846","191","0","13","31","41","10","17","9","15","72","73","8","14","78","123","16","18","9","14","53","49","134","93","142","89","62","48","46","56","146","66","30","26",
"1500000US040132168531","Block Group 1, Census Tract 2168.53, Maricopa County, Arizona","868","311","14","23","0","13","16","25","43","49","13","21","14","23","263","290","43","40","48","58","15","24","72","99","112","67","149","125","0","13","53","44","13","21",
"1500000US040132168532","Block Group 2, Census Tract 2168.53, Maricopa County, Arizona","577","154","25","31","0","13","0","13","33","36","0","13","16","25","17","27","28","33","16","26","83","89","115","96","124","85","21","26","17","28","0","13","82","96",
"1500000US040132168533","Block Group 3, Census Tract 2168.53, Maricopa County, Arizona","650","286","23","38","0","13","12","18","0","13","0","13","13","22","15","23","0","13","16","25","0","13","36","35","145","110","36","56","14","23","18","29","322","283",
"1500000US040132168534","Block Group 4, Census Tract 2168.53, Maricopa County, Arizona","637","157","60","71","97","109","0","13","17","26","12","19","19","30","19","30","25","28","13","20","81","67","0","13","67","55","128","113","19","30","80","86","0","13",
"1500000US040132168541","Block Group 1, Census Tract 2168.54, Maricopa County, Arizona","734","149","0","13","0","13","0","13","0","13","31","36","19","28","50","79","12","21","12","20","13","20","16","26","52","65","17","28","59","49","159","129","294","123",
"1500000US040132168542","Block Group 2, Census Tract 2168.54, Maricopa County, Arizona","743","129","24","31","0","13","0","13","0","13","0","13","0","13","0","13","17","27","0","13","44","68","0","13","0","13","94","50","83","53","64","44","417","121",
"1500000US040132168551","Block Group 1, Census Tract 2168.55, Maricopa County, Arizona","828","201","27","31","14","23","0","13","16","26","0","13","61","76","52","48","0","13","0","13","23","27","17","27","35","29","138","117","0","13","129","97","316","212",
"1500000US040132168552","Block Group 2, Census Tract 2168.55, Maricopa County, Arizona","651","125","39","46","25","30","32","36","0","13","0","13","18","29","0","13","0","13","33","40","13","21","0","13","61","59","76","63","90","76","86","63","178","104",
"1500000US040132168561","Block Group 1, Census Tract 2168.56, Maricopa County, Arizona","683","144","47","45","0","13","63","78","60","61","43","51","0","13","21","35","0","13","15","25","51","69","17","26","137","82","30","43","54","49","59","91","86","74",
"1500000US040132168562","Block Group 2, Census Tract 2168.56, Maricopa County, Arizona","697","149","0","13","0","13","0","13","24","40","0","13","97","118","0","13","28","37","61","46","50","55","10","23","60","56","164","91","53","60","36","52","114","81",
"1500000US040132168571","Block Group 1, Census Tract 2168.57, Maricopa County, Arizona","911","199","39","48","48","55","16","24","107","109","46","49","66","57","32","38","13","22","18","29","95","76","138","80","175","139","82","69","0","13","22","25","14","21",
"1500000US040132168572","Block Group 2, Census Tract 2168.57, Maricopa County, Arizona","642","180","11","19","0","13","87","64","27","31","73","77","0","13","20","24","57","53","20","33","11","19","41","38","101","109","76","92","59","96","24","23","35","59",
"1500000US040132168573","Block Group 3, Census Tract 2168.57, Maricopa County, Arizona","774","169","19","30","0","13","0","13","15","23","60","49","14","25","13","22","10","17","31","44","34","32","176","118","145","91","70","61","142","110","45","63","0","13",
"1500000US040132168581","Block Group 1, Census Tract 2168.58, Maricopa County, Arizona","0","13","0","13","0","13","0","13","0","13","0","13","0","13","0","13","0","13","0","13","0","13","0","13","0","13","0","13","0","13","0","13","0","13",
"1500000US040132168591","Block Group 1, Census Tract 2168.59, Maricopa County, Arizona","1006","320","0","13","31","34","14","22","0","13","54","53","30","34","15","23","17","27","16","26","0","13","44","41","92","94","137","90","226","312","115","87","215","92",
"1500000US040132168592","Block Group 2, Census Tract 2168.59, Maricopa County, Arizona","839","155","30","34","0","13","33","38","33","37","16","25","17","26","16","25","0","13","16","25","45","42","0","13","106","83","41","39","134","102","63","50","289","106",
"1500000US040132168593","Block Group 3, Census Tract 2168.59, Maricopa County, Arizona","660","133","45","71","0","13","0","13","0","13","44","69","0","13","0","13","0","13","64","75","48","45","16","25","17","28","5","9","84","43","33","36","304","116",
"1500000US040132168601","Block Group 1, Census Tract 2168.60, Maricopa County, Arizona","740","211","67","101","0","13","0","13","56","62","0","13","43","51","25","42","42","48","0","13","145","165","82","78","57","55","0","13","23","38","118","98","82","63",
"1500000US040132168602","Block Group 2, Census Tract 2168.60, Maricopa County, Arizona","596","160","46","57","0","13","0","13","0","13","23","38","24","38","0","13","93","121","19","31","0","13","17","26","22","36","116","120","26","42","80","80","130","93",
"1500000US040132168611","Block Group 1, Census Tract 2168.61, Maricopa County, Arizona","440","109","10","27","0","13","18","25","0","13","0","13","13","22","0","13","9","15","0","13","0","13","0","13","30","35","67","52","28","44","34","39","231","97",
"1500000US040132168612","Block Group 2, Census Tract 2168.61, Maricopa County, Arizona","520","135","0","13","24","37","48","76","0","13","0","13","0","13","24","37","0","13","13","20","58","55","18","22","0","13","46","42","30","36","78","84","181","110",
"1500000US040132168613","Block Group 3, Census Tract 2168.61, Maricopa County, Arizona","712","141","0","13","30","41","18","30","0","13","0","13","53","51","28","32","0","13","0","13","20","31","30","36","51","42","102","111","94","68","63","47","223","102",
"1500000US040132169011","Block Group 1, Census Tract 2169.01, Maricopa County, Arizona","574","105","27","42","17","18","9","15","48","50","71","38","28","26","15","23","9","14","16","18","34","43","30","25","99","71","19","21","48","52","54","35","50","48",
"1500000US040132169012","Block Group 2, Census Tract 2169.01, Maricopa County, Arizona","1159","199","56","34","9","14","55","91","6","11","44","33","52","40","18","20","28","25","99","106","98","61","71","43","153","65","86","48","52","33","84","39","248","113",
"1500000US040132169013","Block Group 3, Census Tract 2169.01, Maricopa County, Arizona","182","56","22","36","11","17","17","18","17","19","0","13","7","11","9","13","0","13","8","13","9","14","7","11","13","15","34","42","9","15","19","22","0","13",
"1500000US040132169021","Block Group 1, Census Tract 2169.02, Maricopa County, Arizona","805","114","19","21","20","22","11","16","22","37","10","15","28","28","8","14","38","33","0","13","86","61","86","70","101","62","160","56","17","18","105","66","94","56",
"1500000US040132169022","Block Group 2, Census Tract 2169.02, Maricopa County, Arizona","884","110","16","25","0","13","9","16","56","39","18","30","69","55","34","26","21","25","50","52","54","47","73","60","147","75","93","69","71","49","58","44","115","77",
"1500000US040132170011","Block Group 1, Census Tract 2170.01, Maricopa County, Arizona","738","518","18","29","17","29","0","13","44","70","53","43","32","28","28","33","16","27","0","13","27","30","64","49","70","59","345","518","0","13","24","29","0","13",
"1500000US040132170012","Block Group 2, Census Tract 2170.01, Maricopa County, Arizona","314","158","15","25","0","13","0","13","14","23","0","13","0","13","0","13","0","13","0","13","83","112","36","59","21","25","13","20","23","39","56","52","53","51",
"1500000US040132170013","Block Group 3, Census Tract 2170.01, Maricopa County, Arizona","592","191","97","157","26","32","0","13","42","48","25","21","25","29","0","13","0","13","12","21","26","28","24","29","41","47","0","13","72","76","48","61","154","105",
"1500000US040132170014","Block Group 4, Census Tract 2170.01, Maricopa County, Arizona","265","80","0","13","27","42","0","13","0","13","0","13","0","13","18","29","17","26","0","13","0","13","14","23","66","55","44","59","0","13","14","22","65","44",
"1500000US040132170015","Block Group 5, Census Tract 2170.01, Maricopa County, Arizona","291","80","0","13","15","23","14","21","12","19","57","75","0","13","10","17","11","18","0","13","57","40","0","13","64","54","51","64","0","13","0","13","0","13",
"1500000US040132170016","Block Group 6, Census Tract 2170.01, Maricopa County, Arizona","696","210","43","61","0","13","41","51","34","52","25","38","0","13","17","26","52","68","27","31","38","44","72","93","14","23","114","105","39","44","86","77","94","110",
"1500000US040132170021","Block Group 1, Census Tract 2170.02, Maricopa County, Arizona","510","141","23","37","15","25","0","13","0","13","0","13","37","45","15","24","0","13","0","13","15","21","60","56","127","84","72","57","104","107","42","42","0","13",
"1500000US040132170022","Block Group 2, Census Tract 2170.02, Maricopa County, Arizona","1079","246","0","13","86","104","0","13","86","103","12","20","90","128","44","71","22","34","15","23","0","13","70","40","291","182","159","98","21","34","53","53","130","100",
"1500000US040132170023","Block Group 3, Census Tract 2170.02, Maricopa County, Arizona","462","141","0","13","63","54","63","101","0","13","15","24","20","33","12","19","14","23","0","13","17","28","14","21","163","96","34","44","18","30","29","35","0","13",
"1500000US040132170024","Block Group 4, Census Tract 2170.02, Maricopa County, Arizona","578","148","0","13","47","55","42","54","14","23","43","60","14","23","36","41","10","16","22","35","20","32","79","66","61","54","132","142","35","41","23","38","0","13",
"1500000US040132171011","Block Group 1, Census Tract 2171.01, Maricopa County, Arizona","354","98","0","13","0","13","22","35","0","13","7","12","21","20","8","12","8","14","0","13","0","13","39","32","30","22","42","38","62","61","52","46","63","52",
"1500000US040132171012","Block Group 2, Census Tract 2171.01, Maricopa County, Arizona","593","149","6","11","12","19","0","13","0","13","25","30","37","38","51","57","114","115","41","46","114","62","95","54","23","25","20","25","11","17","31","46","13","21",
"1500000US040132171013","Block Group 3, Census Tract 2171.01, Maricopa County, Arizona","325","85","0","13","0","13","7","11","15","27","0","13","0","13","9","14","7","11","0","13","35","35","8","13","57","39","29","25","64","47","41","32","53","58",
"1500000US040132171021","Block Group 1, Census Tract 2171.02, Maricopa County, Arizona","602","283","22","31","0","13","24","26","12","20","0","13","22","25","0","13","12","18","42","42","11","16","13","21","69","58","68","42","190","274","55","40","62","35",
"1500000US040132171022","Block Group 2, Census Tract 2171.02, Maricopa County, Arizona","877","133","34","39","10","16","37","46","12","19","11","18","0","13","10","16","23","24","35","53","57","45","155","68","109","69","130","58","79","51","133","70","42","36",
"1500000US040132172011","Block Group 1, Census Tract 2172.01, Maricopa County, Arizona","448","85","30","24","12","19","0","13","19","31","8","11","13","14","7","10","0","13","14","14","16","15","62","48","67","37","28","22","33","27","69","50","70","33",
"1500000US040132172012","Block Group 2, Census Tract 2172.01, Maricopa County, Arizona","874","154","65","50","27","21","13","16","23","27","22","17","10","10","13","14","50","30","3","5","97","52","134","50","228","133","82","46","49","29","31","21","27","21",
"1500000US040132172031","Block Group 1, Census Tract 2172.03, Maricopa County, Arizona","905","268","26","23","30","24","34","45","58","37","34","31","23","22","19","21","36","26","22","24","59","48","151","84","77","63","53","39","43","36","9","15","231","249",
"1500000US040132172032","Block Group 2, Census Tract 2172.03, Maricopa County, Arizona","337","87","17","20","0","13","63","50","8","12","44","44","0","13","8","13","20","24","38","48","65","64","0","13","0","13","27","29","25","18","9","14","13","21",
"1500000US040132172033","Block Group 3, Census Tract 2172.03, Maricopa County, Arizona","469","98","8","13","49","42","16","18","0","13","52","46","9","14","17","19","31","27","16","18","36","28","79","57","79","47","23","21","30","37","8","14","16","18",
"1500000US040132172034","Block Group 4, Census Tract 2172.03, Maricopa County, Arizona","532","193","8","13","0","13","10","16","48","77","18","20","0","13","0","13","66","108","31","49","60","54","26","20","10","16","61","94","37","60","39","25","118","61",
"1500000US040132172041","Block Group 1, Census Tract 2172.04, Maricopa County, Arizona","583","125","21","33","0","13","20","22","23","24","33","53","0","13","42","49","68","68","20","22","103","81","96","86","55","59","10","16","84","75","8","12","0","13",
"1500000US040132172042","Block Group 2, Census Tract 2172.04, Maricopa County, Arizona","863","211","46","60","81","73","30","28","67","41","0","13","129","145","35","45","11","17","28","31","140","121","71","67","66","65","22","19","71","51","46","47","20","24",
"1500000US040132172043","Block Group 3, Census Tract 2172.04, Maricopa County, Arizona","416","121","50","41","42","41","0","13","29","28","26","41","12","21","0","13","32","32","30","47","65","59","96","78","21","23","13","20","0","13","0","13","0","13",
"1500000US040132173001","Block Group 1, Census Tract 2173, Maricopa County, Arizona","315","102","0","13","0","13","0","13","9","15","11","18","7","12","0","13","7","11","0","13","14","22","0","13","18","26","0","13","28","32","18","21","203","101",
"1500000US040132173002","Block Group 2, Census Tract 2173, Maricopa County, Arizona","470","137","119","108","29","26","9","15","38","36","0","13","10","15","11","18","52","60","8","12","18","19","11","17","0","13","69","71","39","48","40","35","17","26",
"1500000US040132173003","Block Group 3, Census Tract 2173, Maricopa County, Arizona","725","236","0","13","24","27","0","13","0","13","10","16","28","46","0","13","0","13","11","18","12","18","20","30","272","205","39","39","157","110","9","16","143","76",
"1500000US040132173004","Block Group 4, Census Tract 2173, Maricopa County, Arizona","1437","267","88","76","16","26","11","16","0","13","12","20","45","40","0","13","66","47","11","17","101","68","67","56","192","132","150","142","66","57","113","109","499","182",
"1500000US040132174001","Block Group 1, Census Tract 2174, Maricopa County, Arizona","478","258","10","16","19","21","0","13","0","13","9","14","21","24","10","15","0","13","0","13","22","18","196","261","61","60","12","19","10","16","35","24","73","49",
"1500000US040132174002","Block Group 2, Census Tract 2174, Maricopa County, Arizona","276","85","0","13","47","58","0","13","0","13","8","13","7","12","0","13","8","14","17","20","12","18","9","15","34","30","15","16","19","22","80","48","20","16",
"1500000US040132174003","Block Group 3, Census Tract 2174, Maricopa County, Arizona","293","68","34","27","10","16","10","16","18","15","18","19","9","14","7","12","0","13","0","13","0","13","59","55","38","29","41","29","12","19","19","21","18","20",
"1500000US040132174004","Block Group 4, Census Tract 2174, Maricopa County, Arizona","714","136","96","70","0","13","57","42","10","15","27","25","18","19","66","51","20","22","48","51","36","35","94","70","43","44","81","57","33","27","14","16","71","50",
"1500000US040132175011","Block Group 1, Census Tract 2175.01, Maricopa County, Arizona","588","180","0","13","123","169","17","20","8","14","9","16","39","50","38","38","24","30","36","46","28","28","37","44","24","34","67","59","11","25","85","47","42","46",
"1500000US040132175012","Block Group 2, Census Tract 2175.01, Maricopa County, Arizona","309","91","75","70","34","41","25","43","29","37","0","13","21","33","40","39","0","13","0","13","0","13","48","49","26","40","11","18","0","13","0","13","0","13",
"1500000US040132175013","Block Group 3, Census Tract 2175.01, Maricopa County, Arizona","747","192","80","54","27","44","7","11","10","16","39","31","79","65","73","67","46","40","122","100","13","21","33","28","143","158","66","72","0","13","0","13","9","14",
"1500000US040132175021","Block Group 1, Census Tract 2175.02, Maricopa County, Arizona","422","115","2","4","0","13","0","13","0","13","13","20","0","13","14","24","38","30","30","38","58","60","50","53","103","67","18","21","19","18","51","40","26","33",
"1500000US040132175022","Block Group 2, Census Tract 2175.02, Maricopa County, Arizona","705","121","24","22","0","13","40","40","0","13","43","48","31","31","58","48","16","23","55","51","69","43","36","29","45","33","93","52","67","60","128","81","0","13",
"1500000US040132175023","Block Group 3, Census Tract 2175.02, Maricopa County, Arizona","698","109","22","28","0","13","56","53","0","13","14","17","16","25","39","37","33","44","53","48","55","43","93","45","178","78","44","41","19","22","38","29","38","41",
"1500000US040132176001","Block Group 1, Census Tract 2176, Maricopa County, Arizona","904","349","25","32","14","22","61","83","14","22","4","12","31","34","0","13","57","69","0","13","49","59","292","340","131","86","85","96","20","33","89","83","32","51",
"1500000US040132176002","Block Group 2, Census Tract 2176, Maricopa County, Arizona","766","168","12","22","0","13","49","58","0","13","22","34","16","27","83","69","34","38","46","54","37","58","39","47","267","128","50","52","13","22","17","28","81","79",
"1500000US040132176003","Block Group 3, Census Tract 2176, Maricopa County, Arizona","1002","257","0","13","11","17","61","74","116","103","128","120","132","126","0","13","28","60","99","95","15","24","20","33","116","84","201","186","37","38","20","34","18","28",
"1500000US040132177001","Block Group 1, Census Tract 2177, Maricopa County, Arizona","930","185","24","37","14","23","49","59","25","28","25","26","29","35","35","34","28","32","27","33","73","55","116","71","54","53","145","102","71","93","197","127","18","31",
"1500000US040132177002","Block Group 2, Census Tract 2177, Maricopa County, Arizona","566","124","0","13","10","17","0","13","11","18","52","65","25","27","0","13","0","13","12","20","12","21","43","39","152","105","49","38","70","56","93","89","37","59",
"1500000US040132177003","Block Group 3, Census Tract 2177, Maricopa County, Arizona","638","213","48","47","11","17","12","21","24","27","23","28","36","58","0","13","40","37","0","13","31","34","225","195","12","20","0","13","86","55","79","67","11","19",
"1500000US040132178001","Block Group 1, Census Tract 2178, Maricopa County, Arizona","801","183","0","13","0","13","51","81","66","56","28","33","0","13","25","39","0","13","103","89","92","86","79","66","145","118","73","68","109","86","0","13","30","40",
"1500000US040132178002","Block Group 2, Census Tract 2178, Maricopa County, Arizona","692","170","15","23","57","86","33","36","0","13","0","13","40","47","78","80","84","59","60","74","57","54","0","13","119","94","89","78","15","27","0","13","45","48",
"1500000US040132178003","Block Group 3, Census Tract 2178, Maricopa County, Arizona","813","183","50","43","0","13","45","72","16","26","88","121","31","35","17","26","154","99","0","13","56","41","48","71","95","77","24","31","68","53","88","127","33","28",
"1500000US040132178004","Block Group 4, Census Tract 2178, Maricopa County, Arizona","582","152","21","33","14","23","0","13","16","26","25","41","0","13","0","13","0","13","0","13","16","26","148","129","73","52","119","88","35","47","65","67","50","67",
"1500000US040132179001","Block Group 1, Census Tract 2179, Maricopa County, Arizona","992","147","0","13","10","16","11","17","57","54","12","19","10","15","0","13","48","36","0","13","198","98","120","97","97","51","124","67","113","100","81","54","111","68",
"1500000US040132179002","Block Group 2, Census Tract 2179, Maricopa County, Arizona","341","84","0","13","13","19","0","13","17","19","52","57","19","21","8","12","11","17","32","40","9","13","48","40","16","23","45","38","20","24","34","30","17","16",
"1500000US040132179003","Block Group 3, Census Tract 2179, Maricopa County, Arizona","564","112","13","21","21","21","66","56","25","24","0","13","0","13","12","20","0","13","0","13","36","27","44","35","86","66","73","63","37","33","83","61","68","66",
"1500000US040132180001","Block Group 1, Census Tract 2180, Maricopa County, Arizona","581","255","35","55","0","13","0","13","37","42","0","13","0","13","36","40","77","60","18","32","73","122","32","47","19","32","66","55","179","215","9","14","0","13",
"1500000US040132180002","Block Group 2, Census Tract 2180, Maricopa County, Arizona","553","158","0","13","16","27","97","81","103","77","6","12","0","13","0","13","86","67","0","13","33","40","72","63","46","44","34","55","11","20","16","26","33","38",
"1500000US040132180003","Block Group 3, Census Tract 2180, Maricopa County, Arizona","625","177","36","43","0","13","0","13","19","29","0","13","33","40","0","13","25","44","23","33","0","13","98","110","179","149","18","22","69","72","96","84","29","34",
"1500000US040132180004","Block Group 4, Census Tract 2180, Maricopa County, Arizona","928","264","60","74","19","32","0","13","0","13","36","44","0","13","0","13","27","32","0","13","43","38","109","114","217","110","185","123","62","51","144","187","26","32",
"1500000US040132181001","Block Group 1, Census Tract 2181, Maricopa County, Arizona","398","77","31","24","25","29","0","13","0","13","0","13","0","13","23","18","5","12","0","13","42","33","27","21","47","35","80","45","10","15","74","56","34","33",
"1500000US040132181002","Block Group 2, Census Tract 2181, Maricopa County, Arizona","575","179","37","37","7","10","0","13","132","155","39","34","46","45","13","15","26","29","28","34","23","20","76","57","42","33","29","20","27","19","31","34","19","17",
"1500000US040132182001","Block Group 1, Census Tract 2182, Maricopa County, Arizona","742","171","0","13","0","13","52","49","0","13","18","28","0","13","85","92","0","13","0","13","94","92","12","24","237","129","83","88","32","37","129","87","0","13",
"1500000US040132182002","Block Group 2, Census Tract 2182, Maricopa County, Arizona","575","184","42","71","13","22","0","13","51","53","36","58","44","65","26","30","6","23","0","13","72","90","92","89","0","13","17","31","46","75","65","80","65","97",
"1500000US040132182003","Block Group 3, Census Tract 2182, Maricopa County, Arizona","648","177","14","23","20","35","58","85","15","24","115","102","0","13","0","13","31","35","14","23","0","13","57","53","43","46","34","39","53","69","90","62","104","117",
"1500000US040132182004","Block Group 4, Census Tract 2182, Maricopa County, Arizona","1171","271","55","46","30","36","34","39","56","52","10","16","0","13","117","99","38","37","0","13","50","49","41","45","239","161","208","146","145","146","0","13","148","110",
"1500000US040132183001","Block Group 1, Census Tract 2183, Maricopa County, Arizona","1493","586","235","114","79","65","106","68","59","61","46","41","58","55","31","50","75","70","54","51","60","60","448","491","44","45","198","292","0","13","0","13","0","13",
"1500000US040132183002","Block Group 2, Census Tract 2183, Maricopa County, Arizona","697","176","36","46","14","22","23","31","21","33","0","13","28","45","59","89","87","81","63","52","73","44","126","86","60","73","26","43","73","87","8","21","0","13",
"1500000US040132183003","Block Group 3, Census Tract 2183, Maricopa County, Arizona","730","184","88","103","0","13","21","35","18","27","0","13","58","97","47","75","60","59","17","28","57","87","51","46","29","40","78","88","75","75","23","38","108","115",
"1500000US040133184001","Block Group 1, Census Tract 3184, Maricopa County, Arizona","616","143","110","86","0","13","9","16","0","13","19","22","37","44","34","35","0","13","41","44","80","96","72","83","42","45","55","58","41","50","76","81","0","13",
"1500000US040133184002","Block Group 2, Census Tract 3184, Maricopa County, Arizona","97","52","52","55","15","24","0","13","0","13","0","13","0","13","0","13","0","13","25","21","0","13","0","13","0","13","5","11","0","13","0","13","0","13",
"1500000US040133184003","Block Group 3, Census Tract 3184, Maricopa County, Arizona","672","490","0","13","44","70","0","13","13","21","11","20","0","13","0","13","55","58","0","13","0","13","76","82","17","33","439","495","0","13","0","13","17","28",
"1500000US040133184004","Block Group 4, Census Tract 3184, Maricopa County, Arizona","512","138","14","22","0","13","29","47","0","13","25","43","0","13","0","13","38","51","111","100","198","90","90","104","0","13","0","13","7","16","0","13","0","13",
"1500000US040133184005","Block Group 5, Census Tract 3184, Maricopa County, Arizona","553","174","139","97","37","59","10","18","24","31","0","13","0","13","23","29","0","13","13","22","42","67","0","13","84","90","97","87","43","51","41","48","0","13",
"1500000US040133184006","Block Group 6, Census Tract 3184, Maricopa County, Arizona","0","13","0","13","0","13","0","13","0","13","0","13","0","13","0","13","0","13","0","13","0","13","0","13","0","13","0","13","0","13","0","13","0","13",
"1500000US040133185011","Block Group 1, Census Tract 3185.01, Maricopa County, Arizona","652","83","30","30","31","29","79","60","27","26","96","60","8","13","20","22","108","69","15","16","24","22","76","45","83","51","4","8","17","26","34","29","0","13",
"1500000US040133185012","Block Group 2, Census Tract 3185.01, Maricopa County, Arizona","804","233","38","39","0","13","92","76","52","50","12","19","46","40","21","24","25","27","49","68","74","89","249","216","27","26","45","36","0","13","0","13","74","65",
"1500000US040133185013","Block Group 3, Census Tract 3185.01, Maricopa County, Arizona","232","147","0","13","5","8","0","13","16","18","10","17","9","13","0","13","0","13","7","11","24","25","18","18","96","135","0","13","0","13","40","45","7","12",
"1500000US040133187001","Block Group 1, Census Tract 3187, Maricopa County, Arizona","405","132","27","18","0","13","4","9","13","14","0","13","0","13","0","13","5","8","5","8","16","19","116","92","34","32","13","13","95","114","7","8","70","41",
"1500000US040133187002","Block Group 2, Census Tract 3187, Maricopa County, Arizona","919","194","327","93","61","42","24","18","28","22","71","65","65","85","0","13","13","15","15","15","58","52","80","46","63","42","51","43","45","31","11","14","7","14",
"1500000US040133188001","Block Group 1, Census Tract 3188, Maricopa County, Arizona","634","159","136","92","77","68","52","62","35","48","81","80","16","23","68","66","0","13","0","13","0","13","29","35","76","69","0","13","0","13","29","31","35","29",
"1500000US040133188002","Block Group 2, Census Tract 3188, Maricopa County, Arizona","802","193","45","54","0","13","22","26","139","121","50","57","26","38","86","76","26","26","63","69","29","48","133","102","118","78","15","25","33","52","17","27","0","13",
"1500000US040133188003","Block Group 3, Census Tract 3188, Maricopa County, Arizona","831","339","53","52","32","48","76","71","38","49","32","52","245","300","116","96","27","32","0","13","13","20","54","59","25","29","10","19","46","51","64","50","0","13",
"1500000US040133188004","Block Group 4, Census Tract 3188, Maricopa County, Arizona","1106","223","150","99","34","54","71","66","48","48","16","26","0","13","88","83","53","58","59","68","127","95","152","102","88","98","95","86","14","22","51","58","60","65",
"1500000US040133189001","Block Group 1, Census Tract 3189, Maricopa County, Arizona","899","195","12","21","57","77","91","92","63","74","57","73","17","26","0","13","87","100","14","23","84","56","162","140","77","58","9","16","113","85","43","65","13","22",
"1500000US040133189002","Block Group 2, Census Tract 3189, Maricopa County, Arizona","536","136","0","13","13","20","17","30","28","34","20","31","58","73","30","43","34","41","66","70","18","28","43","36","78","84","68","69","0","13","15","24","48","50",
"1500000US040133189003","Block Group 3, Census Tract 3189, Maricopa County, Arizona","790","312","33","50","42","31","25","38","92","83","59","94","34","54","17","28","35","33","15","23","32","49","17","25","255","295","69","61","33","30","20","34","12","20",
"1500000US040133189004","Block Group 4, Census Tract 3189, Maricopa County, Arizona","554","170","21","26","43","69","12","21","63","72","0","13","37","44","0","13","90","95","27","31","69","76","55","61","36","36","79","79","0","13","22","35","0","13",
"1500000US040133190011","Block Group 1, Census Tract 3190.01, Maricopa County, Arizona","0","13","0","13","0","13","0","13","0","13","0","13","0","13","0","13","0","13","0","13","0","13","0","13","0","13","0","13","0","13","0","13","0","13",
"1500000US040133190021","Block Group 1, Census Tract 3190.02, Maricopa County, Arizona","106","57","56","40","9","14","8","14","26","40","0","13","7","14","0","13","0","13","0","13","0","13","0","13","0","13","0","13","0","13","0","13","0","13",
"1500000US040133190022","Block Group 2, Census Tract 3190.02, Maricopa County, Arizona","809","209","51","52","42","28","93","70","50","36","6","10","11","18","121","140","13","15","3","10","13","18","71","57","47","32","64","64","61","35","69","58","94","49",
"1500000US040133191011","Block Group 1, Census Tract 3191.01, Maricopa County, Arizona","621","192","161","113","22","33","7","12","118","121","0","13","35","48","75","63","46","58","62","62","37","44","11","17","20","32","0","13","0","13","0","13","27","43",
"1500000US040133191012","Block Group 2, Census Tract 3191.01, Maricopa County, Arizona","637","112","295","97","49","42","27","25","26","39","0","13","99","69","31","38","15","17","22","35","9","14","34","24","30","36","0","13","0","13","0","13","0","13",
"1500000US040133191013","Block Group 3, Census Tract 3191.01, Maricopa County, Arizona","88","44","11","20","22","35","0","13","9","14","0","13","8","13","28","44","10","14","0","13","0","13","0","13","0","13","0","13","0","13","0","13","0","13",
"1500000US040133191031","Block Group 1, Census Tract 3191.03, Maricopa County, Arizona","840","161","170","108","47","73","36","43","40","52","40","46","92","65","46","57","22","28","94","85","105","79","46","56","0","13","59","72","0","13","43","78","0","13",
"1500000US040133191032","Block Group 2, Census Tract 3191.03, Maricopa County, Arizona","571","309","95","84","39","63","0","13","0","13","0","13","26","35","0","13","44","44","63","59","35","35","251","289","0","13","10","19","8","14","0","13","0","13",
"1500000US040133191033","Block Group 3, Census Tract 3191.03, Maricopa County, Arizona","617","184","226","118","73","94","0","13","60","72","0","13","0","13","60","53","47","67","0","13","62","67","31","35","49","62","0","13","9","21","0","13","0","13",
"1500000US040133191041","Block Group 1, Census Tract 3191.04, Maricopa County, Arizona","954","421","453","323","30","49","62","58","0","13","65","60","0","13","0","13","0","13","62","61","28","32","173","275","17","29","22","29","28","45","14","24","0","13",
"1500000US040133191042","Block Group 2, Census Tract 3191.04, Maricopa County, Arizona","2119","588","146","103","141","129","0","13","126","105","78","68","51","46","41","66","112","76","42","69","295","305","205","146","643","493","139","97","0","13","0","13","100","95",
"1500000US040133191043","Block Group 3, Census Tract 3191.04, Maricopa County, Arizona","473","176","116","94","0","13","43","68","0","13","33","49","36","56","0","13","12","22","0","13","0","13","132","118","93","90","0","13","8","16","0","13","0","13",
"1500000US040133191044","Block Group 4, Census Tract 3191.04, Maricopa County, Arizona","336","134","74","80","33","41","43","68","38","62","0","13","26","34","35","50","13","23","14","22","17","30","32","40","11","20","0","13","0","13","0","13","0","13",
"1500000US040133192011","Block Group 1, Census Tract 3192.01, Maricopa County, Arizona","561","162","0","13","110","64","0","13","61","63","31","35","26","43","0","13","143","80","16","28","0","13","17","27","133","107","24","29","0","13","0","13","0","13",
"1500000US040133192012","Block Group 2, Census Tract 3192.01, Maricopa County, Arizona","771","188","133","93","53","63","55","64","58","45","0","13","79","94","78","93","147","133","29","36","29","36","31","52","37","45","42","51","0","13","0","13","0","13",
"1500000US040133192013","Block Group 3, Census Tract 3192.01, Maricopa County, Arizona","326","150","0","13","0","13","17","28","0","13","15","23","40","63","74","77","0","13","0","13","0","13","153","109","4","7","0","13","0","13","23","37","0","13",
"1500000US040133192014","Block Group 4, Census Tract 3192.01, Maricopa County, Arizona","623","141","63","54","0","13","50","85","32","38","36","62","62","79","26","46","47","57","0","13","42","48","45","50","122","78","80","63","0","13","0","13","18","28",
"1500000US040133192021","Block Group 1, Census Tract 3192.02, Maricopa County, Arizona","1141","219","373","125","41","38","150","125","59","50","71","62","104","74","22","36","48","52","50","51","71","69","24","25","128","73","0","13","0","13","0","13","0","13",
"1500000US040133192022","Block Group 2, Census Tract 3192.02, Maricopa County, Arizona","964","169","172","98","10","17","79","62","10","16","34","42","75","58","139","123","49","46","77","51","37","33","92","62","121","72","48","48","8","13","9","15","4","7",
"1500000US040133193001","Block Group 1, Census Tract 3193, Maricopa County, Arizona","688","177","95","90","69","75","56","53","70","94","31","23","56","61","11","17","50","42","0","13","122","94","22","24","96","73","0","13","10","15","0","13","0","13",
"1500000US040133193002","Block Group 2, Census Tract 3193, Maricopa County, Arizona","484","170","152","74","0","13","12","19","11","17","11","17","31","47","13","19","32","31","90","100","9","14","47","46","64","77","0","13","0","13","12","20","0","13",
"1500000US040133194011","Block Group 1, Census Tract 3194.01, Maricopa County, Arizona","287","123","15","25","0","13","0","13","0","13","16","25","0","13","16","28","0","13","0","13","37","35","49","62","31","50","75","95","48","54","0","13","0","13",
"1500000US040133194012","Block Group 2, Census Tract 3194.01, Maricopa County, Arizona","672","159","64","99","41","42","0","13","19","30","0","13","21","34","20","33","46","71","0","13","52","83","36","35","90","67","125","70","79","70","50","63","29","39",
"1500000US040133194013","Block Group 3, Census Tract 3194.01, Maricopa County, Arizona","643","307","237","301","0","13","15","25","0","13","15","26","14","24","29","42","23","38","0","13","15","24","19","34","89","88","117","119","41","42","29","46","0","13",
"1500000US040133194014","Block Group 4, Census Tract 3194.01, Maricopa County, Arizona","639","210","19","30","28","47","10","16","130","182","34","56","0","13","24","38","16","26","0","13","60","72","66","94","61","59","70","90","48","56","73","59","0","13",
"1500000US040133194015","Block Group 5, Census Tract 3194.01, Maricopa County, Arizona","398","138","47","71","0","13","0","13","17","29","0","13","0","13","15","23","30","38","0","13","58","57","19","33","67","60","102","79","43","66","0","13","0","13",
"1500000US040133194021","Block Group 1, Census Tract 3194.02, Maricopa County, Arizona","851","214","75","65","14","17","12","19","50","41","14","20","7","11","8","12","30","48","15","23","55","39","234","195","71","43","99","51","23","22","110","50","34","28",
"1500000US040133194022","Block Group 2, Census Tract 3194.02, Maricopa County, Arizona","1006","266","25","37","16","22","18","27","0","13","28","37","0","13","56","48","0","13","15","18","91","58","91","59","466","297","56","46","64","59","68","47","12","19",
"1500000US040133194031","Block Group 1, Census Tract 3194.03, Maricopa County, Arizona","484","127","21","23","28","42","0","13","11","16","0","13","108","88","0","13","8","13","33","39","0","13","134","106","91","69","36","33","0","13","14","21","0","13",
"1500000US040133194032","Block Group 2, Census Tract 3194.03, Maricopa County, Arizona","750","253","56","60","0","13","10","17","9","14","19","23","8","13","37","57","15","18","161","224","28","28","81","70","104","53","14","15","77","75","43","33","88","58",
"1500000US040133194033","Block Group 3, Census Tract 3194.03, Maricopa County, Arizona","306","83","19","31","0","13","0","13","0","13","0","13","33","45","6","11","0","13","46","59","17","26","42","28","46","41","36","27","27","36","20","29","14","24",
"1500000US040133194034","Block Group 4, Census Tract 3194.03, Maricopa County, Arizona","434","119","7","11","9","14","22","25","15","24","0","13","29","44","7","11","42","44","15","17","26","30","27","26","128","97","13","19","16","21","9","14","69","65",
"1500000US040133194041","Block Group 1, Census Tract 3194.04, Maricopa County, Arizona","623","84","18","22","0","13","0","13","17","25","0","13","26","22","0","13","10","15","8","12","36","34","119","60","75","39","73","38","91","56","120","58","30","38",
"1500000US040133194042","Block Group 2, Census Tract 3194.04, Maricopa County, Arizona","1021","166","24","29","28","44","32","23","67","56","21","24","40","28","42","51","45","34","28","26","58","37","181","125","136","78","93","50","82","60","71","45","73","50",
"1500000US040133195001","Block Group 1, Census Tract 3195, Maricopa County, Arizona","758","155","95","81","64","72","0","13","0","13","71","94","23","38","0","13","19","29","17","28","75","84","86","105","93","75","52","43","61","59","76","70","26","33",
"1500000US040133195002","Block Group 2, Census Tract 3195, Maricopa County, Arizona","534","169","14","22","0","13","20","32","0","13","0","13","0","13","37","45","59","69","10","16","12","19","190","176","81","56","52","62","0","13","19","33","40","37",
"1500000US040133195003","Block Group 3, Census Tract 3195, Maricopa County, Arizona","314","127","12","19","0","13","55","47","0","13","9","15","0","13","31","39","67","87","0","13","12","21","11","17","10","17","95","94","0","13","12","19","0","13",
"1500000US040133195004","Block Group 4, Census Tract 3195, Maricopa County, Arizona","1250","459","14","23","21","36","27","33","16","28","17","28","38","44","51","44","70","83","0","13","100","78","105","102","154","115","357","310","217","321","32","36","31","50",
"1500000US040133196001","Block Group 1, Census Tract 3196, Maricopa County, Arizona","428","105","55","75","0","13","0","13","24","34","22","36","16","30","32","35","0","13","0","13","23","38","0","13","86","52","70","47","49","56","21","25","30","27",
"1500000US040133196002","Block Group 2, Census Tract 3196, Maricopa County, Arizona","536","119","0","13","13","21","17","28","0","13","22","32","131","108","0","13","70","82","18","29","23","37","25","31","36","43","46","36","25","39","77","57","33","36",
"1500000US040133196003","Block Group 3, Census Tract 3196, Maricopa County, Arizona","450","129","21","33","17","32","16","27","31","50","17","28","23","38","0","13","41","46","33","40","59","59","0","13","77","64","52","71","42","36","21","36","0","13",
"1500000US040133196004","Block Group 4, Census Tract 3196, Maricopa County, Arizona","1157","306","176","194","138","108","102","125","139","117","0","13","0","13","0","13","16","29","101","99","68","85","184","203","78","88","33","40","32","38","65","51","25","31",
"1500000US040133197051","Block Group 1, Census Tract 3197.05, Maricopa County, Arizona","691","130","24","36","52","41","0","13","8","13","0","13","130","98","10","17","45","41","36","45","79","53","69","38","97","46","70","51","48","45","23","29","0","13",
"1500000US040133197052","Block Group 2, Census Tract 3197.05, Maricopa County, Arizona","332","66","43","37","8","12","14","20","20","22","8","14","0","13","23","20","0","13","14","14","45","30","47","38","34","39","15","16","16","18","27","28","18","29",
"1500000US040133197053","Block Group 3, Census Tract 3197.05, Maricopa County, Arizona","358","124","2","10","0","13","16","27","0","13","9","14","0","13","8","14","52","79","44","44","32","32","23","21","103","72","36","42","19","21","14","18","0","13",
"1500000US040133197061","Block Group 1, Census Tract 3197.06, Maricopa County, Arizona","386","128","0","13","50","57","44","56","8","13","8","13","0","13","15","24","82","69","8","13","53","51","27","32","82","64","0","13","9","16","0","13","0","13",
"1500000US040133197062","Block Group 2, Census Tract 3197.06, Maricopa County, Arizona","449","113","41","52","21","24","0","13","12","19","0","13","2","4","0","13","10","16","20","21","46","41","72","63","85","47","56","50","26","44","12","20","46","39",
"1500000US040133197063","Block Group 3, Census Tract 3197.06, Maricopa County, Arizona","1134","254","49","34","0","13","76","63","78","105","47","52","18","21","95","77","59","47","108","80","182","90","300","209","40","36","16","19","12","20","54","42","0","13",
"1500000US040133197071","Block Group 1, Census Tract 3197.07, Maricopa County, Arizona","0","13","0","13","0","13","0","13","0","13","0","13","0","13","0","13","0","13","0","13","0","13","0","13","0","13","0","13","0","13","0","13","0","13",
"1500000US040133197081","Block Group 1, Census Tract 3197.08, Maricopa County, Arizona","518","172","0","13","0","13","0","13","0","13","0","13","0","13","0","13","0","13","16","25","194","140","82","56","135","94","73","87","0","13","0","13","18","29",
"1500000US040133197082","Block Group 2, Census Tract 3197.08, Maricopa County, Arizona","962","341","13","22","57","59","0","13","80","51","59","48","75","69","92","131","188","159","153","247","31","35","62","75","81","53","42","52","15","23","14","23","0","13",
"1500000US040133197083","Block Group 3, Census Tract 3197.08, Maricopa County, Arizona","674","168","42","41","16","27","0","13","76","61","73","78","32","39","16","27","39","41","51","49","24","25","19","29","208","163","45","47","19","33","14","24","0","13",
"1500000US040133197091","Block Group 1, Census Tract 3197.09, Maricopa County, Arizona","0","13","0","13","0","13","0","13","0","13","0","13","0","13","0","13","0","13","0","13","0","13","0","13","0","13","0","13","0","13","0","13","0","13",
"1500000US040133197101","Block Group 1, Census Tract 3197.10, Maricopa County, Arizona","998","144","138","82","10","15","14","16","43","33","50","45","5","8","48","54","9","10","22","20","76","80","118","57","167","57","172","99","73","44","33","28","20","21",
"1500000US040133198011","Block Group 1, Census Tract 3198.01, Maricopa County, Arizona","639","147","0","13","0","13","20","41","65","103","36","43","28","36","18","38","30","49","131","95","40","64","119","92","21","36","86","101","0","13","45","88","0","13",
"1500000US040133198012","Block Group 2, Census Tract 3198.01, Maricopa County, Arizona","202","88","32","50","0","13","0","13","0","13","13","23","48","62","11","22","56","63","12","22","30","44","0","13","0","13","0","13","0","13","0","13","0","13",
"1500000US040133198013","Block Group 3, Census Tract 3198.01, Maricopa County, Arizona","544","108","12","21","79","101","0","13","33","46","33","53","0","13","0","13","15","28","19","34","1","31","43","51","189","112","81","78","39","41","0","13","0","13",
"1500000US040133198021","Block Group 1, Census Tract 3198.02, Maricopa County, Arizona","312","151","19","30","0","13","0","13","0","13","16","26","0","13","0","13","0","13","0","13","19","30","55","85","74","89","16","26","0","13","91","95","22","33",
"1500000US040133198022","Block Group 2, Census Tract 3198.02, Maricopa County, Arizona","1368","433","38","43","16","25","18","29","67","87","106","116","365","247","77","101","12","21","0","13","312","352","233","259","124","131","0","13","0","13","0","13","0","13",
"1500000US040133198023","Block Group 3, Census Tract 3198.02, Maricopa County, Arizona","331","118","0","13","0","13","17","28","0","13","0","13","0","13","0","13","0","13","0","13","0","13","22","33","152","100","56","53","46","72","17","28","21","35",
"1500000US040133199021","Block Group 1, Census Tract 3199.02, Maricopa County, Arizona","853","254","119","137","0","13","70","60","4","7","57","45","46","50","15","18","0","13","6","10","149","188","19","20","123","65","141","68","40","32","28","32","36","42",
"1500000US040133199022","Block Group 2, Census Tract 3199.02, Maricopa County, Arizona","486","111","46","40","37","41","12","15","0","13","7","11","15","14","40","48","34","46","4","9","6","10","21","32","71","48","25","24","114","68","18","22","36","57",
"1500000US040133199031","Block Group 1, Census Tract 3199.03, Maricopa County, Arizona","825","169","81","101","42","40","32","37","16","27","37","41","43","47","48","49","13","21","21","32","19","33","79","74","33","41","72","54","112","96","105","60","72","51",
"1500000US040133199032","Block Group 2, Census Tract 3199.03, Maricopa County, Arizona","624","175","0","13","47","76","0","13","0","13","0","13","18","29","0","13","75","84","45","52","38","45","34","39","72","65","162","142","75","86","58","48","0","13",
"1500000US040133199033","Block Group 3, Census Tract 3199.03, Maricopa County, Arizona","366","115","18","30","81","110","17","27","0","13","18","29","0","13","0","13","0","13","0","13","10","17","0","13","22","29","72","54","0","13","68","67","60","57",
"1500000US040133199034","Block Group 4, Census Tract 3199.03, Maricopa County, Arizona","568","140","67","111","0","13","15","26","0","13","15","25","0","13","15","26","16","24","0","13","13","19","106","69","84","59","68","49","8","13","90","60","71","63",
"1500000US040133199041","Block Group 1, Census Tract 3199.04, Maricopa County, Arizona","1033","286","0","13","20","22","42","44","0","13","28","42","28","25","27","30","18","19","27","28","48","34","65","37","189","78","124","56","68","53","295","272","54","61",
"1500000US040133199042","Block Group 2, Census Tract 3199.04, Maricopa County, Arizona","382","93","0","13","9","14","0","13","9","15","0","13","10","15","8","14","18","20","0","13","35","31","34","28","47","31","94","71","18","20","100","64","0","13",
"1500000US040133199043","Block Group 3, Census Tract 3199.04, Maricopa County, Arizona","571","133","9","14","7","11","17","19","0","13","27","24","8","14","0","13","9","13","57","53","93","112","36","28","97","58","38","31","119","69","26","23","28","26",
"1500000US040133199051","Block Group 1, Census Tract 3199.05, Maricopa County, Arizona","625","120","0","13","40","46","55","58","0","13","29","44","15","24","42","65","45","45","53","58","79","63","101","79","50","41","54","63","0","13","46","50","16","26",
"1500000US040133199052","Block Group 2, Census Tract 3199.05, Maricopa County, Arizona","478","106","0","13","0","13","28","32","16","27","15","23","0","13","0","13","8","15","0","13","12","20","65","46","9","21","90","71","35","42","157","118","43","39",
"1500000US040133199053","Block Group 3, Census Tract 3199.05, Maricopa County, Arizona","559","133","61","99","0","13","0","13","33","53","27","44","0","13","0","13","12","22","9","15","0","13","72","58","141","72","50","60","108","58","22","25","24","29",
"1500000US040133199054","Block Group 4, Census Tract 3199.05, Maricopa County, Arizona","353","95","15","24","0","13","0","13","0","13","0","13","0","13","9","15","25","39","0","13","14","23","19","26","61","41","71","54","49","55","81","65","9","15",
"1500000US040133199061","Block Group 1, Census Tract 3199.06, Maricopa County, Arizona","835","128","23","24","6","10","32","49","17","20","44","57","12","18","31","50","47","57","0","13","44","38","47","35","120","62","107","76","74","71","54","31","177","72",
"1500000US040133199062","Block Group 2, Census Tract 3199.06, Maricopa County, Arizona","417","77","45","44","0","13","0","13","0","13","0","13","0","13","25","38","0","13","0","13","0","13","0","13","24","22","65","40","38","28","88","51","132","68",
"1500000US040133199071","Block Group 1, Census Tract 3199.07, Maricopa County, Arizona","310","52","0","13","8","11","0","13","0","13","7","10","10","11","7","10","5","7","0","13","21","20","8","9","34","25","21","17","63","38","27","19","99","35",
"1500000US040133199072","Block Group 2, Census Tract 3199.07, Maricopa County, Arizona","532","116","1","3","0","13","6","10","0","13","0","13","6","9","14","14","0","13","14","21","17","15","47","27","31","21","43","18","61","52","93","40","199","94",
"1500000US040133199081","Block Group 1, Census Tract 3199.08, Maricopa County, Arizona","1117","169","63","47","5","8","27","14","5","9","14","15","65","51","44","30","84","37","168","139","86","48","98","47","178","113","134","72","51","33","78","33","17","18",
"1500000US040133199091","Block Group 1, Census Tract 3199.09, Maricopa County, Arizona","1092","166","53","41","4","7","34","30","9","11","5","7","28","19","10","10","50","26","40","26","31","19","72","34","142","48","93","44","187","111","114","38","220","106",
"1500000US040133199101","Block Group 1, Census Tract 3199.10, Maricopa County, Arizona","605","126","39","39","10","16","0","13","0","13","0","13","0","13","0","13","8","13","0","13","0","13","26","31","83","51","65","58","37","33","106","91","231","77",
"1500000US040133199102","Block Group 2, Census Tract 3199.10, Maricopa County, Arizona","423","148","16","25","0","13","0","13","28","45","0","13","0","13","0","13","0","13","57","55","0","13","72","58","46","44","157","132","0","13","47","54","0","13",
"1500000US040133199103","Block Group 3, Census Tract 3199.10, Maricopa County, Arizona","907","128","7","12","23","37","0","13","9","15","19","31","0","13","55","46","7","12","9","14","41","45","66","50","26","31","162","77","47","42","145","71","291","92",
"1500000US040133200011","Block Group 1, Census Tract 3200.01, Maricopa County, Arizona","1101","204","14","23","22","28","0","13","51","80","13","21","48","45","0","13","54","48","37","58","229","136","121","86","215","116","123","100","72","63","55","55","47","56",
"1500000US040133200012","Block Group 2, Census Tract 3200.01, Maricopa County, Arizona","791","256","28","45","0","13","18","30","2","11","0","13","17","26","87","102","82","71","150","103","185","188","60","62","52","58","94","115","0","13","0","13","16","27",
"1500000US040133200013","Block Group 3, Census Tract 3200.01, Maricopa County, Arizona","640","183","0","13","0","13","36","50","18","33","0","13","0","13","0","13","70","71","26","40","36","39","86","64","211","174","67","64","59","56","31","51","0","13",
"1500000US040133200014","Block Group 4, Census Tract 3200.01, Maricopa County, Arizona","1542","653","27","31","30","46","37","61","55","69","53","68","206","264","59","78","49","57","66","58","104","75","524","619","105","73","76","56","0","13","0","13","151","162",
"1500000US040133200015","Block Group 5, Census Tract 3200.01, Maricopa County, Arizona","301","89","0","13","0","13","72","101","16","25","31","51","0","13","0","13","0","13","25","40","0","13","19","32","45","42","0","13","71","66","15","24","7","16",
"1500000US040133200021","Block Group 1, Census Tract 3200.02, Maricopa County, Arizona","605","123","66","63","174","82","26","43","36","43","0","13","13","20","22","39","67","69","0","13","165","93","36","44","0","13","0","13","0","13","0","13","0","13",
"1500000US040133200022","Block Group 2, Census Tract 3200.02, Maricopa County, Arizona","533","173","10","16","23","38","22","25","79","77","0","13","0","13","0","13","78","86","0","13","62","64","111","97","31","40","26","41","24","37","0","13","67","86",
"1500000US040133200023","Block Group 3, Census Tract 3200.02, Maricopa County, Arizona","361","116","91","73","55","60","32","28","30","48","0","13","0","13","11","17","0","13","9","15","61","74","0","13","12","18","0","13","0","13","60","95","0","13",
"1500000US040133200024","Block Group 4, Census Tract 3200.02, Maricopa County, Arizona","435","180","28","46","11","16","119","164","0","13","0","13","0","13","26","43","0","13","10","17","16","19","86","70","72","69","10","17","57","65","0","13","0","13",
"1500000US040133200071","Block Group 1, Census Tract 3200.07, Maricopa County, Arizona","256","109","0","13","0","13","0","13","10","16","17","29","0","13","0","13","48","56","20","39","89","83","24","41","22","36","13","21","13","21","0","13","0","13",
"1500000US040133200072","Block Group 2, Census Tract 3200.07, Maricopa County, Arizona","795","221","82","109","14","23","34","40","133","128","0","13","72","67","11","19","54","84","0","13","74","65","180","152","113","101","7","17","0","13","21","35","0","13",
"1500000US040133200073","Block Group 3, Census Tract 3200.07, Maricopa County, Arizona","1198","265","149","137","12","21","0","13","20","33","35","55","130","125","20","31","22","35","56","56","162","127","162","147","113","110","232","167","35","54","50","82","0","13",
"1500000US040133200074","Block Group 4, Census Tract 3200.07, Maricopa County, Arizona","990","400","178","290","13","20","0","13","0","13","0","13","0","13","15","33","0","13","0","13","307","321","63","58","202","125","11","21","66","77","34","44","101","114",
"1500000US040133201001","Block Group 1, Census Tract 3201, Maricopa County, Arizona","738","137","22","20","0","13","27","22","5","8","30","47","27","35","30","37","57","68","19","21","78","52","138","117","86","50","32","28","31","26","85","62","71","41",
"1500000US040133201002","Block Group 2, Census Tract 3201, Maricopa County, Arizona","1009","150","197","91","10","16","54","53","103","59","22","34","16","19","16","18","75","110","43","48","52","49","71","61","115","56","112","74","84","46","15","18","24","21",
"1500000US040134201041","Block Group 1, Census Tract 4201.04, Maricopa County, Arizona","1029","214","46","44","0","13","0","13","22","34","26","28","18","20","8","17","35","56","46","32","150","117","129","85","216","156","101","58","154","97","38","37","40","40",
"1500000US040134201042","Block Group 2, Census Tract 4201.04, Maricopa County, Arizona","267","94","0","13","16","26","0","13","0","13","0","13","0","13","5","9","26","42","0","13","0","13","21","26","90","75","54","38","32","34","23","22","0","13",
"1500000US040134201043","Block Group 3, Census Tract 4201.04, Maricopa County, Arizona","941","186","113","79","97","82","33","31","24","31","35","33","119","122","37","35","32","30","71","59","88","47","96","54","18","21","133","75","28","47","9","14","8","13",
"1500000US040134201051","Block Group 1, Census Tract 4201.05, Maricopa County, Arizona","640","128","37","42","7","11","23","36","10","15","15","17","19","22","0","13","9","15","42","32","60","50","90","62","111","60","134","82","14","16","25","24","44","43",
"1500000US040134201052","Block Group 2, Census Tract 4201.05, Maricopa County, Arizona","442","90","19","21","0","13","0","13","0","13","8","13","10","15","0","13","11","17","18","22","62","63","70","44","101","49","31","25","39","31","53","46","20","22",
"1500000US040134201053","Block Group 3, Census Tract 4201.05, Maricopa County, Arizona","487","182","0","13","11","19","0","13","37","39","0","13","0","13","0","13","0","13","0","13","0","13","42","39","106","50","202","172","65","47","3","7","21","19",
"1500000US040134201054","Block Group 4, Census Tract 4201.05, Maricopa County, Arizona","426","105","1","4","36","56","8","14","0","13","0","13","29","26","0","13","23","26","25","27","0","13","30","36","9","15","83","62","23","26","88","37","71","43",
"1500000US040134201071","Block Group 1, Census Tract 4201.07, Maricopa County, Arizona","853","203","0","13","15","25","0","13","12","19","15","24","0","13","0","13","0","13","0","13","28","32","14","22","202","99","291","165","61","77","36","39","179","118",
"1500000US040134201072","Block Group 2, Census Tract 4201.07, Maricopa County, Arizona","828","129","0","13","0","13","0","13","31","35","0","13","0","13","9","17","10","15","0","13","46","74","106","82","102","57","55","45","78","58","202","98","189","91",
"1500000US040134201073","Block Group 3, Census Tract 4201.07, Maricopa County, Arizona","1075","436","45","42","0","13","0","13","0","13","15","23","16","26","44","70","0","13","52","81","13","16","44","40","64","50","381","422","97","85","186","89","118","86",
"1500000US040134201081","Block Group 1, Census Tract 4201.08, Maricopa County, Arizona","759","251","6","10","0","13","0","13","20","30","0","13","13","16","0","13","18","26","12","20","66","59","61","36","81","57","18","16","30","20","81","43","353","234",
"1500000US040134201091","Block Group 1, Census Tract 4201.09, Maricopa County, Arizona","848","203","110","159","7","8","0","13","9","13","0","13","25","41","15","25","0","13","9","14","44","44","45","40","85","45","64","39","68","39","151","74","216","70",
"1500000US040134201092","Block Group 2, Census Tract 4201.09, Maricopa County, Arizona","220","78","16","17","21","24","8","13","0","13","9","13","10","17","0","13","29","32","0","13","16","21","12","19","0","13","26","26","20","31","8","13","45","57",
"1500000US040134201093","Block Group 3, Census Tract 4201.09, Maricopa County, Arizona","950","155","0","13","0","13","0","13","47","53","10","15","13","20","44","49","0","13","15","17","79","69","177","114","62","41","77","49","85","55","157","97","184","95",
"1500000US040134201101","Block Group 1, Census Tract 4201.10, Maricopa County, Arizona","1081","177","35","45","15","23","28","25","0","13","58","72","78","86","0","13","49","40","0","13","112","70","33","31","68","51","145","77","125","78","155","89","180","134",
"1500000US040134201102","Block Group 2, Census Tract 4201.10, Maricopa County, Arizona","917","165","40","44","22","20","20","20","8","12","14","17","20","19","15","17","12","16","0","13","13","16","113","70","102","58","89","56","93","48","164","111","192","84",
"1500000US040134201111","Block Group 1, Census Tract 4201.11, Maricopa County, Arizona","627","168","18","21","36","47","9","16","9","13","22","35","18","20","0","13","32","29","15","18","88","75","104","56","29","22","72","41","108","152","46","51","21","19",
"1500000US040134201112","Block Group 2, Census Tract 4201.11, Maricopa County, Arizona","355","79","15","23","0","13","0","13","39","38","38","53","10","16","26","26","8","14","0","13","40","38","9","13","45","31","33","32","73","55","0","13","19","22",
"1500000US040134201113","Block Group 3, Census Tract 4201.11, Maricopa County, Arizona","444","179","20","21","0","13","8","12","0","13","0","13","10","13","131","156","0","13","0","13","41","36","142","86","18","27","40","35","25","30","9","14","0","13",
"1500000US040134201121","Block Group 1, Census Tract 4201.12, Maricopa County, Arizona","454","155","0","13","9","14","0","13","0","13","0","13","22","24","10","15","8","13","22","22","105","142","67","47","72","51","29","26","37","40","49","46","24","18",
"1500000US040134201122","Block Group 2, Census Tract 4201.12, Maricopa County, Arizona","678","124","16","16","0","13","0","13","0","13","58","57","21","20","5","9","7","10","18","20","40","31","65","46","215","101","50","33","35","43","117","90","31","24",
"1500000US040134201131","Block Group 1, Census Tract 4201.13, Maricopa County, Arizona","783","131","27","23","18","19","53","35","90","76","56","41","56","32","67","57","36","32","26","31","64","49","126","66","35","30","91","61","25","26","13","20","0","13",
"1500000US040134201132","Block Group 2, Census Tract 4201.13, Maricopa County, Arizona","702","121","51","52","91","62","48","43","8","14","51","44","107","63","48","47","28","33","6","10","75","43","72","53","53","50","33","30","0","13","31","45","0","13",
"1500000US040134201141","Block Group 1, Census Tract 4201.14, Maricopa County, Arizona","394","118","0","13","0","13","0","13","0","13","0","13","0","13","29","23","0","13","21","21","71","60","57","67","95","60","83","80","22","25","16","25","0","13",
"1500000US040134201142","Block Group 2, Census Tract 4201.14, Maricopa County, Arizona","596","94","47","44","8","12","57","54","51","43","56","45","13","15","57","47","0","13","43","38","41","34","33","31","69","57","55","47","40","41","26","39","0","13",
"1500000US040134201143","Block Group 3, Census Tract 4201.14, Maricopa County, Arizona","80","30","0","13","0","13","0","13","0","13","0","13","8","12","13","20","0","13","0","13","0","13","5","9","12","18","11","17","7","11","24","28","0","13",
"1500000US040134201144","Block Group 4, Census Tract 4201.14, Maricopa County, Arizona","288","100","0","13","20","22","32","40","20","25","37","33","46","49","47","54","13","20","22","35","27","22","0","13","0","13","18","15","0","13","0","13","6","10",
"1500000US040134201151","Block Group 1, Census Tract 4201.15, Maricopa County, Arizona","346","81","21","31","20","24","19","19","27","29","54","46","6","9","38","33","15","17","9","14","6","9","36","34","43","51","36","38","11","19","0","13","5","8",
"1500000US040134201152","Block Group 2, Census Tract 4201.15, Maricopa County, Arizona","490","175","46","40","22","27","15","24","36","38","6","10","13","20","18","24","5","8","50","73","195","119","72","55","5","9","7","14","0","13","0","13","0","13",
"1500000US040134201153","Block Group 3, Census Tract 4201.15, Maricopa County, Arizona","422","200","0","13","27","31","90","81","25","29","0","13","15","22","41","38","12","15","4","9","17","27","83","68","94","100","0","13","14","17","0","13","0","13",
"1500000US040134201161","Block Group 1, Census Tract 4201.16, Maricopa County, Arizona","647","294","30","48","15","17","21","23","9","15","26","32","84","61","25","24","29","26","13","16","87","59","45","34","254","281","0","13","0","13","9","14","0","13",
"1500000US040134201162","Block Group 2, Census Tract 4201.16, Maricopa County, Arizona","362","102","18","25","41","29","37","44","57","43","19","21","0","13","10","16","51","53","0","13","8","13","30","45","63","50","0","13","0","13","28","30","0","13",
"1500000US040134201163","Block Group 3, Census Tract 4201.16, Maricopa County, Arizona","756","263","64","53","12","20","99","80","56","43","225","255","7","20","40","29","60","38","51","50","0","13","17","19","20","22","22","23","83","54","0","13","0","13",
"1500000US040134202021","Block Group 1, Census Tract 4202.02, Maricopa County, Arizona","658","122","0","13","48","75","0","13","26","22","0","13","13","23","33","41","67","54","38","46","58","54","105","58","170","96","24","33","36","41","40","35","0","13",
"1500000US040134202022","Block Group 2, Census Tract 4202.02, Maricopa County, Arizona","903","187","0","13","28","34","60","75","64","51","127","103","32","39","67","65","60","50","0","13","127","108","221","127","31","48","59","60","14","23","0","13","13","21",
"1500000US040134202023","Block Group 3, Census Tract 4202.02, Maricopa County, Arizona","992","317","52","41","61","77","155","231","33","39","33","36","24","31","33","38","52","43","99","83","187","173","160","132","16","25","19","24","12","19","56","56","0","13",
"1500000US040134202061","Block Group 1, Census Tract 4202.06, Maricopa County, Arizona","1032","152","70","54","71","43","84","39","55","41","28","36","43","69","81","79","101","64","14","21","119","63","90","51","137","68","55","50","38","43","22","22","24","21",
"1500000US040134202062","Block Group 2, Census Tract 4202.06, Maricopa County, Arizona","101","59","0","13","0","13","0","13","0","13","0","13","0","13","0","13","0","13","0","13","0","13","30","49","21","21","12","17","17","19","4","9","17","20",
"1500000US040134202063","Block Group 3, Census Tract 4202.06, Maricopa County, Arizona","1053","246","74","56","47","51","59","33","40","33","113","145","43","27","69","45","75","50","94","82","152","126","74","39","106","60","45","32","54","37","0","13","8","13",
"1500000US040134202071","Block Group 1, Census Tract 4202.07, Maricopa County, Arizona","701","79","6","11","9","13","0","13","10","15","16","17","0","13","9","14","24","22","38","29","19","21","49","33","97","51","49","29","80","44","98","46","197","70",
"1500000US040134202072","Block Group 2, Census Tract 4202.07, Maricopa County, Arizona","487","194","9","13","8","13","0","13","0","13","8","13","0","13","0","13","10","16","0","13","11","16","54","37","88","50","22","20","53","46","14","16","210","187",
"1500000US040134202081","Block Group 1, Census Tract 4202.08, Maricopa County, Arizona","457","128","0","13","0","13","9","15","23","35","22","24","0","13","0","13","0","13","0","13","13","18","30","28","102","64","113","70","83","82","53","42","9","15",
"1500000US040134202082","Block Group 2, Census Tract 4202.08, Maricopa County, Arizona","856","197","32","41","15","18","34","41","70","53","12","19","37","41","0","13","13","21","29","36","56","76","54","33","97","76","150","143","79","66","90","62","88","59",
"1500000US040134202083","Block Group 3, Census Tract 4202.08, Maricopa County, Arizona","634","110","8","12","60","67","35","26","21","25","0","13","37","41","10","16","52","55","32","33","23","20","142","70","48","39","84","56","74","68","0","13","8","12",
"1500000US040134202091","Block Group 1, Census Tract 4202.09, Maricopa County, Arizona","799","100","0","13","18","28","9","13","0","13","57","64","16","20","5","8","0","13","26","23","59","46","47","30","192","89","97","50","152","71","36","28","85","46",
"1500000US040134202092","Block Group 2, Census Tract 4202.09, Maricopa County, Arizona","755","208","38","27","139","160","19","20","71","56","17","20","83","56","94","124","20","32","23","25","48","30","104","71","45","28","21","22","16","19","10","16","7","12",
"1500000US040134202093","Block Group 3, Census Tract 4202.09, Maricopa County, Arizona","515","132","25","20","26","27","45","43","25","26","19","20","38","48","28","25","30","26","110","105","38","30","87","35","18","20","17","20","0","13","0","13","9","14",
"1500000US040134202101","Block Group 1, Census Tract 4202.10, Maricopa County, Arizona","380","103","41","32","0","13","30","35","0","13","8","14","0","13","8","12","6","10","0","13","59","55","95","65","16","19","36","50","7","11","22","22","52","34",
"1500000US040134202102","Block Group 2, Census Tract 4202.10, Maricopa County, Arizona","604","101","24","22","0","13","21","19","14","15","45","28","35","26","27","25","29","26","61","45","69","50","76","44","74","45","59","40","7","14","46","46","17","20",
"1500000US040134202103","Block Group 3, Census Tract 4202.10, Maricopa County, Arizona","463","123","19","21","8","12","8","12","24","23","10","15","7","11","26","32","0","13","32","40","22","20","35","26","95","74","59","54","56","46","62","79","0","13",
"1500000US040134202104","Block Group 4, Census Tract 4202.10, Maricopa County, Arizona","455","105","12","18","11","16","0","13","0","13","7","11","25","40","52","51","16","26","27","21","64","60","40","36","46","36","65","61","45","55","24","25","21","29",
"1500000US040134202111","Block Group 1, Census Tract 4202.11, Maricopa County, Arizona","980","138","39","36","0","13","13","20","8","13","0","13","0","13","0","13","5","8","27","29","24","27","158","76","309","98","210","100","135","78","42","28","10","16",
"1500000US040134202112","Block Group 2, Census Tract 4202.11, Maricopa County, Arizona","685","124","38","34","0","13","14","20","24","37","0","13","0","13","0","13","35","32","14","22","37","37","90","56","70","42","129","61","114","71","103","81","17","18",
"1500000US040134202121","Block Group 1, Census Tract 4202.12, Maricopa County, Arizona","703","122","0","13","0","13","9","15","52","70","0","13","43","33","9","14","27","24","10","15","97","68","158","81","52","36","129","79","88","70","15","17","14","17",
"1500000US040134202122","Block Group 2, Census Tract 4202.12, Maricopa County, Arizona","720","104","21","21","45","45","10","15","22","23","9","15","40","30","38","47","10","14","20","22","64","49","80","55","119","56","31","22","15","18","116","82","80","68",
"1500000US040134202131","Block Group 1, Census Tract 4202.13, Maricopa County, Arizona","1157","177","65","36","69","46","17","19","32","26","82","67","65","55","82","55","78","51","148","62","150","75","110","55","111","64","69","38","17","20","43","43","19","17",
"1500000US040134202141","Block Group 1, Census Tract 4202.14, Maricopa County, Arizona","586","158","48","77","0","13","57","48","71","70","91","61","29","33","72","62","75","79","15","24","11","17","13","21","50","49","0","13","0","13","13","21","41","65",
"1500000US040134202142","Block Group 2, Census Tract 4202.14, Maricopa County, Arizona","541","166","0","13","35","37","91","96","0","13","109","79","0","13","21","33","0","13","31","33","58","58","34","38","80","67","16","26","53","83","13","21","0","13",
"1500000US040134202143","Block Group 3, Census Tract 4202.14, Maricopa County, Arizona","530","133","0","13","0","13","33","36","55","87","55","82","13","21","24","28","14","22","36","30","86","97","133","97","32","36","49","55","0","13","0","13","0","13",
"1500000US040134202144","Block Group 4, Census Tract 4202.14, Maricopa County, Arizona","511","159","0","13","32","37","32","38","16","25","16","25","12","19","17","28","0","13","39","44","0","13","118","129","132","57","97","69","0","13","0","13","0","13",
"1500000US040134202151","Block Group 1, Census Tract 4202.15, Maricopa County, Arizona","1001","183","23","26","18","16","29","41","62","38","51","39","14","12","0","13","23","20","27","25","50","36","36","24","192","62","297","156","59","31","0","13","120","92",
"1500000US040134202161","Block Group 1, Census Tract 4202.16, Maricopa County, Arizona","671","113","0","13","0","13","10","15","0","13","16","18","20","22","11","17","0","13","10","16","46","53","105","58","86","39","128","91","48","33","89","61","102","56",
"1500000US040134202162","Block Group 2, Census Tract 4202.16, Maricopa County, Arizona","412","108","10","16","11","16","20","23","31","27","30","48","0","13","37","46","8","14","0","13","14","17","68","63","107","54","55","37","0","13","11","17","10","17",
"1500000US040134202163","Block Group 3, Census Tract 4202.16, Maricopa County, Arizona","626","105","31","44","10","16","113","65","17","21","49","31","37","26","12","10","21","23","0","13","50","49","95","68","91","46","23","21","10","14","49","36","18","19",
"1500000US040134203011","Block Group 1, Census Tract 4203.01, Maricopa County, Arizona","622","41","28","32","6","9","0","13","6","9","12","13","18","18","32","32","6","9","26","29","27","19","117","50","50","28","42","23","32","27","81","35","139","47",
"1500000US040134203021","Block Group 1, Census Tract 4203.02, Maricopa County, Arizona","387","137","9","16","8","13","0","13","7","11","0","13","0","13","31","29","0","13","11","16","10","15","27","25","19","15","39","28","25","27","38","26","163","137",
"1500000US040134203022","Block Group 2, Census Tract 4203.02, Maricopa County, Arizona","530","85","11","18","23","38","22","19","11","18","10","15","23","30","24","37","24","25","48","47","0","13","13","16","112","57","26","30","90","62","55","35","38","29",
"1500000US040134203023","Block Group 3, Census Tract 4203.02, Maricopa County, Arizona","693","121","0","13","7","11","0","13","6","11","0","13","0","13","0","13","0","13","8","13","28","15","76","65","93","63","128","56","57","43","153","99","137","62",
"1500000US040134203031","Block Group 1, Census Tract 4203.03, Maricopa County, Arizona","855","173","5","11","0","13","61","68","0","13","14","15","8","11","63","67","41","37","5","9","232","143","11","15","170","88","45","32","83","48","75","48","42","37",
"1500000US040134203032","Block Group 2, Census Tract 4203.03, Maricopa County, Arizona","594","115","0","13","0","13","0","13","9","13","6","9","14","16","0","13","17","18","0","13","21","22","64","33","45","34","96","96","107","70","98","56","117","49",
"1500000US040134203041","Block Group 1, Census Tract 4203.04, Maricopa County, Arizona","321","51","2","4","0","13","0","13","4","6","12","11","9","9","2","3","8","11","0","13","5","7","15","17","33","21","28","17","32","22","26","21","145","53",
"1500000US040134204011","Block Group 1, Census Tract 4204.01, Maricopa County, Arizona","518","117","90","80","89","58","9","14","9","15","73","59","62","39","30","34","0","13","13","15","39","29","51","44","39","35","7","15","0","13","7","13","0","13",
"1500000US040134204012","Block Group 2, Census Tract 4204.01, Maricopa County, Arizona","895","222","39","27","38","49","43","38","20","29","32","48","31","44","15","24","91","57","74","71","92","75","100","66","198","185","19","21","32","32","21","23","50","43",
"1500000US040134204013","Block Group 3, Census Tract 4204.01, Maricopa County, Arizona","340","122","37","49","19","14","48","54","0","13","28","27","0","13","42","48","28","45","0","13","0","13","54","47","37","56","33","44","0","13","0","13","14","23",
"1500000US040134204021","Block Group 1, Census Tract 4204.02, Maricopa County, Arizona","312","61","0","13","0","13","7","11","0","13","30","22","6","10","0","13","29","32","17","19","25","22","33","24","48","39","35","43","20","19","40","26","22","21",
"1500000US040134204022","Block Group 2, Census Tract 4204.02, Maricopa County, Arizona","516","94","0","13","0","13","0","13","6","11","0","13","0","13","0","13","10","15","0","13","8","12","33","24","96","74","91","52","44","38","152","68","76","51",
"1500000US040134204023","Block Group 3, Census Tract 4204.02, Maricopa County, Arizona","115","39","0","13","0","13","0","13","7","10","0","13","0","13","17","19","8","12","0","13","0","13","25","22","20","29","0","13","0","13","9","15","29","23",
"1500000US040134204024","Block Group 4, Census Tract 4204.02, Maricopa County, Arizona","409","100","0","13","0","13","36","57","0","13","10","16","0","13","0","13","0","13","0","13","16","18","23","23","9","14","66","46","33","25","79","51","137","46",
"1500000US040134205031","Block Group 1, Census Tract 4205.03, Maricopa County, Arizona","541","236","0","13","26","41","20","24","22","25","9","13","50","49","25","41","98","66","0","13","23","34","155","219","71","64","27","32","15","17","0","13","0","13",
"1500000US040134205032","Block Group 2, Census Tract 4205.03, Maricopa County, Arizona","779","192","92","70","51","63","39","43","16","18","33","35","12","19","58","50","0","13","30","23","149","183","38","35","51","61","69","48","84","54","48","43","9","13",
"1500000US040134205041","Block Group 1, Census Tract 4205.04, Maricopa County, Arizona","451","146","0","13","0","13","0","13","0","13","9","14","9","14","8","13","13","21","10","14","31","36","54","35","119","92","75","49","98","114","17","19","8","13",
"1500000US040134205042","Block Group 2, Census Tract 4205.04, Maricopa County, Arizona","946","122","11","12","0","13","21","22","0","13","10","16","69","46","26","35","68","51","81","47","71","54","219","111","134","56","115","43","71","49","50","39","0","13",
"1500000US040134205051","Block Group 1, Census Tract 4205.05, Maricopa County, Arizona","576","209","16","25","0","13","0","13","0","13","16","24","0","13","29","34","8","19","0","13","0","13","95","92","297","199","0","13","28","34","44","32","43","38",
"1500000US040134205052","Block Group 2, Census Tract 4205.05, Maricopa County, Arizona","459","112","39","62","37","56","0","13","13","23","0","13","40","37","83","82","13","21","0","13","13","21","67","66","48","45","15","24","42","34","49","55","0","13",
"1500000US040134205061","Block Group 1, Census Tract 4205.06, Maricopa County, Arizona","575","157","23","38","0","13","7","16","53","49","18","30","0","13","45","72","56","72","32","38","105","88","47","53","122","102","22","34","19","28","12","20","14","23",
"1500000US040134205062","Block Group 2, Census Tract 4205.06, Maricopa County, Arizona","785","190","0","13","137","88","67","69","74","80","54","39","0","13","33","39","0","13","216","168","7","19","60","51","86","62","0","13","0","13","28","35","23","29",
"1500000US040134206021","Block Group 1, Census Tract 4206.02, Maricopa County, Arizona","684","129","15","21","10","15","2","3","33","40","14","20","23","23","17","20","28","24","13","20","50","45","103","67","141","81","43","34","54","40","97","96","41","34",
"1500000US040134206022","Block Group 2, Census Tract 4206.02, Maricopa County, Arizona","587","255","52","63","6","9","0","13","18","21","8","13","28","25","17","17","49","54","11","17","9","13","27","23","68","37","198","231","65","59","22","26","9","14",
"1500000US040134206023","Block Group 3, Census Tract 4206.02, Maricopa County, Arizona","351","83","13","14","0","13","20","27","0","13","0","13","9","15","0","13","34","45","0","13","6","9","6","9","29","24","135","59","31","30","53","45","15","19",
"1500000US040134206031","Block Group 1, Census Tract 4206.03, Maricopa County, Arizona","886","128","22","25","58","58","53","40","17","18","62","71","6","9","17","20","25","24","34","53","66","42","88","91","112","60","168","67","22","22","73","38","63","53",
"1500000US040134206032","Block Group 2, Census Tract 4206.03, Maricopa County, Arizona","457","205","13","17","10","14","0","13","0","13","0","13","13","20","34","42","0","13","0","13","11","19","62","37","35","25","137","198","50","32","35","28","57","44",
"1500000US040134206041","Block Group 1, Census Tract 4206.04, Maricopa County, Arizona","775","158","16","18","0","13","82","106","9","14","21","20","22","20","30","33","60","39","34","38","59","55","61","35","119","63","34","31","98","76","64","42","66","44",
"1500000US040134206042","Block Group 2, Census Tract 4206.04, Maricopa County, Arizona","740","101","0","13","8","12","37","45","0","13","23","25","27","26","17","19","16","19","8","14","45","47","35","41","215","82","94","52","57","37","106","56","52","31",
"1500000US040134207041","Block Group 1, Census Tract 4207.04, Maricopa County, Arizona","830","238","11","12","0","13","24","37","20","26","30","41","115","79","18","20","75","47","8","12","209","202","5","11","165","90","120","108","10","19","0","13","20","24",
"1500000US040134207042","Block Group 2, Census Tract 4207.04, Maricopa County, Arizona","539","105","34","39","23","29","0","13","0","13","25","33","17","15","0","13","7","12","10","16","38","31","87","65","112","68","33","27","30","34","50","36","73","52",
"1500000US040134207043","Block Group 3, Census Tract 4207.04, Maricopa County, Arizona","404","75","7","10","16","26","13","20","0","13","0","13","0","13","62","38","13","20","16","23","10","18","21","22","23","22","71","40","40","41","36","36","76","66",
"1500000US040134207051","Block Group 1, Census Tract 4207.05, Maricopa County, Arizona","424","75","32","38","13","21","0","13","0","13","0","13","11","18","0","13","0","13","12","18","25","26","28","28","52","43","19","23","98","62","10","16","124","59",
"1500000US040134207052","Block Group 2, Census Tract 4207.05, Maricopa County, Arizona","552","107","19","24","0","13","0","13","0","13","0","13","0","13","4","10","0","13","0","13","14","21","58","41","57","40","41","35","98","56","54","39","207","111",
"1500000US040134207061","Block Group 1, Census Tract 4207.06, Maricopa County, Arizona","746","153","37","26","0","13","30","26","44","43","24","29","11","18","102","92","6","11","32","26","109","69","51","49","22","29","113","86","41","44","64","35","60","35",
"1500000US040134207062","Block Group 2, Census Tract 4207.06, Maricopa County, Arizona","371","78","0","13","0","13","0","13","0","13","0","13","0","13","0","13","0","13","9","15","10","16","19","20","29","28","21","23","35","34","57","33","191","75",
"1500000US040134207063","Block Group 3, Census Tract 4207.06, Maricopa County, Arizona","434","123","21","24","0","13","0","13","0","13","3","5","0","13","23","26","34","38","71","103","14","22","0","13","81","58","73","63","65","43","38","29","11","17",
"1500000US040134207071","Block Group 1, Census Tract 4207.07, Maricopa County, Arizona","584","141","40","30","0","13","20","22","34","33","9","15","20","17","57","39","10","15","61","61","58","50","83","58","75","64","68","69","27","22","19","22","3","5",
"1500000US040134207072","Block Group 2, Census Tract 4207.07, Maricopa County, Arizona","711","127","19","22","32","29","28","31","84","42","23","23","51","36","82","65","91","46","41","47","78","45","94","51","82","76","0","13","6","10","0","13","0","13",
"1500000US040134207081","Block Group 1, Census Tract 4207.08, Maricopa County, Arizona","699","210","31","34","0","13","85","76","35","36","0","13","33","45","49","45","166","215","0","13","30","35","109","86","98","57","32","35","0","13","0","13","31","34",
"1500000US040134207082","Block Group 2, Census Tract 4207.08, Maricopa County, Arizona","325","171","0","13","15","24","0","13","107","158","14","23","15","24","71","78","0","13","31","35","0","13","44","38","18","29","0","13","0","13","0","13","10","18",
"1500000US040134207083","Block Group 3, Census Tract 4207.08, Maricopa County, Arizona","1044","171","145","68","171","95","74","87","124","63","96","46","34","38","97","83","41","48","70","54","55","42","77","51","2","3","39","35","0","13","0","13","19","32",
"1500000US040134207091","Block Group 1, Census Tract 4207.09, Maricopa County, Arizona","1022","237","47","32","182","129","70","49","46","34","93","66","66","41","94","41","30","27","53","46","69","58","69","45","87","56","109","141","0","13","7","13","0","13",
"1500000US040134207092","Block Group 2, Census Tract 4207.09, Maricopa County, Arizona","490","115","98","86","19","21","18","20","0","13","24","21","8","12","26","25","22","24","17","18","79","43","30","35","43","29","72","44","10","15","16","18","8","12",
"1500000US040134207093","Block Group 3, Census Tract 4207.09, Maricopa County, Arizona","546","213","29","26","18","21","39","26","83","53","17","27","20","23","136","191","44","45","30","29","16","17","10","18","53","42","41","32","10","17","0","13","0","13",
"1500000US040134207101","Block Group 1, Census Tract 4207.10, Maricopa County, Arizona","368","128","14","21","12","20","139","100","0","13","58","58","38","33","18","21","0","13","0","13","8","12","44","31","0","13","19","30","0","13","12","21","6","10",
"1500000US040134207102","Block Group 2, Census Tract 4207.10, Maricopa County, Arizona","510","94","57","40","41","52","66","74","20","22","8","13","55","44","21","24","7","24","11","16","81","48","56","51","7","15","68","54","0","13","12","13","0","13",
"1500000US040134207103","Block Group 3, Census Tract 4207.10, Maricopa County, Arizona","727","156","111","89","0","13","72","59","11","17","35","27","85","77","39","38","14","21","70","109","66","64","39","32","118","72","39","32","23","26","5","10","0","13",
"1500000US040134208001","Block Group 1, Census Tract 4208, Maricopa County, Arizona","779","293","0","13","7","11","6","10","74","56","31","37","16","18","126","75","8","12","42","39","67","56","47","42","20","23","252","276","7","11","70","32","6","11",
"1500000US040134208002","Block Group 2, Census Tract 4208, Maricopa County, Arizona","175","77","0","13","0","13","5","7","0","13","0","13","32","39","0","13","7","13","18","19","9","14","0","13","39","47","43","45","15","17","7","12","0","13",
"1500000US040134208003","Block Group 3, Census Tract 4208, Maricopa County, Arizona","412","226","51","45","11","17","21","23","126","207","10","15","0","13","31","46","0","13","9","14","30","32","31","26","0","13","54","46","0","13","0","13","38","54",
"1500000US040134208004","Block Group 4, Census Tract 4208, Maricopa County, Arizona","430","104","0","13","16","20","9","14","0","13","9","13","17","20","24","39","30","29","0","13","8","13","6","11","71","67","68","38","15","18","96","49","61","51",
"1500000US040134209011","Block Group 1, Census Tract 4209.01, Maricopa County, Arizona","542","87","36","44","19","30","0","13","44","51","55","58","17","19","0","13","12","14","17","22","86","51","99","57","84","58","55","46","10","19","0","13","8","13",
"1500000US040134209012","Block Group 2, Census Tract 4209.01, Maricopa County, Arizona","526","127","41","40","7","11","0","13","0","13","34","31","34","39","33","34","37","40","18","22","92","62","53","43","95","103","6","11","14","17","46","47","16","19",
"1500000US040134209021","Block Group 1, Census Tract 4209.02, Maricopa County, Arizona","746","280","33","43","33","40","40","31","7","12","43","47","34","40","14","19","31","36","17","19","51","36","91","45","163","231","59","40","130","167","0","13","0","13",
"1500000US040134209022","Block Group 2, Census Tract 4209.02, Maricopa County, Arizona","686","108","52","47","34","39","7","11","25","24","14","20","105","77","29","27","51","53","19","21","44","28","91","46","47","55","44","30","46","32","52","56","26","34",
"1500000US040134210011","Block Group 1, Census Tract 4210.01, Maricopa County, Arizona","1164","223","80","48","179","186","104","61","35","28","135","73","146","64","35","22","70","47","38","34","97","62","70","46","81","45","70","53","10","15","8","13","6","10",
"1500000US040134210012","Block Group 2, Census Tract 4210.01, Maricopa County, Arizona","740","182","42","34","18","20","63","51","8","13","38","39","73","44","64","38","165","168","38","30","79","55","15","16","52","45","53","42","19","23","0","13","13","17",
"1500000US040134210021","Block Group 1, Census Tract 4210.02, Maricopa County, Arizona","398","109","63","52","33","32","118","77","75","66","22","26","17","23","9","18","24","38","0","13","0","13","21","30","3","11","0","13","5","11","8","14","0","13",
"1500000US040134210022","Block Group 2, Census Tract 4210.02, Maricopa County, Arizona","1174","225","81","55","80","76","131","131","73","54","17","25","88","46","59","45","0","13","38","52","124","70","199","85","172","150","67","48","36","36","0","13","9","14",
"1500000US040134211011","Block Group 1, Census Tract 4211.01, Maricopa County, Arizona","454","196","14","18","0","13","29","29","23","25","51","58","16","25","25","39","0","13","0","13","80","63","35","25","57","48","114","172","0","13","0","13","10","17",
"1500000US040134211012","Block Group 2, Census Tract 4211.01, Maricopa County, Arizona","778","175","10","15","17","21","10","12","60","54","93","82","48","40","33","32","62","60","0","13","51","31","206","154","66","66","15","15","90","92","14","22","3","6",
"1500000US040134211013","Block Group 3, Census Tract 4211.01, Maricopa County, Arizona","535","138","0","13","58","65","0","13","0","13","56","67","40","41","10","12","43","52","49","63","19","21","63","51","142","82","24","24","6","10","0","13","25","41",
"1500000US040134211021","Block Group 1, Census Tract 4211.02, Maricopa County, Arizona","417","93","40","46","0","13","27","25","12","16","10","16","1","2","10","16","0","13","16","18","101","55","42","33","97","67","30","36","15","18","0","13","16","17",
"1500000US040134211022","Block Group 2, Census Tract 4211.02, Maricopa County, Arizona","485","110","0","13","51","54","41","37","22","32","27","43","32","34","9","16","42","51","12","18","83","66","49","42","25","38","58","44","0","13","8","13","26","24",
"1500000US040134211023","Block Group 3, Census Tract 4211.02, Maricopa County, Arizona","315","147","0","13","3","4","0","13","0","13","0","13","0","13","32","51","0","13","0","13","56","66","54","39","115","140","25","27","17","21","0","13","13","21",
"1500000US040134211024","Block Group 4, Census Tract 4211.02, Maricopa County, Arizona","394","108","8","12","13","16","68","59","30","26","36","46","39","41","0","13","38","46","26","42","78","63","10","16","20","22","28","41","0","13","0","13","0","13",
"1500000US040134211025","Block Group 5, Census Tract 4211.02, Maricopa County, Arizona","525","138","27","39","16","19","31","28","37","25","29","21","18","20","0","13","31","27","37","42","13","16","49","53","121","105","75","76","21","22","10","16","10","14",
"1500000US040134212011","Block Group 1, Census Tract 4212.01, Maricopa County, Arizona","901","151","54","47","30","49","0","13","12","20","45","56","63","67","21","37","93","94","67","68","102","67","81","77","118","90","103","78","52","58","14","23","46","43",
"1500000US040134212012","Block Group 2, Census Tract 4212.01, Maricopa County, Arizona","1272","278","27","31","23","26","59","57","54","51","134","92","34","54","189","133","30","36","166","76","6","17","81","83","364","239","63","74","14","22","0","13","28","26",
"1500000US040134212013","Block Group 3, Census Tract 4212.01, Maricopa County, Arizona","298","156","0","13","0","13","0","13","0","13","0","13","0","13","0","13","62","76","0","13","0","13","13","22","132","110","91","119","0","13","0","13","0","13",
"1500000US040134212021","Block Group 1, Census Tract 4212.02, Maricopa County, Arizona","530","126","12","18","8","13","0","13","13","20","67","42","34","32","86","61","27","25","19","30","41","34","21","22","96","50","29","26","12","17","0","13","65","93",
"1500000US040134212022","Block Group 2, Census Tract 4212.02, Maricopa County, Arizona","565","90","86","72","12","18","8","12","21","25","51","49","32","35","20","21","28","35","10","16","33","36","95","55","45","31","51","48","46","46","27","39","0","13",
"1500000US040134212023","Block Group 3, Census Tract 4212.02, Maricopa County, Arizona","270","103","9","14","0","13","9","14","54","73","0","13","9","13","0","13","42","54","22","24","11","17","0","13","0","13","81","62","13","14","3","8","17","17",
"1500000US040134213021","Block Group 1, Census Tract 4213.02, Maricopa County, Arizona","687","207","19","41","73","96","75","91","12","20","80","103","97","101","0","13","0","13","0","13","105","110","80","78","110","134","19","32","0","13","17","31","0","13",
"1500000US040134213022","Block Group 2, Census Tract 4213.02, Maricopa County, Arizona","101","79","18","29","0","13","0","13","57","69","5","21","0","13","0","13","6","16","0","13","0","13","15","35","0","13","0","13","0","13","0","13","0","13",
"1500000US040134213023","Block Group 3, Census Tract 4213.02, Maricopa County, Arizona","155","121","19","34","18","30","0","13","54","86","0","13","0","13","0","13","12","20","0","13","0","13","0","13","52","83","0","13","0","13","0","13","0","13",
"1500000US040134213024","Block Group 4, Census Tract 4213.02, Maricopa County, Arizona","685","214","153","162","93","92","34","59","47","56","28","53","147","115","42","41","17","29","39","62","41","44","18","31","26","30","0","13","0","13","0","13","0","13",
"1500000US040134213025","Block Group 5, Census Tract 4213.02, Maricopa County, Arizona","493","262","0","13","18","32","0","13","0","13","0","13","12","19","94","108","0","13","0","13","52","67","19","33","0","13","206","220","39","62","53","65","0","13",
"1500000US040134213031","Block Group 1, Census Tract 4213.03, Maricopa County, Arizona","670","154","8","12","34","35","59","46","46","42","44","42","36","35","52","62","34","29","0","13","46","47","93","68","33","37","185","127","0","13","0","13","0","13",
"1500000US040134213032","Block Group 2, Census Tract 4213.03, Maricopa County, Arizona","465","93","0","13","9","15","0","13","0","13","18","24","25","39","65","55","45","46","12","19","57","61","65","55","127","62","18","21","10","15","6","12","8","12",
"1500000US040134213033","Block Group 3, Census Tract 4213.03, Maricopa County, Arizona","674","123","62","58","12","18","5","8","11","18","59","46","147","80","63","53","0","13","50","55","72","54","83","58","95","87","4","10","0","13","1","4","10","16",
"1500000US040134213041","Block Group 1, Census Tract 4213.04, Maricopa County, Arizona","450","148","70","56","10","16","0","13","34","42","19","22","10","16","35","26","11","16","14","17","154","132","59","43","6","15","18","22","10","15","0","13","0","13",
"1500000US040134213042","Block Group 2, Census Tract 4213.04, Maricopa County, Arizona","1103","250","103","74","11","17","95","67","166","190","29","31","81","59","45","41","102","77","74","60","51","43","70","48","170","109","106","116","0","13","0","13","0","13",
"1500000US040134214001","Block Group 1, Census Tract 4214, Maricopa County, Arizona","348","147","24","36","9","15","20","15","22","23","9","14","34","43","34","30","0","13","10","17","41","49","9","14","49","33","87","134","0","13","0","13","0","13",
"1500000US040134214002","Block Group 2, Census Tract 4214, Maricopa County, Arizona","184","55","9","15","49","59","32","28","0","13","0","13","18","21","9","14","0","13","12","18","19","21","29","33","7","14","0","13","0","13","0","13","0","13",
"1500000US040134214003","Block Group 3, Census Tract 4214, Maricopa County, Arizona","306","85","79","52","76","58","35","25","78","45","31","29","0","13","0","13","0","13","0","13","0","13","7","11","0","13","0","13","0","13","0","13","0","13",
"1500000US040134214004","Block Group 4, Census Tract 4214, Maricopa County, Arizona","623","165","27","25","128","96","115","72","103","98","9","14","19","21","97","111","9","16","32","28","35","28","0","13","32","39","10","15","0","13","0","13","7","11",
"1500000US040134215011","Block Group 1, Census Tract 4215.01, Maricopa County, Arizona","179","66","14","22","14","22","10","17","24","27","0","13","0","13","10","15","22","21","22","23","0","13","46","46","8","12","9","14","0","13","0","13","0","13",
"1500000US040134215012","Block Group 2, Census Tract 4215.01, Maricopa County, Arizona","452","106","7","11","56","37","40","32","21","33","40","37","42","53","74","54","40","55","32","31","24","27","42","48","23","24","0","13","0","13","0","13","11","17",
"1500000US040134215013","Block Group 3, Census Tract 4215.01, Maricopa County, Arizona","673","210","54","43","42","40","12","20","61","49","9","14","98","158","99","98","9","14","10","16","45","54","56","47","106","59","0","13","49","53","23","37","0","13",
"1500000US040134215021","Block Group 1, Census Tract 4215.02, Maricopa County, Arizona","443","106","0","13","6","9","28","27","14","15","6","9","9","14","35","32","43","57","49","46","53","43","6","11","9","15","114","69","19","22","25","23","27","45",
"1500000US040134215022","Block Group 2, Census Tract 4215.02, Maricopa County, Arizona","519","136","103","75","6","10","57","49","10","16","114","97","9","15","63","69","9","15","0","13","18","21","29","32","64","56","0","13","0","13","24","20","13","20",
"1500000US040134216011","Block Group 1, Census Tract 4216.01, Maricopa County, Arizona","603","105","26","33","75","51","9","15","31","36","8","13","43","53","92","68","8","14","45","32","89","71","80","58","94","62","3","9","0","13","0","13","0","13",
"1500000US040134216012","Block Group 2, Census Tract 4216.01, Maricopa County, Arizona","345","80","7","13","11","18","22","35","40","44","18","26","0","13","26","36","0","13","25","26","67","54","24","21","12","15","34","33","16","19","21","24","22","24",
"1500000US040134216021","Block Group 1, Census Tract 4216.02, Maricopa County, Arizona","657","151","69","56","64","62","74","99","48","53","33","41","53","55","24","29","26","28","19","22","21","31","23","24","108","55","65","69","11","18","0","13","19","31",
"1500000US040134216022","Block Group 2, Census Tract 4216.02, Maricopa County, Arizona","401","112","81","71","0","13","0","13","23","38","10","16","0","13","9","14","23","36","39","38","10","16","49","53","88","71","17","27","0","13","52","69","0","13",
"1500000US040134216023","Block Group 3, Census Tract 4216.02, Maricopa County, Arizona","430","162","58","55","34","40","47","52","37","39","0","13","90","125","11","16","8","15","46","53","64","63","35","42","0","13","0","13","0","13","0","13","0","13",
"1500000US040134217011","Block Group 1, Census Tract 4217.01, Maricopa County, Arizona","1192","346","94","64","120","131","9","13","7","11","162","145","53","60","117","85","173","87","59","60","46","49","83","57","220","262","18","20","31","50","0","13","0","13",
"1500000US040134217012","Block Group 2, Census Tract 4217.01, Maricopa County, Arizona","747","143","26","24","16","19","22","25","35","30","26","23","95","64","30","37","58","44","59","54","115","77","120","69","77","54","15","14","17","19","27","27","9","14",
"1500000US040134217013","Block Group 3, Census Tract 4217.01, Maricopa County, Arizona","283","92","24","38","40","49","51","58","9","15","18","27","0","13","0","13","7","11","8","12","9","15","50","34","36","36","24","24","7","13","0","13","0","13",
"1500000US040134217021","Block Group 1, Census Tract 4217.02, Maricopa County, Arizona","433","134","23","20","18","20","25","27","25","18","43","36","22","20","57","39","0","13","23","22","28","29","26","31","23","26","9","10","111","115","0","13","0","13",
"1500000US040134217022","Block Group 2, Census Tract 4217.02, Maricopa County, Arizona","612","97","38","41","21","31","20","37","54","67","12","28","108","80","60","62","17","25","20","30","28","29","99","76","74","56","41","28","13","20","0","13","7","12",
"1500000US040134217023","Block Group 3, Census Tract 4217.02, Maricopa County, Arizona","512","137","69","52","32","38","73","95","49","50","37","36","59","38","23","31","11","13","17","20","55","45","33","31","40","51","0","13","14","16","0","13","0","13",
"1500000US040134218011","Block Group 1, Census Tract 4218.01, Maricopa County, Arizona","327","71","0","13","0","13","7","11","47","46","7","9","21","22","0","13","0","13","27","24","30","34","42","29","50","59","36","27","34","30","16","24","10","15",
"1500000US040134218012","Block Group 2, Census Tract 4218.01, Maricopa County, Arizona","789","327","0","13","0","13","8","12","6","9","23","21","0","13","7","10","150","205","140","201","37","27","61","54","220","157","51","31","53","40","29","29","4","7",
"1500000US040134218021","Block Group 1, Census Tract 4218.02, Maricopa County, Arizona","390","137","22","30","41","45","11","17","73","105","58","56","45","51","22","23","0","13","12","17","9","13","68","48","11","17","11","17","0","13","7","11","0","13",
"1500000US040134218022","Block Group 2, Census Tract 4218.02, Maricopa County, Arizona","708","84","10","17","36","36","0","13","27","30","0","13","73","69","43","50","34","48","96","61","118","72","68","47","84","48","43","34","28","25","48","51","0","13",
"1500000US040134218023","Block Group 3, Census Tract 4218.02, Maricopa County, Arizona","239","128","11","18","12","19","0","13","7","14","0","13","0","13","0","13","59","54","0","13","45","31","0","13","27","30","0","13","9","13","69","110","0","13",
"1500000US040134219011","Block Group 1, Census Tract 4219.01, Maricopa County, Arizona","632","231","10","16","0","13","0","13","50","42","26","40","49","52","23","37","18","21","0","13","93","48","197","208","80","63","26","24","15","24","36","41","9","11",
"1500000US040134219012","Block Group 2, Census Tract 4219.01, Maricopa County, Arizona","575","159","3","5","49","46","17","28","17","19","45","48","32","28","0","13","33","41","24","39","19","27","91","54","79","56","63","60","16","17","78","120","9","15",
"1500000US040134219021","Block Group 1, Census Tract 4219.02, Maricopa County, Arizona","264","74","65","39","60","53","0","13","49","55","0","13","10","16","0","13","4","6","0","13","18","20","23","36","20","23","0","13","15","20","0","13","0","13",
"1500000US040134219022","Block Group 2, Census Tract 4219.02, Maricopa County, Arizona","506","162","46","37","0","13","26","37","11","20","114","75","49","57","60","58","70","115","4","7","40","50","76","73","0","13","0","13","0","13","0","13","10","14",
"1500000US040134219023","Block Group 3, Census Tract 4219.02, Maricopa County, Arizona","409","175","40","48","0","13","0","13","134","158","28","44","11","18","35","53","47","52","10","15","16","24","21","22","20","22","28","44","19","32","0","13","0","13",
"1500000US040134219024","Block Group 4, Census Tract 4219.02, Maricopa County, Arizona","585","117","45","45","23","33","43","42","162","85","44","31","7","12","8","12","43","55","0","13","36","32","113","82","29","35","14","23","8","14","10","17","0","13",
"1500000US040134220011","Block Group 1, Census Tract 4220.01, Maricopa County, Arizona","666","127","33","30","7","12","46","40","66","69","29","37","16","26","43","43","72","53","21","26","103","62","40","35","104","68","80","51","6","9","0","13","0","13",
"1500000US040134220012","Block Group 2, Census Tract 4220.01, Maricopa County, Arizona","701","163","43","42","54","49","83","65","51","43","56","54","54","49","0","13","195","151","77","55","41","38","38","48","9","14","0","13","0","13","0","13","0","13",
"1500000US040134220021","Block Group 1, Census Tract 4220.02, Maricopa County, Arizona","413","122","23","36","35","40","17","19","29","35","23","38","56","62","35","44","13","21","20","29","6","9","28","33","13","20","34","51","69","76","12","17","0","13",
"1500000US040134220022","Block Group 2, Census Tract 4220.02, Maricopa County, Arizona","340","104","16","20","0","13","43","43","0","13","0","13","14","21","83","75","0","13","29","34","0","13","43","47","37","34","38","53","0","13","0","13","37","46",
"1500000US040134220023","Block Group 3, Census Tract 4220.02, Maricopa County, Arizona","641","268","40","43","84","76","33","40","10","14","90","55","31","37","12","19","209","250","8","14","31","19","22","36","28","44","26","41","0","13","17","27","0","13",
"1500000US040134221021","Block Group 1, Census Tract 4221.02, Maricopa County, Arizona","337","128","34","31","43","35","76","90","12","19","18","20","0","13","38","39","0","13","43","68","7","11","24","38","26","28","0","13","0","13","16","21","0","13",
"1500000US040134221022","Block Group 2, Census Tract 4221.02, Maricopa County, Arizona","644","116","74","72","27","41","56","64","168","117","6","18","68","77","9","16","48","69","17","29","43","39","46","27","47","33","3","7","11","20","0","13","21","35",
"1500000US040134221023","Block Group 3, Census Tract 4221.02, Maricopa County, Arizona","575","146","81","66","21","22","9","15","73","67","81","70","70","54","38","61","6","10","0","13","78","63","27","29","54","42","10","16","0","13","27","41","0","13",
"1500000US040134221031","Block Group 1, Census Tract 4221.03, Maricopa County, Arizona","1037","229","29","39","49","49","182","153","79","86","96","96","77","52","57","55","63","59","111","89","126","103","28","31","99","88","3","5","0","13","38","56","0","13",
"1500000US040134221032","Block Group 2, Census Tract 4221.03, Maricopa County, Arizona","642","161","0","13","36","57","0","13","45","43","0","13","12","22","43","49","31","36","33","37","149","77","89","81","140","101","49","58","0","13","0","13","15","25",
"1500000US040134221033","Block Group 3, Census Tract 4221.03, Maricopa County, Arizona","776","208","130","122","47","48","69","45","109","96","67","56","39","62","34","42","32","46","75","118","13","20","47","54","76","79","18","28","0","13","20","32","0","13",
"1500000US040134221041","Block Group 1, Census Tract 4221.04, Maricopa County, Arizona","357","121","0","13","43","42","17","27","57","76","0","13","43","66","34","40","59","71","0","13","32","47","27","30","45","44","0","13","0","13","0","13","0","13",
"1500000US040134221042","Block Group 2, Census Tract 4221.04, Maricopa County, Arizona","657","151","53","63","55","46","28","33","109","92","0","13","67","51","69","73","76","79","0","13","43","39","60","56","86","78","11","21","0","13","0","13","0","13",
"1500000US040134221043","Block Group 3, Census Tract 4221.04, Maricopa County, Arizona","337","125","10","18","56","57","22","34","0","13","0","13","21","23","38","61","31","35","0","13","28","35","21","26","59","78","51","62","0","13","0","13","0","13",
"1500000US040134221044","Block Group 4, Census Tract 4221.04, Maricopa County, Arizona","169","61","40","37","0","13","0","13","44","40","0","13","13","20","16","26","0","13","14","23","0","13","0","13","18","28","17","28","0","13","7","13","0","13",
"1500000US040134221045","Block Group 5, Census Tract 4221.04, Maricopa County, Arizona","774","185","7","13","41","61","37","60","0","13","64","84","167","122","63","65","12","20","58","55","13","21","49","50","144","116","19","33","45","66","0","13","55","84",
"1500000US040134221051","Block Group 1, Census Tract 4221.05, Maricopa County, Arizona","625","178","26","43","0","13","9","15","28","44","0","13","70","56","64","61","0","13","4","6","48","48","54","59","115","67","138","140","0","13","29","44","40","51",
"1500000US040134221052","Block Group 2, Census Tract 4221.05, Maricopa County, Arizona","659","123","51","47","40","45","55","55","44","32","0","13","103","85","41","54","18","21","29","43","37","29","121","77","74","50","0","13","10","16","0","13","36","41",
"1500000US040134221061","Block Group 1, Census Tract 4221.06, Maricopa County, Arizona","1369","255","92","64","65","50","97","67","61","50","110","61","135","79","58","41","140","71","67","51","208","120","145","96","133","148","58","51","0","13","0","13","0","13",
"1500000US040134221062","Block Group 2, Census Tract 4221.06, Maricopa County, Arizona","560","176","54","43","20","22","32","37","42","48","35","28","34","24","29","39","42","60","8","12","118","145","28","29","85","52","8","14","0","13","0","13","25","41",
"1500000US040134221063","Block Group 3, Census Tract 4221.06, Maricopa County, Arizona","331","106","46","34","0","13","16","22","49","43","22","37","16","25","0","13","42","43","41","45","12","15","0","13","72","55","1","7","0","13","7","14","7","14",
"1500000US040134221071","Block Group 1, Census Tract 4221.07, Maricopa County, Arizona","1290","230","91","57","58","54","15","18","59","41","23","22","61","41","22","26","107","74","72","41","267","103","204","77","279","199","32","31","0","13","0","13","0","13",
"1500000US040134221072","Block Group 2, Census Tract 4221.07, Maricopa County, Arizona","737","297","63","53","230","295","0","13","79","57","25","27","136","73","23","36","38","36","8","13","57","53","26","25","42","51","0","13","0","13","0","13","10","15",
"1500000US040134222031","Block Group 1, Census Tract 4222.03, Maricopa County, Arizona","1117","202","56","45","43","48","81","52","99","99","65","52","66","42","85","53","95","66","181","116","66","53","109","80","106","74","29","34","30","28","6","9","0","13",
"1500000US040134222032","Block Group 2, Census Tract 4222.03, Maricopa County, Arizona","293","175","29","36","0","13","0","13","9","14","0","13","20","23","119","179","1","2","0","13","9","15","66","55","40","38","0","13","0","13","0","13","0","13",
"1500000US040134222033","Block Group 3, Census Tract 4222.03, Maricopa County, Arizona","1219","228","68","56","130","166","32","37","34","34","76","56","62","58","203","121","57","52","95","67","107","65","103","65","49","39","88","45","29","27","59","56","27","35",
"1500000US040134222091","Block Group 1, Census Tract 4222.09, Maricopa County, Arizona","596","175","0","13","0","13","0","13","0","13","15","24","0","13","0","13","0","13","30","33","0","13","127","113","192","160","162","99","70","77","0","13","0","13",
"1500000US040134222092","Block Group 2, Census Tract 4222.09, Maricopa County, Arizona","556","148","0","13","16","27","0","13","73","87","0","13","0","13","12","20","68","61","32","51","21","33","133","79","80","63","90","75","0","13","23","27","8","13",
"1500000US040134222093","Block Group 3, Census Tract 4222.09, Maricopa County, Arizona","170","72","0","13","0","13","0","13","0","13","21","28","30","50","27","44","0","13","0","13","0","13","24","26","34","39","26","43","8","13","0","13","0","13",
"1500000US040134222094","Block Group 4, Census Tract 4222.09, Maricopa County, Arizona","317","121","6","10","0","13","17","29","62","96","52","50","19","30","22","35","0","13","33","41","15","25","15","26","15","24","14","23","19","31","28","46","0","13",
"1500000US040134222095","Block Group 5, Census Tract 4222.09, Maricopa County, Arizona","889","252","0","13","18","29","122","138","22","34","80","110","89","121","69","106","46","55","0","13","0","13","133","94","201","166","74","81","10","15","9","16","16","25",
"1500000US040134222101","Block Group 1, Census Tract 4222.10, Maricopa County, Arizona","857","313","0","13","0","13","7","12","42","37","0","13","25","29","49","38","12","20","36","35","46","43","141","89","112","62","246","307","81","61","47","46","13","20",
"1500000US040134222102","Block Group 2, Census Tract 4222.10, Maricopa County, Arizona","667","134","1","2","22","35","0","13","46","44","0","13","7","11","73","107","31","31","22","24","90","58","8","13","88","66","100","39","77","55","74","49","28","22",
"1500000US040134222103","Block Group 3, Census Tract 4222.10, Maricopa County, Arizona","551","102","8","12","0","13","0","13","7","10","8","13","8","12","14","16","29","28","42","33","63","45","66","57","149","92","104","47","22","20","25","21","6","9",
"1500000US040134222111","Block Group 1, Census Tract 4222.11, Maricopa County, Arizona","356","108","0","13","0","13","0","13","8","14","8","14","0","13","18","24","0","13","0","13","20","18","69","50","138","101","25","19","33","43","6","13","31","37",
"1500000US040134222112","Block Group 2, Census Tract 4222.11, Maricopa County, Arizona","632","138","34","26","53","40","16","18","9","13","8","14","19","23","35","30","8","12","31","31","21","20","35","38","89","54","122","108","69","48","24","23","59","34",
"1500000US040134222121","Block Group 1, Census Tract 4222.12, Maricopa County, Arizona","662","148","0","13","0","13","0","13","8","13","0","13","42","44","0","13","54","39","33","27","38","38","217","134","44","32","116","67","63","47","38","30","9","14",
"1500000US040134222122","Block Group 2, Census Tract 4222.12, Maricopa County, Arizona","705","101","0","13","0","13","35","43","30","28","11","16","0","13","17","19","8","13","36","25","59","44","95","58","105","71","48","34","73","44","61","42","127","49",
"1500000US040134222123","Block Group 3, Census Tract 4222.12, Maricopa County, Arizona","284","105","0","13","0","13","0","13","0","13","0","13","9","14","0","13","0","13","16","14","0","13","22","35","84","94","40","32","42","28","37","31","34","40",
"1500000US040134222131","Block Group 1, Census Tract 4222.13, Maricopa County, Arizona","496","63","12","13","19","22","5","8","13","14","15","17","9","10","16","13","20","23","15","11","18","15","63","36","86","46","66","44","62","31","33","28","44","54",
"1500000US040134222132","Block Group 2, Census Tract 4222.13, Maricopa County, Arizona","434","43","0","13","6","9","0","13","4","6","27","20","19","15","13","15","11","12","19","16","33","29","40","25","79","37","35","18","85","41","43","24","20","20",
"1500000US040134222151","Block Group 1, Census Tract 4222.15, Maricopa County, Arizona","829","158","8","9","8","11","9","10","41","34","123","139","32","31","19","16","41","35","60","46","30","34","81","41","152","68","90","44","96","45","29","24","10","11",
"1500000US040134222161","Block Group 1, Census Tract 4222.16, Maricopa County, Arizona","417","176","0","13","11","18","0","13","0","13","0","13","9","14","0","13","18","30","8","12","12","20","108","112","14","23","82","77","21","33","32","52","102","121",
"1500000US040134222162","Block Group 2, Census Tract 4222.16, Maricopa County, Arizona","338","95","26","30","0","13","0","13","0","13","0","13","0","13","13","20","0","13","34","40","19","33","10","17","73","49","20","18","55","51","50","46","38","61",
"1500000US040134222163","Block Group 3, Census Tract 4222.16, Maricopa County, Arizona","712","159","42","62","54","58","0","13","35","34","26","29","0","13","66","86","0","13","6","10","12","19","55","50","48","35","201","132","102","84","0","13","65","68",
"1500000US040134222164","Block Group 4, Census Tract 4222.16, Maricopa County, Arizona","742","161","0","13","16","27","6","9","0","13","12","21","15","23","0","13","0","13","22","35","77","72","193","115","117","85","99","90","21","25","41","41","123","102",
"1500000US040134222171","Block Group 1, Census Tract 4222.17, Maricopa County, Arizona","994","177","64","64","60","65","70","61","54","66","10","13","53","48","62","46","27","30","16","19","150","75","84","46","188","123","69","48","12","18","30","32","45","55",
"1500000US040134222172","Block Group 2, Census Tract 4222.17, Maricopa County, Arizona","464","97","9","15","12","20","0","13","12","16","18","19","13","19","6","10","0","13","9","15","48","31","14","16","65","41","123","82","37","26","51","37","47","38",
"1500000US040134222181","Block Group 1, Census Tract 4222.18, Maricopa County, Arizona","347","65","43","48","0","13","0","13","0","13","18","24","10","16","24","24","0","13","25","22","32","30","29","22","58","38","56","36","44","45","8","12","0","13",
"1500000US040134222182","Block Group 2, Census Tract 4222.18, Maricopa County, Arizona","810","298","23","20","0","13","77","61","51","49","0","13","43","54","40","28","27","26","35","33","47","32","212","289","130","73","65","50","29","33","22","24","9","14",
"1500000US040134222191","Block Group 1, Census Tract 4222.19, Maricopa County, Arizona","548","245","52","56","7","15","6","9","6","9","19","31","24","26","0","13","86","57","10","16","18","17","66","38","178","240","45","34","9","14","22","20","0","13",
"1500000US040134222192","Block Group 2, Census Tract 4222.19, Maricopa County, Arizona","284","54","0","13","8","16","0","13","0","13","15","24","6","11","0","13","33","38","12","20","7","12","48","33","81","47","52","36","17","21","0","13","5","12",
"1500000US040134222193","Block Group 3, Census Tract 4222.19, Maricopa County, Arizona","526","168","0","13","0","13","0","13","11","17","6","9","26","39","33","36","29","45","11","14","36","39","67","51","114","83","127","156","15","19","29","29","22","31",
"1500000US040134222201","Block Group 1, Census Tract 4222.20, Maricopa County, Arizona","426","78","13","14","5","8","0","13","6","9","11","13","14","14","6","9","0","13","6","9","19","25","62","64","35","28","64","33","94","47","32","18","59","36",
"1500000US040134222202","Block Group 2, Census Tract 4222.20, Maricopa County, Arizona","293","45","13","15","0","13","0","13","0","13","12","15","23","23","34","28","0","13","5","7","11","12","38","19","46","29","19","16","40","21","29","18","23","20",
"1500000US040134222211","Block Group 1, Census Tract 4222.21, Maricopa County, Arizona","745","168","99","49","0","13","27","25","35","33","17","19","11","18","80","63","38","34","86","94","57","53","72","46","109","83","41","41","12","20","22","19","39","30",
"1500000US040134222212","Block Group 2, Census Tract 4222.21, Maricopa County, Arizona","332","89","0","13","0","13","25","40","8","13","0","13","11","17","8","13","15","17","0","13","32","36","31","35","105","63","18","21","6","10","73","45","0","13",
"1500000US040134222213","Block Group 3, Census Tract 4222.21, Maricopa County, Arizona","907","246","5","12","0","13","17","19","42","49","24","29","74","65","41","42","25","23","74","72","82","58","103","66","275","228","21","24","32","38","23","25","69","57",
"1500000US040134222221","Block Group 1, Census Tract 4222.22, Maricopa County, Arizona","418","83","34","34","0","13","0","13","6","10","0","13","10","10","23","21","26","31","7","11","40","28","14","13","44","41","52","35","76","40","14","16","72","63",
"1500000US040134222222","Block Group 2, Census Tract 4222.22, Maricopa County, Arizona","356","103","14","23","6","8","0","13","29","30","4","6","0","13","0","13","0","13","7","10","0","13","33","29","81","43","56","31","19","17","87","86","20","17",
"1500000US040134222231","Block Group 1, Census Tract 4222.23, Maricopa County, Arizona","725","118","84","87","22","27","31","32","38","34","31","40","24","24","76","71","23","28","15","19","32","29","58","29","127","62","45","37","8","16","84","63","27","31",
"1500000US040134222232","Block Group 2, Census Tract 4222.23, Maricopa County, Arizona","487","101","10","13","0","13","49","34","22","38","8","12","14","17","13","20","88","66","0","13","81","75","46","42","34","28","53","36","41","32","4","8","24","26",
"1500000US040134222241","Block Group 1, Census Tract 4222.24, Maricopa County, Arizona","0","13","0","13","0","13","0","13","0","13","0","13","0","13","0","13","0","13","0","13","0","13","0","13","0","13","0","13","0","13","0","13","0","13",
"1500000US040134222251","Block Group 1, Census Tract 4222.25, Maricopa County, Arizona","0","13","0","13","0","13","0","13","0","13","0","13","0","13","0","13","0","13","0","13","0","13","0","13","0","13","0","13","0","13","0","13","0","13",
"1500000US040134222261","Block Group 1, Census Tract 4222.26, Maricopa County, Arizona","0","13","0","13","0","13","0","13","0","13","0","13","0","13","0","13","0","13","0","13","0","13","0","13","0","13","0","13","0","13","0","13","0","13",
"1500000US040134222271","Block Group 1, Census Tract 4222.27, Maricopa County, Arizona","657","116","8","10","6","10","27","18","26","18","2","4","75","87","4","7","43","31","8","13","25","18","91","44","109","45","85","38","92","77","41","24","15","14",
"1500000US040134223011","Block Group 1, Census Tract 4223.01, Maricopa County, Arizona","0","13","0","13","0","13","0","13","0","13","0","13","0","13","0","13","0","13","0","13","0","13","0","13","0","13","0","13","0","13","0","13","0","13",
"1500000US040134223012","Block Group 2, Census Tract 4223.01, Maricopa County, Arizona","414","100","3","5","0","13","23","23","0","13","10","18","22","26","6","9","32","33","17","23","36","33","115","79","57","47","30","32","26","38","10","15","27","40",
"1500000US040134223013","Block Group 3, Census Tract 4223.01, Maricopa County, Arizona","534","185","46","54","0","13","12","19","0","13","0","13","76","79","0","13","0","13","94","108","66","49","101","71","17","21","103","113","13","23","6","16","0","13",
"1500000US040134223014","Block Group 4, Census Tract 4223.01, Maricopa County, Arizona","493","234","29","34","40","48","17","31","0","13","0","13","4","12","42","65","14","24","57","65","134","202","70","52","29","27","21","25","0","13","0","13","36","55",
"1500000US040134223015","Block Group 5, Census Tract 4223.01, Maricopa County, Arizona","258","110","0","13","0","13","87","83","0","13","53","59","11","17","0","13","25","29","11","17","27","42","18","29","19","31","7","12","0","13","0","13","0","13",
"1500000US040134223021","Block Group 1, Census Tract 4223.02, Maricopa County, Arizona","1181","305","73","59","7","11","22","24","202","232","92","91","61","66","50","35","106","75","114","70","96","78","95","57","113","68","126","165","12","15","12","18","0","13",
"1500000US040134223022","Block Group 2, Census Tract 4223.02, Maricopa County, Arizona","387","92","12","20","33","39","0","13","0","13","16","18","11","17","18","21","0","13","4","7","50","28","49","41","138","94","15","20","27","23","10","16","4","7",
"1500000US040134223023","Block Group 3, Census Tract 4223.02, Maricopa County, Arizona","436","117","20","22","0","13","9","15","0","13","23","37","0","13","6","12","0","13","17","28","5","8","69","61","109","71","102","82","33","44","43","31","0","13",
"1500000US040134223041","Block Group 1, Census Tract 4223.04, Maricopa County, Arizona","631","137","37","42","0","13","0","13","8","14","10","19","35","44","13","15","19","22","18","19","24","28","233","109","129","90","15","23","38","38","28","21","24","26",
"1500000US040134223042","Block Group 2, Census Tract 4223.04, Maricopa County, Arizona","572","134","45","51","0","13","0","13","9","14","32","35","28","34","13","21","7","14","67","57","63","52","44","29","70","44","97","64","31","31","25","37","41","48",
"1500000US040134223051","Block Group 1, Census Tract 4223.05, Maricopa County, Arizona","247","86","0","13","0","13","0","13","0","13","0","13","0","13","0","13","0","13","0","13","43","43","0","13","17","28","82","61","0","13","76","80","29","31",
"1500000US040134223052","Block Group 2, Census Tract 4223.05, Maricopa County, Arizona","671","231","37","60","0","13","0","13","16","25","0","13","0","13","199","218","0","13","63","73","0","13","41","47","69","57","46","41","33","39","96","83","71","50",
"1500000US040134223053","Block Group 3, Census Tract 4223.05, Maricopa County, Arizona","716","155","70","55","16","26","5","9","0","13","14","20","55","91","17","27","0","13","0","13","119","97","58","51","104","79","116","59","52","48","17","27","73","72",
"1500000US040134223054","Block Group 4, Census Tract 4223.05, Maricopa County, Arizona","443","122","15","25","0","13","0","13","38","51","0","13","15","25","0","13","15","25","0","13","0","13","36","44","143","107","71","68","14","29","42","41","54","50",
"1500000US040134223071","Block Group 1, Census Tract 4223.07, Maricopa County, Arizona","352","86","6","9","0","13","0","13","0","13","9","13","0","13","33","30","6","10","0","13","12","13","39","36","32","23","95","64","74","54","10","16","36","28",
"1500000US040134223072","Block Group 2, Census Tract 4223.07, Maricopa County, Arizona","165","54","0","13","0","13","0","13","7","12","0","13","0","13","0","13","0","13","26","33","0","13","36","29","8","13","28","24","38","33","18","25","4","9",
"1500000US040134223073","Block Group 3, Census Tract 4223.07, Maricopa County, Arizona","454","166","0","13","0","13","9","15","0","13","0","13","0","13","8","12","133","170","14","15","18","22","28","32","5","9","86","57","20","21","94","61","39","23",
"1500000US040134223074","Block Group 4, Census Tract 4223.07, Maricopa County, Arizona","663","117","28","24","34","31","8","14","67","70","44","42","62","44","121","93","70","55","19","21","39","30","118","55","31","24","10","14","4","6","0","13","8","12",
"1500000US040134223081","Block Group 1, Census Tract 4223.08, Maricopa County, Arizona","577","109","10","16","8","13","17","28","21","21","0","13","18","20","56","55","28","25","64","57","122","71","69","44","71","59","21","22","32","30","28","30","12","17",
"1500000US040134223082","Block Group 2, Census Tract 4223.08, Maricopa County, Arizona","527","110","4","6","0","13","9","15","0","13","0","13","40","40","19","31","8","13","0","13","11","19","84","60","26","30","51","38","161","107","62","40","52","51",
"1500000US040134223083","Block Group 3, Census Tract 4223.08, Maricopa County, Arizona","698","129","0","13","0","13","19","21","8","12","31","35","11","17","0","13","6","9","9","14","72","49","57","50","112","75","52","43","126","59","84","52","111","48",
"1500000US040134223091","Block Group 1, Census Tract 4223.09, Maricopa County, Arizona","585","157","7","13","8","12","0","13","0","13","0","13","9","14","9","14","0","13","34","40","30","32","185","162","81","65","108","65","8","14","27","27","79","56",
"1500000US040134223092","Block Group 2, Census Tract 4223.09, Maricopa County, Arizona","767","129","29","27","15","17","13","16","45","51","9","13","8","12","0","13","0","13","19","29","32","25","91","73","44","29","176","97","70","50","193","79","23","23",
"1500000US040134223093","Block Group 3, Census Tract 4223.09, Maricopa County, Arizona","492","121","6","11","0","13","12","22","0","13","0","13","38","50","0","13","0","13","56","70","16","24","61","50","63","53","44","38","75","85","25","23","96","62",
"1500000US040134224011","Block Group 1, Census Tract 4224.01, Maricopa County, Arizona","848","170","12","17","0","13","54","34","73","61","28","28","79","44","42","40","65","57","31","39","74","54","34","28","205","101","55","45","24","23","68","107","4","7",
"1500000US040134224012","Block Group 2, Census Tract 4224.01, Maricopa County, Arizona","379","99","9","15","8","12","66","56","27","23","27","34","0","13","48","58","0","13","7","10","25","35","24","18","51","38","33","35","54","41","0","13","0","13",
"1500000US040134224013","Block Group 3, Census Tract 4224.01, Maricopa County, Arizona","218","76","0","13","7","12","0","13","0","13","0","13","0","13","2","13","2","6","0","13","0","13","16","24","75","49","33","28","0","13","67","65","16","17",
"1500000US040134224021","Block Group 1, Census Tract 4224.02, Maricopa County, Arizona","830","266","17","19","0","13","0","13","10","15","8","13","17","26","97","83","22","25","37","56","64","57","257","252","45","37","130","58","49","51","48","36","29","28",
"1500000US040134224022","Block Group 2, Census Tract 4224.02, Maricopa County, Arizona","420","115","32","49","0","13","0","13","6","11","46","51","0","13","0","13","8","12","73","86","22","24","24","22","59","39","25","25","7","12","66","45","52","43",
"1500000US040134224023","Block Group 3, Census Tract 4224.02, Maricopa County, Arizona","529","175","20","28","0","13","0","13","42","43","0","13","2","3","8","14","13","21","11","17","42","51","148","138","22","22","99","67","39","37","25","30","58","91",
"1500000US040134224031","Block Group 1, Census Tract 4224.03, Maricopa County, Arizona","650","124","7","12","10","15","15","18","9","16","39","32","35","32","32","31","35","43","40","40","16","17","65","45","102","104","58","37","67","49","68","42","52","36",
"1500000US040134224032","Block Group 2, Census Tract 4224.03, Maricopa County, Arizona","670","156","0","13","8","13","0","13","17","18","31","39","17","19","0","13","35","41","18","19","103","73","64","35","76","57","0","13","44","34","212","154","45","53",
"1500000US040134224033","Block Group 3, Census Tract 4224.03, Maricopa County, Arizona","324","91","51","64","0","13","8","12","8","13","0","13","9","14","9","14","0","13","0","13","45","46","8","14","54","40","30","38","40","38","44","48","18","19",
"1500000US040134224041","Block Group 1, Census Tract 4224.04, Maricopa County, Arizona","660","148","37","56","0","13","0","13","10","16","82","118","27","26","24","38","23","36","29","27","14","16","82","50","57","34","99","48","69","64","20","22","87","43",
"1500000US040134224042","Block Group 2, Census Tract 4224.04, Maricopa County, Arizona","774","141","10","16","0","13","60","91","10","16","18","20","19","22","9","15","0","13","0","13","36","43","96","47","79","37","77","53","124","69","83","41","153","73",
"1500000US040134225011","Block Group 1, Census Tract 4225.01, Maricopa County, Arizona","536","153","0","13","0","13","15","19","58","64","0","13","31","46","15","24","0","13","86","73","49","47","155","102","62","69","37","26","20","17","8","11","0","13",
"1500000US040134225012","Block Group 2, Census Tract 4225.01, Maricopa County, Arizona","670","122","76","62","0","13","32","38","19","21","19","20","18","20","9","15","49","57","29","26","82","51","78","68","94","65","50","32","56","49","41","50","18","21",
"1500000US040134225013","Block Group 3, Census Tract 4225.01, Maricopa County, Arizona","291","97","0","13","6","11","0","13","0","13","0","13","8","12","18","20","7","12","8","12","35","55","61","51","8","12","112","80","0","13","9","16","19","21",
"1500000US040134225014","Block Group 4, Census Tract 4225.01, Maricopa County, Arizona","604","153","39","48","0","13","0","13","9","14","25","23","9","13","26","20","20","21","6","9","28","22","91","63","91","61","127","85","90","124","19","16","24","37",
"1500000US040134225021","Block Group 1, Census Tract 4225.02, Maricopa County, Arizona","570","172","8","14","0","13","9","14","9","14","10","16","26","28","35","42","15","21","0","13","31","29","40","50","163","80","138","147","41","39","12","19","33","30",
"1500000US040134225022","Block Group 2, Census Tract 4225.02, Maricopa County, Arizona","142","55","0","13","0","13","0","13","0","13","0","13","0","13","6","10","0","13","0","13","11","16","45","33","23","21","12","16","36","45","0","13","9","15",
"1500000US040134225023","Block Group 3, Census Tract 4225.02, Maricopa County, Arizona","876","148","22","25","10","17","0","13","27","38","39","33","30","31","10","16","163","94","56","57","243","138","67","67","105","61","52","60","10","16","42","59","0","13",
"1500000US040134225024","Block Group 4, Census Tract 4225.02, Maricopa County, Arizona","439","111","9","14","0","13","0","13","11","18","22","21","6","10","4","9","31","26","11","18","34","32","66","39","76","72","72","71","11","18","47","47","39","37",
"1500000US040134225031","Block Group 1, Census Tract 4225.03, Maricopa County, Arizona","715","247","0","13","0","13","0","13","0","13","0","13","26","40","95","118","0","13","16","26","55","43","107","85","296","194","69","53","37","41","14","24","0","13",
"1500000US040134225032","Block Group 2, Census Tract 4225.03, Maricopa County, Arizona","763","150","119","104","89","125","0","13","11","19","84","97","151","150","55","55","20","32","19","30","22","34","0","13","57","66","58","68","23","27","15","23","40","44",
"1500000US040134225033","Block Group 3, Census Tract 4225.03, Maricopa County, Arizona","793","409","0","13","0","13","47","52","27","44","14","23","8","22","0","13","47","62","7","13","68","76","47","42","44","42","326","404","95","69","63","59","0","13",
"1500000US040134225034","Block Group 4, Census Tract 4225.03, Maricopa County, Arizona","436","120","0","13","18","29","0","13","0","13","42","50","26","40","23","36","41","67","36","52","0","13","75","69","42","41","81","75","52","51","0","13","0","13",
"1500000US040134225041","Block Group 1, Census Tract 4225.04, Maricopa County, Arizona","726","255","27","32","10","16","0","13","6","11","19","22","8","13","28","35","9","14","29","37","100","64","23","28","90","47","70","51","22","21","49","44","236","248",
"1500000US040134225042","Block Group 2, Census Tract 4225.04, Maricopa County, Arizona","486","118","53","54","0","13","7","11","0","13","0","13","18","22","37","45","49","35","65","79","16","18","42","45","66","59","84","48","20","23","29","23","0","13",
"1500000US040134225043","Block Group 3, Census Tract 4225.04, Maricopa County, Arizona","705","127","42","52","0","13","23","24","9","14","16","19","24","26","26","41","0","13","20","16","77","51","102","55","110","57","99","58","9","14","132","93","16","19",
"1500000US040134225061","Block Group 1, Census Tract 4225.06, Maricopa County, Arizona","868","186","48","44","92","95","10","16","0","13","15","17","6","10","41","39","79","73","22","22","106","71","55","47","175","142","59","40","54","34","48","44","58","47",
"1500000US040134225062","Block Group 2, Census Tract 4225.06, Maricopa County, Arizona","375","89","21","34","7","12","18","20","16","18","0","13","0","13","8","14","8","13","16","17","74","66","17","19","44","43","34","27","16","18","34","32","62","52",
"1500000US040134225063","Block Group 3, Census Tract 4225.06, Maricopa County, Arizona","187","59","8","11","0","13","11","17","0","13","0","13","14","18","0","13","0","13","8","12","0","13","0","13","43","42","31","34","18","22","37","30","17","19",
"1500000US040134225064","Block Group 4, Census Tract 4225.06, Maricopa County, Arizona","312","68","10","16","23","35","10","16","0","13","0","13","0","13","10","16","9","14","0","13","12","17","43","28","34","36","30","31","56","34","18","22","57","38",
"1500000US040134225071","Block Group 1, Census Tract 4225.07, Maricopa County, Arizona","645","121","0","13","0","13","12","14","18","26","10","16","35","45","0","13","23","18","36","30","47","33","40","29","112","81","67","43","88","55","74","45","83","49",
"1500000US040134225072","Block Group 2, Census Tract 4225.07, Maricopa County, Arizona","515","183","27","23","0","13","7","11","0","13","0","13","11","18","0","13","0","13","8","11","51","32","24","23","62","43","119","150","74","47","95","77","37","29",
"1500000US040134225073","Block Group 3, Census Tract 4225.07, Maricopa County, Arizona","301","80","0","13","0","13","0","13","0","13","38","37","0","13","0","13","0","13","0","13","13","16","67","55","15","18","38","30","41","33","11","13","78","47",
"1500000US040134225081","Block Group 1, Census Tract 4225.08, Maricopa County, Arizona","518","139","0","13","15","17","0","13","0","13","20","23","10","16","22","26","11","17","52","45","25","25","56","49","116","118","76","45","24","31","44","50","47","38",
"1500000US040134225082","Block Group 2, Census Tract 4225.08, Maricopa County, Arizona","676","113","9","14","9","14","50","51","7","11","35","39","64","69","22","19","7","12","24","27","6","9","124","75","75","67","38","23","70","47","30","28","106","89",
"1500000US040134225091","Block Group 1, Census Tract 4225.09, Maricopa County, Arizona","705","105","51","51","36","35","10","15","0","13","0","13","14","15","0","13","22","20","36","40","50","43","69","50","83","43","135","69","67","50","77","54","55","37",
"1500000US040134225092","Block Group 2, Census Tract 4225.09, Maricopa County, Arizona","283","78","57","61","16","20","7","11","0","13","16","18","10","15","0","13","0","13","29","37","0","13","4","7","10","15","58","53","11","17","36","25","29","41",
"1500000US040134225093","Block Group 3, Census Tract 4225.09, Maricopa County, Arizona","704","197","108","165","0","13","0","13","27","24","19","18","6","10","8","12","63","41","22","20","21","20","127","51","116","62","58","34","66","53","55","44","8","13",
"1500000US040134225101","Block Group 1, Census Tract 4225.10, Maricopa County, Arizona","227","86","0","13","0","13","0","13","0","13","7","10","0","13","0","13","0","13","0","13","0","13","0","13","49","65","21","21","22","27","78","56","50","33",
"1500000US040134225102","Block Group 2, Census Tract 4225.10, Maricopa County, Arizona","161","52","0","13","8","13","0","13","8","14","15","23","0","13","0","13","0","13","0","13","12","20","0","13","14","21","10","17","20","24","26","26","48","37",
"1500000US040134225103","Block Group 3, Census Tract 4225.10, Maricopa County, Arizona","477","72","0","13","14","21","0","13","0","13","10","16","6","9","14","22","0","13","20","24","0","13","26","28","172","58","52","41","64","50","70","44","29","24",
"1500000US040134225111","Block Group 1, Census Tract 4225.11, Maricopa County, Arizona","453","88","14","17","4","7","5","7","0","13","9","10","8","11","11","12","18","19","22","20","18","18","11","12","54","29","92","41","85","88","57","29","45","24",
"1500000US040134225112","Block Group 2, Census Tract 4225.11, Maricopa County, Arizona","407","56","14","21","9","12","0","13","21","25","0","13","5","9","13","14","12","16","21","19","18","21","60","35","57","20","58","28","55","30","38","18","26","22",
"1500000US040134225121","Block Group 1, Census Tract 4225.12, Maricopa County, Arizona","562","96","0","13","0","13","0","13","0","13","0","13","0","13","9","12","0","13","5","9","28","31","43","48","223","98","85","42","49","29","76","54","44","33",
"1500000US040134225122","Block Group 2, Census Tract 4225.12, Maricopa County, Arizona","359","80","14","22","0","13","0","13","0","13","0","13","0","13","0","13","6","9","12","20","0","13","54","46","67","48","91","53","52","47","34","29","29","26",
"1500000US040134225123","Block Group 3, Census Tract 4225.12, Maricopa County, Arizona","613","168","28","30","5","8","17","20","17","18","0","13","23","36","0","13","9","13","30","32","53","33","52","34","184","133","84","51","7","10","86","49","18","21",
"1500000US040134225131","Block Group 1, Census Tract 4225.13, Maricopa County, Arizona","404","80","7","12","0","13","80","62","30","36","28","21","22","23","20","19","25","23","37","27","40","28","31","32","32","25","43","33","0","13","9","15","0","13",
"1500000US040134225132","Block Group 2, Census Tract 4225.13, Maricopa County, Arizona","562","166","0","13","8","11","13","20","0","13","0","13","48","48","63","50","26","29","0","13","54","50","36","31","180","138","57","53","44","46","25","31","8","10",
"1500000US040134225133","Block Group 3, Census Tract 4225.13, Maricopa County, Arizona","707","160","46","68","0","13","52","61","47","36","0","13","32","41","4","6","3","6","0","13","89","119","76","53","103","59","156","92","48","51","51","32","0","13",
"1500000US040134225141","Block Group 1, Census Tract 4225.14, Maricopa County, Arizona","665","107","15","18","0","13","6","10","53","40","19","31","54","47","7","12","17","20","34","43","47","53","94","49","118","58","134","73","11","13","26","26","30","37",
"1500000US040134225142","Block Group 2, Census Tract 4225.14, Maricopa County, Arizona","978","128","61","51","8","13","6","9","40","50","20","23","12","15","84","80","69","54","87","53","87","53","93","55","107","55","163","67","92","54","34","32","15","17",
"1500000US040134226071","Block Group 1, Census Tract 4226.07, Maricopa County, Arizona","866","193","94","81","29","34","72","88","13","19","68","50","81","57","0","13","13","19","85","69","14","23","122","70","131","72","53","69","0","13","78","79","13","21",
"1500000US040134226072","Block Group 2, Census Tract 4226.07, Maricopa County, Arizona","1004","194","14","23","41","48","49","45","135","113","79","71","61","48","43","32","124","95","42","40","126","100","153","116","106","95","0","13","0","13","17","27","14","22",
"1500000US040134226073","Block Group 3, Census Tract 4226.07, Maricopa County, Arizona","530","129","30","34","59","41","104","77","30","35","0","13","75","86","73","54","0","13","46","42","31","42","15","24","39","39","13","20","15","24","0","13","0","13",
"1500000US040134226091","Block Group 1, Census Tract 4226.09, Maricopa County, Arizona","1185","190","40","43","33","41","51","35","71","40","38","34","89","89","26","24","67","61","16","20","130","108","181","140","195","88","124","76","41","49","20","18","63","38",
"1500000US040134226092","Block Group 2, Census Tract 4226.09, Maricopa County, Arizona","699","195","77","77","9","30","9","13","25","23","12","14","9","13","71","53","17","19","67","45","38","47","71","53","241","175","21","22","17","19","11","17","4","10",
"1500000US040134226101","Block Group 1, Census Tract 4226.10, Maricopa County, Arizona","700","114","53","34","22","25","45","36","41","28","39","41","42","31","43","30","26","24","42","44","42","27","113","66","56","35","63","66","18","18","55","61","0","13",
"1500000US040134226102","Block Group 2, Census Tract 4226.10, Maricopa County, Arizona","969","131","28","24","58","36","46","32","20","20","9","14","102","83","17","19","72","53","75","52","178","90","100","48","86","54","62","38","73","50","10","12","33","26",
"1500000US040134226151","Block Group 1, Census Tract 4226.15, Maricopa County, Arizona","675","174","50","77","0","13","0","13","29","45","0","13","26","30","48","58","12","21","18","29","0","13","164","106","125","86","84","56","93","97","0","13","26","31",
"1500000US040134226152","Block Group 2, Census Tract 4226.15, Maricopa County, Arizona","988","219","0","13","11","19","45","51","13","21","0","13","0","13","69","62","0","13","0","13","16","25","228","168","223","109","114","92","66","57","77","73","126","126",
"1500000US040134226153","Block Group 3, Census Tract 4226.15, Maricopa County, Arizona","497","147","0","13","0","13","0","13","27","42","0","13","0","13","9","17","0","13","126","116","56","55","52","40","104","58","45","55","0","13","15","25","63","61",
"1500000US040134226154","Block Group 4, Census Tract 4226.15, Maricopa County, Arizona","345","162","0","13","0","13","12","19","0","13","10","16","49","61","89","121","24","26","57","63","30","34","10","16","41","34","0","13","0","13","23","35","0","13",
"1500000US040134226171","Block Group 1, Census Tract 4226.17, Maricopa County, Arizona","544","173","0","13","23","25","62","71","20","30","0","13","20","31","10","15","9","15","0","13","27","18","0","13","180","165","105","68","45","38","18","21","25","27",
"1500000US040134226172","Block Group 2, Census Tract 4226.17, Maricopa County, Arizona","714","142","0","13","14","15","26","25","7","10","0","13","35","43","0","13","47","58","8","12","52","37","46","29","174","112","36","31","99","66","115","64","55","36",
"1500000US040134226173","Block Group 3, Census Tract 4226.17, Maricopa County, Arizona","384","154","0","13","0","13","39","56","0","13","0","13","18","23","0","13","0","13","27","28","44","57","45","50","10","14","48","38","109","132","32","24","12","18",
"1500000US040134226174","Block Group 4, Census Tract 4226.17, Maricopa County, Arizona","440","76","0","13","0","13","7","12","0","13","8","12","0","13","14","23","45","43","0","13","59","39","55","44","95","53","42","29","33","32","58","45","24","26",
"1500000US040134226181","Block Group 1, Census Tract 4226.18, Maricopa County, Arizona","767","112","44","37","16","17","47","36","47","33","8","13","65","36","34","32","57","33","47","34","104","54","103","47","107","53","63","34","0","13","8","13","17","18",
"1500000US040134226182","Block Group 2, Census Tract 4226.18, Maricopa County, Arizona","977","185","17","19","32","44","50","27","32","25","24","13","141","94","93","61","24","21","90","100","104","53","81","41","133","71","88","100","54","37","6","10","8","13",
"1500000US040134226201","Block Group 1, Census Tract 4226.20, Maricopa County, Arizona","517","87","4","7","0","13","4","7","0","13","19","25","12","10","3","6","0","13","9","13","44","38","62","40","12","15","109","53","60","33","51","32","128","74",
"1500000US040134226202","Block Group 2, Census Tract 4226.20, Maricopa County, Arizona","387","68","7","11","24","40","12","12","5","10","15","23","13","14","16","16","11","17","4","6","6","10","10","11","48","23","41","31","58","33","50","28","67","36",
"1500000US040134226211","Block Group 1, Census Tract 4226.21, Maricopa County, Arizona","453","94","0","13","0","13","0","13","0","13","13","21","44","38","0","13","0","13","42","47","0","13","8","14","53","36","91","59","55","38","51","50","96","59",
"1500000US040134226212","Block Group 2, Census Tract 4226.21, Maricopa County, Arizona","469","95","15","17","9","14","0","13","0","13","0","13","0","13","22","23","0","13","0","13","32","30","49","37","67","40","166","87","64","45","31","20","14","22",
"1500000US040134226213","Block Group 3, Census Tract 4226.21, Maricopa County, Arizona","316","93","7","11","0","13","0","13","0","13","0","13","0","13","32","27","19","24","0","13","6","10","0","13","37","28","82","75","21","25","67","41","45","36",
"1500000US040134226221","Block Group 1, Census Tract 4226.22, Maricopa County, Arizona","452","131","0","13","18","21","0","13","0","13","65","46","0","13","24","31","8","14","10","16","32","44","12","19","56","41","66","42","78","67","69","87","14","24",
"1500000US040134226222","Block Group 2, Census Tract 4226.22, Maricopa County, Arizona","776","136","32","25","7","11","0","13","19","24","8","12","30","31","48","47","9","14","102","88","81","47","127","74","114","66","29","23","121","86","28","28","21","29",
"1500000US040134226223","Block Group 3, Census Tract 4226.22, Maricopa County, Arizona","162","120","0","13","0","13","0","13","0","13","0","13","0","13","0","13","0","13","12","21","0","13","15","21","0","13","5","9","0","13","94","139","36","51",
"1500000US040134226231","Block Group 1, Census Tract 4226.23, Maricopa County, Arizona","964","237","60","69","0","13","32","33","0","13","30","34","9","14","40","47","67","67","35","56","0","13","29","28","148","81","61","41","240","218","47","34","166","107",
"1500000US040134226232","Block Group 2, Census Tract 4226.23, Maricopa County, Arizona","636","330","59","50","0","13","0","13","0","13","15","24","50","61","0","13","0","13","15","23","50","65","208","328","37","32","67","63","30","33","47","44","58","49",
"1500000US040134226233","Block Group 3, Census Tract 4226.23, Maricopa County, Arizona","819","158","25","28","0","13","29","32","45","51","18","16","69","84","0","13","25","28","49","52","87","69","67","63","237","112","71","56","57","58","40","46","0","13",
"1500000US040134226241","Block Group 1, Census Tract 4226.24, Maricopa County, Arizona","881","267","92","63","31","25","182","229","60","32","19","20","51","42","48","35","114","65","43","28","139","80","9","14","42","45","43","30","0","13","8","12","0","13",
"1500000US040134226242","Block Group 2, Census Tract 4226.24, Maricopa County, Arizona","692","124","67","53","35","24","42","28","0","13","41","28","40","29","36","28","17","19","61","36","85","43","88","52","75","46","31","25","39","41","26","24","9","14",
"1500000US040134226251","Block Group 1, Census Tract 4226.25, Maricopa County, Arizona","851","194","18","20","11","17","145","128","110","81","58","39","27","26","29","47","48","56","7","12","73","58","77","55","97","62","18","25","85","71","0","13","48","71",
"1500000US040134226252","Block Group 2, Census Tract 4226.25, Maricopa County, Arizona","955","143","71","53","113","67","75","53","121","74","48","49","82","56","65","46","86","72","58","47","114","54","65","51","9","15","48","40","0","13","0","13","0","13",
"1500000US040134226253","Block Group 3, Census Tract 4226.25, Maricopa County, Arizona","177","72","8","14","0","13","0","13","13","20","19","18","0","13","14","16","10","16","4","10","41","33","0","13","0","13","59","72","0","13","0","13","9","14",
"1500000US040134226261","Block Group 1, Census Tract 4226.26, Maricopa County, Arizona","878","144","58","31","37","38","56","52","52","34","81","55","26","25","54","36","71","66","106","80","105","58","85","81","106","71","25","27","16","18","0","13","0","13",
"1500000US040134226262","Block Group 2, Census Tract 4226.26, Maricopa County, Arizona","628","239","0","13","142","175","72","48","23","22","17","19","24","22","22","18","17","18","33","42","13","14","105","79","40","30","43","47","40","42","29","48","8","13",
"1500000US040134226271","Block Group 1, Census Tract 4226.27, Maricopa County, Arizona","417","95","0","13","49","50","31","38","5","10","45","42","15","23","31","49","26","40","50","61","31","32","40","38","31","41","23","28","9","16","17","19","14","24",
"1500000US040134226272","Block Group 2, Census Tract 4226.27, Maricopa County, Arizona","322","73","0","13","17","27","9","15","0","13","11","17","7","12","46","32","0","13","0","13","13","22","33","41","21","23","76","65","89","57","0","13","0","13",
"1500000US040134226273","Block Group 3, Census Tract 4226.27, Maricopa County, Arizona","717","165","11","17","146","70","79","67","88","45","32","30","46","31","49","58","116","128","44","56","40","24","23","26","12","18","22","25","0","13","0","13","9","14",
"1500000US040134226281","Block Group 1, Census Tract 4226.28, Maricopa County, Arizona","210","94","8","12","10","17","68","68","10","16","9","15","18","19","0","13","29","49","0","13","27","27","5","9","13","17","0","13","0","13","0","13","13","20",
"1500000US040134226282","Block Group 2, Census Tract 4226.28, Maricopa County, Arizona","614","171","19","19","56","58","139","122","54","62","108","92","68","69","40","37","12","18","0","13","46","51","41","40","31","28","0","13","0","13","0","13","0","13",
"1500000US040134226283","Block Group 3, Census Tract 4226.28, Maricopa County, Arizona","672","201","17","14","9","15","133","76","67","59","36","31","134","150","54","52","48","38","30","46","7","11","0","13","32","31","71","51","0","13","34","57","0","13",
"1500000US040134226291","Block Group 1, Census Tract 4226.29, Maricopa County, Arizona","903","192","45","31","28","25","9","15","62","54","8","14","49","51","45","31","56","49","102","107","48","40","247","140","97","48","18","20","36","30","9","15","44","50",
"1500000US040134226292","Block Group 2, Census Tract 4226.29, Maricopa County, Arizona","383","146","18","23","0","13","10","15","0","13","0","13","0","13","16","25","9","15","10","15","59","47","27","31","151","139","47","32","16","22","0","13","20","27",
"1500000US040134226301","Block Group 1, Census Tract 4226.30, Maricopa County, Arizona","1457","225","104","62","34","28","47","36","73","52","97","66","131","74","118","64","62","56","51","35","151","71","285","190","191","94","90","74","14","16","9","14","0","13",
"1500000US040134226302","Block Group 2, Census Tract 4226.30, Maricopa County, Arizona","532","130","9","14","15","17","102","76","22","21","45","46","27","33","73","64","11","17","58","50","83","71","31","29","37","31","12","18","0","13","7","12","0","13",
"1500000US040134226321","Block Group 1, Census Tract 4226.32, Maricopa County, Arizona","588","105","47","43","8","13","41","31","34","25","72","58","24","21","10","16","8","14","46","45","91","52","102","53","81","39","9","14","0","13","15","16","0","13",
"1500000US040134226322","Block Group 2, Census Tract 4226.32, Maricopa County, Arizona","767","205","134","178","11","16","33","40","9","14","36","28","49","36","28","24","32","33","11","16","60","34","47","30","214","89","25","24","54","52","15","23","9","15",
"1500000US040134226323","Block Group 3, Census Tract 4226.32, Maricopa County, Arizona","401","133","8","12","0","13","0","13","9","14","0","13","44","37","8","13","26","41","23","21","8","13","43","28","74","58","92","102","22","25","26","28","18","21",
"1500000US040134226331","Block Group 1, Census Tract 4226.33, Maricopa County, Arizona","153","68","32","28","0","13","0","13","0","13","0","13","16","24","36","44","0","13","10","17","9","15","5","9","23","31","16","26","6","9","0","13","0","13",
"1500000US040134226332","Block Group 2, Census Tract 4226.33, Maricopa County, Arizona","1096","155","17","17","82","58","6","9","16","28","99","70","88","60","59","40","99","59","153","115","85","68","225","104","123","96","16","23","0","13","19","23","9","14",
"1500000US040134226341","Block Group 1, Census Tract 4226.34, Maricopa County, Arizona","1136","180","78","52","84","44","59","49","79","56","57","38","148","103","26","23","61","38","43","36","57","53","268","102","100","54","28","25","9","13","21","24","18","15",
"1500000US040134226342","Block Group 2, Census Tract 4226.34, Maricopa County, Arizona","659","132","42","52","0","13","59","60","56","60","56","46","9","14","49","34","32","31","52","51","60","35","25","26","64","37","57","41","72","69","24","39","2","3",
"1500000US040134226361","Block Group 1, Census Tract 4226.36, Maricopa County, Arizona","752","106","13","17","0","13","0","13","71","64","38","32","48","41","38","31","8","14","21","34","57","45","177","61","156","70","44","41","32","27","43","34","6","11",
"1500000US040134226362","Block Group 2, Census Tract 4226.36, Maricopa County, Arizona","62","56","16","24","0","13","0","13","1","3","0","13","0","13","0","13","9","15","0","13","0","13","0","13","4","6","32","50","0","13","0","13","0","13",
"1500000US040134226363","Block Group 3, Census Tract 4226.36, Maricopa County, Arizona","302","107","8","13","0","13","0","13","0","13","27","43","15","23","7","12","43","34","23","36","9","15","0","13","103","92","67","57","0","13","0","13","0","13",
"1500000US040134226371","Block Group 1, Census Tract 4226.37, Maricopa County, Arizona","508","148","16","25","14","23","0","13","0","13","7","12","4","9","39","47","92","101","0","13","28","31","72","54","30","32","114","91","29","30","57","57","6","9",
"1500000US040134226372","Block Group 2, Census Tract 4226.37, Maricopa County, Arizona","724","136","23","26","9","16","32","32","15","22","0","13","0","13","17","20","53","59","40","45","88","50","84","61","91","73","63","44","125","113","49","36","35","43",
"1500000US040134226381","Block Group 1, Census Tract 4226.38, Maricopa County, Arizona","974","197","18","30","0","13","0","13","10","16","55","49","18","20","32","38","16","26","131","177","175","88","160","90","82","46","131","72","40","34","65","55","41","29",
"1500000US040134226382","Block Group 2, Census Tract 4226.38, Maricopa County, Arizona","618","231","56","36","9","15","153","196","36","28","45","48","58","55","0","13","57","60","7","12","20","29","62","60","24","38","80","68","0","13","11","18","0","13",
"1500000US040134226391","Block Group 1, Census Tract 4226.39, Maricopa County, Arizona","1613","326","131","96","27","31","52","43","27","31","78","50","80","73","43","40","127","96","110","77","136","97","70","45","218","122","283","291","26","30","161","124","44","41",
"1500000US040134226392","Block Group 2, Census Tract 4226.39, Maricopa County, Arizona","599","127","14","23","0","13","42","32","40","37","27","30","43","35","27","31","68","74","13","21","41","37","41","37","47","43","0","13","90","69","27","32","79","69",
"1500000US040134226393","Block Group 3, Census Tract 4226.39, Maricopa County, Arizona","172","100","38","61","0","13","0","13","37","19","0","13","0","13","0","13","0","13","14","22","29","33","54","69","0","13","0","13","0","13","0","13","0","13",
"1500000US040134226401","Block Group 1, Census Tract 4226.40, Maricopa County, Arizona","382","129","0","13","0","13","0","13","0","13","0","13","0","13","32","39","0","13","6","9","65","69","100","79","85","89","7","18","87","70","0","13","0","13",
"1500000US040134226402","Block Group 2, Census Tract 4226.40, Maricopa County, Arizona","476","199","0","13","7","11","0","13","0","13","0","13","27","29","0","13","0","13","28","44","15","26","131","168","58","42","125","78","49","45","0","13","36","44",
"1500000US040134226403","Block Group 3, Census Tract 4226.40, Maricopa County, Arizona","521","121","28","28","9","14","0","13","20","23","45","33","41","33","47","37","44","33","21","21","115","97","49","29","60","43","6","12","13","15","8","13","15","23",
"1500000US040134226404","Block Group 4, Census Tract 4226.40, Maricopa County, Arizona","663","153","37","29","14","23","34","38","19","25","57","51","32","24","8","12","32","28","58","63","77","72","75","53","126","60","68","98","8","13","18","29","0","13",
"1500000US040134226421","Block Group 1, Census Tract 4226.42, Maricopa County, Arizona","840","124","17","18","0","13","18","21","37","42","44","47","22","20","27","34","19","20","21","22","17","19","83","53","115","63","111","49","88","42","153","81","68","48",
"1500000US040134226422","Block Group 2, Census Tract 4226.42, Maricopa County, Arizona","416","80","0","13","0","13","0","13","50","48","29","27","7","11","9","13","9","13","29","27","9","16","110","58","46","43","73","42","36","32","9","14","0","13",
"1500000US040134226423","Block Group 3, Census Tract 4226.42, Maricopa County, Arizona","709","255","9","15","0","13","4","8","0","13","0","13","0","13","9","14","0","13","27","24","51","52","103","70","104","62","51","35","37","31","246","258","68","37",
"1500000US040134226431","Block Group 1, Census Tract 4226.43, Maricopa County, Arizona","436","82","0","13","0","13","28","34","0","13","0","13","20","22","14","24","0","13","16","27","19","18","26","26","122","70","52","35","52","32","58","44","29","24",
"1500000US040134226432","Block Group 2, Census Tract 4226.43, Maricopa County, Arizona","557","165","0","13","0","13","0","13","48","62","0","13","0","13","7","12","23","26","24","36","20","24","71","51","128","137","103","49","95","66","27","23","11","17",
"1500000US040134226433","Block Group 3, Census Tract 4226.43, Maricopa County, Arizona","620","204","7","10","0","13","9","14","0","13","6","9","44","59","0","13","0","13","23","32","16","18","66","56","86","56","149","77","32","39","37","37","145","179",
"1500000US040134226434","Block Group 4, Census Tract 4226.43, Maricopa County, Arizona","352","101","8","12","0","13","0","13","0","13","0","13","21","23","0","13","68","68","0","13","8","12","48","40","56","33","80","49","33","37","30","27","0","13",
"1500000US040134226471","Block Group 1, Census Tract 4226.47, Maricopa County, Arizona","801","163","18","29","0","13","0","13","0","13","0","13","0","13","0","13","0","13","0","13","10","16","63","49","133","92","41","40","293","122","157","113","86","58",
"1500000US040134226472","Block Group 2, Census Tract 4226.47, Maricopa County, Arizona","801","173","0","13","0","13","0","13","34","58","0","13","0","13","0","13","0","13","0","13","61","82","40","65","97","96","181","121","123","58","202","102","63","52",
"1500000US040134226481","Block Group 1, Census Tract 4226.48, Maricopa County, Arizona","393","97","0","13","0","13","0","13","0","13","17","28","0","13","0","13","0","13","0","13","49","49","0","13","34","39","46","45","69","49","110","95","68","77",
"1500000US040134226482","Block Group 2, Census Tract 4226.48, Maricopa County, Arizona","790","200","18","28","0","13","0","13","34","38","0","13","0","13","18","28","0","13","0","13","7","11","35","40","154","153","92","65","111","67","85","73","236","134",
"1500000US040134226483","Block Group 3, Census Tract 4226.48, Maricopa County, Arizona","527","115","0","13","0","13","0","13","0","13","0","13","0","13","0","13","17","27","17","28","32","37","0","13","34","36","17","28","151","81","118","69","141","106",
"1500000US040134226491","Block Group 1, Census Tract 4226.49, Maricopa County, Arizona","387","117","0","13","0","13","0","13","0","13","0","13","0","13","49","72","13","21","21","36","50","60","33","41","36","35","67","58","47","76","45","48","26","30",
"1500000US040134226492","Block Group 2, Census Tract 4226.49, Maricopa County, Arizona","511","147","0","13","0","13","0","13","0","13","0","13","0","13","50","61","14","25","11","20","0","13","28","32","229","119","46","72","77","88","50","39","6","10",
"1500000US040134226493","Block Group 3, Census Tract 4226.49, Maricopa County, Arizona","992","296","0","13","0","13","0","13","0","13","0","13","0","13","0","13","23","38","0","13","80","109","185","216","100","95","196","212","147","85","89","72","172","97",
"1500000US040134226501","Block Group 1, Census Tract 4226.50, Maricopa County, Arizona","1036","224","16","26","0","13","14","22","12","19","32","35","15","24","39","45","193","187","46","45","89","74","70","72","91","59","115","58","159","88","117","144","28","32",
"1500000US040134226511","Block Group 1, Census Tract 4226.51, Maricopa County, Arizona","389","95","0","13","0","13","0","13","0","13","18","30","0","13","0","13","17","27","0","13","34","39","35","41","63","57","45","40","0","13","67","79","110","69",
"1500000US040134226512","Block Group 2, Census Tract 4226.51, Maricopa County, Arizona","438","156","0","13","0","13","0","13","0","13","0","13","16","25","18","31","0","13","0","13","75","99","14","26","107","71","16","26","25","31","31","36","136","109",
"1500000US040134226513","Block Group 3, Census Tract 4226.51, Maricopa County, Arizona","274","68","0","13","0","13","15","24","0","13","0","13","0","13","0","13","0","13","14","23","0","13","61","60","78","63","26","32","32","32","16","26","32","29",
"1500000US040134226521","Block Group 1, Census Tract 4226.52, Maricopa County, Arizona","1034","190","85","96","15","24","63","64","32","35","60","70","31","34","57","44","65","53","75","70","97","52","168","118","99","62","113","61","12","21","16","26","46","43",
"1500000US040134226522","Block Group 2, Census Tract 4226.52, Maricopa County, Arizona","476","102","0","13","0","13","29","34","38","43","0","13","31","34","0","13","20","33","48","44","92","84","0","13","76","53","66","47","49","45","0","13","27","31",
"1500000US040134226531","Block Group 1, Census Tract 4226.53, Maricopa County, Arizona","882","163","50","56","7","11","67","59","56","50","23","23","23","21","98","75","38","27","123","79","74","55","87","61","168","86","40","27","18","21","0","13","10","15",
"1500000US040134226532","Block Group 2, Census Tract 4226.53, Maricopa County, Arizona","797","171","0","13","0","13","0","13","14","18","13","22","98","121","68","56","4","6","11","20","135","84","59","52","158","72","89","58","60","49","43","31","45","41",
"1500000US040134226541","Block Group 1, Census Tract 4226.54, Maricopa County, Arizona","707","148","17","28","0","13","0","13","0","13","13","22","15","25","31","47","10","16","0","13","0","13","83","105","94","61","62","42","86","58","102","88","194","96",
"1500000US040134226542","Block Group 2, Census Tract 4226.54, Maricopa County, Arizona","360","74","1","2","0","13","0","13","0","13","0","13","0","13","0","13","0","13","0","13","69","62","37","29","56","41","57","42","18","28","107","66","15","19",
"1500000US040134226543","Block Group 3, Census Tract 4226.54, Maricopa County, Arizona","395","93","0","13","7","14","0","13","0","13","28","28","0","13","0","13","0","13","0","13","90","72","60","53","46","53","51","75","50","41","56","39","7","11",
"1500000US040134226551","Block Group 1, Census Tract 4226.55, Maricopa County, Arizona","709","153","30","34","33","44","33","33","19","25","74","72","22","36","51","59","43","44","46","59","30","41","57","70","90","59","125","104","27","28","24","39","5","10",
"1500000US040134226552","Block Group 2, Census Tract 4226.55, Maricopa County, Arizona","458","170","0","13","0","13","14","17","0","13","0","13","0","13","0","13","8","13","0","13","48","69","34","26","199","153","67","59","58","79","29","40","1","2",
"1500000US040134226561","Block Group 1, Census Tract 4226.56, Maricopa County, Arizona","502","119","23","33","0","13","0","13","0","13","22","33","18","30","0","13","0","13","0","13","0","13","11","18","20","30","52","51","76","64","45","42","235","118",
"1500000US040134226562","Block Group 2, Census Tract 4226.56, Maricopa County, Arizona","417","94","17","27","0","13","0","13","0","13","0","13","0","13","0","13","14","23","0","13","54","66","31","44","40","40","43","48","60","46","12","19","146","110",
"1500000US040134226563","Block Group 3, Census Tract 4226.56, Maricopa County, Arizona","308","212","0","13","0","13","0","13","0","13","0","13","52","84","0","13","0","13","0","13","21","33","0","13","0","13","13","24","0","13","24","40","198","197",
"1500000US040134226571","Block Group 1, Census Tract 4226.57, Maricopa County, Arizona","485","99","0","13","16","26","0","13","0","13","18","30","17","27","45","70","15","24","0","13","59","79","43","41","62","54","54","52","34","36","61","75","61","50",
"1500000US040134226572","Block Group 2, Census Tract 4226.57, Maricopa County, Arizona","182","75","0","13","0","13","0","13","0","13","0","13","0","13","0","13","0","13","0","13","0","13","34","38","0","13","57","56","38","42","17","28","36","36",
"1500000US040134226573","Block Group 3, Census Tract 4226.57, Maricopa County, Arizona","454","109","45","68","0","13","16","27","0","13","0","13","28","33","19","29","0","13","13","24","49","46","19","29","35","39","141","91","51","39","17","19","21","34",
"1500000US040134226581","Block Group 1, Census Tract 4226.58, Maricopa County, Arizona","385","156","0","13","0","13","0","13","0","13","0","13","0","13","23","37","0","13","0","13","17","27","41","37","58","49","52","64","10","16","30","34","154","148",
"1500000US040134226582","Block Group 2, Census Tract 4226.58, Maricopa County, Arizona","465","109","44","47","0","13","0","13","0","13","0","13","0","13","0","13","0","13","0","13","0","13","86","65","25","33","41","51","98","70","92","59","79","67",
"1500000US040134226591","Block Group 1, Census Tract 4226.59, Maricopa County, Arizona","896","140","57","26","27","44","15","14","5","8","28","20","92","89","14","13","43","30","31","20","102","71","141","51","177","68","70","36","56","41","18","20","20","24",
"1500000US040134226601","Block Group 1, Census Tract 4226.60, Maricopa County, Arizona","1249","235","10","14","63","74","4","6","28","31","42","30","122","91","68","53","22","27","66","55","125","56","166","90","216","87","131","79","160","193","26","30","0","13",
"1500000US040134226602","Block Group 2, Census Tract 4226.60, Maricopa County, Arizona","699","108","29","31","0","13","0","13","5","9","0","13","30","29","22","24","13","16","12","20","90","74","94","73","137","62","58","44","98","60","53","43","58","66",
"1500000US040135228011","Block Group 1, Census Tract 5228.01, Maricopa County, Arizona","0","13","0","13","0","13","0","13","0","13","0","13","0","13","0","13","0","13","0","13","0","13","0","13","0","13","0","13","0","13","0","13","0","13",
"1500000US040135228021","Block Group 1, Census Tract 5228.02, Maricopa County, Arizona","223","65","9","10","11","12","41","49","0","13","21","22","37","28","11","11","0","13","26","28","19","18","26","21","18","16","4","6","0","13","0","13","0","13",
"1500000US040135229011","Block Group 1, Census Tract 5229.01, Maricopa County, Arizona","706","109","0","13","14","12","14","15","7","11","6","11","44","36","28","26","60","49","96","54","52","40","98","53","176","65","75","44","0","13","28","28","8","12",
"1500000US040135229012","Block Group 2, Census Tract 5229.01, Maricopa County, Arizona","925","167","37","43","23","20","13","17","48","46","44","42","23","25","36","36","5","8","10","13","71","56","87","49","191","144","132","61","55","40","121","107","29","30",
"1500000US040135229013","Block Group 3, Census Tract 5229.01, Maricopa County, Arizona","181","75","8","14","0","13","0","13","11","18","2","11","0","13","0","13","7","11","0","13","18","27","34","42","53","52","48","31","0","13","0","13","0","13",
"1500000US040135229031","Block Group 1, Census Tract 5229.03, Maricopa County, Arizona","686","178","48","48","92","58","37","52","47","37","55","48","45","43","16","19","157","164","14","24","78","66","47","30","50","40","0","13","0","13","0","13","0","13",
"1500000US040135229032","Block Group 2, Census Tract 5229.03, Maricopa County, Arizona","381","206","130","184","0","13","17","27","43","44","19","29","65","52","36","38","5","8","0","13","0","13","32","28","34","41","0","13","0","13","0","13","0","13",
"1500000US040135229033","Block Group 3, Census Tract 5229.03, Maricopa County, Arizona","530","138","58","60","14","26","24","34","0","13","47","44","34","29","52","51","41","35","28","42","0","13","55","55","97","86","25","28","37","44","15","18","3","5",
"1500000US040135229041","Block Group 1, Census Tract 5229.04, Maricopa County, Arizona","318","81","29","36","10","17","0","13","11","19","0","13","16","18","7","12","22","28","31","48","42","36","47","32","44","32","23","26","36","42","0","13","0","13",
"1500000US040135229042","Block Group 2, Census Tract 5229.04, Maricopa County, Arizona","682","162","12","19","0","13","27","38","9","13","0","13","24","28","29","32","38","63","74","60","41","27","83","59","135","70","160","104","26","29","10","12","14","17",
"1500000US040135229043","Block Group 3, Census Tract 5229.04, Maricopa County, Arizona","324","95","17","19","0","13","23","24","73","55","48","48","10","16","16","25","9","16","19","30","48","49","28","30","6","10","7","11","7","13","13","18","0","13",
"1500000US040135230021","Block Group 1, Census Tract 5230.02, Maricopa County, Arizona","392","133","63","84","0","13","0","13","10","16","32","44","48","46","29","33","0","13","11","18","35","41","60","46","66","44","0","13","29","43","9","14","0","13",
"1500000US040135230022","Block Group 2, Census Tract 5230.02, Maricopa County, Arizona","510","119","129","82","20","23","35","35","30","48","0","13","13","21","47","49","0","13","0","13","27","25","37","35","27","21","92","58","10","16","43","42","0","13",
"1500000US040135230023","Block Group 3, Census Tract 5230.02, Maricopa County, Arizona","434","106","0","13","46","46","18","20","9","14","14","16","0","13","23","35","54","55","0","13","11","13","73","53","123","79","0","13","33","22","24","28","6","11",
"1500000US040135230024","Block Group 4, Census Tract 5230.02, Maricopa County, Arizona","210","88","60","61","0","13","27","43","9","13","5","8","49","39","10","15","0","13","8","14","2","4","0","13","36","37","0","13","4","6","0","13","0","13",
"1500000US040135230051","Block Group 1, Census Tract 5230.05, Maricopa County, Arizona","848","143","12","15","8","12","41","34","41","41","19","29","28","21","51","38","0","13","17","18","80","56","68","36","98","56","185","109","97","79","46","31","57","35",
"1500000US040135230052","Block Group 2, Census Tract 5230.05, Maricopa County, Arizona","524","86","8","12","7","11","0","13","22","20","19","19","6","10","0","13","18","22","13","15","6","11","98","74","102","51","99","53","63","51","47","49","16","19",
"1500000US040135230053","Block Group 3, Census Tract 5230.05, Maricopa County, Arizona","553","173","77","113","37","46","5","8","0","13","6","9","7","10","0","13","10","15","8","11","12","14","134","130","90","47","114","57","12","16","33","30","8","13",
"1500000US040135230061","Block Group 1, Census Tract 5230.06, Maricopa County, Arizona","356","123","0","13","0","13","0","13","54","82","18","27","17","30","95","72","0","13","0","13","0","13","79","50","5","14","42","43","30","35","16","28","0","13",
"1500000US040135230062","Block Group 2, Census Tract 5230.06, Maricopa County, Arizona","451","109","16","25","0","13","17","28","0","13","0","13","0","13","37","43","50","62","15","25","41","41","37","40","113","50","48","36","0","13","26","41","51","48",
"1500000US040135230063","Block Group 3, Census Tract 5230.06, Maricopa County, Arizona","788","196","165","183","9","14","0","13","0","13","15","21","79","111","36","46","60","70","64","70","18","32","66","54","50","80","103","85","0","13","0","13","123","84",
"1500000US040135230064","Block Group 4, Census Tract 5230.06, Maricopa County, Arizona","509","150","39","45","0","13","0","13","0","13","13","21","48","50","22","33","0","13","0","13","12","19","89","72","167","134","18","29","21","35","80","94","0","13",
"1500000US040135230071","Block Group 1, Census Tract 5230.07, Maricopa County, Arizona","387","105","0","13","7","13","10","19","55","66","9","14","11","20","0","13","57","36","14","24","16","31","99","86","24","31","17","22","2","10","22","24","44","53",
"1500000US040135230072","Block Group 2, Census Tract 5230.07, Maricopa County, Arizona","810","212","56","46","0","13","18","29","40","60","12","21","18","40","77","92","20","24","7","12","74","85","196","161","92","61","94","67","48","35","37","40","21","27",
"1500000US040135230081","Block Group 1, Census Tract 5230.08, Maricopa County, Arizona","346","101","12","20","10","18","26","31","0","13","0","13","26","47","48","52","22","26","22","31","41","48","39","40","52","68","20","28","0","13","14","24","14","22",
"1500000US040135230082","Block Group 2, Census Tract 5230.08, Maricopa County, Arizona","909","155","69","72","74","69","43","56","18","25","65","63","62","66","73","62","12","19","10","17","157","94","74","49","163","104","28","43","54","47","7","11","0","13",
"1500000US040135231021","Block Group 1, Census Tract 5231.02, Maricopa County, Arizona","608","121","27","40","35","32","60","66","57","46","19","28","53","38","54","49","23","37","39","44","53","43","39","27","11","17","83","57","7","12","31","32","17","25",
"1500000US040135231022","Block Group 2, Census Tract 5231.02, Maricopa County, Arizona","211","64","10","15","0","13","0","13","0","13","0","13","0","13","0","13","44","38","28","42","19","22","66","42","8","13","36","28","0","13","0","13","0","13",
"1500000US040135231023","Block Group 3, Census Tract 5231.02, Maricopa County, Arizona","539","172","9","13","4","9","0","13","5","8","28","23","7","12","27","42","0","13","13","15","0","13","135","111","177","120","31","32","27","23","50","40","26","40",
"1500000US040135231024","Block Group 4, Census Tract 5231.02, Maricopa County, Arizona","424","91","24","37","22","36","68","52","15","19","14","17","18","28","44","49","38","42","64","58","8","13","65","46","4","9","22","36","0","13","18","29","0","13",
"1500000US040135231031","Block Group 1, Census Tract 5231.03, Maricopa County, Arizona","775","174","16","26","27","30","24","28","12","20","56","65","172","115","51","41","64","82","0","13","167","147","28","33","28","42","60","37","10","16","55","57","5","8",
"1500000US040135231032","Block Group 2, Census Tract 5231.03, Maricopa County, Arizona","501","96","16","18","0","13","0","13","0","13","0","13","0","13","18","29","62","65","0","13","60","75","19","24","71","58","106","82","54","53","81","49","14","23",
"1500000US040135231033","Block Group 3, Census Tract 5231.03, Maricopa County, Arizona","676","167","56","66","14","22","35","54","20","31","11","18","13","21","27","42","0","13","35","32","117","110","43","41","122","65","104","105","67","74","12","20","0","13",
"1500000US040135231034","Block Group 4, Census Tract 5231.03, Maricopa County, Arizona","547","174","0","13","0","13","39","47","51","62","12","21","87","73","0","13","12","20","13","20","10","15","11","18","59","56","67","65","65","52","114","133","7","11",
"1500000US040135231041","Block Group 1, Census Tract 5231.04, Maricopa County, Arizona","1030","266","53","59","33","54","0","13","13","20","0","13","73","69","0","13","16","25","36","45","137","128","390","202","46","44","109","91","0","13","30","48","94","111",
"1500000US040135231042","Block Group 2, Census Tract 5231.04, Maricopa County, Arizona","546","170","49","54","73","85","50","66","36","54","0","13","79","102","0","13","96","90","49","59","77","78","18","29","0","13","19","32","0","13","0","13","0","13",
"1500000US040135231043","Block Group 3, Census Tract 5231.04, Maricopa County, Arizona","339","148","65","54","49","74","0","13","63","71","50","77","0","13","0","13","23","28","60","76","0","13","20","40","9","14","0","13","0","13","0","13","0","13",
"1500000US040135231044","Block Group 4, Census Tract 5231.04, Maricopa County, Arizona","711","305","34","38","17","27","0","13","11","18","26","38","0","13","0","13","11","16","0","13","0","13","0","13","87","70","112","91","121","111","9","24","283","271",
"1500000US040136100011","Block Group 1, Census Tract 6100.01, Maricopa County, Arizona","812","152","20","33","20","30","52","82","29","43","0","13","0","13","0","13","28","38","44","51","98","72","68","72","179","126","59","51","132","122","58","54","25","32",
"1500000US040136100021","Block Group 1, Census Tract 6100.02, Maricopa County, Arizona","31","43","0","13","0","13","0","13","0","13","0","13","0","13","0","13","0","13","0","13","3","15","0","13","28","39","0","13","0","13","0","13","0","13",
"1500000US040136100022","Block Group 2, Census Tract 6100.02, Maricopa County, Arizona","787","443","0","13","22","34","17","27","20","32","0","13","0","13","23","36","0","13","0","13","69","95","36","43","119","79","83","69","19","30","347","425","32","35",
"1500000US040136100023","Block Group 3, Census Tract 6100.02, Maricopa County, Arizona","631","157","58","52","0","13","0","13","0","13","0","13","0","13","0","13","27","40","0","13","0","13","75","98","124","75","81","62","143","119","92","54","31","36",
"1500000US040136100024","Block Group 4, Census Tract 6100.02, Maricopa County, Arizona","469","133","43","62","0","13","17","28","0","13","0","13","18","29","19","30","0","13","0","13","0","13","49","39","28","36","93","87","65","57","82","85","55","68",
"1500000US040136101001","Block Group 1, Census Tract 6101, Maricopa County, Arizona","265","61","7","11","0","13","16","15","4","7","0","13","8","12","6","11","29","29","0","13","8","12","37","22","46","38","9","11","24","19","42","31","29","22",
"1500000US040136102011","Block Group 1, Census Tract 6102.01, Maricopa County, Arizona","1068","186","128","90","21","34","12","18","0","13","0","13","48","56","58","59","0","13","25","41","42","39","40","49","112","85","77","56","174","129","57","53","274","136",
"1500000US040136102012","Block Group 2, Census Tract 6102.01, Maricopa County, Arizona","911","258","0","13","0","13","135","209","60","66","18","25","26","42","8","16","46","52","56","56","16","25","33","40","87","77","106","71","168","82","74","57","78","70",
"1500000US040136102021","Block Group 1, Census Tract 6102.02, Maricopa County, Arizona","207","75","0","13","0","13","0","13","0","13","0","13","0","13","0","13","0","13","0","13","18","28","0","13","34","31","17","26","0","13","11","18","127","85",
"1500000US040136102022","Block Group 2, Census Tract 6102.02, Maricopa County, Arizona","761","154","0","13","0","13","31","36","0","13","22","34","16","25","44","41","46","71","96","77","44","44","16","27","13","22","164","133","61","60","75","53","133","86",
"1500000US040136102023","Block Group 3, Census Tract 6102.02, Maricopa County, Arizona","673","142","27","33","14","23","0","13","0","13","0","13","0","13","58","51","0","13","58","55","28","34","91","65","94","73","118","69","30","38","29","47","126","70",
"1500000US040136103011","Block Group 1, Census Tract 6103.01, Maricopa County, Arizona","434","110","14","25","16","25","0","13","6","9","47","76","0","13","15","24","0","13","29","34","5","8","36","56","47","74","74","78","38","60","39","37","68","66",
"1500000US040136103012","Block Group 2, Census Tract 6103.01, Maricopa County, Arizona","704","127","67","66","0","13","0","13","0","13","10","16","109","82","0","13","44","45","49","48","18","30","64","73","68","50","120","64","94","82","29","34","32","36",
"1500000US040136103021","Block Group 1, Census Tract 6103.02, Maricopa County, Arizona","841","290","16","23","50","59","0","13","0","13","0","13","15","25","16","27","0","13","0","13","15","26","207","246","45","43","85","52","140","88","171","123","81","54",
"1500000US040136103022","Block Group 2, Census Tract 6103.02, Maricopa County, Arizona","1221","167","45","69","0","13","29","33","0","13","19","30","47","59","44","65","31","36","0","13","0","13","72","52","191","92","366","164","89","60","77","61","211","116",
"1500000US040136104001","Block Group 1, Census Tract 6104, Maricopa County, Arizona","570","169","0","13","0","13","11","17","0","13","48","54","0","13","0","13","12","19","0","13","5","9","63","98","58","61","120","88","42","37","169","81","42","45",
"1500000US040136104002","Block Group 2, Census Tract 6104, Maricopa County, Arizona","207","70","0","13","0","13","0","13","0","13","5","9","0","13","34","48","38","40","12","18","0","13","12","20","50","41","0","13","45","34","11","17","0","13",
"1500000US040136104003","Block Group 3, Census Tract 6104, Maricopa County, Arizona","414","115","10","16","0","13","9","13","12","14","17","19","5","8","9","13","66","67","0","13","9","17","69","52","126","94","26","25","31","30","11","16","14","17",
"1500000US040136104004","Block Group 4, Census Tract 6104, Maricopa County, Arizona","682","128","8","12","26","27","0","13","0","13","0","13","0","13","13","16","0","13","0","13","14","22","73","53","131","70","55","34","143","68","85","72","134","89",
"1500000US040136105001","Block Group 1, Census Tract 6105, Maricopa County, Arizona","563","224","0","13","0","13","0","13","0","13","48","77","52","48","21","35","19","31","0","13","27","44","39","45","0","13","71","49","18","28","18","28","250","252",
"1500000US040136105002","Block Group 2, Census Tract 6105, Maricopa County, Arizona","740","248","17","28","0","13","0","13","0","13","0","13","0","13","0","13","21","32","19","30","74","57","72","88","173","221","58","54","116","109","110","97","80","67",
"1500000US040136105003","Block Group 3, Census Tract 6105, Maricopa County, Arizona","1338","556","20","33","0","13","0","13","0","13","0","13","25","31","0","13","0","13","57","43","19","30","128","102","468","563","125","102","105","97","211","134","180","103",
"1500000US040136105004","Block Group 4, Census Tract 6105, Maricopa County, Arizona","440","107","19","30","0","13","18","29","0","13","0","13","20","32","19","30","19","31","0","13","16","25","36","40","37","42","127","81","37","46","52","40","40","45",
"1500000US040136106001","Block Group 1, Census Tract 6106, Maricopa County, Arizona","82","69","0","13","0","13","0","13","0","13","0","13","0","13","0","13","0","13","0","13","18","28","0","13","0","13","0","13","0","13","48","57","16","26",
"1500000US040136106002","Block Group 2, Census Tract 6106, Maricopa County, Arizona","859","182","0","13","19","31","0","13","42","40","63","81","0","13","0","13","126","87","70","52","51","58","40","41","130","79","227","145","73","64","18","30","0","13",
"1500000US040136106003","Block Group 3, Census Tract 6106, Maricopa County, Arizona","660","212","0","13","0","13","0","13","0","13","10","18","0","13","0","13","0","13","0","13","0","13","82","66","85","93","135","78","104","79","166","169","78","59",
"1500000US040136106004","Block Group 4, Census Tract 6106, Maricopa County, Arizona","478","118","56","80","0","13","0","13","0","13","0","13","19","31","12","19","0","13","0","13","0","13","46","45","54","55","16","25","85","72","76","45","114","81",
"1500000US040136107001","Block Group 1, Census Tract 6107, Maricopa County, Arizona","953","166","27","31","0","13","72","85","45","51","0","13","0","13","19","29","20","32","23","37","8","12","60","57","172","104","210","98","79","79","87","82","131","70",
"1500000US040136107002","Block Group 2, Census Tract 6107, Maricopa County, Arizona","229","140","8","20","0","13","0","13","0","13","0","13","23","37","0","13","0","13","0","13","20","33","2","3","48","41","0","13","26","43","12","21","90","118",
"1500000US040136107003","Block Group 3, Census Tract 6107, Maricopa County, Arizona","811","183","17","26","1","2","16","29","20","30","24","37","20","31","68","104","25","37","25","40","28","35","177","104","39","40","149","134","45","47","95","88","62","53",
"1500000US040136107004","Block Group 4, Census Tract 6107, Maricopa County, Arizona","1230","1128","895","1127","0","13","0","13","0","13","0","13","0","13","0","13","0","13","0","13","66","63","89","58","20","27","17","36","40","48","64","51","39","42",
"1500000US040136108001","Block Group 1, Census Tract 6108, Maricopa County, Arizona","890","150","40","52","33","52","0","13","0","13","25","23","0","13","0","13","11","17","0","13","54","50","21","23","118","51","154","59","113","58","183","91","138","100",
"1500000US040136108002","Block Group 2, Census Tract 6108, Maricopa County, Arizona","11","17","0","13","0","13","0","13","0","13","0","13","0","13","0","13","0","13","0","13","0","13","0","13","0","13","0","13","11","17","0","13","0","13",
"1500000US040136108003","Block Group 3, Census Tract 6108, Maricopa County, Arizona","855","119","24","27","0","13","0","13","11","18","37","40","0","13","19","26","7","10","3","5","46","33","39","30","65","33","140","55","106","54","133","73","225","89",
"1500000US040136109011","Block Group 1, Census Tract 6109.01, Maricopa County, Arizona","608","154","30","35","0","13","24","34","8","13","0","13","0","13","21","25","27","31","0","13","96","110","54","45","88","76","7","12","56","44","76","54","121","79",
"1500000US040136109012","Block Group 2, Census Tract 6109.01, Maricopa County, Arizona","394","95","0","13","0","13","23","36","0","13","0","13","0","13","0","13","4","6","0","13","64","63","0","13","45","36","35","33","10","17","58","66","155","85",
"1500000US040136109013","Block Group 3, Census Tract 6109.01, Maricopa County, Arizona","285","70","0","13","17","27","0","13","5","9","0","13","0","13","0","13","9","14","7","11","14","25","47","39","0","13","28","28","41","42","45","41","72","50",
"1500000US040136109021","Block Group 1, Census Tract 6109.02, Maricopa County, Arizona","250","86","0","13","0","13","0","13","0","13","0","13","0","13","0","13","0","13","0","13","0","13","31","34","27","31","76","69","22","27","35","38","59","53",
"1500000US040136109022","Block Group 2, Census Tract 6109.02, Maricopa County, Arizona","968","139","0","13","0","13","0","13","0","13","9","16","17","20","8","13","0","13","69","52","89","76","66","57","177","90","51","41","252","98","78","55","152","98",
"1500000US040136109031","Block Group 1, Census Tract 6109.03, Maricopa County, Arizona","887","141","10","19","0","13","0","13","23","30","0","13","6","11","0","13","30","45","0","13","53","61","0","13","110","88","113","81","111","81","148","88","283","88",
"1500000US040136110001","Block Group 1, Census Tract 6110, Maricopa County, Arizona","944","110","19","26","10","10","3","6","35","51","11","11","0","13","46","75","11","11","23","23","27","17","28","16","143","55","124","52","151","38","197","60","116","31",
"1500000US040136111001","Block Group 1, Census Tract 6111, Maricopa County, Arizona","582","154","7","11","6","10","0","13","0","13","0","13","0","13","30","42","0","13","0","13","44","37","47","40","36","32","96","51","97","59","189","144","30","27",
"1500000US040136111002","Block Group 2, Census Tract 6111, Maricopa County, Arizona","451","93","17","25","0","13","0","13","7","10","9","14","0","13","27","31","0","13","17","26","23","28","51","65","37","40","40","37","24","24","80","50","119","52",
"1500000US040136112001","Block Group 1, Census Tract 6112, Maricopa County, Arizona","866","133","10","16","26","41","0","13","11","17","0","13","22","25","14","17","0","13","5","9","40","51","61","37","72","47","129","68","191","122","114","50","171","83",
"1500000US040136112002","Block Group 2, Census Tract 6112, Maricopa County, Arizona","226","64","0","13","0","13","0","13","0","13","0","13","0","13","1","2","9","15","0","13","0","13","11","16","38","39","0","13","9","16","53","36","105","48",
"1500000US040136112003","Block Group 3, Census Tract 6112, Maricopa County, Arizona","328","83","14","22","0","13","0","13","0","13","0","13","22","36","12","20","0","13","0","13","10","16","5","9","30","24","32","47","71","43","52","37","80","55",
"1500000US040136112004","Block Group 4, Census Tract 6112, Maricopa County, Arizona","398","130","0","13","0","13","0","13","0","13","0","13","0","13","0","13","0","13","0","13","25","40","24","21","51","47","15","18","66","38","44","34","173","127",
"1500000US040136113001","Block Group 1, Census Tract 6113, Maricopa County, Arizona","0","13","0","13","0","13","0","13","0","13","0","13","0","13","0","13","0","13","0","13","0","13","0","13","0","13","0","13","0","13","0","13","0","13",
"1500000US040136113002","Block Group 2, Census Tract 6113, Maricopa County, Arizona","0","13","0","13","0","13","0","13","0","13","0","13","0","13","0","13","0","13","0","13","0","13","0","13","0","13","0","13","0","13","0","13","0","13",
"1500000US040136113003","Block Group 3, Census Tract 6113, Maricopa County, Arizona","1133","227","18","31","0","13","0","13","16","25","58","46","87","85","52","85","30","37","62","54","100","101","176","124","117","69","136","80","209","161","54","73","18","25",
"1500000US040136113004","Block Group 4, Census Tract 6113, Maricopa County, Arizona","699","307","29","39","0","13","12","18","0","13","0","13","0","13","19","29","0","13","16","26","67","85","114","87","45","45","65","59","42","31","242","293","48","51",
"1500000US040136113005","Block Group 5, Census Tract 6113, Maricopa County, Arizona","741","180","0","13","0","13","0","13","0","13","0","13","0","13","32","38","30","36","50","47","69","46","57","54","197","112","133","147","20","24","86","62","67","64",
"1500000US040136113006","Block Group 6, Census Tract 6113, Maricopa County, Arizona","204","95","0","13","0","13","0","13","0","13","20","32","0","13","0","13","8","14","0","13","0","13","0","13","31","46","0","13","33","41","76","67","36","56",
"1500000US040136114001","Block Group 1, Census Tract 6114, Maricopa County, Arizona","714","148","0","13","17","26","16","27","0","13","0","13","17","28","0","13","0","13","21","33","45","59","48","44","113","76","110","90","43","45","102","75","182","117",
"1500000US040136114002","Block Group 2, Census Tract 6114, Maricopa County, Arizona","517","120","0","13","0","13","0","13","0","13","4","6","17","27","0","13","65","86","0","13","89","106","14","25","0","13","115","80","59","55","129","109","25","48",
"1500000US040136114003","Block Group 3, Census Tract 6114, Maricopa County, Arizona","878","249","9","15","0","13","50","82","0","13","17","28","15","23","0","13","0","13","0","13","14","23","148","136","94","67","104","75","72","61","261","195","94","71",
"1500000US040136115001","Block Group 1, Census Tract 6115, Maricopa County, Arizona","473","125","0","13","0","13","0","13","0","13","0","13","46","60","0","13","0","13","0","13","13","21","27","29","129","96","56","40","48","43","77","56","77","57",
"1500000US040136115002","Block Group 2, Census Tract 6115, Maricopa County, Arizona","579","259","19","33","0","13","0","13","152","250","0","13","12","20","0","13","0","13","0","13","41","33","22","27","24","27","41","64","107","72","47","62","114","65",
"1500000US040136115003","Block Group 3, Census Tract 6115, Maricopa County, Arizona","605","184","0","13","16","27","0","13","16","24","0","13","0","13","62","71","0","13","0","13","0","13","20","22","61","46","71","48","53","66","170","129","136","117",
"1500000US040136115004","Block Group 4, Census Tract 6115, Maricopa County, Arizona","833","153","0","13","14","23","0","13","0","13","0","13","0","13","0","13","16","26","0","13","18","28","16","28","163","91","132","75","98","60","191","88","185","92",
"1500000US040136116001","Block Group 1, Census Tract 6116, Maricopa County, Arizona","386","78","0","13","0","13","0","13","8","12","0","13","0","13","20","29","0","13","0","13","9","15","47","27","31","24","84","60","16","18","81","48","90","47",
"1500000US040136116002","Block Group 2, Census Tract 6116, Maricopa County, Arizona","601","92","0","13","0","13","14","17","0","13","10","15","0","13","9","14","0","13","19","21","67","64","17","19","14","16","58","37","75","56","75","37","243","87",
"1500000US040136117001","Block Group 1, Census Tract 6117, Maricopa County, Arizona","488","179","17","27","0","13","0","13","0","13","18","29","0","13","0","13","0","13","17","28","0","13","36","41","34","40","79","94","10","17","65","90","212","166",
"1500000US040136117002","Block Group 2, Census Tract 6117, Maricopa County, Arizona","532","249","17","28","0","13","0","13","0","13","0","13","0","13","44","42","11","19","0","13","46","53","188","231","37","34","7","18","13","25","54","80","115","92",
"1500000US040136117003","Block Group 3, Census Tract 6117, Maricopa County, Arizona","778","229","16","27","130","152","14","24","94","106","18","30","29","49","0","13","34","40","0","13","0","13","21","31","77","71","131","75","57","60","17","28","140","90",
"1500000US040136117004","Block Group 4, Census Tract 6117, Maricopa County, Arizona","561","196","0","13","7","11","0","13","18","28","0","13","10","21","0","13","0","13","0","13","72","71","9","15","45","49","95","83","21","24","70","51","214","223",
"1500000US040136118001","Block Group 1, Census Tract 6118, Maricopa County, Arizona","946","284","0","13","0","13","17","27","0","13","0","13","50","71","22","35","17","28","33","38","32","38","29","32","252","213","149","90","103","73","42","45","200","303",
"1500000US040136118002","Block Group 2, Census Tract 6118, Maricopa County, Arizona","645","138","0","13","0","13","0","13","0","13","0","13","41","64","21","34","0","13","16","28","61","57","65","51","75","57","36","35","178","113","73","63","79","63",
"1500000US040136118003","Block Group 3, Census Tract 6118, Maricopa County, Arizona","307","132","0","13","0","13","53","70","27","32","0","13","0","13","15","23","14","24","0","13","22","33","30","32","50","75","15","27","30","35","16","25","35","31",
"1500000US040136118004","Block Group 4, Census Tract 6118, Maricopa County, Arizona","544","140","11","18","0","13","0","13","23","36","23","37","51","48","0","13","0","13","0","13","34","49","35","39","122","101","137","90","42","42","66","67","0","13",
"1500000US040136119001","Block Group 1, Census Tract 6119, Maricopa County, Arizona","375","49","6","9","1","3","0","13","0","13","14","15","0","13","0","13","0","13","0","13","13","18","25","24","88","44","40","22","50","27","64","35","74","37",
"1500000US040136119002","Block Group 2, Census Tract 6119, Maricopa County, Arizona","487","90","18","26","0","13","0","13","0","13","0","13","28","26","5","9","9","11","19","22","28","20","24","17","101","76","82","43","32","23","87","44","54","38",
"1500000US040136120001","Block Group 1, Census Tract 6120, Maricopa County, Arizona","546","97","0","13","7","11","0","13","0","13","12","20","0","13","0","13","7","11","0","13","28","24","58","55","25","31","0","13","76","61","189","76","144","48",
"1500000US040136120002","Block Group 2, Census Tract 6120, Maricopa County, Arizona","284","76","0","13","0","13","10","15","11","17","0","13","10","16","9","14","0","13","24","29","33","37","4","7","22","21","19","22","0","13","81","58","61","58",
"1500000US040136120003","Block Group 3, Census Tract 6120, Maricopa County, Arizona","406","122","1","3","0","13","0","13","0","13","0","13","17","28","0","13","0","13","0","13","9","14","70","76","46","37","44","49","67","58","97","65","55","54",
"1500000US040136122001","Block Group 1, Census Tract 6122, Maricopa County, Arizona","1283","373","7","13","0","13","0","13","9","14","7","12","0","13","18","22","20","20","34","38","103","136","120","73","389","353","141","63","134","49","147","64","154","81",
"1500000US040136122002","Block Group 2, Census Tract 6122, Maricopa County, Arizona","1243","226","7","10","0","13","48","54","18","20","120","198","11","17","50","46","22","27","9","15","96","63","95","54","149","96","94","51","50","40","156","68","318","106",
"1500000US040136123011","Block Group 1, Census Tract 6123.01, Maricopa County, Arizona","199","88","8","20","0","13","0","13","0","13","0","13","14","24","0","13","0","13","0","13","51","37","0","13","54","71","0","13","62","67","0","13","10","22",
"1500000US040136123012","Block Group 2, Census Tract 6123.01, Maricopa County, Arizona","1429","314","88","100","0","13","7","24","0","13","94","110","44","50","81","111","66","68","94","79","170","132","102","72","346","232","200","146","24","38","62","57","51","77",
"1500000US040136123021","Block Group 1, Census Tract 6123.02, Maricopa County, Arizona","623","119","0","13","0","13","0","13","0","13","0","13","12","19","0","13","0","13","19","30","0","13","2","10","84","59","106","92","81","70","132","63","187","82",
"1500000US040136123022","Block Group 2, Census Tract 6123.02, Maricopa County, Arizona","483","164","17","27","0","13","0","13","0","13","5","11","0","13","0","13","0","13","74","82","12","19","30","33","134","117","75","74","43","52","93","94","0","13",
"1500000US040136123023","Block Group 3, Census Tract 6123.02, Maricopa County, Arizona","583","203","0","13","0","13","0","13","94","148","0","13","0","13","97","154","0","13","0","13","15","25","11","18","11","17","102","103","92","55","109","82","52","54",
"1500000US040136124011","Block Group 1, Census Tract 6124.01, Maricopa County, Arizona","596","146","0","13","46","73","0","13","41","49","0","13","0","13","0","13","19","32","27","52","55","48","56","59","39","44","54","45","69","55","70","67","120","96",
"1500000US040136124012","Block Group 2, Census Tract 6124.01, Maricopa County, Arizona","868","179","17","29","0","13","0","13","51","80","0","13","0","13","0","13","0","13","0","13","68","60","81","70","96","77","127","98","118","83","197","115","113","90",
"1500000US040136124021","Block Group 1, Census Tract 6124.02, Maricopa County, Arizona","1116","82","14","23","0","13","0","13","0","13","46","43","113","101","59","75","0","13","0","13","75","78","49","43","225","110","34","38","204","125","126","66","171","100",
"1500000US040136124022","Block Group 2, Census Tract 6124.02, Maricopa County, Arizona","376","273","0","13","0","13","16","25","16","25","13","20","0","13","14","22","0","13","0","13","0","13","33","53","9","15","0","13","0","13","201","254","74","102",
"1500000US040136125001","Block Group 1, Census Tract 6125, Maricopa County, Arizona","594","123","1","3","0","13","6","10","37","49","0","13","19","21","0","13","7","12","37","29","25","24","23","20","57","53","17","20","50","31","57","33","258","106",
"1500000US040136125002","Block Group 2, Census Tract 6125, Maricopa County, Arizona","662","152","0","13","33","32","9","14","4","7","9","15","62","53","39","46","0","13","29","29","50","55","42","26","27","24","45","30","71","41","185","128","57","29",
"1500000US040136125003","Block Group 3, Census Tract 6125, Maricopa County, Arizona","383","81","0","13","0","13","11","17","0","13","0","13","10","15","0","13","9","14","0","13","46","40","49","41","67","47","39","30","41","35","83","56","28","26",
"1500000US040136126001","Block Group 1, Census Tract 6126, Maricopa County, Arizona","488","123","9","14","7","11","0","13","10","16","0","13","48","38","0","13","0","13","28","33","12","15","76","60","111","106","30","26","39","33","52","30","66","46",
"1500000US040136126002","Block Group 2, Census Tract 6126, Maricopa County, Arizona","539","82","0","13","0","13","8","12","0","13","22","20","26","42","12","18","18","19","27","29","10","12","97","65","72","41","87","59","42","26","15","17","103","58",
"1500000US040136127001","Block Group 1, Census Tract 6127, Maricopa County, Arizona","510","69","5","9","13","20","13","14","6","8","4","7","28","19","25","17","6","10","5","7","22","19","71","60","97","44","44","22","58","33","45","28","68","27",
"1500000US040136127002","Block Group 2, Census Tract 6127, Maricopa County, Arizona","453","74","7","9","0","13","13","21","12","17","0","13","21","18","0","13","10","11","9","14","14","17","16","13","35","29","58","45","55","31","84","35","119","45",
"1500000US040136128001","Block Group 1, Census Tract 6128, Maricopa County, Arizona","844","70","85","43","5","10","34","24","6","8","18","15","6","9","15","15","17","15","9","10","20","16","55","26","136","67","108","40","41","21","154","53","135","38",
"1500000US040136129001","Block Group 1, Census Tract 6129, Maricopa County, Arizona","373","55","5","9","0","13","0","13","11","12","0","13","0","13","6","9","5","7","12","12","23","19","8","9","65","34","73","37","26","17","86","38","53","25",
"1500000US040136129002","Block Group 2, Census Tract 6129, Maricopa County, Arizona","634","92","0","13","10","11","42","70","20","25","11","10","8","9","5","8","5","8","16","12","19","13","59","29","77","32","82","39","49","32","120","46","111","54",
"1500000US040136130001","Block Group 1, Census Tract 6130, Maricopa County, Arizona","875","149","12","19","25","23","14","16","2","4","19","20","30","44","39","30","9","14","26","25","44","34","17","27","55","39","75","69","109","66","132","63","267","127",
"1500000US040136130002","Block Group 2, Census Tract 6130, Maricopa County, Arizona","569","133","16","18","19","21","0","13","0","13","17","20","7","12","0","13","0","13","9","15","17","20","24","23","42","41","26","24","55","45","126","114","211","70",
"1500000US040136130003","Block Group 3, Census Tract 6130, Maricopa County, Arizona","482","110","18","20","0","13","10","16","0","13","5","9","0","13","0","13","9","15","0","13","12","19","9","15","61","38","0","13","65","41","80","44","213","104",
"1500000US040136131001","Block Group 1, Census Tract 6131, Maricopa County, Arizona","388","131","13","20","13","20","0","13","14","21","0","13","11","18","12","18","0","13","0","13","0","13","57","89","22","23","45","42","11","17","75","71","115","53",
"1500000US040136131002","Block Group 2, Census Tract 6131, Maricopa County, Arizona","527","93","29","29","20","23","13","21","12","18","28","44","12","19","7","12","8","12","10","15","4","7","9","14","25","24","26","25","100","46","73","41","151","59",
"1500000US040136131003","Block Group 3, Census Tract 6131, Maricopa County, Arizona","662","179","6","9","11","17","0","13","0","13","0","13","78","71","108","151","0","13","14","20","20","24","44","39","58","51","49","42","79","77","28","26","167","83",
"1500000US040136132001","Block Group 1, Census Tract 6132, Maricopa County, Arizona","547","219","53","65","0","13","0","13","32","51","0","13","0","13","11","16","0","13","0","13","0","13","20","22","144","195","83","62","0","13","19","22","185","73",
"1500000US040136132002","Block Group 2, Census Tract 6132, Maricopa County, Arizona","548","116","12","15","0","13","0","13","39","61","0","13","21","22","0","13","23","37","0","13","60","57","75","46","52","42","64","56","17","20","139","80","46","33",
"1500000US040136132003","Block Group 3, Census Tract 6132, Maricopa County, Arizona","553","117","20","23","0","13","10","17","29","43","11","17","0","13","14","22","0","13","10","16","29","44","102","58","92","67","35","41","45","32","23","23","133","81",
"1500000US040136133001","Block Group 1, Census Tract 6133, Maricopa County, Arizona","669","121","14","23","0","13","0","13","23","41","0","13","0","13","0","13","0","13","14","24","13","23","20","34","82","66","114","61","26","41","106","66","257","110",
"1500000US040136133002","Block Group 2, Census Tract 6133, Maricopa County, Arizona","491","176","0","13","0","13","0","13","0","13","0","13","11","18","0","13","0","13","107","167","29","33","16","27","36","41","62","56","78","61","110","72","42","44",
"1500000US040136133003","Block Group 3, Census Tract 6133, Maricopa County, Arizona","484","162","0","13","0","13","0","13","0","13","14","23","0","13","14","23","45","39","12","20","52","54","0","13","18","29","144","143","23","27","43","52","119","116",
"1500000US040136133004","Block Group 4, Census Tract 6133, Maricopa County, Arizona","450","146","65","87","0","13","0","13","0","13","0","13","0","13","0","13","18","29","15","23","0","13","112","83","30","40","15","23","70","68","105","59","20","37",
"1500000US040136133005","Block Group 5, Census Tract 6133, Maricopa County, Arizona","384","140","0","13","0","13","0","13","15","23","0","13","0","13","0","13","49","72","83","110","0","13","23","36","24","28","71","67","29","29","76","55","14","21",
"1500000US040136134001","Block Group 1, Census Tract 6134, Maricopa County, Arizona","766","101","21","23","3","4","48","31","34","26","8","13","59","60","43","33","28","25","67","84","46","30","61","36","155","81","58","45","106","59","27","25","2","3",
"1500000US040136134002","Block Group 2, Census Tract 6134, Maricopa County, Arizona","673","161","7","12","0","13","9","15","40","41","0","13","0","13","9","13","11","15","12","18","101","69","142","63","127","116","85","39","18","19","84","51","28","25",
"1500000US040136135001","Block Group 1, Census Tract 6135, Maricopa County, Arizona","759","159","21","22","23","22","11","12","20","21","60","49","64","44","116","54","38","34","36","48","49","47","101","47","79","48","17","20","27","28","12","19","85","129",
"1500000US040136135002","Block Group 2, Census Tract 6135, Maricopa County, Arizona","223","103","0","13","0","13","5","9","6","11","0","13","0","13","0","13","3","7","0","13","6","9","17","18","13","21","39","35","56","80","33","33","45","43",
"1500000US040136135003","Block Group 3, Census Tract 6135, Maricopa County, Arizona","552","113","33","53","18","20","9","15","0","13","0","13","0","13","0","13","0","13","0","13","77","75","81","48","129","55","65","41","82","63","49","32","9","14",
"1500000US040136136011","Block Group 1, Census Tract 6136.01, Maricopa County, Arizona","339","74","9","14","0","13","0","13","0","13","0","13","24","36","0","13","0","13","11","17","9","14","36","41","51","39","18","23","69","44","86","47","26","29",
"1500000US040136136012","Block Group 2, Census Tract 6136.01, Maricopa County, Arizona","433","98","23","29","0","13","0","13","36","29","48","50","9","15","9","14","0","13","8","13","19","21","49","33","27","25","81","59","47","35","69","53","8","13",
"1500000US040136136013","Block Group 3, Census Tract 6136.01, Maricopa County, Arizona","344","61","0","13","4","7","0","13","19","22","16","18","0","13","42","34","0","13","23","21","12","11","26","26","34","28","72","41","55","36","29","28","12","19",
"1500000US040136136021","Block Group 1, Census Tract 6136.02, Maricopa County, Arizona","593","224","0","13","9","14","0","13","8","14","0","13","0","13","0","13","0","13","12","20","15","25","35","35","211","186","46","55","100","54","105","83","52","35",
"1500000US040136136022","Block Group 2, Census Tract 6136.02, Maricopa County, Arizona","432","121","0","13","0","13","0","13","10","16","0","13","8","13","0","13","0","13","0","13","0","13","15","23","56","56","71","74","71","45","49","35","152","89",
"1500000US040136137001","Block Group 1, Census Tract 6137, Maricopa County, Arizona","548","93","48","40","0","13","0","13","36","38","0","13","20","30","0","13","9","14","26","39","80","51","0","13","86","46","112","61","26","30","82","59","23","26",
"1500000US040136137002","Block Group 2, Census Tract 6137, Maricopa County, Arizona","390","78","22","19","17","20","14","16","0","13","0","13","10","15","18","20","8","12","0","13","47","32","56","48","71","52","11","14","51","35","28","26","37","47",
"1500000US040136137003","Block Group 3, Census Tract 6137, Maricopa County, Arizona","663","198","6","10","13","18","8","12","27","24","8","14","0","13","0","13","10","15","18","19","16","17","136","193","51","32","50","33","87","57","160","89","73","48",
"1500000US040136138001","Block Group 1, Census Tract 6138, Maricopa County, Arizona","491","78","0","13","0","13","0","13","0","13","0","13","10","14","0","13","0","13","0","13","56","48","0","13","121","55","73","43","27","31","88","44","116","68",
"1500000US040136138002","Block Group 2, Census Tract 6138, Maricopa County, Arizona","859","193","24","34","0","13","0","13","0","13","35","39","27","25","85","122","46","36","25","35","82","45","20","22","142","56","122","51","132","147","67","42","52","35",
"1500000US040136139001","Block Group 1, Census Tract 6139, Maricopa County, Arizona","857","258","15","24","11","20","20","33","0","13","0","13","4","15","0","13","0","13","30","40","14","22","61","58","62","52","40","40","242","198","79","50","279","200",
"1500000US040136139002","Block Group 2, Census Tract 6139, Maricopa County, Arizona","515","150","0","13","20","31","0","13","0","13","0","13","0","13","17","27","7","12","0","13","14","24","20","32","102","81","193","127","75","48","20","35","47","48",
"1500000US040136139003","Block Group 3, Census Tract 6139, Maricopa County, Arizona","570","175","0","13","0","13","0","13","0","13","0","13","0","13","24","38","8","14","0","13","20","33","127","111","44","38","77","83","48","49","151","117","71","80",
"1500000US040136140001","Block Group 1, Census Tract 6140, Maricopa County, Arizona","331","73","0","13","7","12","0","13","0","13","0","13","0","13","7","10","22","36","7","10","28","27","26","26","51","51","21","21","6","9","96","63","60","34",
"1500000US040136140002","Block Group 2, Census Tract 6140, Maricopa County, Arizona","672","137","0","13","0","13","0","13","8","13","0","13","17","26","0","13","14","20","10","15","108","78","51","60","122","75","152","70","58","38","84","51","48","36",
"1500000US040136140003","Block Group 3, Census Tract 6140, Maricopa County, Arizona","485","88","0","13","7","10","0","13","6","10","8","14","0","13","0","13","0","13","0","13","40","44","46","30","119","60","36","32","79","49","72","39","72","48",
"1500000US040136141001","Block Group 1, Census Tract 6141, Maricopa County, Arizona","681","152","35","32","0","13","28","34","0","13","13","22","0","13","36","41","0","13","0","13","97","84","61","53","45","44","121","110","122","104","57","42","66","57",
"1500000US040136141002","Block Group 2, Census Tract 6141, Maricopa County, Arizona","442","118","0","13","0","13","0","13","0","13","73","100","14","23","0","13","18","28","0","13","39","42","13","20","0","13","47","47","73","88","76","53","89","80",
"1500000US040136141003","Block Group 3, Census Tract 6141, Maricopa County, Arizona","688","288","18","28","0","13","0","13","154","254","0","13","0","13","38","61","42","63","0","13","47","72","16","24","89","66","142","81","45","52","0","13","97","99",
"1500000US040136141004","Block Group 4, Census Tract 6141, Maricopa County, Arizona","608","112","4","7","19","28","0","13","12","20","0","13","26","40","39","45","14","23","0","13","32","52","30","34","72","47","65","61","63","60","59","51","173","82",
"1500000US040136142001","Block Group 1, Census Tract 6142, Maricopa County, Arizona","511","122","23","26","0","13","17","20","9","16","0","13","76","87","12","18","10","15","0","13","27","32","28","27","55","35","73","47","25","24","65","57","91","67",
"1500000US040136142002","Block Group 2, Census Tract 6142, Maricopa County, Arizona","859","95","29","32","11","17","43","30","24","27","19","21","0","13","38","44","18","21","38","33","11","17","63","37","95","55","137","65","128","76","127","58","78","45",
"1500000US040136142003","Block Group 3, Census Tract 6142, Maricopa County, Arizona","487","107","0","13","0","13","10","17","0","13","0","13","13","20","22","25","22","24","12","19","57","51","29","26","46","27","82","75","110","56","31","28","53","33",
"1500000US040136143001","Block Group 1, Census Tract 6143, Maricopa County, Arizona","358","93","0","13","0","13","0","13","0","13","0","13","0","13","13","13","9","15","0","13","8","14","36","34","48","36","47","40","34","27","31","35","132","86",
"1500000US040136143002","Block Group 2, Census Tract 6143, Maricopa County, Arizona","525","106","23","26","8","13","9","14","0","13","6","9","7","10","0","13","9","14","7","11","12","19","0","13","68","63","99","76","87","65","106","50","84","63",
"1500000US040136143003","Block Group 3, Census Tract 6143, Maricopa County, Arizona","289","65","0","13","0","13","0","13","0","13","0","13","0","13","0","13","0","13","0","13","24","26","10","13","50","53","76","40","54","41","33","41","42","25",
"1500000US040136144001","Block Group 1, Census Tract 6144, Maricopa County, Arizona","615","257","25","31","7","11","7","13","0","13","35","35","20","20","8","11","56","39","153","235","47","65","42","42","95","66","94","67","0","13","0","13","26","30",
"1500000US040136144002","Block Group 2, Census Tract 6144, Maricopa County, Arizona","489","86","0","13","0","13","8","12","0","13","29","27","0","13","0","13","52","45","0","13","18","20","39","40","115","71","58","48","114","66","47","49","9","18",
"1500000US040136144003","Block Group 3, Census Tract 6144, Maricopa County, Arizona","599","244","50","39","164","199","0","13","12","18","0","13","15","18","27","28","141","135","0","13","58","48","45","54","13","17","16","23","4","7","54","64","0","13",
"1500000US040136145001","Block Group 1, Census Tract 6145, Maricopa County, Arizona","350","98","47","53","0","13","15","17","18","30","8","12","12","19","9","15","28","45","0","13","27","37","72","37","66","37","9","16","24","36","15","17","0","13",
"1500000US040136145002","Block Group 2, Census Tract 6145, Maricopa County, Arizona","596","155","33","39","18","21","0","13","97","143","46","47","21","25","0","13","45","41","0","13","55","45","81","49","58","35","62","33","64","49","7","13","9","16",
"1500000US040136145003","Block Group 3, Census Tract 6145, Maricopa County, Arizona","66","58","25","39","0","13","0","13","0","13","0","13","0","13","0","13","0","13","0","13","33","44","8","13","0","13","0","13","0","13","0","13","0","13",
"1500000US040136145004","Block Group 4, Census Tract 6145, Maricopa County, Arizona","493","95","8","12","2","5","12","19","0","13","0","13","13","22","0","13","0","13","50","54","26","29","74","53","84","56","56","33","77","73","58","52","33","42",
"1500000US040136146011","Block Group 1, Census Tract 6146.01, Maricopa County, Arizona","524","145","18","39","0","13","46","71","18","30","71","84","18","28","0","13","93","108","16","26","72","82","55","52","59","48","0","13","58","91","0","13","0","13",
"1500000US040136146012","Block Group 2, Census Tract 6146.01, Maricopa County, Arizona","399","124","0","13","27","33","0","13","0","13","0","13","0","13","54","85","0","13","19","32","37","43","18","29","40","44","39","40","115","103","40","44","10","15",
"1500000US040136146013","Block Group 3, Census Tract 6146.01, Maricopa County, Arizona","374","124","12","18","0","13","0","13","0","13","18","29","0","13","0","13","21","32","18","30","57","57","53","87","57","55","96","98","42","46","0","13","0","13",
"1500000US040136146021","Block Group 1, Census Tract 6146.02, Maricopa County, Arizona","388","128","0","13","18","30","0","13","62","76","15","39","17","31","0","13","33","39","45","67","54","52","49","51","29","33","55","64","0","13","11","18","0","13",
"1500000US040136146022","Block Group 2, Census Tract 6146.02, Maricopa County, Arizona","515","217","0","13","0","13","15","25","20","34","0","13","0","13","21","35","34","57","0","13","71","70","120","87","73","64","24","35","128","170","9","21","0","13",
"1500000US040136146023","Block Group 3, Census Tract 6146.02, Maricopa County, Arizona","382","128","23","41","0","13","0","13","0","13","0","13","64","76","0","13","25","34","0","13","83","70","82","78","37","47","50","79","0","13","18","32","0","13",
"1500000US040136147001","Block Group 1, Census Tract 6147, Maricopa County, Arizona","708","165","20","19","17","15","65","48","75","59","90","56","60","47","34","31","47","47","32","33","11","15","14","22","192","150","31","39","0","13","20","31","0","13",
"1500000US040136147002","Block Group 2, Census Tract 6147, Maricopa County, Arizona","760","155","14","15","29","29","67","55","78","114","38","37","28","34","74","54","40","53","0","13","89","85","135","64","53","33","52","40","48","31","15","17","0","13",
"1500000US040136148001","Block Group 1, Census Tract 6148, Maricopa County, Arizona","594","140","47","58","0","13","7","10","0","13","14","22","73","72","26","36","41","54","33","48","23","28","159","111","110","62","47","45","14","25","0","13","0","13",
"1500000US040136148002","Block Group 2, Census Tract 6148, Maricopa County, Arizona","694","247","33","26","23","29","0","13","6","10","7","12","156","242","10","17","0","13","21","31","110","59","139","81","86","47","30","31","30","33","35","34","8","13",
"1500000US040136148003","Block Group 3, Census Tract 6148, Maricopa County, Arizona","534","117","40","46","7","12","30","24","7","12","37","36","47","40","23","27","51","44","17","21","72","44","30","30","67","62","54","42","27","42","25","29","0","13",
"1500000US040136149001","Block Group 1, Census Tract 6149, Maricopa County, Arizona","611","165","0","13","0","13","8","15","0","13","0","13","46","52","0","13","36","52","17","27","10","16","51","45","77","39","78","60","103","63","60","36","125","132",
"1500000US040136149002","Block Group 2, Census Tract 6149, Maricopa County, Arizona","639","108","18","25","0","13","0","13","16","19","34","48","14","23","21","26","3","7","24","22","69","56","31","38","28","22","53","44","94","63","131","60","103","103",
"1500000US040136149003","Block Group 3, Census Tract 6149, Maricopa County, Arizona","537","95","10","15","16","20","56","49","76","66","0","13","19","29","57","56","13","17","16","18","30","29","53","45","56","53","69","56","38","55","20","31","8","13",
"1500000US040136150011","Block Group 1, Census Tract 6150.01, Maricopa County, Arizona","689","207","15","24","0","13","0","13","0","13","0","13","0","13","0","13","0","13","0","13","0","13","0","13","92","80","32","35","30","34","210","199","310","112",
"1500000US040136150012","Block Group 2, Census Tract 6150.01, Maricopa County, Arizona","598","160","0","13","0","13","32","34","0","13","0","13","0","13","0","13","41","64","15","24","0","13","48","45","15","24","44","41","29","33","83","90","291","152",
"1500000US040136150013","Block Group 3, Census Tract 6150.01, Maricopa County, Arizona","733","273","0","13","23","28","0","13","0","13","0","13","82","87","16","25","62","50","32","35","45","53","77","79","28","33","0","13","27","32","123","74","218","253",
"1500000US040136150021","Block Group 1, Census Tract 6150.02, Maricopa County, Arizona","466","104","18","28","52","86","17","28","35","39","0","13","0","13","35","39","0","13","0","13","0","13","21","36","121","90","42","46","65","47","0","13","60","53",
"1500000US040136150022","Block Group 2, Census Tract 6150.02, Maricopa County, Arizona","726","129","18","28","0","13","13","21","0","13","0","13","0","13","0","13","0","13","13","21","0","13","15","26","77","69","12","21","73","88","62","67","443","120",
"1500000US040136150023","Block Group 3, Census Tract 6150.02, Maricopa County, Arizona","753","148","0","13","0","13","16","26","21","35","0","13","0","13","0","13","18","28","35","40","54","71","89","60","171","94","116","88","104","75","0","13","129","77",
"1500000US040136151001","Block Group 1, Census Tract 6151, Maricopa County, Arizona","576","100","14","22","0","13","0","13","0","13","7","10","0","13","19","21","18","23","0","13","13","22","50","38","60","42","104","56","46","42","48","38","197","81",
"1500000US040136151002","Block Group 2, Census Tract 6151, Maricopa County, Arizona","1105","157","0","13","0","13","29","42","0","13","0","13","0","13","12","18","107","125","12","18","26","41","19","22","42","30","113","63","225","102","125","62","395","94",
"1500000US040136152011","Block Group 1, Census Tract 6152.01, Maricopa County, Arizona","179","123","0","13","0","13","0","13","0","13","0","13","0","13","0","13","0","13","0","13","0","13","102","99","0","13","63","104","14","24","0","13","0","13",
"1500000US040136152012","Block Group 2, Census Tract 6152.01, Maricopa County, Arizona","2381","327","91","77","11","18","46","56","62","83","0","13","70","90","169","111","44","56","44","54","44","61","276","164","417","210","376","219","294","168","211","152","226","167",
"1500000US040136152021","Block Group 1, Census Tract 6152.02, Maricopa County, Arizona","268","126","73","115","0","13","0","13","0","13","0","13","0","13","0","13","46","76","0","13","17","29","0","13","59","65","0","13","16","25","13","21","44","72",
"1500000US040136152022","Block Group 2, Census Tract 6152.02, Maricopa County, Arizona","104","71","18","31","0","13","0","13","0","13","0","13","15","27","0","13","0","13","0","13","0","13","13","22","0","13","0","13","0","13","13","22","45","73",
"1500000US040136152023","Block Group 3, Census Tract 6152.02, Maricopa County, Arizona","1243","178","37","41","51","58","15","23","22","35","0","13","44","49","0","13","54","67","101","94","36","27","124","83","199","115","77","76","141","105","69","63","273","128",
"1500000US040136153001","Block Group 1, Census Tract 6153, Maricopa County, Arizona","1200","232","54","28","144","135","113","58","101","67","64","40","48","32","48","27","69","48","42","39","91","48","158","138","150","66","15","17","24","23","70","95","9","17",
"1500000US040136154001","Block Group 1, Census Tract 6154, Maricopa County, Arizona","507","71","33","25","8","12","35","27","30","26","22","21","59","45","0","13","8","13","27","23","62","37","68","32","98","48","35","27","14","18","8","12","0","13",
"1500000US040136154002","Block Group 2, Census Tract 6154, Maricopa County, Arizona","1123","157","65","37","29","28","85","53","64","47","41","34","109","68","32","26","76","51","107","103","66","42","211","110","101","44","25","24","63","54","23","19","26","41",
"1500000US040136155001","Block Group 1, Census Tract 6155, Maricopa County, Arizona","735","100","18","20","36","41","58","39","65","57","22","22","25","23","50","25","45","36","41","30","74","53","89","39","59","36","14","17","42","28","65","34","32","27",
"1500000US040136155002","Block Group 2, Census Tract 6155, Maricopa County, Arizona","858","136","52","45","45","40","34","26","32","25","81","76","60","43","15","18","42","55","26","23","115","55","70","40","75","44","76","43","71","49","47","37","17","19",
"1500000US040136156001","Block Group 1, Census Tract 6156, Maricopa County, Arizona","452","116","7","12","0","13","0","13","13","20","35","39","14","22","19","24","54","43","0","13","46","39","111","105","34","34","72","75","14","23","20","25","13","20",
"1500000US040136156002","Block Group 2, Census Tract 6156, Maricopa County, Arizona","596","144","24","27","0","13","119","62","14","22","0","13","26","31","64","67","0","13","0","13","120","67","78","55","79","68","61","73","0","13","11","18","0","13",
"1500000US040136156003","Block Group 3, Census Tract 6156, Maricopa County, Arizona","676","125","109","81","14","22","28","32","13","21","75","71","14","23","129","93","26","29","0","13","23","26","64","50","70","51","47","45","57","55","7","12","0","13",
"1500000US040136157001","Block Group 1, Census Tract 6157, Maricopa County, Arizona","557","78","23","20","17","20","0","13","44","41","8","12","10","12","0","13","21","26","0","13","11","13","94","68","60","48","121","65","35","30","18","22","95","54",
"1500000US040136157002","Block Group 2, Census Tract 6157, Maricopa County, Arizona","558","187","0","13","9","14","10","12","0","13","26","31","0","13","3","8","6","10","0","13","18","23","30","29","267","159","26","31","23","23","111","97","29","33",
"1500000US040136158001","Block Group 1, Census Tract 6158, Maricopa County, Arizona","401","80","9","14","0","13","0","13","0","13","9","14","0","13","37","51","29","43","0","13","19","15","44","29","87","41","38","30","22","26","81","50","26","23",
"1500000US040136158002","Block Group 2, Census Tract 6158, Maricopa County, Arizona","914","120","127","75","0","13","11","17","93","55","8","13","28","35","8","12","42","31","13","21","77","61","74","52","77","42","96","49","136","67","70","52","54","45",
"1500000US040136158003","Block Group 3, Census Tract 6158, Maricopa County, Arizona","560","206","0","13","0","13","32","51","0","13","9","16","17","20","16","17","8","14","17","20","7","10","35","28","86","53","24","22","85","42","170","193","54","40",
"1500000US040136159001","Block Group 1, Census Tract 6159, Maricopa County, Arizona","676","175","10","16","0","13","0","13","21","24","11","17","85","102","57","51","10","16","0","13","44","27","36","44","139","77","46","32","12","11","142","150","63","49",
"1500000US040136159002","Block Group 2, Census Tract 6159, Maricopa County, Arizona","707","160","164","70","27","24","8","12","0","13","43","33","66","66","9","15","57","52","16","20","25","24","47","46","166","139","24","22","11","17","22","24","22","23",
"1500000US040136159003","Block Group 3, Census Tract 6159, Maricopa County, Arizona","461","86","21","22","12","20","10","15","0","13","0","13","0","13","0","13","10","17","37","45","11","17","41","31","19","20","46","34","120","62","84","56","50","36",
"1500000US040136160001","Block Group 1, Census Tract 6160, Maricopa County, Arizona","432","96","0","13","0","13","5","9","0","13","5","8","10","13","0","13","48","38","13","15","25","19","36","22","150","94","37","23","62","41","23","16","18","17",
"1500000US040136160002","Block Group 2, Census Tract 6160, Maricopa County, Arizona","297","81","120","54","9","13","9","14","4","7","0","13","6","9","7","11","29","41","5","9","4","6","11","12","39","25","27","22","16","23","5","8","6","11",
"1500000US040136161001","Block Group 1, Census Tract 6161, Maricopa County, Arizona","532","118","21","30","0","13","35","39","12","18","41","58","0","13","3","4","8","13","6","10","30","29","68","45","126","69","118","83","60","49","4","6","0","13",
"1500000US040136161002","Block Group 2, Census Tract 6161, Maricopa County, Arizona","289","63","0","13","14","20","8","12","20","24","7","11","0","13","10","18","0","13","26","28","35","32","47","33","55","38","27","29","22","32","12","18","6","11",
"1500000US040136161003","Block Group 3, Census Tract 6161, Maricopa County, Arizona","599","108","68","70","12","15","35","56","25","43","18","22","0","13","74","58","19","23","0","13","58","53","117","74","53","34","19","27","24","21","63","47","14","17",
"1500000US040136162001","Block Group 1, Census Tract 6162, Maricopa County, Arizona","535","98","13","19","11","16","8","14","40","48","0","13","18","19","20","21","19","21","0","13","36","28","84","52","99","52","52","31","8","13","35","25","92","75",
"1500000US040136162002","Block Group 2, Census Tract 6162, Maricopa County, Arizona","761","246","0","13","22","25","27","31","20","22","0","13","21","16","41","47","68","58","22","33","60","38","64","38","240","232","158","71","9","15","9","15","0","13",
"1500000US040136163001","Block Group 1, Census Tract 6163, Maricopa County, Arizona","805","106","38","24","0","13","23","24","25","29","10","14","17","14","35","31","15","22","17","14","60","34","76","38","169","79","89","47","54","33","74","47","103","56",
"1500000US040136164001","Block Group 1, Census Tract 6164, Maricopa County, Arizona","825","221","15","24","55","75","169","197","21","33","0","13","19","34","9","17","74","66","97","97","22","28","66","56","136","95","36","39","15","32","51","52","40","44",
"1500000US040136164002","Block Group 2, Census Tract 6164, Maricopa County, Arizona","735","287","17","29","145","211","159","132","32","36","17","28","61","99","0","13","78","98","58","55","100","106","21","34","47","36","0","13","0","13","0","13","0","13",
"1500000US040136164003","Block Group 3, Census Tract 6164, Maricopa County, Arizona","778","223","29","45","0","13","0","13","0","13","0","13","0","13","0","13","0","13","0","13","94","77","106","132","136","118","223","172","98","90","67","67","25","40",
"1500000US040136164004","Block Group 4, Census Tract 6164, Maricopa County, Arizona","429","98","0","13","0","13","0","13","16","25","0","13","21","34","0","13","0","13","34","47","0","13","132","69","117","79","40","39","23","33","46","56","0","13",
"1500000US040136164005","Block Group 5, Census Tract 6164, Maricopa County, Arizona","429","164","31","36","0","13","19","31","20","33","21","34","15","24","0","13","21","32","0","13","38","43","56","84","53","43","56","57","22","37","0","13","77","118",
"1500000US040136165001","Block Group 1, Census Tract 6165, Maricopa County, Arizona","518","103","39","38","8","12","18","20","15","19","66","69","8","13","8","12","33","48","45","49","35","29","111","82","82","56","27","27","16","17","7","11","0","13",
"1500000US040136165002","Block Group 2, Census Tract 6165, Maricopa County, Arizona","442","129","54","49","23","35","19","21","0","13","24","39","23","22","10","15","27","44","23","37","103","78","80","62","37","52","7","11","12","18","0","13","0","13",
"1500000US040136165003","Block Group 3, Census Tract 6165, Maricopa County, Arizona","624","197","9","14","0","13","17","20","19","20","9","14","14","16","18","19","34","35","6","10","22","20","63","47","89","49","103","55","15","14","74","63","132","183",
"1500000US040136166001","Block Group 1, Census Tract 6166, Maricopa County, Arizona","565","149","0","13","0","13","0","13","0","13","0","13","36","42","42","65","19","30","17","29","110","95","156","124","57","55","51","46","15","26","28","32","34","54",
"1500000US040136166002","Block Group 2, Census Tract 6166, Maricopa County, Arizona","592","213","0","13","0","13","0","13","15","23","27","30","0","13","24","40","15","23","26","31","136","80","64","83","147","211","78","79","53","44","0","13","7","12",
"1500000US040136166003","Block Group 3, Census Tract 6166, Maricopa County, Arizona","481","138","36","38","0","13","14","22","0","13","0","13","80","87","0","13","4","7","43","60","60","49","72","68","40","46","41","63","28","32","63","61","0","13",
"1500000US040136166004","Block Group 4, Census Tract 6166, Maricopa County, Arizona","415","125","0","13","32","36","16","25","0","13","30","35","0","13","0","13","85","93","0","13","30","34","36","34","78","54","59","65","38","38","11","18","0","13",
"1500000US040136167001","Block Group 1, Census Tract 6167, Maricopa County, Arizona","1162","227","0","13","0","13","54","78","42","47","0","13","35","35","21","35","70","59","70","74","215","124","31","38","343","160","241","215","34","42","6","11","0","13",
"1500000US040136167002","Block Group 2, Census Tract 6167, Maricopa County, Arizona","463","117","14","26","0","13","38","45","0","13","14","24","0","13","10","17","0","13","15","26","48","51","77","66","81","55","30","38","36","38","80","95","20","33",
"1500000US040136167003","Block Group 3, Census Tract 6167, Maricopa County, Arizona","480","158","41","54","0","13","14","23","15","26","0","13","4","16","0","13","40","58","0","13","0","13","51","66","197","129","118","95","0","13","0","13","0","13",
"1500000US040136168001","Block Group 1, Census Tract 6168, Maricopa County, Arizona","576","132","58","67","0","13","0","13","0","13","23","37","0","13","35","43","29","47","8","13","38","43","177","88","23","29","100","71","0","13","36","46","49","44",
"1500000US040136168002","Block Group 2, Census Tract 6168, Maricopa County, Arizona","492","143","8","14","0","13","0","13","0","13","56","84","12","19","42","53","0","13","0","13","0","13","33","36","47","48","133","100","94","108","18","30","49","45",
"1500000US040136168003","Block Group 3, Census Tract 6168, Maricopa County, Arizona","470","222","47","53","17","30","23","37","0","13","35","51","16","31","0","13","7","18","5","12","79","71","0","13","139","199","54","53","0","13","39","42","9","10",
"1500000US040136168004","Block Group 4, Census Tract 6168, Maricopa County, Arizona","449","144","48","74","12","19","0","13","0","13","14","23","0","13","12","19","13","22","0","13","23","31","155","91","35","40","95","73","19","31","23","29","0","13",
"1500000US040136169001","Block Group 1, Census Tract 6169, Maricopa County, Arizona","489","103","47","75","36","41","0","13","86","65","16","27","0","13","0","13","0","13","0","13","44","39","90","103","89","82","13","27","29","40","23","26","16","24",
"1500000US040136169002","Block Group 2, Census Tract 6169, Maricopa County, Arizona","587","154","12","19","0","13","23","38","0","13","20","33","14","24","19","31","85","80","48","62","17","26","20","29","122","101","67","67","81","80","41","55","18","25",
"1500000US040136169003","Block Group 3, Census Tract 6169, Maricopa County, Arizona","873","184","22","37","0","13","19","31","23","35","0","13","141","137","8","12","22","36","0","13","43","51","230","126","176","142","93","67","12","20","34","28","50","59",
"1500000US040136170011","Block Group 1, Census Tract 6170.01, Maricopa County, Arizona","0","13","0","13","0","13","0","13","0","13","0","13","0","13","0","13","0","13","0","13","0","13","0","13","0","13","0","13","0","13","0","13","0","13",
"1500000US040136170021","Block Group 1, Census Tract 6170.02, Maricopa County, Arizona","274","125","0","13","0","13","0","13","0","13","0","13","0","13","0","13","0","13","53","79","17","24","27","32","65","59","28","27","16","26","17","27","51","61",
"1500000US040136170022","Block Group 2, Census Tract 6170.02, Maricopa County, Arizona","679","147","31","36","0","13","47","47","117","94","0","13","56","59","59","59","42","64","17","28","34","57","87","70","71","64","25","28","49","46","17","20","27","44",
"1500000US040136170023","Block Group 3, Census Tract 6170.02, Maricopa County, Arizona","431","128","29","23","29","41","20","23","68","80","16","26","0","13","46","43","38","45","23","37","44","42","52","58","54","49","0","13","12","19","0","13","0","13",
"1500000US040136170024","Block Group 4, Census Tract 6170.02, Maricopa County, Arizona","530","150","20","34","0","13","23","37","58","61","20","25","0","13","80","83","76","79","9","15","97","101","40","39","70","57","19","30","0","13","18","30","0","13",
"1500000US040136170025","Block Group 5, Census Tract 6170.02, Maricopa County, Arizona","508","138","16","28","0","13","23","38","48","73","0","13","41","43","32","50","0","13","52","77","59","82","75","61","0","13","39","47","41","47","0","13","82","110",
"1500000US040136171001","Block Group 1, Census Tract 6171, Maricopa County, Arizona","535","79","0","13","0","13","6","9","0","13","21","24","18","22","15","24","23","19","16","13","52","40","53","39","81","36","83","40","63","41","31","20","73","42",
"1500000US040136171002","Block Group 2, Census Tract 6171, Maricopa County, Arizona","439","91","0","13","6","9","0","13","5","7","5","8","9","11","29","28","25","20","14","13","9","15","56","28","84","49","27","19","46","34","100","74","24","16",
"1500000US040136172001","Block Group 1, Census Tract 6172, Maricopa County, Arizona","548","142","0","13","0","13","0","13","37","38","9","14","11","16","0","13","0","13","49","43","48","44","75","47","73","41","57","40","45","38","64","55","80","113",
"1500000US040136172002","Block Group 2, Census Tract 6172, Maricopa County, Arizona","454","71","19","22","0","13","12","19","0","13","45","50","11","17","9","13","4","6","10","18","19","22","27","29","54","32","48","36","51","43","117","57","28","30",
"1500000US040136173001","Block Group 1, Census Tract 6173, Maricopa County, Arizona","684","169","18","21","5","9","6","11","0","13","0","13","0","13","96","138","0","13","0","13","66","54","130","74","155","86","70","45","76","61","41","36","21","33",
"1500000US040136173002","Block Group 2, Census Tract 6173, Maricopa County, Arizona","401","119","27","27","0","13","23","36","15","23","0","13","20","23","28","34","36","46","10","16","0","13","95","90","16","18","37","34","29","27","52","34","13","22",
"1500000US040136173003","Block Group 3, Census Tract 6173, Maricopa County, Arizona","336","77","0","13","0","13","0","13","0","13","3","7","31","40","0","13","0","13","38","43","0","13","32","30","74","55","37","35","61","46","51","40","9","15",
"1500000US040136174001","Block Group 1, Census Tract 6174, Maricopa County, Arizona","647","137","63","74","15","24","54","68","29","33","54","51","15","24","45","42","82","71","16","25","42","37","105","58","87","71","10","17","0","13","15","24","15","24",
"1500000US040136174002","Block Group 2, Census Tract 6174, Maricopa County, Arizona","492","92","26","37","0","13","15","23","0","13","0","13","41","47","17","28","30","32","25","39","62","73","71","43","75","71","31","38","83","60","16","26","0","13",
"1500000US040136174003","Block Group 3, Census Tract 6174, Maricopa County, Arizona","1104","378","72","55","0","13","19","31","0","13","0","13","14","22","0","13","41","45","18","30","192","113","187","110","286","333","158","183","87","78","30","39","0","13",
"1500000US040136174004","Block Group 4, Census Tract 6174, Maricopa County, Arizona","491","126","0","13","0","13","34","40","81","82","0","13","12","20","73","56","0","13","15","24","48","44","85","52","95","86","22","36","0","13","13","20","13","20",
"1500000US040136174005","Block Group 5, Census Tract 6174, Maricopa County, Arizona","966","159","84","53","44","40","52","53","76","53","15","23","89","74","129","77","123","90","79","64","76","36","119","66","57","39","0","13","23","37","0","13","0","13",
"1500000US040136175001","Block Group 1, Census Tract 6175, Maricopa County, Arizona","250","52","21","23","0","13","6","10","18","20","17","20","30","26","11","16","37","28","0","13","37","26","37","26","9","13","18","20","0","13","0","13","9","14",
"1500000US040136175002","Block Group 2, Census Tract 6175, Maricopa County, Arizona","731","143","110","69","9","14","0","13","17","20","9","15","109","99","27","23","26","25","20","23","30","22","83","69","53","36","140","58","9","14","43","48","46","33",
"1500000US040136175003","Block Group 3, Census Tract 6175, Maricopa County, Arizona","326","72","19","20","11","17","26","24","10","16","9","14","25","23","11","17","50","52","0","13","34","28","36","45","48","31","0","13","9","14","10","15","28","45",
"1500000US040136175004","Block Group 4, Census Tract 6175, Maricopa County, Arizona","579","122","53","39","35","45","88","75","0","13","8","12","9","14","10","15","20","19","18","20","0","13","37","26","95","87","93","46","58","47","39","38","16","17",
"1500000US040136176001","Block Group 1, Census Tract 6176, Maricopa County, Arizona","856","176","90","79","0","13","45","43","71","74","85","76","70","76","52","49","74","73","14","24","91","84","116","85","98","82","45","73","5","14","0","13","0","13",
"1500000US040136176002","Block Group 2, Census Tract 6176, Maricopa County, Arizona","405","101","0","13","0","13","0","13","0","13","10","29","0","13","0","13","0","13","0","13","4","6","28","30","114","87","97","70","56","42","96","83","0","13",
"1500000US040136176003","Block Group 3, Census Tract 6176, Maricopa County, Arizona","447","107","101","98","0","13","27","30","0","13","27","32","13","22","0","13","24","38","13","20","33","35","0","13","78","63","64","38","32","39","0","13","35","40",
"1500000US040136176004","Block Group 4, Census Tract 6176, Maricopa County, Arizona","759","471","54","71","27","30","13","21","0","13","12","21","17","28","13","21","14","21","0","13","335","465","134","78","66","54","55","56","0","13","0","13","19","31",
"1500000US040136177001","Block Group 1, Census Tract 6177, Maricopa County, Arizona","263","75","0","13","0","13","0","13","0","13","0","13","0","13","0","13","0","13","0","13","10","14","13","19","27","32","96","64","32","23","50","43","35","31",
"1500000US040136177002","Block Group 2, Census Tract 6177, Maricopa County, Arizona","350","92","32","31","0","13","32","43","0","13","29","34","29","45","0","13","0","13","25","28","71","56","69","60","31","44","15","27","17","19","0","13","0","13",
"1500000US040136177003","Block Group 3, Census Tract 6177, Maricopa County, Arizona","819","172","150","80","33","41","29","43","68","62","29","45","33","25","44","31","0","13","35","31","70","47","199","159","93","63","13","15","7","13","16","25","0","13",
"1500000US040136178001","Block Group 1, Census Tract 6178, Maricopa County, Arizona","174","34","6","9","0","13","0","13","0","13","6","9","6","9","5","7","0","13","20","15","6","8","15","14","17","12","42","21","13","15","22","16","16","13",
"1500000US040136178002","Block Group 2, Census Tract 6178, Maricopa County, Arizona","662","117","32","34","0","13","6","9","19","23","0","13","18","13","12","13","0","13","30","26","39","21","74","34","87","44","50","26","59","28","159","109","77","31",
"1500000US040136179001","Block Group 1, Census Tract 6179, Maricopa County, Arizona","257","61","11","17","7","11","0","13","13","19","0","13","0","13","0","13","0","13","0","13","0","13","30","30","73","45","21","24","59","39","28","28","15","18",
"1500000US040136179002","Block Group 2, Census Tract 6179, Maricopa County, Arizona","163","52","16","20","0","13","0","13","0","13","0","13","43","49","17","20","8","14","0","13","23","20","17","26","9","14","13","20","0","13","5","9","12","18",
"1500000US040136179003","Block Group 3, Census Tract 6179, Maricopa County, Arizona","637","280","12","20","0","13","0","13","35","38","0","13","0","13","0","13","171","280","18","25","15","17","75","47","116","50","41","28","25","27","68","43","61","42",
"1500000US040136180001","Block Group 1, Census Tract 6180, Maricopa County, Arizona","702","161","44","31","0","13","0","13","0","13","21","25","15","22","11","18","12","19","0","13","17","20","55","54","175","98","110","61","28","29","132","91","82","68",
"1500000US040136180002","Block Group 2, Census Tract 6180, Maricopa County, Arizona","487","60","10","16","25","24","13","19","11","17","65","50","25","37","4","9","9","15","0","13","35","33","63","54","94","63","48","37","35","44","27","31","23","33",
"1500000US040136180003","Block Group 3, Census Tract 6180, Maricopa County, Arizona","282","46","35","33","8","12","21","23","0","13","4","6","39","36","22","24","0","13","0","13","31","28","0","13","49","37","43","35","18","22","4","9","8","13",
"1500000US040136181001","Block Group 1, Census Tract 6181, Maricopa County, Arizona","730","103","34","31","0","13","0","13","15","24","36","32","19","22","21","22","35","34","51","46","54","37","100","66","95","46","126","83","64","35","80","44","0","13",
"1500000US040136181002","Block Group 2, Census Tract 6181, Maricopa County, Arizona","458","170","0","13","0","13","0","13","0","13","0","13","0","13","47","35","12","19","29","41","45","42","79","38","71","36","26","25","20","21","106","159","23","25",
"1500000US040136181003","Block Group 3, Census Tract 6181, Maricopa County, Arizona","515","103","0","13","0","13","42","33","12","19","35","49","25","29","0","13","19","25","0","13","0","13","71","62","135","61","92","57","27","22","43","35","14","19",
"1500000US040136182001","Block Group 1, Census Tract 6182, Maricopa County, Arizona","739","180","41","47","0","13","0","13","18","20","26","21","37","39","28","32","46","42","0","13","85","59","125","158","138","73","84","61","9","17","87","58","15","18",
"1500000US040136182002","Block Group 2, Census Tract 6182, Maricopa County, Arizona","784","154","52","58","40","43","21","32","8","13","40","34","72","89","7","11","52","47","54","55","83","49","121","59","119","68","85","57","26","30","4","8","0","13",
"1500000US040136183001","Block Group 1, Census Tract 6183, Maricopa County, Arizona","461","71","0","13","12","20","27","35","0","13","24","23","0","13","30","24","22","25","0","13","46","35","69","49","119","61","13","16","80","46","7","11","12","18",
"1500000US040136183002","Block Group 2, Census Tract 6183, Maricopa County, Arizona","604","126","43","49","8","12","9","14","0","13","42","45","8","12","26","23","8","11","38","29","50","49","26","25","69","43","148","109","65","37","36","28","28","26",
"1500000US040136184001","Block Group 1, Census Tract 6184, Maricopa County, Arizona","586","116","23","24","48","65","16","17","0","13","8","13","29","33","93","65","49","44","26","25","91","55","36","30","85","40","59","46","23","21","0","13","0","13",
"1500000US040136184002","Block Group 2, Census Tract 6184, Maricopa County, Arizona","846","199","50","66","18","22","28","26","57","47","56","50","13","14","10","14","88","121","16","19","104","62","198","141","99","50","45","35","57","52","7","8","0","13",
"1500000US040136185001","Block Group 1, Census Tract 6185, Maricopa County, Arizona","597","118","9","14","0","13","0","13","25","32","15","18","0","13","47","37","46","57","37","41","100","50","63","44","132","63","28","28","41","40","45","31","9","15",
"1500000US040136185002","Block Group 2, Census Tract 6185, Maricopa County, Arizona","736","387","43","53","0","13","0","13","0","13","50","57","105","103","90","94","284","367","0","13","61","57","37","33","46","56","0","13","0","13","20","30","0","13",
"1500000US040136185003","Block Group 3, Census Tract 6185, Maricopa County, Arizona","486","116","58","59","12","19","36","33","0","13","0","13","26","30","49","61","25","30","88","55","0","13","49","50","110","67","0","13","0","13","0","13","33","39",
"1500000US040136186001","Block Group 1, Census Tract 6186, Maricopa County, Arizona","663","128","51","54","0","13","17","19","8","12","6","10","47","41","33","41","8","13","40","31","77","60","90","70","115","69","20","27","76","58","21","24","54","39",
"1500000US040136186002","Block Group 2, Census Tract 6186, Maricopa County, Arizona","498","104","39","42","56","48","8","12","11","18","39","42","66","48","44","44","27","44","49","67","28","33","92","73","11","13","0","13","22","33","6","10","0","13",
"1500000US040136186003","Block Group 3, Census Tract 6186, Maricopa County, Arizona","636","163","21","26","12","19","57","53","17","18","16","24","33","28","27","43","6","9","34","29","73","44","72","39","112","112","80","99","64","41","0","13","12","19",
"1500000US040136187001","Block Group 1, Census Tract 6187, Maricopa County, Arizona","483","79","11","11","0","13","26","21","41","41","18","17","17","24","5","8","6","9","6","11","24","18","47","37","114","46","130","59","19","23","8","12","11","11",
"1500000US040136187002","Block Group 2, Census Tract 6187, Maricopa County, Arizona","519","120","7","10","0","13","87","92","13","15","19","16","23","15","5","9","18","11","24","15","26","18","155","86","60","37","48","38","10","11","6","8","18","21",
"1500000US040136188001","Block Group 1, Census Tract 6188, Maricopa County, Arizona","480","276","31","48","121","151","0","13","10","17","18","28","21","35","138","224","0","13","12","19","35","54","50","65","24","22","20","21","0","13","0","13","0","13",
"1500000US040136188002","Block Group 2, Census Tract 6188, Maricopa County, Arizona","507","135","18","22","62","84","12","20","52","41","49","65","63","70","38","58","26","33","32","39","110","94","8","13","12","26","20","29","0","13","5","9","0","13",
"1500000US040136188003","Block Group 3, Census Tract 6188, Maricopa County, Arizona","590","160","0","13","0","13","103","82","61","52","146","113","61","65","16","25","8","15","45","61","15","17","66","60","7","12","4","18","26","34","32","33","0","13",
"1500000US040136188004","Block Group 4, Census Tract 6188, Maricopa County, Arizona","682","190","64","56","23","36","123","77","43","48","45","72","120","111","58","63","0","13","27","35","0","13","103","118","65","93","11","17","0","13","0","13","0","13",
"1500000US040136189001","Block Group 1, Census Tract 6189, Maricopa County, Arizona","727","192","115","84","0","13","0","13","96","107","0","13","9","16","38","37","0","13","16","26","76","77","51","48","254","155","31","35","16","26","0","13","25","33",
"1500000US040136189002","Block Group 2, Census Tract 6189, Maricopa County, Arizona","597","151","0","13","17","27","77","63","93","97","0","13","56","43","16","26","93","96","44","54","72","65","53","49","7","14","69","63","0","13","0","13","0","13",
"1500000US040136189003","Block Group 3, Census Tract 6189, Maricopa County, Arizona","403","185","62","97","0","13","17","27","20","32","0","13","41","43","14","23","0","13","0","13","12","19","28","36","24","28","43","49","46","41","96","153","0","13",
"1500000US040136189004","Block Group 4, Census Tract 6189, Maricopa County, Arizona","416","191","0","13","0","13","29","46","49","79","0","13","10","18","14","21","0","13","0","13","0","13","0","13","63","60","156","162","38","41","57","50","0","13",
"1500000US040136189005","Block Group 5, Census Tract 6189, Maricopa County, Arizona","901","270","0","13","56","91","0","13","18","28","23","37","33","52","19","31","0","13","39","39","223","222","177","181","234","138","79","74","0","13","0","13","0","13",
"1500000US040136190001","Block Group 1, Census Tract 6190, Maricopa County, Arizona","439","90","42","42","39","38","26","26","42","41","17","19","0","13","0","13","46","39","0","13","44","41","84","58","53","35","20","32","18","18","0","13","8","12",
"1500000US040136190002","Block Group 2, Census Tract 6190, Maricopa County, Arizona","490","97","0","13","34","43","48","53","0","13","0","13","28","45","46","44","9","15","27","22","12","16","33","42","24","22","75","46","68","66","51","51","35","31",
"1500000US040136190003","Block Group 3, Census Tract 6190, Maricopa County, Arizona","676","403","0","13","0","13","44","47","20","33","9","14","9","15","80","107","250","375","37","28","55","44","40","44","32","43","63","57","9","14","20","19","8","12",
"1500000US040136191001","Block Group 1, Census Tract 6191, Maricopa County, Arizona","876","195","70","52","23","39","47","43","117","117","40","38","39","31","134","69","104","71","25","40","51","47","202","175","0","13","24","39","0","13","0","13","0","13",
"1500000US040136191002","Block Group 2, Census Tract 6191, Maricopa County, Arizona","612","199","0","13","0","13","113","152","23","38","10","16","70","57","66","66","0","13","24","31","36","45","70","56","126","102","53","45","21","30","0","13","0","13",
"1500000US040136192001","Block Group 1, Census Tract 6192, Maricopa County, Arizona","1728","509","110","101","119","117","37","43","133","106","69","56","100","111","76","70","181","120","406","477","196","127","213","131","54","53","34","44","0","13","0","13","0","13",
"1500000US040136192002","Block Group 2, Census Tract 6192, Maricopa County, Arizona","430","140","0","13","18","29","98","80","83","85","0","13","18","30","0","13","50","49","17","27","61","58","0","13","18","30","21","33","0","13","0","13","46","72",
"1500000US040136192003","Block Group 3, Census Tract 6192, Maricopa County, Arizona","578","300","0","13","0","13","18","30","0","13","0","13","20","32","42","65","179","289","0","13","17","27","73","76","85","60","72","75","15","26","0","13","57","74",
"1500000US040136193001","Block Group 1, Census Tract 6193, Maricopa County, Arizona","770","151","68","80","57","37","30","30","36","29","18","20","38","32","15","16","27","27","18","19","39","39","36","30","212","89","44","43","14","16","11","17","107","107",
"1500000US040136193002","Block Group 2, Census Tract 6193, Maricopa County, Arizona","295","87","17","18","0","13","15","17","38","31","29","28","15","17","0","13","0","13","16","18","37","59","36","26","75","59","17","19","0","13","0","13","0","13",
"1500000US040136193003","Block Group 3, Census Tract 6193, Maricopa County, Arizona","1081","230","21","20","131","135","75","71","35","27","74","58","36","48","45","50","159","193","68","44","103","61","108","64","104","67","115","80","0","13","7","12","0","13",
"1500000US040136194001","Block Group 1, Census Tract 6194, Maricopa County, Arizona","972","152","40","55","23","30","40","35","64","49","52","40","28","34","86","60","100","82","48","42","8","11","176","81","121","67","51","32","58","54","36","52","41","38",
"1500000US040136194002","Block Group 2, Census Tract 6194, Maricopa County, Arizona","774","201","44","44","0","13","5","9","27","26","7","12","51","44","40","41","27","30","39","37","95","49","122","80","192","127","27","30","42","41","0","13","56","93",
"1500000US040136194003","Block Group 3, Census Tract 6194, Maricopa County, Arizona","471","123","0","13","8","13","31","39","50","42","4","8","11","17","11","16","20","24","0","13","64","52","33","35","87","67","33","41","90","77","21","23","8","12",
"1500000US040136195001","Block Group 1, Census Tract 6195, Maricopa County, Arizona","502","137","0","13","32","33","0","13","13","22","56","63","21","34","0","13","0","13","12","19","18","28","38","36","235","119","63","52","0","13","0","13","14","22",
"1500000US040136195002","Block Group 2, Census Tract 6195, Maricopa County, Arizona","770","262","0","13","0","13","0","13","0","13","49","61","10","16","51","64","70","73","117","191","58","61","91","58","191","166","44","50","9","16","80","50","0","13",
"1500000US040136195003","Block Group 3, Census Tract 6195, Maricopa County, Arizona","836","182","31","35","14","22","31","38","100","87","15","23","108","105","14","22","89","115","17","29","63","65","75","71","117","82","11","19","17","27","122","104","12","21",
"1500000US040136196011","Block Group 1, Census Tract 6196.01, Maricopa County, Arizona","0","13","0","13","0","13","0","13","0","13","0","13","0","13","0","13","0","13","0","13","0","13","0","13","0","13","0","13","0","13","0","13","0","13",
"1500000US040136196021","Block Group 1, Census Tract 6196.02, Maricopa County, Arizona","774","76","9","10","21","17","9","8","42","47","16","14","11","12","33","24","23","18","40","32","135","56","95","40","183","50","84","37","21","21","15","13","37","29",
"1500000US040136197001","Block Group 1, Census Tract 6197, Maricopa County, Arizona","486","79","8","12","0","13","10","16","18","19","25","23","20","21","12","16","0","13","12","18","12","20","49","38","41","30","67","40","16","23","83","50","113","57",
"1500000US040136197002","Block Group 2, Census Tract 6197, Maricopa County, Arizona","512","160","31","45","8","14","30","48","25","25","9","14","8","13","0","13","79","74","5","11","26","38","33","26","110","55","19","24","15","18","12","19","102","147",
"1500000US040136197003","Block Group 3, Census Tract 6197, Maricopa County, Arizona","395","96","41","37","28","28","11","16","26","27","39","60","10","15","7","11","36","38","4","8","52","64","84","76","9","17","25","25","17","22","6","10","0","13",
"1500000US040136198001","Block Group 1, Census Tract 6198, Maricopa County, Arizona","833","191","19","31","0","13","54","86","15","25","62","73","10","16","0","13","15","24","115","141","99","96","63","53","62","76","100","84","83","94","47","44","89","82",
"1500000US040136198002","Block Group 2, Census Tract 6198, Maricopa County, Arizona","913","368","18","29","0","13","101","80","21","36","60","100","49","48","0","13","51","62","19","30","243","309","122","130","83","53","88","115","8","13","50","70","0","13",
"1500000US040136198003","Block Group 3, Census Tract 6198, Maricopa County, Arizona","456","124","0","13","0","13","0","13","0","13","34","38","0","13","0","13","0","13","0","13","31","51","19","31","181","114","110","75","18","30","14","24","49","45",
"1500000US040136199001","Block Group 1, Census Tract 6199, Maricopa County, Arizona","478","186","12","19","0","13","2","11","0","13","0","13","0","13","48","72","24","29","0","13","10","16","0","13","37","36","30","35","14","24","35","34","266","185",
"1500000US040136199002","Block Group 2, Census Tract 6199, Maricopa County, Arizona","740","189","14","24","0","13","0","13","0","13","10","16","0","13","13","20","9","17","0","13","35","43","82","91","92","94","226","106","92","109","117","134","50","41",
"1500000US040136199003","Block Group 3, Census Tract 6199, Maricopa County, Arizona","646","137","16","26","0","13","13","21","0","13","42","47","10","18","0","13","21","27","0","13","8","17","26","30","135","113","73","55","32","34","72","66","198","91",
"1500000US040136199004","Block Group 4, Census Tract 6199, Maricopa County, Arizona","415","104","0","13","10","15","0","13","0","13","0","13","10","16","9","16","0","13","0","13","16","25","39","56","40","35","50","41","109","82","83","61","49","45",
"1500000US040137233041","Block Group 1, Census Tract 7233.04, Maricopa County, Arizona","427","116","50","44","0","13","10","15","29","41","25","23","3","4","8","13","21","23","5","8","112","89","16","20","36","34","24","22","29","20","20","21","39","34",
"1500000US040137233042","Block Group 2, Census Tract 7233.04, Maricopa County, Arizona","306","102","8","12","11","17","0","13","0","13","0","13","0","13","0","13","0","13","18","20","61","59","62","57","37","48","51","44","37","38","14","22","7","11",
"1500000US040137233043","Block Group 3, Census Tract 7233.04, Maricopa County, Arizona","608","137","7","11","22","22","6","8","12","15","56","93","22","19","18","21","4","8","0","13","40","23","105","85","124","50","77","48","29","25","46","28","40","28",
"1500000US040137233044","Block Group 4, Census Tract 7233.04, Maricopa County, Arizona","597","194","12","18","8","12","13","22","7","12","31","48","46","43","159","186","16","26","30","27","31","31","122","84","36","31","32","30","41","43","6","9","7","10",
"1500000US040137233051","Block Group 1, Census Tract 7233.05, Maricopa County, Arizona","630","134","65","39","27","25","25","23","42","32","66","32","29","25","51","58","25","23","11","17","39","34","43","30","57","39","121","106","10","13","10","16","9","14",
"1500000US040137233052","Block Group 2, Census Tract 7233.05, Maricopa County, Arizona","179","49","24","15","2","5","2","4","0","13","24","19","9","10","8","10","30","32","6","7","8","10","20","14","14","14","15","18","6","7","11","16","0","13",
"1500000US040137233061","Block Group 1, Census Tract 7233.06, Maricopa County, Arizona","22","22","12","20","0","19","0","19","0","19","0","19","0","19","0","19","0","19","0","19","0","19","0","19","4","5","0","19","0","19","6","9","0","19",
"1500000US040137233071","Block Group 1, Census Tract 7233.07, Maricopa County, Arizona","638","73","6","9","0","13","6","9","70","47","26","32","0","13","0","13","15","13","4","8","42","27","64","35","110","31","85","35","94","37","55","41","61","26",
"1500000US040137233091","Block Group 1, Census Tract 7233.09, Maricopa County, Arizona","448","138","16","25","0","13","0","13","0","13","0","13","21","28","0","13","18","28","0","13","37","59","24","26","61","54","176","141","0","13","31","27","64","60",
"1500000US040137233092","Block Group 2, Census Tract 7233.09, Maricopa County, Arizona","407","319","17","26","12","20","0","13","27","45","0","13","0","13","15","24","15","25","0","13","0","13","22","36","244","312","14","23","16","26","8","14","17","28",
"1500000US040137233093","Block Group 3, Census Tract 7233.09, Maricopa County, Arizona","310","213","0","13","0","13","0","13","0","13","42","68","12","19","0","13","0","13","0","13","64","61","0","13","25","32","0","13","15","25","31","35","121","194",
"1500000US040137233101","Block Group 1, Census Tract 7233.10, Maricopa County, Arizona","725","131","33","33","0","13","0","13","0","13","38","46","0","13","19","30","0","13","11","19","0","13","96","67","46","43","233","126","88","48","48","43","113","63",
"1500000US040137233111","Block Group 1, Census Tract 7233.11, Maricopa County, Arizona","697","108","11","18","11","17","0","13","11","18","23","36","31","46","46","42","17","27","10","16","67","55","6","11","191","83","118","65","69","50","41","40","45","41",
"1500000US040137233112","Block Group 2, Census Tract 7233.11, Maricopa County, Arizona","829","131","11","18","0","13","0","13","13","22","12","21","0","13","0","13","18","29","24","38","17","33","106","90","157","78","156","81","100","59","65","47","150","74",
"1500000US040138100001","Block Group 1, Census Tract 8100, Maricopa County, Arizona","1266","288","11","14","29","27","15","17","55","52","30","38","6","10","10","16","25","23","8","14","39","28","54","42","119","65","184","78","360","324","141","47","180","64",
"1500000US040138101001","Block Group 1, Census Tract 8101, Maricopa County, Arizona","608","107","0","13","0","13","0","13","0","13","0","13","0","13","0","13","0","13","0","13","6","10","32","32","140","83","79","60","44","40","139","79","168","62",
"1500000US040138101002","Block Group 2, Census Tract 8101, Maricopa County, Arizona","627","137","0","13","0","13","6","9","44","35","19","31","0","13","0","13","0","13","0","13","14","22","75","56","98","48","126","131","57","46","68","48","120","69",
"1500000US040138101003","Block Group 3, Census Tract 8101, Maricopa County, Arizona","465","82","0","13","0","13","0","13","0","13","0","13","0","13","11","19","15","23","0","13","19","32","10","16","85","71","72","73","87","47","56","39","110","64",
"1500000US040138101004","Block Group 4, Census Tract 8101, Maricopa County, Arizona","567","87","17","28","0","13","0","13","0","13","0","13","0","13","18","29","0","13","1","2","26","31","15","26","84","69","45","41","97","51","96","58","168","80",
"1500000US040138102001","Block Group 1, Census Tract 8102, Maricopa County, Arizona","1102","306","23","35","0","13","62","63","24","35","22","18","23","25","32","46","81","65","50","52","44","39","64","44","120","49","126","62","65","39","148","70","218","288",
"1500000US040138102002","Block Group 2, Census Tract 8102, Maricopa County, Arizona","305","61","8","14","0","13","0","13","0","13","0","13","35","32","0","13","10","17","0","13","10","15","33","35","53","35","20","21","29","27","65","47","42","31",
"1500000US040138103001","Block Group 1, Census Tract 8103, Maricopa County, Arizona","602","206","0","13","0","13","0","13","0","13","14","23","13","21","108","136","0","13","0","13","25","28","59","71","114","120","136","86","0","13","55","64","78","87",
"1500000US040138103002","Block Group 2, Census Tract 8103, Maricopa County, Arizona","804","243","17","28","65","63","22","34","12","22","0","13","16","26","14","22","46","68","40","63","152","196","101","70","93","66","55","44","95","71","41","31","35","35",
"1500000US040138103003","Block Group 3, Census Tract 8103, Maricopa County, Arizona","454","106","10","17","0","13","13","21","7","12","0","13","0","13","16","25","41","66","12","20","0","13","130","85","63","74","48","41","53","49","26","33","35","39",
"1500000US040138103004","Block Group 4, Census Tract 8103, Maricopa County, Arizona","492","130","0","13","0","13","0","13","8","13","40","35","0","13","0","13","12","19","30","34","81","84","80","78","130","84","14","21","75","75","11","21","11","18",
"1500000US040138104001","Block Group 1, Census Tract 8104, Maricopa County, Arizona","264","77","0","13","0","13","0","13","0","13","0","13","0","13","8","13","0","13","8","13","11","17","8","12","32","39","8","12","108","65","53","37","28","27",
"1500000US040138104002","Block Group 2, Census Tract 8104, Maricopa County, Arizona","413","104","0","13","0","13","0","13","0","13","0","13","32","38","41","42","61","60","46","37","22","34","12","18","81","62","28","27","30","33","10","17","50","37",
"1500000US040138104003","Block Group 3, Census Tract 8104, Maricopa County, Arizona","276","66","0","13","0","13","0","13","21","26","22","33","16","17","0","13","8","12","26","41","8","14","19","20","23","24","22","21","63","60","23","19","25","26",
"1500000US040138104004","Block Group 4, Census Tract 8104, Maricopa County, Arizona","966","146","32","39","25","41","10","16","8","13","23","36","15","17","8","12","106","88","50","47","91","56","58","49","141","70","98","68","63","42","137","92","101","41",
"1500000US040138105001","Block Group 1, Census Tract 8105, Maricopa County, Arizona","785","151","15","23","0","13","14","23","0","13","130","86","16","24","0","13","0","13","0","13","48","63","77","71","0","13","184","105","30","32","49","51","222","136",
"1500000US040138105002","Block Group 2, Census Tract 8105, Maricopa County, Arizona","619","199","0","13","101","117","0","13","0","13","18","22","21","26","0","13","20","30","78","80","41","55","63","84","140","94","10","16","105","122","22","33","0","13",
"1500000US040138105003","Block Group 3, Census Tract 8105, Maricopa County, Arizona","489","173","0","13","0","13","0","13","0","13","5","10","28","31","8","16","0","13","9","15","41","42","65","53","47","55","23","32","62","49","110","130","91","58",
"1500000US040138106001","Block Group 1, Census Tract 8106, Maricopa County, Arizona","532","102","0","13","17","27","0","13","35","51","0","13","110","80","12","19","12","20","24","35","50","35","62","46","0","13","38","38","60","45","38","41","74","62",
"1500000US040138106002","Block Group 2, Census Tract 8106, Maricopa County, Arizona","341","72","0","13","12","19","0","13","0","13","0","13","20","33","0","13","0","13","0","13","0","13","37","40","28","31","106","67","42","41","53","44","43","48",
"1500000US040138106003","Block Group 3, Census Tract 8106, Maricopa County, Arizona","770","201","34","43","13","22","0","13","13","20","46","44","0","13","0","13","0","13","0","13","45","44","77","69","170","98","114","155","25","30","67","53","166","114",
"1500000US040138106004","Block Group 4, Census Tract 8106, Maricopa County, Arizona","873","124","0","13","0","13","34","49","0","13","0","13","0","13","40","60","16","25","27","32","60","58","54","49","94","84","140","95","183","109","198","129","27","44",
"1500000US040138107001","Block Group 1, Census Tract 8107, Maricopa County, Arizona","480","130","0","13","0","13","0","13","0","13","0","13","42","43","15","23","0","13","0","13","27","34","52","40","87","102","51","33","53","43","121","80","32","47",
"1500000US040138107002","Block Group 2, Census Tract 8107, Maricopa County, Arizona","839","201","14","21","0","13","15","25","103","98","0","13","5","9","14","23","68","74","43","70","164","124","0","13","97","138","26","32","78","57","101","72","111","76",
"1500000US040138107003","Block Group 3, Census Tract 8107, Maricopa County, Arizona","436","134","0","13","0","13","30","34","0","13","50","61","43","70","0","13","43","68","13","23","20","27","109","78","100","77","0","13","14","24","14","22","0","13",
"1500000US040138107004","Block Group 4, Census Tract 8107, Maricopa County, Arizona","411","144","15","28","0","13","68","72","0","13","39","63","90","95","41","64","26","31","38","60","35","54","59","71","0","13","0","13","0","13","0","13","0","13",
"1500000US040138107005","Block Group 5, Census Tract 8107, Maricopa County, Arizona","725","248","15","24","11","19","21","34","19","23","0","13","8","15","15","21","14","22","12","20","40","63","92","72","166","104","162","219","42","39","108","79","0","13",
"1500000US040138108001","Block Group 1, Census Tract 8108, Maricopa County, Arizona","881","143","25","37","0","13","0","13","0","13","29","48","37","30","22","23","32","28","39","30","22","21","163","87","75","41","88","49","120","70","138","77","91","44",
"1500000US040138108002","Block Group 2, Census Tract 8108, Maricopa County, Arizona","713","90","10","16","0","13","34","53","10","15","9","14","0","13","0","13","0","13","13","19","83","49","56","41","148","65","55","36","55","40","93","65","147","78",
"1500000US040138109001","Block Group 1, Census Tract 8109, Maricopa County, Arizona","360","98","22","26","0","13","0","13","0","13","0","13","16","26","14","23","5","8","2","4","45","39","18","29","47","47","36","36","35","42","53","41","67","73",
"1500000US040138109002","Block Group 2, Census Tract 8109, Maricopa County, Arizona","452","94","29","41","0","13","16","26","0","13","0","13","0","13","11","18","0","13","0","13","58","73","0","13","105","62","28","33","46","44","94","75","65","57",
"1500000US040138109003","Block Group 3, Census Tract 8109, Maricopa County, Arizona","518","144","0","13","0","13","0","13","13","21","41","64","25","30","27","31","19","30","0","13","0","13","56","50","121","86","109","110","0","13","95","90","12","19",
"1500000US040138109004","Block Group 4, Census Tract 8109, Maricopa County, Arizona","826","330","52","45","0","13","0","13","0","13","0","13","15","24","42","56","15","23","0","13","16","25","28","30","102","86","128","120","279","331","96","66","53","52",
"1500000US040138110001","Block Group 1, Census Tract 8110, Maricopa County, Arizona","205","57","0","13","0","13","0","13","0","13","0","13","0","13","2","5","0","13","0","13","0","13","46","47","3","4","16","19","43","32","50","28","45","23",
"1500000US040138110002","Block Group 2, Census Tract 8110, Maricopa County, Arizona","762","83","3","5","0","13","0","13","15","13","7","8","0","13","11","10","32","20","44","32","85","72","63","36","135","54","139","52","51","26","96","42","81","41",
"1500000US040138111001","Block Group 1, Census Tract 8111, Maricopa County, Arizona","827","208","30","29","0","13","0","13","25","29","26","41","12","18","0","13","10","16","106","105","87","65","107","85","123","60","74","88","98","124","80","44","49","30",
"1500000US040138111002","Block Group 2, Census Tract 8111, Maricopa County, Arizona","453","79","15","18","0","13","10","11","0","13","0","13","13","17","45","53","0","13","31","24","11","13","74","61","92","52","70","42","16","19","70","56","6","11",
"1500000US040138112001","Block Group 1, Census Tract 8112, Maricopa County, Arizona","492","103","0","13","15","16","8","12","0","13","11","13","21","35","24","38","5","9","7","12","29","38","67","58","119","67","62","45","20","19","61","54","43","42",
"1500000US040138112002","Block Group 2, Census Tract 8112, Maricopa County, Arizona","1109","205","56","46","11","13","72","107","35","33","11","14","83","70","74","53","41","38","30","27","95","38","169","70","94","58","125","95","141","123","54","35","18","20",
"1500000US040138113001","Block Group 1, Census Tract 8113, Maricopa County, Arizona","547","116","9","13","9","9","7","8","0","13","24","25","16","16","4","6","10","11","30","24","71","37","54","36","117","40","81","34","89","98","8","10","18","15",
"1500000US040138113002","Block Group 2, Census Tract 8113, Maricopa County, Arizona","410","60","11","15","0","13","0","13","0","13","6","9","10","12","2","4","6","11","3","5","15","16","31","21","103","38","46","21","52","22","44","25","81","52",
"1500000US040138114001","Block Group 1, Census Tract 8114, Maricopa County, Arizona","213","52","0","13","0","13","10","15","0","13","0","13","0","13","0","13","19","21","0","13","27","24","17","18","23","25","38","36","26","25","37","33","16","19",
"1500000US040138114002","Block Group 2, Census Tract 8114, Maricopa County, Arizona","550","85","0","13","0","13","0","13","18","22","7","13","24","23","0","13","24","33","0","13","26","41","137","76","49","41","55","38","63","37","94","49","53","33",
"1500000US040138114003","Block Group 3, Census Tract 8114, Maricopa County, Arizona","524","110","0","13","15","19","10","14","0","13","48","53","4","7","41","42","13","19","8","12","29","23","59","31","94","53","93","87","47","36","20","17","43","40",
"1500000US040138114004","Block Group 4, Census Tract 8114, Maricopa County, Arizona","431","121","12","17","0","13","8","13","4","6","8","13","15","23","9","13","34","28","0","13","17","19","51","45","62","41","24","23","94","95","56","44","37","25",
"1500000US040138115001","Block Group 1, Census Tract 8115, Maricopa County, Arizona","918","154","15","13","8","12","6","10","0","13","4","6","10","14","17","17","17","17","5","7","86","83","54","26","148","58","181","110","109","33","152","48","106","34",
"1500000US040138116001","Block Group 1, Census Tract 8116, Maricopa County, Arizona","857","203","28","23","7","11","36","42","0","13","36","57","20","22","0","13","11","13","4","6","21","24","18","17","148","71","110","77","73","47","227","196","118","63",
"1500000US040138116002","Block Group 2, Census Tract 8116, Maricopa County, Arizona","450","147","0","13","7","11","8","12","26","26","0","13","0","13","0","13","6","9","29","43","109","144","69","51","58","47","21","21","82","55","28","31","7","14",
"1500000US040138116003","Block Group 3, Census Tract 8116, Maricopa County, Arizona","315","72","0","13","0","13","2","4","2","5","7","11","24","38","30","33","27","31","5","8","6","9","59","49","38","38","43","32","14","15","58","49","0","13",
"1500000US040138117001","Block Group 1, Census Tract 8117, Maricopa County, Arizona","561","163","87","123","0","13","10","15","0","13","0","13","0","13","0","13","9","13","9","14","0","13","31","29","113","69","83","48","82","50","124","74","13","20",
"1500000US040138117002","Block Group 2, Census Tract 8117, Maricopa County, Arizona","473","96","47","44","25","23","9","13","35","40","17","21","29","34","27","24","14","21","40","30","55","44","48","33","46","31","43","34","14","21","24","28","0","13",
"1500000US040138117003","Block Group 3, Census Tract 8117, Maricopa County, Arizona","713","144","12","20","12","20","96","60","10","14","85","90","73","58","38","45","5","10","0","13","60","56","71","38","27","22","171","106","26","24","9","13","18","27",
"1500000US040138118001","Block Group 1, Census Tract 8118, Maricopa County, Arizona","510","76","10","11","0","13","5","11","0","13","0","13","0","13","27","41","0","13","0","13","6","9","20","25","78","40","68","40","51","26","55","24","190","55",
"1500000US040138119001","Block Group 1, Census Tract 8119, Maricopa County, Arizona","914","176","0","13","0","13","8","14","9","15","0","13","64","53","0","13","0","13","23","30","68","77","172","103","237","143","90","76","105","64","111","104","27","34",
"1500000US040138119002","Block Group 2, Census Tract 8119, Maricopa County, Arizona","709","324","15","26","0","13","0","13","0","13","0","13","0","13","0","13","0","13","0","13","55","52","186","301","55","56","0","13","61","69","144","82","193","134",
"1500000US040138119003","Block Group 3, Census Tract 8119, Maricopa County, Arizona","229","96","0","13","0","13","0","13","0","13","0","13","17","28","0","13","0","13","0","13","0","13","0","13","32","41","49","66","44","54","44","60","43","53",
"1500000US040138119004","Block Group 4, Census Tract 8119, Maricopa County, Arizona","374","150","0","13","0","13","10","15","25","39","0","13","0","13","0","13","0","13","0","13","15","29","22","38","25","35","35","44","38","45","182","140","22","34",
"1500000US040138120001","Block Group 1, Census Tract 8120, Maricopa County, Arizona","690","150","0","13","32","33","10","15","20","19","14","16","50","75","59","57","23","23","22","34","76","43","81","60","149","84","38","32","0","13","77","86","39","51",
"1500000US040138120002","Block Group 2, Census Tract 8120, Maricopa County, Arizona","432","193","0","13","0","13","0","13","56","86","135","180","0","13","8","13","18","20","0","13","22","28","25","29","56","47","10","16","20","21","48","52","34","23",
"1500000US040138120003","Block Group 3, Census Tract 8120, Maricopa County, Arizona","657","134","7","11","23","29","16","25","0","13","44","55","47","47","0","13","87","74","43","61","112","96","71","79","41","42","44","42","7","11","66","55","49","44",
"1500000US040138121001","Block Group 1, Census Tract 8121, Maricopa County, Arizona","895","141","10","16","0","13","14","22","10","18","0","13","15","23","12","19","13","20","68","86","69","74","61","48","124","85","263","109","186","108","20","32","30","24",
"1500000US040138121002","Block Group 2, Census Tract 8121, Maricopa County, Arizona","873","376","0","13","0","13","29","37","0","13","0","13","14","24","35","44","58","74","17","25","258","356","117","112","252","175","24","28","32","41","21","25","16","25",
"1500000US040138121003","Block Group 3, Census Tract 8121, Maricopa County, Arizona","607","131","0","13","0","13","0","13","0","13","0","13","11","18","59","71","46","42","97","87","37","41","17","28","101","66","88","74","33","38","104","56","14","24",
"1500000US040138122001","Block Group 1, Census Tract 8122, Maricopa County, Arizona","1146","198","30","34","12","18","39","62","0","13","69","56","32","40","0","13","24","27","0","13","22","26","121","76","145","101","105","85","66","50","300","183","181","90",
"1500000US040138122002","Block Group 2, Census Tract 8122, Maricopa County, Arizona","446","123","0","13","0","13","0","13","34","54","8","15","0","13","0","13","0","13","38","42","87","70","67","75","67","59","69","75","33","47","26","23","17","28",
"1500000US040138122003","Block Group 3, Census Tract 8122, Maricopa County, Arizona","569","231","0","13","0","13","0","13","0","13","0","13","35","57","10","19","0","13","0","13","0","13","85","90","67","44","247","232","43","55","45","50","37","47",
"1500000US040138122004","Block Group 4, Census Tract 8122, Maricopa County, Arizona","305","97","0","13","12","19","0","13","0","13","0","13","0","13","0","13","0","13","33","52","0","13","67","64","29","29","14","24","13","20","21","34","116","54",
"1500000US040138122005","Block Group 5, Census Tract 8122, Maricopa County, Arizona","296","92","0","13","0","13","37","57","0","13","28","45","0","13","0","13","0","13","18","29","0","13","101","74","9","17","0","13","27","33","66","54","10","16",
"1500000US040138123001","Block Group 1, Census Tract 8123, Maricopa County, Arizona","549","87","0","13","0","13","22","24","0","13","0","13","0","13","19","21","5","9","0","13","49","40","84","44","46","37","105","57","41","30","108","58","70","35",
"1500000US040138123002","Block Group 2, Census Tract 8123, Maricopa County, Arizona","599","108","0","13","12","18","0","13","0","13","0","13","6","12","18","22","12","18","98","77","11","17","11","18","76","65","36","32","83","46","53","35","183","70",
"1500000US040138123003","Block Group 3, Census Tract 8123, Maricopa County, Arizona","483","190","0","13","16","18","0","13","0","13","0","13","0","13","0","13","0","13","0","13","0","13","57","51","221","199","42","33","30","28","56","39","61","42",
"1500000US040138124001","Block Group 1, Census Tract 8124, Maricopa County, Arizona","354","108","42","48","0","13","0","13","0","13","0","13","0","13","0","13","12","18","0","13","0","13","26","41","98","80","24","27","84","56","13","20","55","61",
"1500000US040138124002","Block Group 2, Census Tract 8124, Maricopa County, Arizona","347","68","11","17","0","13","0","13","0","13","0","13","0","13","16","24","0","13","0","13","0","13","8","13","78","54","80","45","0","13","61","39","93","52",
"1500000US040138124003","Block Group 3, Census Tract 8124, Maricopa County, Arizona","252","98","0","13","0","13","0","13","0","13","0","13","0","13","0","13","0","13","0","13","0","13","12","20","60","35","67","47","16","22","26","38","71","85",
"1500000US040138124004","Block Group 4, Census Tract 8124, Maricopa County, Arizona","761","286","0","13","9","15","0","13","0","13","0","13","0","13","43","50","168","261","0","13","60","47","33","29","91","58","45","36","134","75","117","53","61","57",
"1500000US040138124005","Block Group 5, Census Tract 8124, Maricopa County, Arizona","0","13","0","13","0","13","0","13","0","13","0","13","0","13","0","13","0","13","0","13","0","13","0","13","0","13","0","13","0","13","0","13","0","13",
"1500000US040138124006","Block Group 6, Census Tract 8124, Maricopa County, Arizona","334","207","0","13","0","13","0","13","10","16","0","13","0","13","0","13","0","13","0","13","27","30","70","71","28","33","10","16","17","27","147","188","25","40",
"1500000US040138125001","Block Group 1, Census Tract 8125, Maricopa County, Arizona","624","76","0","13","5","7","0","13","6","10","11","17","6","10","7","9","7","10","3","6","36","39","28","25","90","40","63","35","102","42","148","59","112","62",
"1500000US040138126001","Block Group 1, Census Tract 8126, Maricopa County, Arizona","1052","164","38","41","75","72","0","13","9","14","0","13","26","30","15","25","36","47","39","43","65","79","156","104","105","78","125","60","106","61","138","93","119","87",
"1500000US040138126002","Block Group 2, Census Tract 8126, Maricopa County, Arizona","562","233","0","13","0","13","0","13","8","13","0","13","32","53","0","13","8","13","0","13","34","50","8","12","0","13","85","54","50","43","286","229","51","41",
"1500000US040138126003","Block Group 3, Census Tract 8126, Maricopa County, Arizona","819","146","27","33","0","13","25","29","0","13","32","35","55","49","22","33","0","13","22","27","11","18","45","43","207","109","65","46","50","58","48","31","210","128",
"1500000US040138127001","Block Group 1, Census Tract 8127, Maricopa County, Arizona","537","140","0","13","16","26","31","36","0","13","0","13","0","13","0","13","112","128","0","13","37","44","0","13","42","41","62","66","58","46","156","74","23","35",
"1500000US040138127002","Block Group 2, Census Tract 8127, Maricopa County, Arizona","808","187","0","13","0","13","0","13","0","13","30","49","31","42","13","23","49","46","47","35","57","59","149","101","218","137","46","42","45","67","65","62","58","54",
"1500000US040138127003","Block Group 3, Census Tract 8127, Maricopa County, Arizona","479","129","12","20","0","13","0","13","5","9","0","13","0","13","0","13","33","53","0","13","14","22","13","20","21","31","0","13","104","85","36","32","241","119",
"1500000US040138127004","Block Group 4, Census Tract 8127, Maricopa County, Arizona","820","508","53","63","0","13","19","28","0","13","0","13","0","13","0","13","0","13","0","13","39","46","0","13","32","37","53","57","58","63","139","77","427","495",
"1500000US040138128011","Block Group 1, Census Tract 8128.01, Maricopa County, Arizona","326","130","18","28","0","13","0","13","0","13","0","13","0","13","0","13","0","13","70","104","20","32","17","26","13","22","21","25","16","22","66","67","85","38",
"1500000US040138128012","Block Group 2, Census Tract 8128.01, Maricopa County, Arizona","398","86","0","13","21","25","0","13","0","13","0","13","11","19","0","13","0","13","11","18","0","13","21","25","46","34","38","47","46","38","79","46","125","76",
"1500000US040138128021","Block Group 1, Census Tract 8128.02, Maricopa County, Arizona","395","90","0","13","16","22","4","7","0","13","0","13","0","13","7","11","0","13","0","13","5","10","0","13","64","62","46","31","59","38","63","32","131","67",
"1500000US040138128022","Block Group 2, Census Tract 8128.02, Maricopa County, Arizona","637","123","15","13","0","13","52","64","0","13","0","13","0","13","29","39","1","2","0","13","65","48","41","51","43","32","84","54","24","22","75","44","208","78",
"1500000US040138128023","Block Group 3, Census Tract 8128.02, Maricopa County, Arizona","427","79","0","13","0","13","0","13","0","13","8","12","0","13","0","13","0","13","19","23","10","17","44","40","24","22","99","54","27","25","82","49","114","50",
"1500000US040138129001","Block Group 1, Census Tract 8129, Maricopa County, Arizona","603","116","14","17","16","27","28","27","11","18","13","22","8","13","53","50","28","37","0","13","6","10","40","39","41","33","139","84","19","24","93","63","94","54",
"1500000US040138129002","Block Group 2, Census Tract 8129, Maricopa County, Arizona","499","92","64","56","0","13","0","13","0","13","11","18","0","13","0","13","26","24","6","11","17","20","0","13","10","17","20","23","40","38","95","46","210","67",
"1500000US040138130001","Block Group 1, Census Tract 8130, Maricopa County, Arizona","1064","125","68","67","10","16","9","15","23","21","44","36","66","52","28","26","21","24","25","39","48","42","105","65","165","56","177","71","89","49","64","52","122","64",
"1500000US040138130002","Block Group 2, Census Tract 8130, Maricopa County, Arizona","315","122","0","13","0","13","0","13","0","13","0","13","0","13","0","13","0","13","0","13","0","13","46","47","0","13","15","20","11","16","23","26","220","120",
"1500000US040138130003","Block Group 3, Census Tract 8130, Maricopa County, Arizona","403","94","9","15","0","13","13","19","0","13","0","13","0","13","0","13","0","13","0","13","35","55","0","13","11","15","56","47","55","29","28","27","196","69",
"1500000US040138130004","Block Group 4, Census Tract 8130, Maricopa County, Arizona","179","66","5","8","0","13","0","13","0","13","0","13","0","13","0","13","12","18","0","13","0","13","8","12","10","15","0","13","28","33","18","27","98","62",
"1500000US040138131001","Block Group 1, Census Tract 8131, Maricopa County, Arizona","515","80","15","12","0","13","0","13","0","13","0","13","0","13","5","9","0","13","29","30","0","13","28","28","32","25","52","29","51","30","100","43","203","73",
"1500000US040138131002","Block Group 2, Census Tract 8131, Maricopa County, Arizona","611","120","22","27","0","13","4","6","0","13","0","13","7","10","5","8","11","12","0","13","72","104","85","51","60","38","55","32","51","28","84","43","155","50",
"1500000US040138132001","Block Group 1, Census Tract 8132, Maricopa County, Arizona","562","71","25","33","0","13","0","13","0","13","47","47","0","13","0","13","0","13","0","13","7","11","27","32","26","29","61","39","71","46","114","67","184","71",
"1500000US040138132002","Block Group 2, Census Tract 8132, Maricopa County, Arizona","714","109","0","13","0","13","9","14","0","13","0","13","0","13","0","13","3","8","0","13","50","48","16","27","48","30","102","42","106","67","118","56","262","75",
"1500000US040138133001","Block Group 1, Census Tract 8133, Maricopa County, Arizona","696","119","18","21","29","45","0","13","8","13","8","13","0","13","0","13","9","14","0","13","16","17","59","63","49","29","34","36","102","60","179","79","185","68",
"1500000US040138133002","Block Group 2, Census Tract 8133, Maricopa County, Arizona","517","86","23","32","0","13","0","13","0","13","26","38","0","13","0","13","9","15","9","13","36","40","27","26","20","22","56","41","51","30","85","42","175","57",
"1500000US040138133003","Block Group 3, Census Tract 8133, Maricopa County, Arizona","513","111","24","37","0","13","0","13","0","13","0","13","0","13","0","13","8","13","0","13","0","13","9","14","35","28","85","48","42","34","95","45","215","84",
"1500000US040138134001","Block Group 1, Census Tract 8134, Maricopa County, Arizona","334","89","56","64","0","13","0","13","0","13","0","13","8","12","5","8","8","12","15","19","22","24","21","20","15","17","62","47","51","47","38","30","33","29",
"1500000US040138134002","Block Group 2, Census Tract 8134, Maricopa County, Arizona","33","53","0","13","0","13","0","13","0","13","0","13","0","13","0","13","0","13","0","13","0","13","0","13","0","13","33","53","0","13","0","13","0","13",
"1500000US040138134003","Block Group 3, Census Tract 8134, Maricopa County, Arizona","473","129","40","30","12","18","0","13","8","12","0","13","0","13","0","13","0","13","0","13","0","13","21","24","28","30","98","92","28","28","90","54","148","87",
"1500000US040138134004","Block Group 4, Census Tract 8134, Maricopa County, Arizona","394","83","34","49","0","13","0","13","0","13","0","13","0","13","0","13","0","13","0","13","0","13","12","19","24","26","61","44","38","37","91","56","134","68",
"1500000US040138135001","Block Group 1, Census Tract 8135, Maricopa County, Arizona","398","56","0","13","10","12","0","13","6","9","18","27","18","23","0","13","2","4","6","9","8","12","22","17","85","45","28","20","13","14","47","32","135","42",
"1500000US040138135002","Block Group 2, Census Tract 8135, Maricopa County, Arizona","270","47","13","18","0","13","25","28","0","13","0","13","0","13","0","13","0","13","0","13","7","10","15","21","39","24","5","8","35","20","47","23","84","39",
"1500000US040138135003","Block Group 3, Census Tract 8135, Maricopa County, Arizona","278","60","0","13","24","28","0","13","0","13","0","13","0","13","0","13","6","10","0","13","27","26","0","13","17","14","48","36","51","38","36","20","69","32",
"1500000US040138136001","Block Group 1, Census Tract 8136, Maricopa County, Arizona","600","98","8","14","0","13","0","13","0","13","0","13","7","12","0","13","0","13","0","13","19","23","10","15","36","30","64","45","71","38","135","92","250","75",
"1500000US040138136002","Block Group 2, Census Tract 8136, Maricopa County, Arizona","318","65","0","13","0","13","0","13","11","18","0","13","0","13","0","13","0","13","0","13","19","20","0","13","52","47","17","19","49","33","14","21","156","60",
"1500000US040138136003","Block Group 3, Census Tract 8136, Maricopa County, Arizona","427","105","20","22","0","13","11","18","0","13","0","13","10","15","0","13","0","13","0","13","10","17","9","14","71","51","62","60","30","24","34","29","170","106",
"1500000US040138137001","Block Group 1, Census Tract 8137, Maricopa County, Arizona","641","101","18","20","0","13","43","40","18","25","26","24","27","24","17","19","48","43","55","53","68","46","61","33","68","35","81","53","84","66","27","24","0","13",
"1500000US040138137002","Block Group 2, Census Tract 8137, Maricopa County, Arizona","843","138","18","21","9","14","77","88","0","13","0","13","58","39","9","14","34","27","29","26","67","46","88","48","165","69","163","75","50","27","43","34","33","28",
"1500000US040138138001","Block Group 1, Census Tract 8138, Maricopa County, Arizona","722","190","14","17","40","27","15","16","61","43","54","33","53","41","15","15","30","22","30","23","155","80","37","26","54","30","29","35","121","164","0","13","14","17",
"1500000US040138138002","Block Group 2, Census Tract 8138, Maricopa County, Arizona","601","85","16","16","8","12","22","34","7","11","29","22","62","45","41","21","45","29","37","27","87","37","87","50","61","34","22","20","38","25","39","25","0","13",
"1500000US040138138003","Block Group 3, Census Tract 8138, Maricopa County, Arizona","423","75","29","37","7","12","31","25","22","20","9","16","56","36","35","25","14","17","29","23","73","47","43","38","32","24","23","20","20","18","0","13","0","13",
"1500000US040138139001","Block Group 1, Census Tract 8139, Maricopa County, Arizona","629","121","0","13","0","13","0","13","4","6","44","49","24","24","37","44","10","16","7","12","43","39","22","21","115","62","63","38","59","37","151","88","50","31",
"1500000US040138139002","Block Group 2, Census Tract 8139, Maricopa County, Arizona","639","129","24","21","0","13","9","14","0","13","0","13","0","13","18","20","0","13","0","13","60","53","94","63","55","34","91","40","134","79","104","71","50","33",
"1500000US040138139003","Block Group 3, Census Tract 8139, Maricopa County, Arizona","434","83","0","13","0","13","20","21","0","13","0","13","8","12","0","13","0","13","30","27","11","16","0","13","78","50","26","28","116","65","74","37","71","53",
"1500000US040138140001","Block Group 1, Census Tract 8140, Maricopa County, Arizona","704","224","71","55","0","13","36","39","0","13","16","18","15","14","23","21","16","18","3","17","65","40","15","18","110","58","23","24","197","221","43","30","71","59",
"1500000US040138140002","Block Group 2, Census Tract 8140, Maricopa County, Arizona","480","107","21","23","67","97","24","22","38","38","32","24","44","37","16","18","37","29","8","13","36","27","61","34","25","23","37","20","0","13","26","21","8","13",
"1500000US040138140003","Block Group 3, Census Tract 8140, Maricopa County, Arizona","254","46","0","13","8","14","0","13","15","17","0","13","22","26","7","13","9","14","8","12","51","41","27","23","31","24","23","23","10","15","9","14","34","31",
"1500000US040138141001","Block Group 1, Census Tract 8141, Maricopa County, Arizona","706","183","146","177","0","13","0","13","0","13","8","12","14","24","12","20","12","19","0","13","47","38","24","21","108","61","57","32","53","26","129","49","96","58",
"1500000US040138141002","Block Group 2, Census Tract 8141, Maricopa County, Arizona","527","78","0","13","13","18","23","35","5","9","0","13","18","19","0","13","6","9","11","17","30","25","135","66","50","32","82","48","23","34","50","52","81","45",
"1500000US040138141003","Block Group 3, Census Tract 8141, Maricopa County, Arizona","525","164","9","15","0","13","0","13","0","13","0","13","18","21","32","39","7","11","0","13","0","13","7","11","125","146","83","52","53","36","139","87","52","50",
"1500000US040138142001","Block Group 1, Census Tract 8142, Maricopa County, Arizona","612","182","4","7","0","13","5","9","25","21","0","13","11","17","28","25","6","11","4","6","5","7","21","17","53","33","122","138","40","29","114","42","174","126",
"1500000US040138142002","Block Group 2, Census Tract 8142, Maricopa County, Arizona","404","62","12","21","0","13","4","7","27","33","0","13","0","13","4","6","17","18","10","16","4","7","18","17","51","34","98","35","37","28","25","23","97","37",
"1500000US040138143001","Block Group 1, Census Tract 8143, Maricopa County, Arizona","569","113","17","21","0","13","12","19","7","10","32","36","0","13","0","13","16","18","0","13","12","19","44","31","98","85","107","51","92","59","56","43","76","50",
"1500000US040138143002","Block Group 2, Census Tract 8143, Maricopa County, Arizona","324","69","0","13","17","19","0","13","10","17","9","14","20","21","0","13","26","35","0","13","7","10","50","38","53","28","81","50","10","15","23","20","18","20",
"1500000US040138143003","Block Group 3, Census Tract 8143, Maricopa County, Arizona","464","94","19","21","45","40","14","21","15","18","0","13","10","15","5","7","11","17","38","45","25","22","62","56","85","58","42","43","39","35","25","28","29","26",
"1500000US040138144001","Block Group 1, Census Tract 8144, Maricopa County, Arizona","801","123","23","37","0","13","8","13","0","13","9","14","12","13","0","13","27","24","0","13","61","38","78","54","82","44","163","86","60","34","143","83","135","90",
"1500000US040138144002","Block Group 2, Census Tract 8144, Maricopa County, Arizona","938","102","45","40","40","59","0","13","10","12","22","34","21","34","51","43","55","37","11","23","31","28","128","66","194","67","87","54","85","51","64","50","94","60",
"1500000US040138145001","Block Group 1, Census Tract 8145, Maricopa County, Arizona","531","216","0","13","0","13","0","13","19","20","9","14","0","13","10","16","0","13","0","13","16","21","205","221","70","54","81","58","13","20","34","23","74","56",
"1500000US040138145002","Block Group 2, Census Tract 8145, Maricopa County, Arizona","304","86","0","13","0","13","0","13","0","13","0","13","21","33","17","18","7","11","10","16","0","13","58","42","21","24","58","59","10","17","63","48","39","27",
"1500000US040138145003","Block Group 3, Census Tract 8145, Maricopa County, Arizona","391","81","0","13","0","13","0","13","0","13","0","13","55","50","9","15","0","13","0","13","13","20","19","22","57","36","46","48","29","26","122","70","41","32",
"1500000US040138145004","Block Group 4, Census Tract 8145, Maricopa County, Arizona","391","79","27","39","0","13","0","13","24","30","11","16","10","16","0","13","12","18","0","13","0","13","54","34","36","28","50","43","19","20","78","54","70","49",
"1500000US040138146001","Block Group 1, Census Tract 8146, Maricopa County, Arizona","758","172","9","19","0","13","0","13","25","37","22","26","46","60","0","13","13","19","134","129","20","24","140","76","76","48","122","84","81","57","1","9","69","82",
"1500000US040138146002","Block Group 2, Census Tract 8146, Maricopa County, Arizona","816","324","28","44","13","21","0","13","0","13","60","75","21","25","0","13","29","35","17","28","282","329","139","118","90","53","45","36","22","24","19","28","51","45",
"1500000US040138146003","Block Group 3, Census Tract 8146, Maricopa County, Arizona","517","155","13","21","0","13","9","16","0","13","0","13","0","13","27","43","15","26","5","11","150","127","42","49","59","55","42","52","85","74","61","55","9","15",
"1500000US040138147001","Block Group 1, Census Tract 8147, Maricopa County, Arizona","493","141","4","8","0","13","15","18","15","19","0","13","17","26","9","14","12","21","0","13","38","29","11","17","119","112","86","65","29","38","61","34","77","29",
"1500000US040138147002","Block Group 2, Census Tract 8147, Maricopa County, Arizona","810","129","37","55","0","13","8","12","38","61","9","16","7","12","25","23","8","13","0","13","77","58","101","61","108","80","158","80","58","50","87","78","89","54",
"1500000US040138148011","Block Group 1, Census Tract 8148.01, Maricopa County, Arizona","722","216","0","13","0","13","0","13","0","13","0","13","0","13","0","13","0","13","48","57","134","81","74","82","93","68","164","194","88","75","59","60","62","59",
"1500000US040138148012","Block Group 2, Census Tract 8148.01, Maricopa County, Arizona","362","130","0","13","0","13","9","17","0","13","16","30","0","13","0","13","26","44","0","13","0","13","66","68","28","40","85","88","36","46","28","47","68","77",
"1500000US040138148021","Block Group 1, Census Tract 8148.02, Maricopa County, Arizona","972","203","69","103","0","13","0","13","13","22","0","13","146","160","20","31","0","13","66","55","191","136","73","68","163","122","114","81","10","22","86","69","21","32",
"1500000US040138148022","Block Group 2, Census Tract 8148.02, Maricopa County, Arizona","342","150","0","13","0","13","0","13","0","13","0","13","0","13","0","13","0","13","0","13","77","110","51","57","36","43","88","69","32","41","0","13","58","65",
"1500000US040138148023","Block Group 3, Census Tract 8148.02, Maricopa County, Arizona","511","132","0","13","0","13","0","13","12","20","0","13","21","27","35","46","37","62","0","13","16","24","24","29","76","52","117","83","106","78","55","62","12","21",
"1500000US040138149001","Block Group 1, Census Tract 8149, Maricopa County, Arizona","704","171","0","13","0","13","0","13","6","8","10","16","20","17","0","13","0","13","0","13","15","25","68","39","133","59","64","55","210","163","108","50","70","37",
"1500000US040138149002","Block Group 2, Census Tract 8149, Maricopa County, Arizona","301","87","16","23","0","13","0","13","0","13","0","13","0","13","0","13","0","13","25","32","8","14","0","13","160","71","31","33","7","11","44","43","10","17",
"1500000US040138150001","Block Group 1, Census Tract 8150, Maricopa County, Arizona","282","90","0","13","0","13","0","13","0","13","10","16","0","13","0","13","0","13","0","13","9","13","20","21","42","30","17","19","64","74","59","40","61","36",
"1500000US040138150002","Block Group 2, Census Tract 8150, Maricopa County, Arizona","712","67","0","13","12","19","0","13","0","13","11","16","9","15","6","9","0","13","0","13","11","16","78","50","86","44","166","61","155","64","79","40","99","59",
"1500000US040138150003","Block Group 3, Census Tract 8150, Maricopa County, Arizona","193","65","0","13","0","13","0","13","9","15","0","13","0","13","0","13","0","13","0","13","0","13","0","13","20","31","31","48","38","30","30","27","65","56",
"1500000US040138151001","Block Group 1, Census Tract 8151, Maricopa County, Arizona","1205","334","7","11","0","13","0","13","21","21","43","30","5","9","13","14","10","16","30","47","66","38","125","79","167","76","290","112","74","43","285","292","69","51",
"1500000US040138151002","Block Group 2, Census Tract 8151, Maricopa County, Arizona","191","75","0","13","0","13","0","13","0","13","0","13","0","13","0","13","6","9","0","13","0","13","7","10","49","39","29","28","35","28","36","40","29","47",
"1500000US040138151003","Block Group 3, Census Tract 8151, Maricopa County, Arizona","281","72","0","13","0","13","0","13","0","13","0","13","0","13","0","13","5","9","0","13","7","13","95","64","10","17","51","33","20","23","77","55","16","18",
"1500000US040138152011","Block Group 1, Census Tract 8152.01, Maricopa County, Arizona","703","168","10","14","0","13","0","13","0","13","71","96","0","13","39","44","0","13","0","13","48","76","117","64","213","110","76","70","96","69","20","26","13","21",
"1500000US040138152012","Block Group 2, Census Tract 8152.01, Maricopa County, Arizona","1042","269","0","13","16","27","0","13","0","13","0","13","0","13","54","77","15","26","13","24","61","74","106","75","122","89","238","127","116","66","147","135","154","227",
"1500000US040138152021","Block Group 1, Census Tract 8152.02, Maricopa County, Arizona","396","136","0","13","13","22","12","20","11","21","0","13","0","13","0","13","0","13","73","95","0","13","39","41","45","39","63","41","140","143","0","13","0","13",
"1500000US040138152022","Block Group 2, Census Tract 8152.02, Maricopa County, Arizona","426","151","13","20","0","13","0","13","0","13","0","13","0","13","0","13","0","13","0","13","0","13","130","116","71","61","78","53","104","84","17","28","13","23",
"1500000US040138152031","Block Group 1, Census Tract 8152.03, Maricopa County, Arizona","309","95","0","13","35","43","0","13","0","13","0","13","12","20","0","13","0","13","0","13","0","13","33","37","47","56","25","32","141","102","5","13","11","20",
"1500000US040138152032","Block Group 2, Census Tract 8152.03, Maricopa County, Arizona","757","160","11","19","22","32","0","13","27","32","35","53","28","33","23","29","15","25","25","30","31","41","13","21","199","111","75","50","141","120","71","56","41","38",
"1500000US040138153001","Block Group 1, Census Tract 8153, Maricopa County, Arizona","358","85","0","13","0","13","4","6","0","13","0","13","0","13","0","13","12","22","12","18","4","6","10","12","46","48","31","29","26","38","57","36","156","63",
"1500000US040138153002","Block Group 2, Census Tract 8153, Maricopa County, Arizona","716","115","0","13","0","13","0","13","30","34","0","13","0","13","93","80","13","19","0","13","0","13","24","24","27","27","33","31","62","42","199","89","235","70",
"1500000US040138154011","Block Group 1, Census Tract 8154.01, Maricopa County, Arizona","139","54","0","13","0","13","0","13","12","20","10","18","0","13","0","13","12","21","0","13","30","34","0","13","0","13","3","23","34","38","0","13","38","33",
"1500000US040138154012","Block Group 2, Census Tract 8154.01, Maricopa County, Arizona","300","90","10","18","0","13","0","13","0","13","0","13","0","13","0","13","0","13","53","61","0","13","0","13","13","20","44","59","16","21","98","78","66","49",
"1500000US040138154013","Block Group 3, Census Tract 8154.01, Maricopa County, Arizona","343","84","16","23","30","44","18","22","10","17","0","13","0","13","0","13","21","34","0","13","10","18","10","16","23","32","48","40","17","27","79","61","61","53",
"1500000US040138154021","Block Group 1, Census Tract 8154.02, Maricopa County, Arizona","519","259","0","13","0","13","0","13","0","13","0","13","37","61","0","13","0","13","11","19","0","13","29","40","224","237","112","55","22","28","68","61","16","27",
"1500000US040138154022","Block Group 2, Census Tract 8154.02, Maricopa County, Arizona","1396","344","12","20","13","21","20","34","56","67","34","52","0","13","14","22","79","77","10","17","172","76","73","72","225","113","184","134","129","91","92","123","283","291",
"1500000US040138154023","Block Group 3, Census Tract 8154.02, Maricopa County, Arizona","464","112","0","13","0","13","0","13","0","13","0","13","0","13","0","13","0","13","0","13","0","13","24","28","39","44","23","34","59","48","129","100","190","78",
"1500000US040138155011","Block Group 1, Census Tract 8155.01, Maricopa County, Arizona","678","155","7","12","0","13","13","21","0","13","105","65","75","78","13","19","0","13","16","25","75","100","12","20","50","47","17","29","82","62","76","77","137","87",
"1500000US040138155012","Block Group 2, Census Tract 8155.01, Maricopa County, Arizona","759","135","41","67","0","13","0","13","0","13","0","13","0","13","0","13","14","22","69","71","26","30","134","96","111","53","116","75","66","66","47","57","135","76",
"1500000US040138155021","Block Group 1, Census Tract 8155.02, Maricopa County, Arizona","636","163","65","80","0","13","14","24","34","45","9","15","50","44","12","21","74","76","29","48","69","67","79","80","57","55","136","103","0","13","8","29","0","13",
"1500000US040138155022","Block Group 2, Census Tract 8155.02, Maricopa County, Arizona","350","146","0","13","0","13","0","13","0","13","0","13","0","13","20","33","83","108","0","13","17","35","85","84","58","54","68","62","19","31","0","13","0","13",
"1500000US040138156011","Block Group 1, Census Tract 8156.01, Maricopa County, Arizona","229","90","0","13","0","13","0","13","0","13","0","13","11","20","0","13","0","13","0","13","15","23","14","22","26","29","0","13","54","70","109","91","0","13",
"1500000US040138156021","Block Group 1, Census Tract 8156.02, Maricopa County, Arizona","454","93","0","13","0","13","0","13","0","13","24","34","64","64","0","13","7","11","0","13","31","29","78","48","97","50","64","40","50","42","35","37","4","7",
"1500000US040138156022","Block Group 2, Census Tract 8156.02, Maricopa County, Arizona","458","151","0","13","0","13","0","13","8","14","0","13","8","12","19","31","0","13","0","13","7","10","20","33","93","53","35","31","68","43","86","59","114","130",
"1500000US040138156023","Block Group 3, Census Tract 8156.02, Maricopa County, Arizona","555","142","4","8","0","13","0","13","0","13","14","20","77","107","0","13","0","13","52","45","80","72","20","24","74","44","17","21","28","26","124","67","65","68",
"1500000US040138156024","Block Group 4, Census Tract 8156.02, Maricopa County, Arizona","131","61","0","13","0","13","0","13","0","13","0","13","0","13","50","48","11","16","0","13","4","7","8","12","31","29","0","13","0","13","10","17","17","21",
"1500000US040138157001","Block Group 1, Census Tract 8157, Maricopa County, Arizona","838","188","0","13","30","37","0","13","15","23","0","13","0","13","0","13","23","23","8","13","38","32","92","49","262","108","63","40","114","87","60","35","133","150",
"1500000US040138157002","Block Group 2, Census Tract 8157, Maricopa County, Arizona","728","114","0","13","0","13","0","13","0","13","0","13","10","15","24","26","20","25","22","24","41","37","22","26","45","37","143","64","114","55","177","95","110","54",
"1500000US040138158001","Block Group 1, Census Tract 8158, Maricopa County, Arizona","828","210","28","23","6","11","7","11","0","13","0","13","50","32","22","21","52","49","8","13","169","190","85","47","153","58","48","45","53","34","115","76","32","23",
"1500000US040138158002","Block Group 2, Census Tract 8158, Maricopa County, Arizona","503","147","47","73","0","13","0","13","33","41","0","13","0","13","8","12","0","13","0","13","0","13","17","23","88","59","105","80","66","46","56","36","83","93",
"1500000US040138158003","Block Group 3, Census Tract 8158, Maricopa County, Arizona","753","139","38","41","24","38","7","12","17","27","9","14","42","43","0","13","51","58","9","15","31","34","71","44","73","40","92","53","59","41","155","96","75","42",
"1500000US040138159011","Block Group 1, Census Tract 8159.01, Maricopa County, Arizona","428","99","0","13","0","13","0","13","0","13","0","13","15","24","0","13","0","13","0","13","0","13","0","13","79","68","43","53","92","67","64","48","135","92",
"1500000US040138159012","Block Group 2, Census Tract 8159.01, Maricopa County, Arizona","534","107","25","30","0","13","28","32","0","13","28","46","55","72","0","13","37","37","0","13","11","18","6","12","34","40","138","75","73","48","32","38","67","62",
"1500000US040138159013","Block Group 3, Census Tract 8159.01, Maricopa County, Arizona","485","98","0","13","0","13","0","13","0","13","16","25","0","13","0","13","16","24","0","13","9","16","22","25","132","72","51","47","32","38","76","58","131","84",
"1500000US040138159021","Block Group 1, Census Tract 8159.02, Maricopa County, Arizona","886","265","0","13","0","13","0","13","9","14","28","26","32","50","0","13","6","10","10","16","25","28","97","64","246","248","114","77","139","84","164","99","16","18",
"1500000US040138159022","Block Group 2, Census Tract 8159.02, Maricopa County, Arizona","343","116","0","13","0","13","0","13","0","13","0","13","15","20","0","13","38","59","0","13","0","13","25","38","22","26","47","41","41","63","54","58","101","62",
"1500000US040138159023","Block Group 3, Census Tract 8159.02, Maricopa County, Arizona","172","102","0","13","0","13","0","13","13","23","10","19","0","13","0","13","0","13","0","13","0","13","28","46","0","13","28","44","8","14","59","81","26","41",
"1500000US040138160011","Block Group 1, Census Tract 8160.01, Maricopa County, Arizona","438","115","0","13","23","37","0","13","0","13","0","13","0","13","0","13","0","13","15","27","0","13","59","86","34","42","10","18","76","78","131","104","90","76",
"1500000US040138160012","Block Group 2, Census Tract 8160.01, Maricopa County, Arizona","384","95","0","13","0","13","0","13","8","15","0","13","0","13","0","13","20","33","51","61","10","16","36","55","38","61","111","75","28","38","17","29","65","57",
"1500000US040138160021","Block Group 1, Census Tract 8160.02, Maricopa County, Arizona","338","93","22","35","0","13","0","13","0","13","0","13","0","13","0","13","0","13","0","13","0","13","24","37","51","59","37","40","54","67","60","63","90","71",
"1500000US040138160022","Block Group 2, Census Tract 8160.02, Maricopa County, Arizona","369","168","0","13","0","13","0","13","0","13","0","13","0","13","0","13","0","13","0","13","12","21","107","154","117","85","34","43","0","13","14","23","85","76",
"1500000US040138160023","Block Group 3, Census Tract 8160.02, Maricopa County, Arizona","495","198","0","13","0","13","0","13","0","13","0","13","0","13","0","13","20","27","0","13","0","13","0","13","105","133","86","70","25","39","172","143","87","62",
"1500000US040138160031","Block Group 1, Census Tract 8160.03, Maricopa County, Arizona","417","92","0","13","0","13","0","13","0","13","0","13","0","13","2","14","0","13","0","13","17","30","23","41","46","66","95","87","6","43","107","93","121","97",
"1500000US040138160032","Block Group 2, Census Tract 8160.03, Maricopa County, Arizona","175","94","0","13","0","13","0","13","0","13","0","13","0","13","0","13","0","13","0","13","0","13","51","72","0","13","44","57","15","25","12","20","53","69",
"1500000US040138160041","Block Group 1, Census Tract 8160.04, Maricopa County, Arizona","922","195","45","71","0","13","26","44","0","13","21","33","0","13","0","13","0","13","0","13","20","31","117","88","82","78","16","28","165","105","87","66","343","166",
"1500000US040138160042","Block Group 2, Census Tract 8160.04, Maricopa County, Arizona","501","147","16","26","0","13","0","13","0","13","0","13","0","13","0","13","0","13","0","13","30","46","56","63","93","73","224","144","24","42","0","13","58","63",
"1500000US040138160051","Block Group 1, Census Tract 8160.05, Maricopa County, Arizona","168","93","0","13","0","13","0","13","0","13","0","13","0","13","0","13","0","13","0","13","40","50","11","18","33","41","0","13","20","30","64","74","0","13",
"1500000US040138160052","Block Group 2, Census Tract 8160.05, Maricopa County, Arizona","429","144","0","13","0","13","0","13","14","24","0","13","0","13","0","13","0","13","0","13","34","57","11","19","52","56","74","94","35","54","113","114","96","70",
"1500000US040138160053","Block Group 3, Census Tract 8160.05, Maricopa County, Arizona","519","198","0","13","0","13","0","13","0","13","28","46","0","13","0","13","0","13","14","24","0","13","0","13","31","54","0","13","214","210","129","88","103","124",
"1500000US040138161001","Block Group 1, Census Tract 8161, Maricopa County, Arizona","558","112","9","14","7","12","0","13","0","13","0","13","5","9","0","13","0","13","0","13","6","10","68","56","131","63","100","49","128","89","85","54","19","20",
"1500000US040138161002","Block Group 2, Census Tract 8161, Maricopa County, Arizona","517","99","0","13","8","14","15","14","0","13","3","5","0","13","0","13","0","13","0","13","26","25","89","59","132","72","87","57","12","14","131","58","14","20",
"1500000US040138161003","Block Group 3, Census Tract 8161, Maricopa County, Arizona","271","87","0","13","8","12","0","13","57","78","0","13","0","13","6","10","16","20","0","13","42","39","6","10","14","19","37","33","36","29","29","29","20","20",
"1500000US040138161004","Block Group 4, Census Tract 8161, Maricopa County, Arizona","525","119","31","45","0","13","17","18","21","30","0","13","0","13","0","13","31","48","11","18","10","13","29","33","78","62","72","51","35","30","84","49","106","93",
"1500000US040138162001","Block Group 1, Census Tract 8162, Maricopa County, Arizona","144","56","0","13","0","13","0","13","9","13","0","13","0","13","0","13","0","13","16","18","0","13","8","13","10","16","6","11","27","39","44","34","24","26",
"1500000US040138162002","Block Group 2, Census Tract 8162, Maricopa County, Arizona","288","75","5","8","0","13","20","21","26","25","10","16","9","14","73","57","0","13","0","13","0","13","19","24","60","50","27","43","28","26","11","16","0","13",
"1500000US040138162003","Block Group 3, Census Tract 8162, Maricopa County, Arizona","660","143","34","55","70","106","10","16","0","13","0","13","28","34","0","13","12","20","17","26","43","52","11","14","84","71","168","64","31","37","54","35","98","59",
"1500000US040138163011","Block Group 1, Census Tract 8163.01, Maricopa County, Arizona","346","235","0","13","141","227","21","16","13","16","17","17","16","17","8","12","17","19","16","19","9","14","52","37","12","19","0","13","0","13","24","10","0","13",
"1500000US040138163012","Block Group 2, Census Tract 8163.01, Maricopa County, Arizona","754","122","63","50","8","12","0","13","24","23","21","21","45","64","61","41","38","22","31","25","40","29","56","36","90","45","110","58","44","32","59","39","64","42",
"1500000US040138163013","Block Group 3, Census Tract 8163.01, Maricopa County, Arizona","680","76","35","40","15","17","25","19","40","41","39","26","23","21","35","30","45","35","41","35","67","38","100","51","67","43","53","41","46","29","43","35","6","9",
"1500000US040138163021","Block Group 1, Census Tract 8163.02, Maricopa County, Arizona","734","107","0","13","5","10","0","13","0","13","0","13","0","13","0","13","0","13","0","13","26","30","39","34","80","58","154","82","92","51","111","46","227","94",
"1500000US040138163022","Block Group 2, Census Tract 8163.02, Maricopa County, Arizona","396","101","0","13","9","16","0","13","0","13","0","13","0","13","29","44","0","13","0","13","5","9","10","18","53","43","55","37","63","39","84","47","88","64",
"1500000US040138164011","Block Group 1, Census Tract 8164.01, Maricopa County, Arizona","699","188","10","17","0","13","0","13","0","13","41","64","10","19","0","13","143","185","0","13","0","13","13","24","99","75","144","134","74","68","46","41","119","89",
"1500000US040138164012","Block Group 2, Census Tract 8164.01, Maricopa County, Arizona","455","198","8","12","0","13","0","13","0","13","86","93","0","13","0","13","0","13","62","88","25","40","15","24","70","46","116","153","10","20","18","30","45","42",
"1500000US040138164021","Block Group 1, Census Tract 8164.02, Maricopa County, Arizona","347","83","14","24","18","29","0","13","0","13","47","72","0","13","15","23","0","13","0","13","0","13","84","65","59","70","16","26","33","37","0","13","61","51",
"1500000US040138164022","Block Group 2, Census Tract 8164.02, Maricopa County, Arizona","180","66","0","13","0","13","0","13","0","13","0","13","0","13","0","13","0","13","15","23","45","43","0","13","30","34","14","22","44","34","0","13","32","37",
"1500000US040138164023","Block Group 3, Census Tract 8164.02, Maricopa County, Arizona","839","131","31","35","0","13","16","28","35","58","16","28","0","13","32","35","0","13","0","13","110","104","0","13","133","78","30","33","130","106","190","94","116","76",
"1500000US040138165011","Block Group 1, Census Tract 8165.01, Maricopa County, Arizona","715","167","0","13","0","13","0","13","29","46","9","15","25","23","0","13","10","16","9","15","15","17","48","49","200","136","43","34","74","39","111","45","142","95",
"1500000US040138165021","Block Group 1, Census Tract 8165.02, Maricopa County, Arizona","364","84","0","13","38","56","0","13","0","13","5","8","0","13","73","73","12","18","27","32","0","13","38","36","24","30","32","30","15","25","21","26","79","54",
"1500000US040138165022","Block Group 2, Census Tract 8165.02, Maricopa County, Arizona","306","152","15","20","0","13","10","15","0","13","0","13","31","49","0","13","0","13","0","13","0","13","0","13","39","32","46","76","95","127","37","40","33","40",
"1500000US040138166001","Block Group 1, Census Tract 8166, Maricopa County, Arizona","849","196","11","16","22","25","0","13","30","48","0","13","25","37","5","10","0","13","0","13","44","44","114","63","282","180","70","58","77","72","85","59","84","42",
"1500000US040138166002","Block Group 2, Census Tract 8166, Maricopa County, Arizona","544","107","45","50","0","13","0","13","0","13","0","13","10","16","0","13","0","13","9","14","11","16","26","22","96","67","83","53","35","36","183","80","46","33",
"1500000US040138167001","Block Group 1, Census Tract 8167, Maricopa County, Arizona","626","86","13","20","24","28","0","13","0","13","30","34","0","13","19","23","11","13","28","26","7","11","48","38","48","33","78","40","43","25","148","54","129","58",
"1500000US040138168001","Block Group 1, Census Tract 8168, Maricopa County, Arizona","824","138","81","64","0","13","0","13","9","15","0","13","0","13","0","13","10","15","27","25","79","71","89","59","97","76","129","59","61","36","177","82","65","43",
"1500000US040138168002","Block Group 2, Census Tract 8168, Maricopa County, Arizona","824","195","0","13","10","16","0","13","0","13","31","51","0","13","0","13","10","16","0","13","7","11","27","45","36","31","264","176","110","79","122","47","207","95",
"1500000US040138168003","Block Group 3, Census Tract 8168, Maricopa County, Arizona","349","98","0","13","0","13","10","16","0","13","0","13","0","13","10","17","10","16","20","22","0","13","26","38","0","13","18","21","59","43","76","59","120","63",
"1500000US040138169011","Block Group 1, Census Tract 8169.01, Maricopa County, Arizona","35","43","0","13","0","13","0","13","0","13","0","13","0","13","0","13","0","13","0","13","0","13","3","5","5","9","0","13","6","18","21","35","0","13",
"1500000US040138169012","Block Group 2, Census Tract 8169.01, Maricopa County, Arizona","629","94","35","41","0","13","0","13","0","13","0","13","3","6","0","13","23","36","0","13","27","42","18","22","162","76","102","54","51","54","165","103","43","55",
"1500000US040138169021","Block Group 1, Census Tract 8169.02, Maricopa County, Arizona","525","78","13","23","0","13","0","13","0","13","0","13","0","13","0","13","0","13","21","26","0","13","34","33","51","40","92","72","139","81","93","74","82","63",
"1500000US040138169031","Block Group 1, Census Tract 8169.03, Maricopa County, Arizona","259","119","19","32","0","13","0","13","0","13","0","13","0","13","6","13","0","13","0","13","7","11","17","28","17","28","22","36","23","29","93","113","55","64",
"1500000US040138169032","Block Group 2, Census Tract 8169.03, Maricopa County, Arizona","721","159","32","52","0","13","0","13","0","13","0","13","21","34","46","73","14","23","16","25","22","31","62","67","231","170","11","21","92","77","85","77","89","89",
"1500000US040138169041","Block Group 1, Census Tract 8169.04, Maricopa County, Arizona","65","58","0","13","0","13","0","13","0","13","0","13","0","13","0","13","0","13","0","13","0","13","0","13","0","13","0","13","0","13","0","13","65","58",
"1500000US040138169042","Block Group 2, Census Tract 8169.04, Maricopa County, Arizona","542","249","29","48","11","17","0","13","26","42","0","13","0","13","29","43","19","35","0","13","0","13","0","13","18","30","110","55","38","50","67","52","195","232",
"1500000US040138170001","Block Group 1, Census Tract 8170, Maricopa County, Arizona","541","85","28","45","0","13","9","14","10","15","21","23","0","13","0","13","14","15","11","16","47","39","70","44","53","34","44","38","29","29","109","55","96","53",
"1500000US040138170002","Block Group 2, Census Tract 8170, Maricopa County, Arizona","519","140","0","13","37","41","0","13","62","70","0","13","10","15","0","13","11","16","0","13","30","27","29","25","41","28","142","119","23","23","20","25","114","49",
"1500000US040138171011","Block Group 1, Census Tract 8171.01, Maricopa County, Arizona","253","63","0","13","0","13","0","13","0","13","0","13","0","13","0","13","0","13","0","13","35","40","0","13","22","37","57","49","36","33","71","59","32","34",
"1500000US040138171012","Block Group 2, Census Tract 8171.01, Maricopa County, Arizona","452","109","22","32","35","58","12","21","0","13","0","13","14","22","0","13","0","13","57","53","26","30","12","15","67","48","52","46","98","71","38","41","19","27",
"1500000US040138171021","Block Group 1, Census Tract 8171.02, Maricopa County, Arizona","216","122","17","26","0","13","0","13","66","109","0","13","16","26","11","18","31","36","0","13","31","49","17","22","12","22","0","13","0","13","15","25","0","13",
"1500000US040138171022","Block Group 2, Census Tract 8171.02, Maricopa County, Arizona","510","117","16","26","0","13","13","20","0","13","39","63","0","13","65","72","14","22","0","13","56","47","90","65","117","90","53","42","20","25","27","37","0","13",
"1500000US040138171023","Block Group 3, Census Tract 8171.02, Maricopa County, Arizona","397","136","40","41","0","13","0","13","0","13","0","13","0","13","0","13","0","13","0","13","4","8","13","22","29","32","91","86","53","61","69","68","98","111",
"1500000US040138171031","Block Group 1, Census Tract 8171.03, Maricopa County, Arizona","438","154","25","39","0","13","0","13","0","13","0","13","0","13","0","13","105","122","0","13","0","13","72","61","31","40","67","61","0","13","46","40","92","62",
"1500000US040138171032","Block Group 2, Census Tract 8171.03, Maricopa County, Arizona","633","213","27","46","0","13","19","30","2","12","24","37","0","13","24","39","78","85","0","13","181","155","69","53","117","102","0","13","77","59","15","28","0","13",
"1500000US040138171033","Block Group 3, Census Tract 8171.03, Maricopa County, Arizona","560","135","32","50","15","27","0","13","0","13","35","58","58","91","0","13","0","13","8","14","17","32","94","52","167","124","35","42","37","43","31","39","31","37",
"1500000US040138172001","Block Group 1, Census Tract 8172, Maricopa County, Arizona","401","129","0","13","0","13","0","13","15","26","10","18","0","13","0","13","0","13","0","13","0","13","68","99","35","33","81","53","87","84","56","44","49","39",
"1500000US040138172002","Block Group 2, Census Tract 8172, Maricopa County, Arizona","488","188","0","13","12","20","0","13","0","13","17","29","0","13","0","13","0","13","0","13","30","46","0","13","33","29","60","41","34","45","227","190","75","54",
"1500000US040138172003","Block Group 3, Census Tract 8172, Maricopa County, Arizona","341","109","27","43","0","13","0","13","0","13","0","13","35","58","0","13","43","45","33","46","0","13","0","13","46","48","46","42","30","33","38","40","43","41",
"1500000US040138172004","Block Group 4, Census Tract 8172, Maricopa County, Arizona","786","244","48","74","0","13","14","24","136","221","0","13","9","15","0","13","0","13","29","46","74","68","85","71","33","37","94","63","115","101","57","55","92","66",
"1500000US040138172005","Block Group 5, Census Tract 8172, Maricopa County, Arizona","494","135","19","31","0","13","26","44","27","34","10","15","18","30","10","16","0","13","0","13","27","40","45","33","75","67","86","60","76","79","52","80","23","35",
"1500000US040138173001","Block Group 1, Census Tract 8173, Maricopa County, Arizona","1139","291","38","42","52","50","132","215","21","34","36","43","71","57","62","55","43","35","54","50","92","72","104","96","176","92","37","50","76","52","93","58","52","53",
"1500000US040138173002","Block Group 2, Census Tract 8173, Maricopa County, Arizona","1082","194","170","136","19","30","18","29","0","13","47","56","38","42","39","45","72","49","86","86","131","86","65","45","92","81","68","56","88","69","25","31","124","87",
"1500000US040138173003","Block Group 3, Census Tract 8173, Maricopa County, Arizona","1205","344","19","30","0","13","94","125","200","299","19","30","36","42","40","45","40","45","38","42","110","74","151","80","198","89","140","73","20","30","32","35","68","52",
"1500000US040138174001","Block Group 1, Census Tract 8174, Maricopa County, Arizona","918","121","28","31","65","47","75","58","82","44","32","26","57","46","53","39","50","24","49","29","52","38","101","57","125","64","56","64","0","13","93","73","0","13",
"1500000US040138174002","Block Group 2, Census Tract 8174, Maricopa County, Arizona","948","155","122","65","16","18","46","28","78","46","24","24","83","40","17","19","60","73","9","14","93","51","121","67","140","102","54","33","0","13","13","19","72","55",
"1500000US040138175001","Block Group 1, Census Tract 8175, Maricopa County, Arizona","840","128","32","26","57","45","16","19","30","26","28","24","50","33","77","76","29","24","75","41","52","37","131","58","88","37","86","45","40","65","20","21","29","35",
"1500000US040138175002","Block Group 2, Census Tract 8175, Maricopa County, Arizona","957","216","145","198","0","13","48","39","17","19","53","42","71","51","71","37","57","42","9","14","96","43","74","34","193","67","48","28","14","16","38","42","23","22",
"1500000US040138176001","Block Group 1, Census Tract 8176, Maricopa County, Arizona","380","78","9","9","0","13","0","13","3","4","0","13","0","13","5","9","6","9","9","14","45","28","52","41","17","14","30","18","55","39","87","48","62","41",
"1500000US040138176002","Block Group 2, Census Tract 8176, Maricopa County, Arizona","78","46","0","13","0","13","0","13","0","13","0","13","0","13","25","29","13","20","15","26","13","21","0","13","5","9","7","11","0","13","0","13","0","13",
"1500000US040138176003","Block Group 3, Census Tract 8176, Maricopa County, Arizona","532","87","23","23","0","13","6","10","2","3","2","3","3","5","7","8","8","9","22","25","34","33","71","40","106","62","16","16","40","27","130","65","62","48",
"1500000US040139407001","Block Group 1, Census Tract 9407, Maricopa County, Arizona","23","18","0","13","0","13","0","13","0","13","0","13","0","13","5","8","6","9","7","10","5","9","0","13","0","13","0","13","0","13","0","13","0","13",
"1500000US040139410001","Block Group 1, Census Tract 9410, Maricopa County, Arizona","656","72","165","49","45","26","38","25","39","31","22","18","40","35","24","23","32","25","30","20","62","32","51","30","43","31","12","14","35","28","0","13","18","18",
"1500000US040139410002","Block Group 2, Census Tract 9410, Maricopa County, Arizona","1","3","1","3","0","13","0","13","0","13","0","13","0","13","0","13","0","13","0","13","0","13","0","13","0","13","0","13","0","13","0","13","0","13",
"1500000US040139411001","Block Group 1, Census Tract 9411, Maricopa County, Arizona","6","7","0","13","0","13","0","13","0","13","0","13","0","13","0","13","2","3","4","8","0","13","0","13","0","13","0","13","0","13","0","13","0","13",
"1500000US040139412001","Block Group 1, Census Tract 9412, Maricopa County, Arizona","314","37","27","15","16","10","9","7","11","8","17","9","14","10","9","7","21","11","34","23","32","14","38","16","43","16","30","14","6","5","4","5","3","4",
"1500000US040139413001","Block Group 1, Census Tract 9413, Maricopa County, Arizona","479","116","26","31","97","69","54","48","49","46","13","21","1","2","17","27","69","72","0","13","68","63","30","34","24","32","15","26","0","13","16","26","0","13",
"1500000US040139413002","Block Group 2, Census Tract 9413, Maricopa County, Arizona","203","75","19","29","0","13","34","43","0","13","0","13","41","33","14","23","0","13","9","21","25","41","20","33","22","36","0","13","0","13","0","13","19","30",
"1500000US040139413003","Block Group 3, Census Tract 9413, Maricopa County, Arizona","1097","263","158","158","89","59","147","115","81","52","62","47","155","170","48","37","15","23","97","60","136","92","25","29","45","42","25","30","0","13","14","23","0","13",
"1500000US040139413004","Block Group 4, Census Tract 9413, Maricopa County, Arizona","807","166","82","72","40","46","109","79","0","13","52","44","44","37","84","71","47","34","12","20","38","33","132","121","55","53","40","42","53","61","19","23","0","13",
"1500000US040139801001","Block Group 1, Census Tract 9801, Maricopa County, Arizona","0","13","0","13","0","13","0","13","0","13","0","13","0","13","0","13","0","13","0","13","0","13","0","13","0","13","0","13","0","13","0","13","0","13",
"1500000US040139804001","Block Group 1, Census Tract 9804, Maricopa County, Arizona","0","13","0","13","0","13","0","13","0","13","0","13","0","13","0","13","0","13","0","13","0","13","0","13","0","13","0","13","0","13","0","13","0","13",
"1500000US040139805001","Block Group 1, Census Tract 9805, Maricopa County, Arizona","0","13","0","13","0","13","0","13","0","13","0","13","0","13","0","13","0","13","0","13","0","13","0","13","0","13","0","13","0","13","0","13","0","13",
"1500000US040139807001","Block Group 1, Census Tract 9807, Maricopa County, Arizona","0","13","0","13","0","13","0","13","0","13","0","13","0","13","0","13","0","13","0","13","0","13","0","13","0","13","0","13","0","13","0","13","0","13",
"1500000US040139809001","Block Group 1, Census Tract 9809, Maricopa County, Arizona","31","24","0","13","0","13","0","13","0","13","0","13","0","13","0","13","0","13","0","13","0","13","0","13","0","13","13","16","0","13","18","18","0","13",
"1500000US040139810001","Block Group 1, Census Tract 9810, Maricopa County, Arizona","0","13","0","13","0","13","0","13","0","13","0","13","0","13","0","13","0","13","0","13","0","13","0","13","0","13","0","13","0","13","0","13","0","13",
"1500000US040210002011","Block Group 1, Census Tract 2.01, Pinal County, Arizona","1521","285","47","40","0","13","59","54","98","96","14","25","40","62","225","229","0","13","15","24","193","99","85","52","303","127","197","83","87","51","100","85","58","37",
"1500000US040210002012","Block Group 2, Census Tract 2.01, Pinal County, Arizona","1379","352","14","22","52","51","169","262","21","34","58","54","0","13","138","150","84","73","8","12","58","55","353","239","190","94","172","113","32","38","30","28","0","13",
"1500000US040210002041","Block Group 1, Census Tract 2.04, Pinal County, Arizona","837","201","41","66","58","65","35","38","0","13","0","13","0","13","0","13","24","29","53","65","109","90","105","100","220","112","85","96","34","42","28","41","45","55",
"1500000US040210002042","Block Group 2, Census Tract 2.04, Pinal County, Arizona","2491","244","21","35","37","63","0","19","60","93","28","46","139","120","121","173","44","56","52","61","187","137","169","115","418","160","430","198","186","175","243","145","356","223",
"1500000US040210002043","Block Group 3, Census Tract 2.04, Pinal County, Arizona","867","189","13","20","0","13","0","13","0","13","22","36","19","30","8","13","14","25","38","44","39","49","90","65","218","150","158","111","132","124","98","71","18","30",
"1500000US040210002044","Block Group 4, Census Tract 2.04, Pinal County, Arizona","674","208","0","13","47","74","0","13","119","112","16","27","0","13","0","13","15","24","0","13","15","25","36","41","82","79","132","142","63","48","102","84","47","46",
"1500000US040210002061","Block Group 1, Census Tract 2.06, Pinal County, Arizona","972","166","5","8","54","51","20","33","49","38","34","34","0","13","32","27","79","84","16","23","65","43","42","36","183","96","111","58","67","43","104","52","111","66",
"1500000US040210002062","Block Group 2, Census Tract 2.06, Pinal County, Arizona","612","223","58","96","0","13","0","13","0","13","21","16","11","17","0","13","12","15","11","15","59","45","0","13","252","191","19","21","0","13","136","73","33","35",
"1500000US040210002063","Block Group 3, Census Tract 2.06, Pinal County, Arizona","1045","350","32","45","43","45","15","18","245","321","10","16","12","20","66","66","20","37","87","71","22","23","215","107","121","71","62","51","13","22","53","56","29","46",
"1500000US040210002081","Block Group 1, Census Tract 2.08, Pinal County, Arizona","471","96","3","6","8","8","60","50","6","9","21","30","21","25","32","32","27","33","4","6","51","43","23","20","81","44","37","36","0","13","7","11","90","57",
"1500000US040210002082","Block Group 2, Census Tract 2.08, Pinal County, Arizona","543","159","65","56","0","13","8","13","4","6","58","66","10","13","31","31","15","25","13","12","69","58","91","51","105","116","29","21","34","27","5","9","6","11",
"1500000US040210002111","Block Group 1, Census Tract 2.11, Pinal County, Arizona","506","101","2","3","0","13","0","13","7","12","49","49","15","28","42","38","18","28","28","28","27","26","73","56","176","86","22","26","24","21","13","17","10","16",
"1500000US040210002112","Block Group 2, Census Tract 2.11, Pinal County, Arizona","629","337","0","13","10","16","0","13","36","43","0","13","0","13","30","42","0","13","61","47","11","16","110","77","312","334","11","17","0","13","39","43","9","14",
"1500000US040210002113","Block Group 3, Census Tract 2.11, Pinal County, Arizona","405","109","9","13","28","26","16","23","8","13","36","45","0","13","31","47","0","13","57","46","13","15","31","23","119","83","38","49","0","13","19","23","0","13",
"1500000US040210002121","Block Group 1, Census Tract 2.12, Pinal County, Arizona","580","146","25","28","22","28","0","13","20","21","9","14","35","51","10","15","0","13","44","55","48","38","121","96","94","79","27","29","44","63","64","82","17","27",
"1500000US040210002122","Block Group 2, Census Tract 2.12, Pinal County, Arizona","820","271","0","13","0","13","18","21","15","22","11","17","28","22","10","15","33","28","61","72","95","80","225","177","81","62","71","50","34","37","138","161","0","13",
"1500000US040210002123","Block Group 3, Census Tract 2.12, Pinal County, Arizona","868","146","77","74","35","54","54","49","23","26","21","23","44","52","33","33","24","24","19","24","116","74","107","69","87","66","106","68","114","81","5","8","3","4",
"1500000US040210002151","Block Group 1, Census Tract 2.15, Pinal County, Arizona","1007","183","30","27","47","44","12","17","42","32","28","24","32","28","110","125","30","26","9","14","77","39","79","42","153","64","58","31","69","45","129","75","102","67",
"1500000US040210002161","Block Group 1, Census Tract 2.16, Pinal County, Arizona","767","157","82","100","0","13","0","13","114","99","23","26","13","20","0","13","10","17","10","19","115","80","95","76","78","60","156","95","60","61","11","21","0","13",
"1500000US040210002162","Block Group 2, Census Tract 2.16, Pinal County, Arizona","678","142","47","51","0","13","0","13","0","13","62","63","24","28","0","13","0","13","25","40","84","67","49","49","67","56","157","72","39","36","79","75","45","71",
"1500000US040210002171","Block Group 1, Census Tract 2.17, Pinal County, Arizona","843","206","20","32","27","44","0","13","70","73","33","56","0","13","63","66","60","62","0","13","128","90","85","78","48","61","101","86","66","84","49","52","93","150",
"1500000US040210002172","Block Group 2, Census Tract 2.17, Pinal County, Arizona","1412","549","0","13","0","13","52","68","15","32","0","13","25","40","0","13","125","107","38","60","469","538","147","95","156","103","120","93","128","99","62","56","75","93",
"1500000US040210002181","Block Group 1, Census Tract 2.18, Pinal County, Arizona","1472","526","0","13","10","18","268","319","68","108","0","13","343","351","0","13","0","13","11","18","121","177","24","44","132","101","221","135","0","13","62","97","212","237",
"1500000US040210002182","Block Group 2, Census Tract 2.18, Pinal County, Arizona","756","275","0","13","0","13","0","13","1","3","0","13","23","37","0","13","79","94","24","38","23","28","201","141","193","155","135","185","28","49","20","35","29","35",
"1500000US040210002191","Block Group 1, Census Tract 2.19, Pinal County, Arizona","516","145","0","13","0","13","0","13","0","13","21","36","0","13","0","13","82","84","0","13","71","90","30","36","192","146","82","82","0","13","38","49","0","13",
"1500000US040210002192","Block Group 2, Census Tract 2.19, Pinal County, Arizona","571","144","0","13","0","13","0","13","43","63","0","13","0","13","25","42","65","44","37","61","0","13","47","56","181","130","25","41","116","122","17","27","15","30",
"1500000US040210002193","Block Group 3, Census Tract 2.19, Pinal County, Arizona","131","74","0","13","0","13","28","40","0","13","0","13","0","13","23","37","0","13","0","13","0","13","0","13","44","52","0","13","0","13","36","47","0","13",
"1500000US040210002201","Block Group 1, Census Tract 2.20, Pinal County, Arizona","745","213","98","84","34","57","16","25","0","13","0","13","87","114","33","41","27","39","110","117","27","35","36","38","129","139","6","23","83","116","59","94","0","13",
"1500000US040210002202","Block Group 2, Census Tract 2.20, Pinal County, Arizona","827","231","0","13","0","13","0","13","0","13","52","74","35","46","0","13","0","13","46","75","99","140","122","101","103","121","161","147","144","139","58","74","7","16",
"1500000US040210002211","Block Group 1, Census Tract 2.21, Pinal County, Arizona","1012","216","34","42","29","46","33","54","18","30","24","28","52","47","16","32","0","13","0","13","112","84","118","82","275","183","109","88","45","63","74","60","73","85",
"1500000US040210002212","Block Group 2, Census Tract 2.21, Pinal County, Arizona","851","200","12","19","0","13","0","13","12","20","11","22","0","13","44","61","30","28","22","35","38","36","31","31","263","189","222","108","146","109","0","13","20","32",
"1500000US040210002221","Block Group 1, Census Tract 2.22, Pinal County, Arizona","372","139","37","64","0","13","12","21","0","13","0","13","0","13","10","16","0","13","17","28","33","39","27","42","105","89","45","51","44","56","42","70","0","13",
"1500000US040210002222","Block Group 2, Census Tract 2.22, Pinal County, Arizona","679","282","0","13","0","13","62","75","14","24","0","13","28","31","47","74","14","26","0","13","68","101","0","13","152","151","126","105","138","205","25","40","5","13",
"1500000US040210002223","Block Group 3, Census Tract 2.22, Pinal County, Arizona","456","223","66","94","0","13","0","13","0","13","17","28","12","19","98","152","12","20","0","13","109","148","127","100","15","24","0","13","0","13","0","13","0","13",
"1500000US040210002224","Block Group 4, Census Tract 2.22, Pinal County, Arizona","389","124","0","13","19","31","31","36","0","13","0","13","0","13","8","13","0","13","26","45","78","74","17","28","111","90","31","37","25","42","28","41","15","25",
"1500000US040210002231","Block Group 1, Census Tract 2.23, Pinal County, Arizona","1606","244","61","60","17","27","27","43","0","19","27","45","51","58","14","23","25","39","76","64","124","110","155","96","289","137","277","144","232","202","181","108","50","54",
"1500000US040210002241","Block Group 1, Census Tract 2.24, Pinal County, Arizona","646","183","10","15","0","13","47","57","0","13","30","26","54","56","10","17","0","13","21","39","59","55","222","117","81","130","99","106","13","21","0","13","0","13",
"1500000US040210002242","Block Group 2, Census Tract 2.24, Pinal County, Arizona","652","172","0","13","0","13","47","47","0","13","56","83","0","13","0","13","12","21","20","33","71","65","145","110","128","95","28","37","49","70","80","88","16","30",
"1500000US040210002243","Block Group 3, Census Tract 2.24, Pinal County, Arizona","1098","262","94","120","31","44","11","17","12","20","41","50","0","19","0","19","18","29","23","27","43","43","59","62","181","115","271","194","106","87","208","101","0","19",
"1500000US040210002251","Block Group 1, Census Tract 2.25, Pinal County, Arizona","864","166","32","33","58","39","13","22","0","13","26","41","79","124","30","38","41","50","114","92","84","74","93","46","89","63","101","122","104","61","0","13","0","13",
"1500000US040210002261","Block Group 1, Census Tract 2.26, Pinal County, Arizona","393","155","0","13","16","26","0","13","51","81","0","13","47","71","0","13","0","13","0","13","0","13","105","82","32","52","70","73","56","84","0","13","16","26",
"1500000US040210002262","Block Group 2, Census Tract 2.26, Pinal County, Arizona","993","368","88","92","38","44","0","13","16","29","0","13","17","28","23","36","17","31","217","334","109","77","89","77","160","94","55","57","52","46","112","117","0","13",
"1500000US040210002263","Block Group 3, Census Tract 2.26, Pinal County, Arizona","742","176","47","47","0","13","14","24","0","13","0","13","0","13","28","33","0","13","39","45","77","67","76","82","127","61","133","82","176","131","0","13","25","36",
"1500000US040210002271","Block Group 1, Census Tract 2.27, Pinal County, Arizona","902","342","55","74","34","55","35","52","92","83","0","13","57","69","34","57","28","47","0","13","36","43","134","133","120","99","74","73","203","277","0","13","0","13",
"1500000US040210002272","Block Group 2, Census Tract 2.27, Pinal County, Arizona","983","445","78","89","0","13","0","13","0","13","53","71","59","81","0","13","0","13","0","13","82","69","25","41","20","34","535","452","99","106","0","13","32","53",
"1500000US040210002281","Block Group 1, Census Tract 2.28, Pinal County, Arizona","676","175","76","71","21","36","0","13","71","84","11","27","0","13","0","13","74","96","40","56","53","33","44","44","120","84","107","119","33","44","0","13","26","43",
"1500000US040210002291","Block Group 1, Census Tract 2.29, Pinal County, Arizona","1446","372","25","42","0","13","0","13","94","155","186","164","49","56","126","161","0","13","49","59","78","75","208","215","309","196","159","130","39","71","98","93","26","41",
"1500000US040210002292","Block Group 2, Census Tract 2.29, Pinal County, Arizona","737","250","0","13","0","13","0","13","0","13","11","17","0","13","14","23","0","13","55","62","121","126","348","230","54","63","56","85","36","65","39","46","3","16",
"1500000US040210003071","Block Group 1, Census Tract 3.07, Pinal County, Arizona","1044","139","0","13","26","23","46","48","16","18","17","20","58","44","44","56","44","38","39","32","140","73","67","53","138","71","122","63","100","55","76","58","111","104",
"1500000US040210003091","Block Group 1, Census Tract 3.09, Pinal County, Arizona","809","151","103","73","27","25","39","29","59","47","49","50","21","23","57","50","99","98","45","34","41","32","91","54","18","20","75","44","65","52","0","13","20","23",
"1500000US040210003092","Block Group 2, Census Tract 3.09, Pinal County, Arizona","679","135","52","32","56","36","78","57","61","49","0","13","23","22","59","40","36","30","41","49","67","59","97","69","40","30","29","28","22","27","18","18","0","13",
"1500000US040210003101","Block Group 1, Census Tract 3.10, Pinal County, Arizona","618","167","61","41","11","18","77","64","24","18","173","134","34","26","11","13","22","39","30","23","41","35","45","33","57","47","15","19","10","12","7","11","0","13",
"1500000US040210003102","Block Group 2, Census Tract 3.10, Pinal County, Arizona","739","150","30","26","8","13","18","20","77","61","55","49","116","128","4","8","0","13","17","23","33","35","132","89","123","94","30","26","53","44","14","14","29","33",
"1500000US040210003111","Block Group 1, Census Tract 3.11, Pinal County, Arizona","312","79","0","13","0","13","0","13","0","13","20","22","33","30","11","17","11","17","5","7","0","13","28","25","65","48","75","57","11","17","11","19","42","50",
"1500000US040210003112","Block Group 2, Census Tract 3.11, Pinal County, Arizona","1217","268","0","13","19","25","27","23","29","25","219","226","11","17","0","13","77","41","40","34","114","72","140","129","285","91","54","37","57","34","89","70","56","38",
"1500000US040210003121","Block Group 1, Census Tract 3.12, Pinal County, Arizona","682","143","21","23","23","35","71","59","32","41","84","72","61","61","42","31","90","76","6","11","52","47","25","27","57","56","61","75","44","35","0","13","13","20",
"1500000US040210003122","Block Group 2, Census Tract 3.12, Pinal County, Arizona","137","79","16","19","5","8","0","13","0","13","0","13","0","13","0","13","0","13","29","29","9","13","10","16","8","13","9","14","0","13","24","41","27","46",
"1500000US040210003123","Block Group 3, Census Tract 3.12, Pinal County, Arizona","880","178","60","49","83","104","46","29","58","56","26","20","73","65","10","16","29","43","46","43","106","60","97","49","70","49","128","92","32","33","16","27","0","13",
"1500000US040210003131","Block Group 1, Census Tract 3.13, Pinal County, Arizona","987","157","115","74","97","78","79","63","53","41","66","59","46","36","43","38","128","103","27","23","63","46","38","30","166","66","28","30","0","13","27","33","11","16",
"1500000US040210003132","Block Group 2, Census Tract 3.13, Pinal County, Arizona","495","167","23","27","8","13","0","13","58","48","21","24","78","74","0","13","9","14","52","36","17","19","50","41","49","40","91","144","22","26","9","15","8","13",
"1500000US040210003133","Block Group 3, Census Tract 3.13, Pinal County, Arizona","580","118","52","41","63","60","53","54","15","23","9","14","28","29","27","25","73","58","95","71","26","28","61","71","0","13","40","36","11","17","15","24","12","19",
"1500000US040210003151","Block Group 1, Census Tract 3.15, Pinal County, Arizona","1220","335","95","97","185","260","88","69","68","83","64","68","0","13","80","83","107","105","66","73","64","59","66","69","108","66","44","53","86","97","69","89","30","55",
"1500000US040210003152","Block Group 2, Census Tract 3.15, Pinal County, Arizona","523","149","132","95","0","13","21","34","0","13","17","30","21","20","14","29","0","13","0","13","44","76","112","98","73","57","77","59","0","13","12","23","0","13",
"1500000US040210003153","Block Group 3, Census Tract 3.15, Pinal County, Arizona","502","188","0","13","54","83","75","95","0","13","12","20","0","13","24","26","0","13","0","13","73","75","33","32","53","56","52","58","29","44","13","20","84","132",
"1500000US040210003161","Block Group 1, Census Tract 3.16, Pinal County, Arizona","1418","196","12","19","51","83","0","13","11","19","56","67","45","41","27","32","64","67","59","59","99","47","115","72","226","94","115","67","234","110","122","67","182","94",
"1500000US040210003162","Block Group 2, Census Tract 3.16, Pinal County, Arizona","612","159","0","13","0","13","14","23","22","35","17","28","40","65","16","25","36","40","17","27","52","51","56","42","122","86","38","37","107","149","22","25","53","39",
"1500000US040210003163","Block Group 3, Census Tract 3.16, Pinal County, Arizona","1291","189","85","56","29","24","16","25","60","47","33","37","82","64","66","52","60","50","40","36","71","53","168","88","205","101","106","62","113","82","61","49","96","71",
"1500000US040210003164","Block Group 4, Census Tract 3.16, Pinal County, Arizona","247","83","0","13","0","13","0","13","17","26","23","28","37","41","16","24","35","40","0","13","0","13","0","13","16","25","0","13","17","28","36","39","50","77",
"1500000US040210003171","Block Group 1, Census Tract 3.17, Pinal County, Arizona","438","113","19","21","67","66","20","21","29","26","48","49","27","25","16","25","42","44","10","16","49","32","63","36","20","23","28","25","0","13","0","13","0","13",
"1500000US040210003172","Block Group 2, Census Tract 3.17, Pinal County, Arizona","938","135","23","37","27","25","10","16","27","24","88","62","70","86","41","30","66","41","103","57","97","53","113","72","120","73","45","36","37","26","43","26","28","44",
"1500000US040210003191","Block Group 1, Census Tract 3.19, Pinal County, Arizona","1092","200","31","19","31","21","84","86","128","113","89","51","29","19","37","19","71","41","23","17","108","42","166","64","156","100","93","73","15","13","31","22","0","13",
"1500000US040210003201","Block Group 1, Census Tract 3.20, Pinal County, Arizona","467","102","35","40","50","58","17","28","67","83","34","40","0","13","18","34","0","13","15","23","89","62","76","82","34","41","32","37","0","13","0","13","0","13",
"1500000US040210003202","Block Group 2, Census Tract 3.20, Pinal County, Arizona","603","191","125","87","34","41","54","47","62","80","136","129","14","20","45","71","64","80","14","22","36","40","19","34","0","13","0","13","0","13","0","13","0","13",
"1500000US040210003211","Block Group 1, Census Tract 3.21, Pinal County, Arizona","573","212","97","90","18","30","122","132","29","35","68","86","15","25","0","13","0","13","17","27","105","88","89","102","13","21","0","13","0","13","0","13","0","13",
"1500000US040210003212","Block Group 2, Census Tract 3.21, Pinal County, Arizona","371","140","44","72","46","55","33","37","60","85","0","13","17","31","0","13","0","13","13","21","16","25","111","97","0","13","31","44","0","13","0","13","0","13",
"1500000US040210003213","Block Group 3, Census Tract 3.21, Pinal County, Arizona","493","128","0","13","0","13","33","37","17","30","17","29","48","49","36","43","0","13","31","35","100","82","131","116","80","63","0","13","0","13","0","13","0","13",
"1500000US040210003221","Block Group 1, Census Tract 3.22, Pinal County, Arizona","436","137","14","23","8","26","0","13","58","72","16","26","96","72","14","24","30","35","0","13","15","25","16","26","97","86","72","70","0","13","0","13","0","13",
"1500000US040210003222","Block Group 2, Census Tract 3.22, Pinal County, Arizona","522","148","1","2","0","13","0","13","32","35","11","18","0","13","31","37","0","13","0","13","54","52","128","98","127","98","57","54","0","13","20","36","61","77",
"1500000US040210003231","Block Group 1, Census Tract 3.23, Pinal County, Arizona","708","162","0","13","18","29","56","69","21","35","17","26","52","49","0","13","109","121","50","45","45","46","97","90","149","73","18","30","0","13","55","51","21","34",
"1500000US040210003232","Block Group 2, Census Tract 3.23, Pinal County, Arizona","900","238","40","68","60","97","43","52","0","13","97","103","0","13","0","13","19","30","88","86","49","48","149","120","191","127","144","165","0","13","20","31","0","13",
"1500000US040210003241","Block Group 1, Census Tract 3.24, Pinal County, Arizona","801","270","0","13","25","30","19","30","42","68","14","22","0","13","16","26","41","39","30","35","28","41","50","62","213","122","89","105","165","206","28","44","41","50",
"1500000US040210003242","Block Group 2, Census Tract 3.24, Pinal County, Arizona","900","262","39","39","0","13","37","34","237","200","108","103","24","40","77","69","52","43","73","55","7","15","102","85","57","52","65","72","0","13","22","33","0","13",
"1500000US040210003243","Block Group 3, Census Tract 3.24, Pinal County, Arizona","750","183","19","47","0","13","12","20","34","54","0","13","0","13","22","28","120","100","83","81","44","56","131","103","131","89","51","63","55","85","48","62","0","13",
"1500000US040210003251","Block Group 1, Census Tract 3.25, Pinal County, Arizona","691","176","17","27","13","22","14","23","17","28","152","136","86","80","0","13","71","62","45","73","53","68","98","72","115","90","10","15","0","13","0","13","0","13",
"1500000US040210003252","Block Group 2, Census Tract 3.25, Pinal County, Arizona","744","223","35","57","17","27","113","125","0","13","39","46","40","33","0","13","0","13","14","23","120","185","86","88","98","85","120","96","26","30","36","57","0","13",
"1500000US040210004001","Block Group 1, Census Tract 4, Pinal County, Arizona","403","85","19","19","10","11","29","32","40","50","27","31","66","50","46","30","13","13","5","9","8","12","45","29","57","35","23","25","0","13","10","15","5","8",
"1500000US040210004002","Block Group 2, Census Tract 4, Pinal County, Arizona","271","84","10","12","17","15","19","28","54","41","7","11","60","62","0","13","0","13","0","13","34","27","7","10","19","19","35","39","9","17","0","13","0","13",
"1500000US040210004003","Block Group 3, Census Tract 4, Pinal County, Arizona","328","169","158","165","0","13","29","25","0","13","41","33","6","12","21","34","18","29","3","6","0","13","23","27","9","11","12","19","8","13","0","13","0","13",
"1500000US040210004004","Block Group 4, Census Tract 4, Pinal County, Arizona","393","140","13","14","28","24","50","30","34","23","17","21","90","134","33","44","7","10","0","13","29","29","24","16","36","35","21","25","11","15","0","13","0","13",
"1500000US040210006031","Block Group 1, Census Tract 6.03, Pinal County, Arizona","1822","220","47","56","29","32","54","52","0","13","39","45","37","58","49","44","75","54","151","143","139","95","268","123","240","114","215","105","161","72","190","92","128","91",
"1500000US040210006032","Block Group 2, Census Tract 6.03, Pinal County, Arizona","1400","272","102","89","32","38","13","22","39","36","13","22","87","70","0","13","27","40","117","174","120","92","30","32","187","97","148","83","255","174","144","74","86","70",
"1500000US040210006041","Block Group 1, Census Tract 6.04, Pinal County, Arizona","1161","157","43","44","23","26","16","26","0","13","52","85","14","22","20","25","48","51","34","40","32","33","184","73","314","110","127","77","55","45","115","74","84","70",
"1500000US040210006042","Block Group 2, Census Tract 6.04, Pinal County, Arizona","1462","212","23","30","33","37","12","19","68","61","34","33","0","13","13","21","97","95","112","90","147","85","247","142","98","59","205","108","202","114","94","69","77","58",
"1500000US040210007001","Block Group 1, Census Tract 7, Pinal County, Arizona","459","167","0","13","0","13","20","27","9","16","16","23","117","115","9","14","17","22","30","45","124","113","29","25","52","35","15","26","21","26","0","13","0","13",
"1500000US040210007002","Block Group 2, Census Tract 7, Pinal County, Arizona","536","177","40","52","0","13","175","105","6","15","10","20","21","24","9","14","0","13","0","13","64","49","80","50","123","130","8","14","0","13","0","13","0","13",
"1500000US040210007003","Block Group 3, Census Tract 7, Pinal County, Arizona","707","270","17","17","20","22","60","69","224","206","22","28","9","15","59","61","19","21","24","26","31","49","157","148","14","16","41","42","10","17","0","13","0","13",
"1500000US040210008021","Block Group 1, Census Tract 8.02, Pinal County, Arizona","315","89","0","13","5","8","10","16","12","15","3","5","0","13","3","5","3","6","75","83","23","25","64","55","14","17","68","57","22","30","13","21","0","13",
"1500000US040210008022","Block Group 2, Census Tract 8.02, Pinal County, Arizona","1321","228","80","64","21","24","68","55","61","82","101","54","17","19","9","14","79","130","75","52","127","71","151","96","241","95","108","68","77","51","46","46","60","44",
"1500000US040210008023","Block Group 3, Census Tract 8.02, Pinal County, Arizona","638","317","26","30","0","13","0","13","15","25","51","64","44","55","9","14","37","56","27","45","26","25","256","317","46","35","21","18","25","28","55","63","0","13",
"1500000US040210008041","Block Group 1, Census Tract 8.04, Pinal County, Arizona","313","123","15","27","30","34","61","86","16","26","58","55","13","22","0","13","27","42","16","26","13","22","50","47","14","24","0","13","0","13","0","13","0","13",
"1500000US040210008042","Block Group 2, Census Tract 8.04, Pinal County, Arizona","620","191","32","37","0","13","30","36","85","69","70","70","83","50","28","33","69","75","46","45","87","63","90","66","0","13","0","13","0","13","0","13","0","13",
"1500000US040210008051","Block Group 1, Census Tract 8.05, Pinal County, Arizona","1210","290","47","60","34","40","16","28","0","13","16","25","29","36","69","54","86","68","66","54","61","63","209","214","247","178","39","36","70","58","111","98","110","106",
"1500000US040210008052","Block Group 2, Census Tract 8.05, Pinal County, Arizona","534","232","27","43","0","13","0","13","0","13","119","190","0","13","0","13","0","13","17","27","136","139","86","113","41","49","57","86","51","58","0","13","0","13",
"1500000US040210008053","Block Group 3, Census Tract 8.05, Pinal County, Arizona","714","215","0","13","15","24","0","13","31","37","33","39","26","51","63","101","41","63","60","77","129","122","197","173","28","32","91","92","0","13","0","13","0","13",
"1500000US040210008061","Block Group 1, Census Tract 8.06, Pinal County, Arizona","897","298","189","268","0","13","49","57","0","13","0","13","0","13","37","47","20","40","4","24","35","40","71","70","147","101","244","193","32","45","69","92","0","13",
"1500000US040210008062","Block Group 2, Census Tract 8.06, Pinal County, Arizona","959","201","33","42","0","13","12","20","0","13","22","28","24","35","30","38","47","64","10","18","105","70","187","138","122","93","116","114","63","63","75","69","113","100",
"1500000US040210008071","Block Group 1, Census Tract 8.07, Pinal County, Arizona","0","13","0","13","0","13","0","13","0","13","0","13","0","13","0","13","0","13","0","13","0","13","0","13","0","13","0","13","0","13","0","13","0","13",
"1500000US040210008072","Block Group 2, Census Tract 8.07, Pinal County, Arizona","71","43","0","13","0","13","0","13","5","8","0","13","0","13","25","41","0","13","8","10","5","9","11","13","6","9","0","13","6","8","5","7","0","13",
"1500000US040210008081","Block Group 1, Census Tract 8.08, Pinal County, Arizona","7","13","0","19","0","19","0","19","0","19","0","19","0","19","0","19","0","19","0","19","0","19","0","19","7","13","0","19","0","19","0","19","0","19",
"1500000US040210008082","Block Group 2, Census Tract 8.08, Pinal County, Arizona","242","62","24","28","16","22","0","13","15","24","13","21","14","15","0","13","23","28","8","11","22","28","11","11","47","33","24","19","18","29","7","11","0","13",
"1500000US040210009021","Block Group 1, Census Tract 9.02, Pinal County, Arizona","1043","252","143","62","45","37","86","46","0","13","33","24","82","55","23","20","10","11","53","43","62","45","166","73","80","51","168","174","75","65","12","13","5","8",
"1500000US040210009031","Block Group 1, Census Tract 9.03, Pinal County, Arizona","0","19","0","19","0","19","0","19","0","19","0","19","0","19","0","19","0","19","0","19","0","19","0","19","0","19","0","19","0","19","0","19","0","19",
"1500000US040210009041","Block Group 1, Census Tract 9.04, Pinal County, Arizona","415","93","27","21","30","26","9","14","58","44","36","37","23","21","28","24","33","22","22","22","41","28","41","26","34","28","13","16","8","9","5","9","7","10",
"1500000US040210010001","Block Group 1, Census Tract 10, Pinal County, Arizona","549","128","105","72","54","60","62","45","35","34","0","13","34","40","20","33","31","28","57","47","46","39","40","38","42","31","0","13","19","29","4","8","0","13",
"1500000US040210010002","Block Group 2, Census Tract 10, Pinal County, Arizona","337","104","17","26","57","54","55","51","0","13","25","40","12","13","0","13","40","41","29","35","8","12","51","61","35","29","0","13","0","13","8","13","0","13",
"1500000US040210010003","Block Group 3, Census Tract 10, Pinal County, Arizona","368","136","19","22","9","16","9","16","5","8","94","100","24","28","37","31","0","13","0","13","58","47","26","22","74","42","0","13","6","9","0","13","7","11",
"1500000US040210011001","Block Group 1, Census Tract 11, Pinal County, Arizona","299","94","28","31","0","13","0","13","0","13","37","36","16","25","0","13","14","21","17","27","0","13","50","60","10","15","90","64","4","11","10","16","23","29",
"1500000US040210011002","Block Group 2, Census Tract 11, Pinal County, Arizona","256","108","0","13","14","22","14","23","0","13","37","57","25","31","0","13","12","27","0","13","22","26","25","36","34","46","30","47","43","40","0","13","0","13",
"1500000US040210011003","Block Group 3, Census Tract 11, Pinal County, Arizona","941","234","14","22","13","21","25","30","78","58","27","34","174","170","0","13","111","89","91","95","59","60","40","41","68","68","202","115","9","17","30","40","0","13",
"1500000US040210011004","Block Group 4, Census Tract 11, Pinal County, Arizona","816","216","0","13","0","13","8","16","0","13","61","92","20","29","0","13","43","46","16","27","149","109","47","45","133","99","114","110","53","58","31","45","141","190",
"1500000US040210012001","Block Group 1, Census Tract 12, Pinal County, Arizona","861","158","24","30","67","60","22","27","63","51","28","27","18","20","19","21","0","13","11","19","50","51","178","102","81","48","111","105","21","33","57","51","111","80",
"1500000US040210012002","Block Group 2, Census Tract 12, Pinal County, Arizona","761","180","8","12","12","15","57","56","31","29","70","68","77","62","88","66","34","27","51","69","79","77","57","56","162","92","8","14","0","13","27","43","0","13",
"1500000US040210013031","Block Group 1, Census Tract 13.03, Pinal County, Arizona","323","67","0","13","0","13","19","29","27","39","0","13","9","13","0","13","4","6","10","11","78","44","9","11","60","37","19","17","9","11","21","15","58","33",
"1500000US040210013032","Block Group 2, Census Tract 13.03, Pinal County, Arizona","296","127","0","13","2","4","22","30","43","57","0","13","9","12","0","13","0","13","18","16","6","9","16","18","89","106","39","31","10","11","37","31","5","8",
"1500000US040210013051","Block Group 1, Census Tract 13.05, Pinal County, Arizona","640","169","48","79","28","36","0","13","60","67","11","17","125","100","19","23","12","20","25","28","16","26","185","114","67","42","23","24","21","25","0","13","0","13",
"1500000US040210013052","Block Group 2, Census Tract 13.05, Pinal County, Arizona","531","176","32","31","0","13","13","20","51","83","0","13","10","17","0","13","23","26","10","17","80","87","105","118","79","68","61","72","10","16","46","53","11","17",
"1500000US040210013053","Block Group 3, Census Tract 13.05, Pinal County, Arizona","491","202","0","13","9","16","36","58","24","29","0","13","0","13","10","16","130","192","11","18","59","52","89","79","86","69","16","26","12","21","9","14","0","13",
"1500000US040210013054","Block Group 4, Census Tract 13.05, Pinal County, Arizona","483","156","12","21","77","89","0","13","0","13","17","28","0","13","86","97","0","13","36","41","54","66","27","32","18","29","89","77","9","15","37","58","21","25",
"1500000US040210013061","Block Group 1, Census Tract 13.06, Pinal County, Arizona","401","122","7","10","9","15","13","20","0","13","0","13","18","20","9","14","0","13","65","74","21","32","31","32","74","44","63","51","79","72","0","13","12","20",
"1500000US040210013062","Block Group 2, Census Tract 13.06, Pinal County, Arizona","672","153","163","92","92","77","0","13","88","73","106","76","19","27","24","30","29","41","26","39","101","87","17","29","7","12","0","13","0","13","0","13","0","13",
"1500000US040210013063","Block Group 3, Census Tract 13.06, Pinal County, Arizona","984","188","33","28","29","26","10","17","83","70","72","96","129","138","26","28","0","13","31","30","121","65","42","35","196","82","82","53","62","75","31","31","37","41",
"1500000US040210013071","Block Group 1, Census Tract 13.07, Pinal County, Arizona","362","135","0","13","18","28","30","34","18","28","73","82","14","21","0","13","74","119","14","22","26","26","44","42","30","35","21","24","0","13","0","13","0","13",
"1500000US040210013072","Block Group 2, Census Tract 13.07, Pinal County, Arizona","985","200","30","34","0","13","47","65","60","57","53","45","24","32","64","77","72","66","40","36","213","121","183","96","98","83","0","13","101","86","0","13","0","13",
"1500000US040210013073","Block Group 3, Census Tract 13.07, Pinal County, Arizona","487","145","69","48","0","13","44","62","27","30","34","33","77","101","0","13","10","17","21","26","30","35","18","29","27","33","33","30","26","30","14","22","57","53",
"1500000US040210013081","Block Group 1, Census Tract 13.08, Pinal County, Arizona","480","183","108","90","13","22","0","13","15","26","108","151","14","23","37","59","14","23","44","68","0","13","14","22","113","34","0","13","0","13","0","13","0","13",
"1500000US040210013082","Block Group 2, Census Tract 13.08, Pinal County, Arizona","255","83","0","13","0","13","0","13","0","13","0","13","38","67","0","13","0","13","18","29","0","13","46","64","98","67","12","23","43","51","0","13","0","13",
"1500000US040210013091","Block Group 1, Census Tract 13.09, Pinal County, Arizona","724","184","51","61","0","13","12","22","53","72","27","42","0","13","28","29","0","13","43","41","39","50","94","54","186","129","73","69","51","64","67","66","0","13",
"1500000US040210013092","Block Group 2, Census Tract 13.09, Pinal County, Arizona","1204","657","0","13","13","21","25","21","0","13","11","20","71","65","409","626","6","14","0","13","30","37","99","79","135","79","309","292","24","28","72","63","0","13",
"1500000US040210013101","Block Group 1, Census Tract 13.10, Pinal County, Arizona","610","156","20","33","0","13","0","13","18","28","15","24","0","13","0","13","19","31","88","86","30","36","105","69","120","102","59","91","94","81","42","43","0","13",
"1500000US040210013102","Block Group 2, Census Tract 13.10, Pinal County, Arizona","667","150","0","13","0","13","0","13","17","27","0","13","14","22","12","20","0","13","56","69","143","111","98","59","13","20","167","95","16","24","128","78","3","11",
"1500000US040210014031","Block Group 1, Census Tract 14.03, Pinal County, Arizona","527","166","45","55","0","13","18","26","137","92","72","96","18","16","15","17","0","13","3","7","32","31","66","74","36","21","28","35","12","16","20","18","25","31",
"1500000US040210014032","Block Group 2, Census Tract 14.03, Pinal County, Arizona","639","184","37","43","21","24","34","29","81","71","5","8","43","32","75","69","7","10","40","31","12","17","13","15","103","64","58","44","0","13","0","13","110","138",
"1500000US040210014033","Block Group 3, Census Tract 14.03, Pinal County, Arizona","691","217","61","52","11","18","0","13","87","77","20","20","44","37","61","80","54","54","33","39","64","50","100","97","20","23","0","13","36","48","100","160","0","13",
"1500000US040210014041","Block Group 1, Census Tract 14.04, Pinal County, Arizona","630","121","19","21","0","13","34","43","50","36","13","16","17","18","69","77","0","13","0","13","0","13","61","49","158","93","70","55","50","34","43","27","46","38",
"1500000US040210014042","Block Group 2, Census Tract 14.04, Pinal County, Arizona","548","120","0","13","0","13","0","13","80","68","22","34","86","60","66","63","16","26","34","39","7","11","55","44","78","73","70","71","8","12","8","14","18","20",
"1500000US040210014051","Block Group 1, Census Tract 14.05, Pinal County, Arizona","645","178","36","40","32","51","21","21","7","11","7","11","10","16","40","40","6","11","21","21","85","46","86","60","93","39","20","19","63","37","81","130","37","51",
"1500000US040210014052","Block Group 2, Census Tract 14.05, Pinal County, Arizona","862","114","94","74","34","43","27","25","73","54","65","55","66","58","67","41","42","43","56","49","70","37","84","58","92","52","22","19","13","16","42","37","15","17",
"1500000US040210014053","Block Group 3, Census Tract 14.05, Pinal County, Arizona","299","79","14","16","18","23","15","16","11","18","29","25","0","13","0","13","8","12","25","30","19","23","53","32","42","28","30","38","0","13","25","23","10","15",
"1500000US040210014061","Block Group 1, Census Tract 14.06, Pinal County, Arizona","401","147","106","102","30","46","9","13","42","45","33","34","16","22","53","63","25","30","0","13","21","25","2","5","25","27","35","41","0","13","4","9","0","13",
"1500000US040210014062","Block Group 2, Census Tract 14.06, Pinal County, Arizona","989","291","84","68","56","39","78","61","46","54","34","55","61","75","84","90","54","54","35","33","130","90","94","79","63","61","10","15","0","13","1","5","159","233",
"1500000US040210014063","Block Group 3, Census Tract 14.06, Pinal County, Arizona","62","50","0","13","6","10","0","13","9","15","0","13","0","13","0","13","0","13","0","13","0","13","25","43","0","13","22","20","0","13","0","13","0","13",
"1500000US040210014064","Block Group 4, Census Tract 14.06, Pinal County, Arizona","382","127","93","80","64","59","48","50","14","19","12","20","21","34","13","21","10","15","13","21","0","13","0","13","82","88","12","22","0","13","0","13","0","13",
"1500000US040210014071","Block Group 1, Census Tract 14.07, Pinal County, Arizona","428","78","57","27","19","17","13","12","4","5","23","15","20","15","45","25","14","10","17","13","58","34","86","44","24","16","9","10","30","28","0","13","9","9",
"1500000US040210014072","Block Group 2, Census Tract 14.07, Pinal County, Arizona","383","83","32","36","15","17","8","9","13","20","0","13","20","25","11","12","74","52","49","45","44","42","42","35","54","32","15","13","6","11","0","13","0","13",
"1500000US040210014081","Block Group 1, Census Tract 14.08, Pinal County, Arizona","597","139","32","26","0","13","17","17","0","13","36","23","31","25","27","27","31","41","55","40","44","31","66","33","62","36","96","49","77","102","9","14","14","15",
"1500000US040210014082","Block Group 2, Census Tract 14.08, Pinal County, Arizona","527","93","13","14","0","13","0","13","29","32","7","12","9","14","24","22","30","32","0","13","36","31","90","66","72","36","94","66","64","41","14","17","45","30",
"1500000US040210015001","Block Group 1, Census Tract 15, Pinal County, Arizona","304","113","0","13","41","49","28","30","39","50","9","15","33","51","0","13","42","62","8","13","49","51","0","13","8","12","0","13","0","13","0","13","47","54",
"1500000US040210015002","Block Group 2, Census Tract 15, Pinal County, Arizona","312","93","37","47","57","52","14","19","0","13","47","42","52","44","47","63","0","13","12","18","0","13","0","13","36","36","10","16","0","13","0","13","0","13",
"1500000US040210015003","Block Group 3, Census Tract 15, Pinal County, Arizona","546","177","8","14","56","68","43","57","22","25","38","29","27","43","11","16","8","13","26","33","78","117","154","74","47","48","12","15","0","13","8","13","8","12",
"1500000US040210016001","Block Group 1, Census Tract 16, Pinal County, Arizona","707","175","37","49","7","13","22","26","57","37","9","14","29","26","33","41","19","23","18","31","58","54","36","25","145","124","39","63","92","111","74","61","32","52",
"1500000US040210016002","Block Group 2, Census Tract 16, Pinal County, Arizona","293","108","0","13","0","13","0","13","0","13","40","43","0","13","0","13","28","25","6","9","9","13","68","81","87","78","26","30","0","13","29","33","0","13",
"1500000US040210016003","Block Group 3, Census Tract 16, Pinal County, Arizona","187","80","34","42","0","13","18","20","12","18","8","14","0","13","0","13","22","24","9","13","30","48","11","18","0","13","13","23","30","49","0","13","0","13",
"1500000US040210016004","Block Group 4, Census Tract 16, Pinal County, Arizona","1025","309","68","65","37","46","0","13","188","168","51","83","49","52","150","162","9","14","30","41","22","19","284","179","78","68","13","21","20","32","0","13","26","41",
"1500000US040210017011","Block Group 1, Census Tract 17.01, Pinal County, Arizona","451","150","30","21","10","11","5","8","5","11","41","33","39","45","21","23","15","14","35","20","3","4","40","26","77","52","111","137","0","13","0","13","19","22",
"1500000US040210017041","Block Group 1, Census Tract 17.04, Pinal County, Arizona","666","156","26","34","0","13","43","53","29","33","59","82","48","60","63","59","13","31","0","13","32","35","33","38","69","58","118","87","43","41","0","13","90","82",
"1500000US040210017042","Block Group 2, Census Tract 17.04, Pinal County, Arizona","729","170","26","42","46","72","26","31","0","13","33","42","0","13","72","69","23","27","49","57","41","45","115","105","119","83","92","84","8","14","79","74","0","13",
"1500000US040210017043","Block Group 3, Census Tract 17.04, Pinal County, Arizona","492","119","0","13","0","13","8","14","14","23","24","28","23","26","13","21","13","21","60","59","51","61","83","82","63","50","115","78","12","21","13","20","0","13",
"1500000US040210017051","Block Group 1, Census Tract 17.05, Pinal County, Arizona","299","180","0","13","0","13","0","13","0","13","0","13","18","30","0","13","0","13","0","13","53","79","13","25","100","142","51","72","53","66","11","17","0","13",
"1500000US040210017052","Block Group 2, Census Tract 17.05, Pinal County, Arizona","203","119","17","30","0","13","12","19","20","37","15","24","0","13","0","13","0","13","0","13","17","20","0","13","50","67","72","98","0","13","0","13","0","13",
"1500000US040210017053","Block Group 3, Census Tract 17.05, Pinal County, Arizona","696","248","25","56","41","64","0","13","0","13","19","17","31","47","20","31","11","17","144","169","10","15","16","20","17","29","139","106","67","74","156","179","0","13",
"1500000US040210017054","Block Group 4, Census Tract 17.05, Pinal County, Arizona","439","146","0","13","34","55","0","13","0","13","0","13","0","13","0","13","0","13","0","13","74","79","109","73","61","53","50","51","86","91","0","13","25","44",
"1500000US040210017055","Block Group 5, Census Tract 17.05, Pinal County, Arizona","773","151","37","55","4","9","40","56","15","25","0","13","0","13","0","13","56","63","22","28","30","27","64","49","75","48","126","89","121","67","74","80","109","131",
"1500000US040210017061","Block Group 1, Census Tract 17.06, Pinal County, Arizona","667","95","12","21","8","12","13","14","0","13","0","13","10","10","8","12","10","12","31","32","171","82","103","59","115","51","120","87","18","24","17","19","31","24",
"1500000US040210017062","Block Group 2, Census Tract 17.06, Pinal County, Arizona","442","154","0","13","14","23","0","13","16","26","4","7","0","13","35","35","91","129","21","34","6","10","7","11","72","53","75","58","37","32","47","49","17","28",
"1500000US040210017063","Block Group 3, Census Tract 17.06, Pinal County, Arizona","338","87","18","23","0","13","0","13","0","13","0","13","22","34","0","13","9","14","6","9","20","21","26","25","62","31","36","37","57","46","62","49","20","24",
"1500000US040210017071","Block Group 1, Census Tract 17.07, Pinal County, Arizona","490","150","1","3","0","13","27","46","23","31","40","43","2","5","0","13","43","54","0","13","39","34","31","37","150","75","73","74","25","27","18","16","18","19",
"1500000US040210017072","Block Group 2, Census Tract 17.07, Pinal County, Arizona","525","157","29","26","0","13","5","8","17","23","0","13","0","13","59","72","25","28","48","68","90","88","36","35","81","52","37","44","73","52","13","16","12","14",
"1500000US040210017073","Block Group 3, Census Tract 17.07, Pinal County, Arizona","606","182","37","35","0","13","6","10","0","13","23","22","0","13","19","23","6","9","21","25","60","46","98","106","47","31","47","49","133","114","98","147","11","18",
"1500000US040210017091","Block Group 1, Census Tract 17.09, Pinal County, Arizona","591","163","0","13","0","13","0","13","4","7","0","13","5","9","5","9","12","18","65","75","99","114","144","85","66","43","61","39","71","44","31","26","28","41",
"1500000US040210017092","Block Group 2, Census Tract 17.09, Pinal County, Arizona","1065","172","90","85","6","12","5","8","9","11","0","13","57","43","6","9","124","84","21","21","148","89","144","60","208","99","136","81","58","38","38","37","15","17",
"1500000US040210017121","Block Group 1, Census Tract 17.12, Pinal County, Arizona","174","60","18","15","0","13","6","11","5","8","0","13","11","13","0","13","0","13","0","13","26","25","5","8","16","17","34","22","15","16","38","46","0","13",
"1500000US040210017122","Block Group 2, Census Tract 17.12, Pinal County, Arizona","993","133","28","29","31","26","17","24","36","36","32","27","7","11","48","39","27","23","84","82","107","56","165","66","153","68","89","55","84","54","52","41","33","33",
"1500000US040210017131","Block Group 1, Census Tract 17.13, Pinal County, Arizona","735","133","67","40","6","9","3","5","9","14","5","8","26","24","7","8","18","22","50","50","15","13","159","104","136","60","103","85","33","25","87","59","11","12",
"1500000US040210017141","Block Group 1, Census Tract 17.14, Pinal County, Arizona","653","229","12","13","22","28","0","13","0","13","18","23","10","17","5","8","0","13","3","7","99","76","125","95","156","68","186","212","3","5","9","10","5","8",
"1500000US040210017142","Block Group 2, Census Tract 17.14, Pinal County, Arizona","260","141","0","13","19","31","18","27","0","13","0","13","0","13","0","13","5","8","20","33","95","141","29","30","36","30","22","22","11","16","5","8","0","13",
"1500000US040210017151","Block Group 1, Census Tract 17.15, Pinal County, Arizona","280","91","19","20","0","13","7","11","8","13","29","31","16","26","18","22","50","57","0","13","9","9","43","25","40","37","8","9","31","46","2","5","0","13",
"1500000US040210017152","Block Group 2, Census Tract 17.15, Pinal County, Arizona","617","89","63","41","0","13","6","8","5","8","0","13","9","10","4","6","4","6","12","12","55","32","59","39","136","49","68","38","44","25","83","42","69","28",
"1500000US040210017153","Block Group 3, Census Tract 17.15, Pinal County, Arizona","395","79","5","8","4","6","26","20","33","32","4","6","45","43","19","24","3","7","27","23","53","41","25","18","57","29","52","28","24","25","11","13","7","11",
"1500000US040210017161","Block Group 1, Census Tract 17.16, Pinal County, Arizona","664","126","65","61","0","13","10","16","0","13","60","49","8","14","10","16","30","34","44","56","19","27","97","73","176","92","43","35","18","19","60","66","24","23",
"1500000US040210017162","Block Group 2, Census Tract 17.16, Pinal County, Arizona","336","150","0","13","0","13","12","24","0","13","8","13","8","12","36","63","0","13","0","13","47","53","35","32","58","40","8","13","85","123","13","21","26","30",
"1500000US040210017163","Block Group 3, Census Tract 17.16, Pinal County, Arizona","294","70","0","13","10","19","0","13","0","13","10","16","0","13","29","47","10","15","7","11","21","24","0","13","66","48","50","36","24","37","40","44","27","35",
"1500000US040210017171","Block Group 1, Census Tract 17.17, Pinal County, Arizona","887","122","76","72","0","13","0","13","39","37","26","30","78","48","37","37","40","36","29","32","76","51","69","48","107","60","140","77","48","39","94","67","28","31",
"1500000US040210019001","Block Group 1, Census Tract 19, Pinal County, Arizona","543","161","118","80","23","21","120","94","43","33","27","25","38","36","0","13","68","96","7","10","28","26","15","18","27","26","0","13","19","25","10","16","0","13",
"1500000US040210019002","Block Group 2, Census Tract 19, Pinal County, Arizona","326","79","12","20","28","31","21","17","13","21","7","11","20","33","5","9","16","25","18","26","22","22","39","28","50","37","16","15","18","17","41","43","0","13",
"1500000US040210020011","Block Group 1, Census Tract 20.01, Pinal County, Arizona","748","335","337","349","15","18","12","19","37","41","35","36","11","19","0","13","16","24","30","31","40","28","42","36","88","55","58","45","0","13","21","32","6","10",
"1500000US040210020012","Block Group 2, Census Tract 20.01, Pinal County, Arizona","748","154","43","39","6","10","0","13","0","13","14","16","27","23","33","25","15","16","71","50","51","36","122","67","113","46","143","96","33","28","47","43","30","36",
"1500000US040210020013","Block Group 3, Census Tract 20.01, Pinal County, Arizona","323","93","43","37","6","12","8","13","68","56","7","11","0","13","0","13","8","12","0","13","26","31","46","37","37","41","4","7","70","62","0","13","0","13",
"1500000US040210020041","Block Group 1, Census Tract 20.04, Pinal County, Arizona","789","176","114","74","84","58","18","20","78","66","48","41","40","42","63","69","20","25","0","13","29","40","117","95","91","71","29","31","32","27","0","13","26","28",
"1500000US040210020042","Block Group 2, Census Tract 20.04, Pinal County, Arizona","445","116","50","49","51","65","52","42","39","39","28","24","20","32","19","22","19","23","7","12","47","54","76","63","15","20","7","11","15","18","0","13","0","13",
"1500000US040210020051","Block Group 1, Census Tract 20.05, Pinal County, Arizona","0","19","0","19","0","19","0","19","0","19","0","19","0","19","0","19","0","19","0","19","0","19","0","19","0","19","0","19","0","19","0","19","0","19",
"1500000US040210020052","Block Group 2, Census Tract 20.05, Pinal County, Arizona","158","34","13","15","4","4","16","14","0","13","4","4","2","3","8","7","20","16","4","3","5","6","11","10","36","16","19","12","6","9","2","3","8","14",
"1500000US040210021041","Block Group 1, Census Tract 21.04, Pinal County, Arizona","564","172","115","105","35","59","30","48","68","77","53","87","35","55","44","70","30","49","55","91","30","49","0","13","69","79","0","13","0","13","0","13","0","13",
"1500000US040210021042","Block Group 2, Census Tract 21.04, Pinal County, Arizona","1211","355","0","13","1","2","32","54","199","151","115","97","27","42","54","62","171","188","93","86","112","89","199","176","45","73","96","85","32","51","0","13","35","39",
"1500000US040210021051","Block Group 1, Census Tract 21.05, Pinal County, Arizona","814","217","94","86","69","78","159","136","0","13","35","58","62","72","38","62","87","79","68","77","103","97","30","48","31","48","0","13","30","49","8","14","0","13",
"1500000US040210021052","Block Group 2, Census Tract 21.05, Pinal County, Arizona","536","185","52","80","0","13","50","80","0","13","91","94","67","78","31","50","0","13","43","27","56","62","74","85","72","75","0","13","0","13","0","13","0","13",
"1500000US040210021053","Block Group 3, Census Tract 21.05, Pinal County, Arizona","927","243","20","32","40","46","0","13","67","61","0","13","74","59","32","38","35","60","20","33","163","110","120","79","149","109","107","144","20","30","80","102","0","13",
"1500000US040210021061","Block Group 1, Census Tract 21.06, Pinal County, Arizona","641","164","17","14","109","75","58","53","52","55","27","33","16","22","93","99","32","39","0","13","10","16","11","15","20","24","171","126","7","13","0","13","18","28",
"1500000US040210021071","Block Group 1, Census Tract 21.07, Pinal County, Arizona","1565","238","73","51","70","58","6","11","26","26","20","27","64","49","109","79","164","199","36","30","116","57","174","107","377","160","133","76","93","47","55","68","49","51",
"1500000US040210022001","Block Group 1, Census Tract 22, Pinal County, Arizona","137","93","54","67","0","13","0","13","5","10","11","20","0","13","0","13","19","32","0","13","0","13","0","13","48","67","0","13","0","13","0","13","0","13",
"1500000US040210022002","Block Group 2, Census Tract 22, Pinal County, Arizona","616","424","0","13","0","13","29","39","0","13","0","13","59","71","0","13","40","43","34","55","291","429","59","72","30","47","57","51","0","13","0","13","17","29",
"1500000US040210022003","Block Group 3, Census Tract 22, Pinal County, Arizona","911","424","39","65","348","394","0","13","0","13","26","42","94","93","74","84","61","67","29","47","39","41","98","87","55","64","0","13","0","13","33","52","15","24",
"1500000US040210022004","Block Group 4, Census Tract 22, Pinal County, Arizona","705","221","0","13","47","57","0","13","43","70","83","84","0","13","38","61","0","13","60","47","120","149","136","114","74","70","12","20","0","13","47","55","45","73",
"1500000US040210023001","Block Group 1, Census Tract 23, Pinal County, Arizona","219","54","0","13","0","13","0","13","13","13","8","12","26","28","35","41","0","13","35","31","15","22","22","21","28","26","22","11","5","8","0","13","10","16",
"1500000US040210023002","Block Group 2, Census Tract 23, Pinal County, Arizona","425","147","31","39","13","21","0","13","84","89","30","46","37","34","5","9","13","20","0","13","4","6","48","40","66","77","44","48","31","44","9","11","10","16",
"1500000US040210023003","Block Group 3, Census Tract 23, Pinal County, Arizona","387","93","0","13","3","7","44","38","53","45","14","17","18","20","34","34","8","13","6","10","38","30","37","37","48","35","53","44","16","23","15","24","0","13",
"1500000US040210024001","Block Group 1, Census Tract 24, Pinal County, Arizona","285","66","52","36","0","13","3","4","13","11","14","12","15","14","30","25","10","12","20","12","42","42","18","19","44","29","24","24","0","13","0","13","0","13",
"1500000US040210024002","Block Group 2, Census Tract 24, Pinal County, Arizona","256","85","30","26","16","17","39","59","7","8","12","10","11","17","27","21","7","8","7","12","6","6","27","17","55","38","4","7","4","5","4","5","0","13",
"1500000US040210024003","Block Group 3, Census Tract 24, Pinal County, Arizona","327","133","108","124","0","13","13","20","6","8","0","13","14","15","23","17","18","20","14","17","46","26","24","28","56","46","0","13","0","13","5","9","0","13",
"1500000US040219412001","Block Group 1, Census Tract 9412, Pinal County, Arizona","259","81","103","60","21","24","0","13","0","13","14","21","16","27","0","13","0","13","11","18","0","13","16","24","21","36","13","20","44","52","0","13","0","13",
"1500000US040219412002","Block Group 2, Census Tract 9412, Pinal County, Arizona","500","132","176","76","25","30","27","32","4","9","109","83","16","26","31","28","0","13","23","25","18","30","0","13","0","13","59","70","12","19","0","13","0","13",
"1500000US040219412003","Block Group 3, Census Tract 9412, Pinal County, Arizona","688","132","191","115","63","66","64","51","49","44","12","20","33","31","54","43","61","45","12","21","24","27","12","22","39","37","15","25","29","47","30","50","0","13",
"1500000US040219412004","Block Group 4, Census Tract 9412, Pinal County, Arizona","468","121","75","44","33","26","49","38","62","54","65","55","12","19","0","13","18","29","17","26","0","13","62","87","33","29","29","32","0","13","13","22","0","13",
"1500000US040219413001","Block Group 1, Census Tract 9413, Pinal County, Arizona","660","156","244","94","50","31","29","25","37","28","68","67","21","18","0","13","17","20","8","12","56","36","23","25","71","63","12","13","16","16","0","13","8","14",
"1500000US040219414011","Block Group 1, Census Tract 9414.01, Pinal County, Arizona","770","201","15","26","21","32","0","13","58","45","13","21","139","82","82","98","42","41","0","13","59","74","25","30","34","37","59","67","56","72","67","49","100","115",
"1500000US040219414012","Block Group 2, Census Tract 9414.01, Pinal County, Arizona","355","82","112","77","22","18","18","12","23","15","16","14","17","11","6","8","7","6","12","12","42","18","30","20","20","13","17","13","8","10","5","6","0","13",
"1500000US040219414013","Block Group 3, Census Tract 9414.01, Pinal County, Arizona","757","214","92","105","21","33","36","41","13","20","0","13","22","35","35","44","32","34","99","93","53","51","129","91","173","146","20","24","12","19","20","24","0","13",
"1500000US040219414021","Block Group 1, Census Tract 9414.02, Pinal County, Arizona","743","138","38","39","5","13","115","95","18","36","80","85","110","51","49","52","20","32","12","10","49","27","27","42","52","62","1","3","35","29","103","92","29","40",
"310M600US38060","Phoenix-Mesa-Chandler, AZ Metro Area","1745219","4293","89199","2732","53580","2116","59117","1955","70049","2201","68502","2200","75806","2340","73324","1927","79034","2375","70866","2443","140177","3215","184070","3727","237884","3752","172518","3521","115870","2785","121081","2731","134142","2477",
