"GEO_ID","NAME","B19001_001E","B19001_001M","B19001_002E","B19001_002M","B19001_003E","B19001_003M","B19001_004E","B19001_004M","B19001_005E","B19001_005M","B19001_006E","B19001_006M","B19001_007E","B19001_007M","B19001_008E","B19001_008M","B19001_009E","B19001_009M","B19001_010E","B19001_010M","B19001_011E","B19001_011M","B19001_012E","B19001_012M","B19001_013E","B19001_013M","B19001_014E","B19001_014M","B19001_015E","B19001_015M","B19001_016E","B19001_016M","B19001_017E","B19001_017M",
"Geography","Geographic Area Name","Estimate!!Total:","Margin of Error!!Total:","Estimate!!Total:!!Less than $10,000","Margin of Error!!Total:!!Less than $10,000","Estimate!!Total:!!$10,000 to $14,999","Margin of Error!!Total:!!$10,000 to $14,999","Estimate!!Total:!!$15,000 to $19,999","Margin of Error!!Total:!!$15,000 to $19,999","Estimate!!Total:!!$20,000 to $24,999","Margin of Error!!Total:!!$20,000 to $24,999","Estimate!!Total:!!$25,000 to $29,999","Margin of Error!!Total:!!$25,000 to $29,999","Estimate!!Total:!!$30,000 to $34,999","Margin of Error!!Total:!!$30,000 to $34,999","Estimate!!Total:!!$35,000 to $39,999","Margin of Error!!Total:!!$35,000 to $39,999","Estimate!!Total:!!$40,000 to $44,999","Margin of Error!!Total:!!$40,000 to $44,999","Estimate!!Total:!!$45,000 to $49,999","Margin of Error!!Total:!!$45,000 to $49,999","Estimate!!Total:!!$50,000 to $59,999","Margin of Error!!Total:!!$50,000 to $59,999","Estimate!!Total:!!$60,000 to $74,999","Margin of Error!!Total:!!$60,000 to $74,999","Estimate!!Total:!!$75,000 to $99,999","Margin of Error!!Total:!!$75,000 to $99,999","Estimate!!Total:!!$100,000 to $124,999","Margin of Error!!Total:!!$100,000 to $124,999","Estimate!!Total:!!$125,000 to $149,999","Margin of Error!!Total:!!$125,000 to $149,999","Estimate!!Total:!!$150,000 to $199,999","Margin of Error!!Total:!!$150,000 to $199,999","Estimate!!Total:!!$200,000 or more","Margin of Error!!Total:!!$200,000 or more",
"1500000US250092011001","Block Group 1, Census Tract 2011, Essex County, Massachusetts","401","73","9","14","0","13","0","13","20","22","0","13","9","15","7","12","16","17","10","15","32","28","24","36","66","50","14","16","30","29","87","58","77","49",
"1500000US250092011002","Block Group 2, Census Tract 2011, Essex County, Massachusetts","813","192","22","34","108","139","8","12","24","39","0","13","21","25","53","39","7","12","0","13","33","35","30","24","225","189","62","34","74","46","43","32","103","54",
"1500000US250092011003","Block Group 3, Census Tract 2011, Essex County, Massachusetts","509","92","8","13","14","21","8","12","31","36","18","22","0","13","10","16","46","45","15","17","29","23","31","29","50","36","30","28","66","46","46","35","107","59",
"1500000US250092021011","Block Group 1, Census Tract 2021.01, Essex County, Massachusetts","280","78","7","10","0","13","0","13","8","12","0","13","44","66","0","13","8","13","5","7","16","16","5","8","43","38","14","15","18","15","39","22","73","30",
"1500000US250092021012","Block Group 2, Census Tract 2021.01, Essex County, Massachusetts","273","68","0","13","0","13","0","13","24","22","9","14","0","13","0","13","10","10","8","11","11","12","5","8","39","30","23","20","12","13","28","23","104","58",
"1500000US250092021013","Block Group 3, Census Tract 2021.01, Essex County, Massachusetts","299","75","0","13","10","14","6","9","0","13","9","12","0","13","0","13","0","13","17","14","43","42","33","26","31","36","24","25","44","26","72","54","10","11",
"1500000US250092021031","Block Group 1, Census Tract 2021.03, Essex County, Massachusetts","575","107","40","64","0","13","0","13","50","72","8","13","26","33","5","12","12","20","12","21","91","106","24","30","62","57","0","13","63","61","170","90","12","20",
"1500000US250092021041","Block Group 1, Census Tract 2021.04, Essex County, Massachusetts","455","156","0","13","0","13","16","26","108","126","0","13","0","13","0","13","55","71","0","13","0","13","13","20","17","27","40","62","56","57","71","55","79","64",
"1500000US250092021042","Block Group 2, Census Tract 2021.04, Essex County, Massachusetts","445","147","51","55","0","13","39","60","0","13","0","13","14","22","19","35","13","20","0","13","0","13","21","30","127","105","92","95","54","55","15","26","0","13",
"1500000US250092021043","Block Group 3, Census Tract 2021.04, Essex County, Massachusetts","273","86","18","31","0","13","0","13","0","13","13","20","14","22","0","13","0","13","0","13","0","13","25","29","32","37","92","81","17","30","14","22","48","49",
"1500000US250092021044","Block Group 4, Census Tract 2021.04, Essex County, Massachusetts","337","113","38","61","0","13","44","34","17","28","17","27","12","22","0","13","17","27","37","58","15","23","70","84","54","43","0","13","0","13","16","25","0","13",
"1500000US250092021045","Block Group 5, Census Tract 2021.04, Essex County, Massachusetts","800","357","85","74","15","24","78","127","247","342","0","13","14","24","28","35","0","13","0","13","36","40","47","45","99","94","35","40","58","49","37","45","21","36",
"1500000US250092022001","Block Group 1, Census Tract 2022, Essex County, Massachusetts","291","77","0","13","0","13","0","13","0","13","0","13","0","13","0","13","0","13","0","13","9","16","17","26","20","31","16","26","18","28","68","59","143","86",
"1500000US250092022002","Block Group 2, Census Tract 2022, Essex County, Massachusetts","678","132","0","13","0","13","14","22","0","13","18","28","0","13","0","13","9","18","0","13","65","44","61","65","103","83","34","38","54","46","189","85","131","79",
"1500000US250092022003","Block Group 3, Census Tract 2022, Essex County, Massachusetts","235","63","0","13","0","13","17","27","0","13","0","13","0","13","0","13","0","13","0","13","0","13","19","29","9","16","56","46","50","47","51","37","33","35",
"1500000US250092022004","Block Group 4, Census Tract 2022, Essex County, Massachusetts","441","162","0","13","0","13","21","32","13","21","0","13","0","13","0","13","0","13","0","13","0","13","80","71","42","40","36","42","0","13","58","55","191","173",
"1500000US250092022005","Block Group 5, Census Tract 2022, Essex County, Massachusetts","201","60","0","13","0","13","0","13","0","13","0","13","0","13","0","13","17","27","0","13","19","31","0","13","17","27","14","23","20","32","17","27","97","51",
"1500000US250092022006","Block Group 6, Census Tract 2022, Essex County, Massachusetts","522","115","0","13","69","86","0","13","17","27","0","13","65","66","0","13","0","13","0","13","0","13","18","29","15","26","16","25","52","50","70","72","200","86",
"1500000US250092031001","Block Group 1, Census Tract 2031, Essex County, Massachusetts","196","70","0","13","0","13","0","13","0","13","0","13","0","13","0","13","0","13","13","22","16","26","17","26","11","18","29","33","0","13","58","42","52","38",
"1500000US250092031002","Block Group 2, Census Tract 2031, Essex County, Massachusetts","410","136","9","14","0","13","0","13","50","79","0","13","0","13","0","13","0","13","0","13","34","48","28","34","77","68","0","13","0","13","10","16","202","119",
"1500000US250092031003","Block Group 3, Census Tract 2031, Essex County, Massachusetts","288","153","0","13","0","13","0","13","0","13","53","73","0","13","0","13","0","13","0","13","0","13","45","67","0","13","21","26","72","87","0","13","97","112",
"1500000US250092031004","Block Group 4, Census Tract 2031, Essex County, Massachusetts","300","94","0","13","0","13","0","13","0","13","0","13","0","13","0","13","11","19","20","25","0","13","37","36","8","13","10","16","58","65","55","39","101","51",
"1500000US250092031005","Block Group 5, Census Tract 2031, Essex County, Massachusetts","404","105","0","13","0","13","0","13","0","13","0","13","8","13","0","13","0","13","0","13","0","13","0","13","16","27","41","50","0","13","24","36","315","101",
"1500000US250092031006","Block Group 6, Census Tract 2031, Essex County, Massachusetts","285","113","0","13","0","13","0","13","0","13","0","13","0","13","17","32","0","13","0","13","0","13","74","85","11","18","29","34","15","24","77","86","62","49",
"1500000US250092031007","Block Group 7, Census Tract 2031, Essex County, Massachusetts","276","77","0","13","0","13","46","74","0","13","0","13","0","13","0","13","0","13","11","20","14","22","0","13","0","13","38","37","17","20","50","58","100","74",
"1500000US250092031008","Block Group 8, Census Tract 2031, Essex County, Massachusetts","289","70","0","13","0","13","0","13","0","13","0","13","0","13","0","13","0","13","0","13","20","23","0","13","0","13","16","27","48","60","34","37","171","69",
"1500000US250092032001","Block Group 1, Census Tract 2032, Essex County, Massachusetts","403","76","24","21","7","11","20","23","8","12","35","38","26","39","6","10","7","11","38","43","76","48","29","22","0","13","18","21","8","13","25","24","76","44",
"1500000US250092032002","Block Group 2, Census Tract 2032, Essex County, Massachusetts","312","76","0","13","0","13","0","13","0","13","0","13","0","13","22","34","15","16","8","12","7","10","27","26","50","37","21","22","24","19","62","47","76","74",
"1500000US250092032003","Block Group 3, Census Tract 2032, Essex County, Massachusetts","383","74","0","13","0","13","16","17","7","12","0","13","0","13","0","13","0","13","10","17","18","19","22","21","54","42","8","12","22","18","49","29","177","76",
"1500000US250092032004","Block Group 4, Census Tract 2032, Essex County, Massachusetts","729","103","16","18","0","13","0","13","22","30","11","18","19","22","0","13","8","12","35","37","56","58","23","23","32","32","76","50","33","24","35","29","363","106",
"1500000US250092032005","Block Group 5, Census Tract 2032, Essex County, Massachusetts","0","13","0","13","0","13","0","13","0","13","0","13","0","13","0","13","0","13","0","13","0","13","0","13","0","13","0","13","0","13","0","13","0","13",
"1500000US250092033011","Block Group 1, Census Tract 2033.01, Essex County, Massachusetts","355","83","24","26","0","13","9","13","0","13","13","20","14","15","8","12","42","38","29","39","28","25","28","32","35","27","34","30","29","21","26","27","36","28",
"1500000US250092033012","Block Group 2, Census Tract 2033.01, Essex County, Massachusetts","972","152","48","48","0","13","8","14","31","24","16","19","40","28","49","52","18","19","8","13","26","30","112","72","87","52","162","101","63","48","94","59","210","74",
"1500000US250092033013","Block Group 3, Census Tract 2033.01, Essex County, Massachusetts","163","64","0","13","7","13","9","13","36","42","0","13","9","15","0","13","16","18","9","14","0","13","24","27","9","15","28","27","0","13","8","14","8","12",
"1500000US250092033014","Block Group 4, Census Tract 2033.01, Essex County, Massachusetts","229","61","8","14","9","14","0","13","0","13","12","18","0","13","0","13","3","9","0","13","1","3","0","13","23","20","30","28","32","31","9","16","102","60",
"1500000US250092033021","Block Group 1, Census Tract 2033.02, Essex County, Massachusetts","713","227","42","47","13","25","18","28","0","13","19","31","20","30","0","13","15","22","0","13","0","13","0","13","114","61","36","43","52","49","37","42","347","229",
"1500000US250092033022","Block Group 2, Census Tract 2033.02, Essex County, Massachusetts","509","144","47","69","0","13","0","13","0","13","0","13","0","13","0","13","16","25","21","32","55","51","151","128","42","44","32","28","16","27","0","13","129","89",
"1500000US250092033023","Block Group 3, Census Tract 2033.02, Essex County, Massachusetts","485","117","17","29","30","38","18","28","35","45","20","31","28","33","15","25","16","23","11","19","0","13","38","40","44","35","46","44","51","71","41","49","75","62",
"1500000US250092033024","Block Group 4, Census Tract 2033.02, Essex County, Massachusetts","425","141","0","13","18","29","0","13","0","13","0","13","0","13","0","13","0","13","17","28","0","13","17","28","40","43","35","38","88","76","99","110","111","66",
"1500000US250092041011","Block Group 1, Census Tract 2041.01, Essex County, Massachusetts","626","144","13","20","4","8","72","95","31","40","17","19","41","42","13","15","10","15","14","16","0","13","66","36","55","47","113","76","64","83","39","33","74","49",
"1500000US250092041012","Block Group 2, Census Tract 2041.01, Essex County, Massachusetts","350","82","0","13","19","31","27","25","21","30","46","43","13","21","13","20","18","20","0","13","17","20","52","42","64","47","47","41","4","7","9","14","0","13",
"1500000US250092041013","Block Group 3, Census Tract 2041.01, Essex County, Massachusetts","621","119","37","47","39","31","20","33","11","17","0","13","0","13","35","42","37","43","48","51","10","15","56","46","72","44","103","65","21","20","90","66","42","40",
"1500000US250092041014","Block Group 4, Census Tract 2041.01, Essex County, Massachusetts","266","85","0","13","0","13","8","12","8","13","18","20","21","24","9","13","0","13","15","18","9","13","17","20","91","90","26","29","12","18","16","17","16","19",
"1500000US250092041021","Block Group 1, Census Tract 2041.02, Essex County, Massachusetts","881","137","22","26","26","26","16","19","80","76","34","25","8","13","47","42","9","14","24","23","44","28","41","23","80","54","146","60","90","54","145","91","69","39",
"1500000US250092041022","Block Group 2, Census Tract 2041.02, Essex County, Massachusetts","1066","225","77","54","5","8","63","64","26","44","86","119","20","22","33","35","31","32","46","42","32","28","180","180","99","66","85","37","52","37","89","49","142","82",
"1500000US250092042001","Block Group 1, Census Tract 2042, Essex County, Massachusetts","665","263","65","56","26","27","226","240","0","13","75","89","8","14","0","13","13","21","23","38","70","81","11","18","77","57","37","45","25","31","0","13","9","19",
"1500000US250092042002","Block Group 2, Census Tract 2042, Essex County, Massachusetts","238","107","0","13","96","94","30","41","0","13","0","13","12","20","0","13","33","41","0","13","0","13","0","13","67","76","0","13","0","13","0","13","0","13",
"1500000US250092042003","Block Group 3, Census Tract 2042, Essex County, Massachusetts","609","190","12","20","28","33","0","13","0","13","0","13","59","71","0","13","0","13","0","13","61","52","182","142","13","21","142","127","16","25","87","99","9","14",
"1500000US250092042004","Block Group 4, Census Tract 2042, Essex County, Massachusetts","576","189","44","66","12","18","0","13","17","27","75","86","70","81","0","13","0","13","8","16","85","104","67","68","111","83","32","41","37","57","0","13","18","30",
"1500000US250092042005","Block Group 5, Census Tract 2042, Essex County, Massachusetts","294","111","0","13","0","13","0","13","20","23","46","57","0","13","0","13","13","22","57","67","30","39","0","13","59","53","13","26","0","13","19","15","37","36",
"1500000US250092043001","Block Group 1, Census Tract 2043, Essex County, Massachusetts","881","228","14","18","167","182","77","51","54","44","30","21","19","21","51","42","39","36","0","13","49","48","19","21","109","54","80","39","56","48","33","24","84","57",
"1500000US250092043002","Block Group 2, Census Tract 2043, Essex County, Massachusetts","771","242","308","246","50","48","39","40","48","70","50","49","51","59","36","59","0","13","30","41","52","41","51","53","0","13","20","21","13","20","0","13","23","36",
"1500000US250092043003","Block Group 3, Census Tract 2043, Essex County, Massachusetts","458","109","36","45","52","55","29","35","0","13","72","64","18","20","10","16","63","72","19","30","25","39","40","29","78","47","0","13","0","13","0","13","16","14",
"1500000US250092044001","Block Group 1, Census Tract 2044, Essex County, Massachusetts","389","85","7","11","0","13","16","25","0","13","30","38","10","12","17","16","6","11","30","33","9","14","100","57","39","25","83","50","24","20","11","14","7","11",
"1500000US250092044002","Block Group 2, Census Tract 2044, Essex County, Massachusetts","330","75","8","12","7","10","0","13","0","13","15","16","7","11","0","13","9","15","16","18","15","16","39","37","36","26","25","27","57","41","42","40","54","54",
"1500000US250092044003","Block Group 3, Census Tract 2044, Essex County, Massachusetts","678","241","36","34","248","244","21","34","6","11","64","42","4","6","0","13","23","26","12","14","45","42","10","16","64","43","10","13","38","25","33","27","64","48",
"1500000US250092044004","Block Group 4, Census Tract 2044, Essex County, Massachusetts","242","55","0","13","0","13","10","15","8","11","0","13","8","12","4","6","0","13","0","13","28","33","42","30","60","33","35","44","0","13","10","13","37","24",
"1500000US250092045001","Block Group 1, Census Tract 2045, Essex County, Massachusetts","536","134","89","98","0","13","0","13","0","13","14","22","26","43","0","13","0","13","0","13","25","21","51","72","90","60","161","84","20","22","55","40","5","8",
"1500000US250092045002","Block Group 2, Census Tract 2045, Essex County, Massachusetts","699","137","30","25","103","60","16","19","17","17","8","14","25","23","94","100","51","43","21","24","0","13","49","41","125","74","28","25","18","16","12","15","102","61",
"1500000US250092045003","Block Group 3, Census Tract 2045, Essex County, Massachusetts","449","120","49","46","17","19","16","17","24","35","0","13","7","10","0","13","8","13","10","14","11","12","94","82","11","16","75","76","18","20","74","55","35","27",
"1500000US250092046001","Block Group 1, Census Tract 2046, Essex County, Massachusetts","640","109","12","20","51","60","0","13","15","25","121","75","18","28","0","13","0","13","0","13","15","23","57","78","34","36","54","52","45","40","181","118","37","36",
"1500000US250092046002","Block Group 2, Census Tract 2046, Essex County, Massachusetts","559","160","17","29","0","13","18","29","0","13","13","20","0","13","0","13","0","13","17","29","0","13","0","13","190","109","116","77","39","43","57","67","92","106",
"1500000US250092046003","Block Group 3, Census Tract 2046, Essex County, Massachusetts","353","247","0","13","12","19","150","243","0","13","0","13","23","33","21","35","34","40","0","13","15","25","0","13","34","54","14","25","0","13","12","21","38","41",
"1500000US250092046004","Block Group 4, Census Tract 2046, Essex County, Massachusetts","394","131","0","13","14","28","46","46","15","25","0","13","14","23","0","13","16","27","0","13","0","13","67","108","0","13","124","88","52","48","35","42","11","22",
"1500000US250092046005","Block Group 5, Census Tract 2046, Essex County, Massachusetts","318","125","0","13","0","13","0","13","0","13","0","13","0","13","22","33","13","24","0","13","62","76","19","32","20","33","24","33","46","65","84","91","28","33",
"1500000US250092047011","Block Group 1, Census Tract 2047.01, Essex County, Massachusetts","420","130","0","13","0","13","13","21","0","13","43","70","0","13","0","13","0","13","11","18","0","13","25","29","23","30","62","59","30","37","114","91","99","59",
"1500000US250092047012","Block Group 2, Census Tract 2047.01, Essex County, Massachusetts","322","98","42","65","40","31","28","33","14","22","0","13","0","13","0","13","18","30","0","13","0","13","23","27","39","47","54","50","15","24","26","29","23","35",
"1500000US250092047013","Block Group 3, Census Tract 2047.01, Essex County, Massachusetts","943","366","36","47","251","166","0","13","181","203","0","13","14","22","13","21","14","24","0","13","263","330","49","48","65","53","0","13","22","32","0","13","35","40",
"1500000US250092047014","Block Group 4, Census Tract 2047.01, Essex County, Massachusetts","1092","233","36","36","52","66","0","13","26","30","14","22","27","34","14","23","40","39","0","13","83","71","165","104","182","99","135","103","211","173","16","28","91","57",
"1500000US250092047021","Block Group 1, Census Tract 2047.02, Essex County, Massachusetts","425","105","47","60","0","13","19","34","52","67","0","13","0","13","0","13","18","29","58","86","22","37","65","58","60","58","37","44","34","38","0","13","13","23",
"1500000US250092047022","Block Group 2, Census Tract 2047.02, Essex County, Massachusetts","299","102","0","13","0","13","47","72","0","13","17","27","0","13","0","13","39","59","0","13","36","42","0","13","30","37","94","57","36","40","0","13","0","13",
"1500000US250092047023","Block Group 3, Census Tract 2047.02, Essex County, Massachusetts","418","120","59","51","21","33","0","13","0","13","0","13","75","89","0","13","0","13","22","35","0","13","49","46","82","65","17","31","37","45","36","43","20","31",
"1500000US250092047024","Block Group 4, Census Tract 2047.02, Essex County, Massachusetts","1242","208","0","13","12","20","20","32","130","94","106","90","26","45","0","13","55","61","0","13","0","13","250","150","120","117","35","34","124","78","221","158","143","84",
"1500000US250092051001","Block Group 1, Census Tract 2051, Essex County, Massachusetts","481","146","56","68","56","61","29","47","11","17","26","31","0","13","10","16","18","31","14","16","36","47","22","30","120","116","47","54","18","30","0","13","18","28",
"1500000US250092051002","Block Group 2, Census Tract 2051, Essex County, Massachusetts","429","152","0","13","0","13","0","13","52","74","48","47","0","13","0","13","0","13","16","20","0","13","87","106","92","67","0","13","59","73","50","54","25","40",
"1500000US250092051003","Block Group 3, Census Tract 2051, Essex County, Massachusetts","329","133","0","13","0","13","7","11","46","60","0","13","0","13","0","13","55","60","11","23","22","36","0","13","44","47","77","93","0","13","67","81","0","13",
"1500000US250092051004","Block Group 4, Census Tract 2051, Essex County, Massachusetts","374","113","0","13","0","13","0","13","0","13","25","43","0","13","0","13","0","13","10","17","18","28","28","34","41","26","84","66","49","47","105","90","14","20",
"1500000US250092051005","Block Group 5, Census Tract 2051, Essex County, Massachusetts","250","96","13","21","0","13","0","13","19","29","0","13","7","11","0","13","0","13","0","13","7","16","84","75","0","13","49","63","0","13","0","13","71","55",
"1500000US250092052001","Block Group 1, Census Tract 2052, Essex County, Massachusetts","288","111","0","13","25","23","0","13","55","61","0","13","14","25","11","17","0","13","0","13","39","55","19","31","71","57","17","31","31","52","6","16","0","13",
"1500000US250092052002","Block Group 2, Census Tract 2052, Essex County, Massachusetts","385","148","0","13","0","13","12","19","11","19","0","13","0","13","0","13","13","20","49","66","8","15","51","50","86","69","137","150","0","13","0","13","18","30",
"1500000US250092052003","Block Group 3, Census Tract 2052, Essex County, Massachusetts","467","109","0","13","0","13","0","13","43","61","13","22","0","13","0","13","108","58","0","13","9","16","37","57","147","82","66","97","12","17","32","35","0","13",
"1500000US250092052004","Block Group 4, Census Tract 2052, Essex County, Massachusetts","488","163","0","13","0","13","80","80","0","13","57","70","25","40","45","55","0","13","11","17","0","13","0","13","109","84","20","35","56","65","41","45","44","55",
"1500000US250092052005","Block Group 5, Census Tract 2052, Essex County, Massachusetts","212","137","8","16","0","13","0","13","0","13","0","13","0","13","0","13","14","22","0","13","70","104","27","28","33","29","0","13","31","42","29","45","0","13",
"1500000US250092053001","Block Group 1, Census Tract 2053, Essex County, Massachusetts","569","127","50","61","0","13","8","12","8","14","7","11","23","21","11","19","13","15","51","78","6","9","6","9","48","34","72","39","22","17","132","62","112","72",
"1500000US250092053002","Block Group 2, Census Tract 2053, Essex County, Massachusetts","278","60","15","20","8","13","0","13","0","13","32","38","9","14","8","13","0","13","0","13","7","12","33","37","38","39","16","17","25","23","61","42","26","24",
"1500000US250092053003","Block Group 3, Census Tract 2053, Essex County, Massachusetts","268","73","0","13","0","13","9","13","8","13","8","12","0","13","0","13","0","13","0","13","35","44","15","23","25","24","51","38","51","33","38","34","28","35",
"1500000US250092053004","Block Group 4, Census Tract 2053, Essex County, Massachusetts","309","82","25","39","32","37","8","13","0","13","9","13","0","13","8","13","0","13","39","57","31","16","0","13","46","39","18","21","24","23","54","32","15","18",
"1500000US250092054001","Block Group 1, Census Tract 2054, Essex County, Massachusetts","757","125","16","18","30","38","7","11","7","12","0","13","41","44","35","42","5","8","44","56","68","52","37","37","92","56","77","43","74","52","135","71","89","44",
"1500000US250092054002","Block Group 2, Census Tract 2054, Essex County, Massachusetts","472","103","0","13","8","13","0","13","0","13","0","13","0","13","0","13","8","12","13","20","0","13","52","33","67","47","102","76","64","34","44","28","114","66",
"1500000US250092054003","Block Group 3, Census Tract 2054, Essex County, Massachusetts","432","87","0","13","29","44","0","13","15","17","0","13","15","17","0","13","0","13","0","13","18","27","21","21","28","21","89","48","39","45","95","50","83","39",
"1500000US250092055001","Block Group 1, Census Tract 2055, Essex County, Massachusetts","856","150","87","64","24","38","36","44","11","20","11","17","82","66","7","11","62","61","15","16","60","70","103","62","84","47","27","34","27","32","161","107","59","45",
"1500000US250092055002","Block Group 2, Census Tract 2055, Essex County, Massachusetts","740","120","93","56","22","26","26","35","32","33","19","19","16","22","46","56","25","28","45","49","44","45","107","74","79","64","82","75","35","43","18","21","51","56",
"1500000US250092056001","Block Group 1, Census Tract 2056, Essex County, Massachusetts","314","68","41","29","37","34","25","31","32","35","68","57","15","16","21","32","6","9","0","13","0","13","16","19","22","19","27","27","0","13","0","13","4","8",
"1500000US250092056002","Block Group 2, Census Tract 2056, Essex County, Massachusetts","260","80","6","11","49","53","34","50","5","7","0","13","11","17","0","13","12","20","16","26","8","12","8","12","23","23","63","59","14","16","11","13","0","13",
"1500000US250092056003","Block Group 3, Census Tract 2056, Essex County, Massachusetts","512","100","61","47","26","30","0","13","13","18","38","35","0","13","0","13","0","13","80","55","18","21","32","25","77","54","49","35","84","45","34","46","0","13",
"1500000US250092056004","Block Group 4, Census Tract 2056, Essex County, Massachusetts","217","57","17","19","0","13","19","27","0","13","0","13","0","13","6","8","16","23","12","18","10","17","17","21","45","44","30","25","9","14","31","25","5","10",
"1500000US250092057001","Block Group 1, Census Tract 2057, Essex County, Massachusetts","253","91","4","6","0","13","6","10","0","13","0","13","0","13","0","13","4","8","0","13","20","30","39","37","40","44","34","30","39","43","28","29","39","52",
"1500000US250092057002","Block Group 2, Census Tract 2057, Essex County, Massachusetts","439","100","22","27","10","17","0","13","6","9","51","40","0","13","6","10","6","10","0","13","8","12","55","55","91","59","21","20","49","58","106","83","8","13",
"1500000US250092057003","Block Group 3, Census Tract 2057, Essex County, Massachusetts","482","234","0","13","0","13","0","13","7","10","0","13","29","47","6","9","0","13","194","238","23","26","60","71","74","41","50","50","0","13","6","11","33","41",
"1500000US250092057004","Block Group 4, Census Tract 2057, Essex County, Massachusetts","149","63","0","13","0","13","0","13","6","9","4","7","0","13","0","13","0","13","12","19","0","13","46","53","25","23","31","28","8","12","17","24","0","13",
"1500000US250092057005","Block Group 5, Census Tract 2057, Essex County, Massachusetts","373","126","0","13","18","27","6","10","6","9","0","13","6","9","0","13","18","18","0","13","0","13","108","103","24","28","59","64","11","17","76","68","41","43",
"1500000US250092058001","Block Group 1, Census Tract 2058, Essex County, Massachusetts","296","91","0","13","65","54","48","50","8","12","8","16","0","13","0","13","0","13","0","13","12","16","22","27","104","64","7","11","0","13","22","31","0","13",
"1500000US250092058002","Block Group 2, Census Tract 2058, Essex County, Massachusetts","266","84","43","47","9","15","6","10","31","50","11","16","0","13","16","24","0","13","30","42","0","13","31","33","45","47","6","12","0","13","38","45","0","13",
"1500000US250092058003","Block Group 3, Census Tract 2058, Essex County, Massachusetts","507","169","18","19","54","56","31","45","0","13","40","45","0","13","5","8","20","21","0","13","132","144","57","38","35","32","18","18","32","33","48","40","17","19",
"1500000US250092059001","Block Group 1, Census Tract 2059, Essex County, Massachusetts","674","171","109","100","28","28","11","17","0","13","0","13","19","28","7","10","27","45","5","9","66","65","38","47","183","120","71","55","52","43","32","33","26","40",
"1500000US250092059002","Block Group 2, Census Tract 2059, Essex County, Massachusetts","298","103","59","70","0","13","8","12","10","16","0","13","15","17","0","13","0","13","14","15","28","38","0","13","119","68","26","27","8","12","11","17","0","13",
"1500000US250092059003","Block Group 3, Census Tract 2059, Essex County, Massachusetts","381","110","24","32","14","22","16","19","16","26","15","23","5","10","6","9","30","37","0","13","30","45","26","25","61","38","63","65","37","41","6","9","32","41",
"1500000US250092060001","Block Group 1, Census Tract 2060, Essex County, Massachusetts","456","130","56","48","0","13","93","112","11","18","33","30","51","65","19","33","29","43","6","9","56","40","18","32","29","34","29","39","21","24","0","13","5","17",
"1500000US250092060002","Block Group 2, Census Tract 2060, Essex County, Massachusetts","632","143","59","58","22","36","5","14","3","6","37","46","36","42","92","85","39","57","10","13","11","18","38","41","172","96","77","69","0","13","31","35","0","13",
"1500000US250092061001","Block Group 1, Census Tract 2061, Essex County, Massachusetts","675","173","126","63","158","129","100","58","44","35","7","13","49","41","20","34","21","26","0","13","42","48","33","38","27","33","7","11","7","11","28","31","6","9",
"1500000US250092061002","Block Group 2, Census Tract 2061, Essex County, Massachusetts","785","280","75","63","59","51","14","24","27","31","52","45","0","13","28","32","84","71","0","13","83","66","201","274","48","49","7","13","44","46","48","43","15","24",
"1500000US250092062001","Block Group 1, Census Tract 2062, Essex County, Massachusetts","257","94","0","13","0","13","9","14","0","13","0","13","0","13","12","19","6","10","0","13","61","64","33","45","54","53","27","30","51","51","4","10","0","13",
"1500000US250092062002","Block Group 2, Census Tract 2062, Essex County, Massachusetts","930","273","179","207","77","53","0","13","0","13","32","46","34","41","78","67","16","28","0","13","0","13","140","97","120","77","95","56","113","116","25","41","21","28",
"1500000US250092062003","Block Group 3, Census Tract 2062, Essex County, Massachusetts","575","177","0","13","32","34","25","37","0","13","0","13","28","32","0","13","134","148","16","23","42","40","58","50","123","104","61","65","41","38","15","23","0","13",
"1500000US250092063001","Block Group 1, Census Tract 2063, Essex County, Massachusetts","644","371","39","48","129","139","14","23","19","23","8","12","22","31","44","57","0","13","0","13","10","17","30","35","13","23","35","31","0","13","281","356","0","13",
"1500000US250092063002","Block Group 2, Census Tract 2063, Essex County, Massachusetts","516","282","25","28","7","10","0","13","0","13","0","13","12","21","110","77","0","13","20","23","14","20","26","34","241","269","6","10","24","29","9","17","22","32",
"1500000US250092063003","Block Group 3, Census Tract 2063, Essex County, Massachusetts","309","115","0","13","0","13","0","13","9","14","14","23","0","13","0","13","13","23","12","20","87","62","35","33","96","74","10","16","0","13","33","42","0","13",
"1500000US250092063004","Block Group 4, Census Tract 2063, Essex County, Massachusetts","323","259","0","13","0","13","0","13","0","13","0","13","0","13","0","13","0","13","0","13","9","13","189","254","34","44","0","13","45","41","25","25","21","35",
"1500000US250092064001","Block Group 1, Census Tract 2064, Essex County, Massachusetts","312","87","14","22","7","12","36","34","36","56","35","43","0","13","0","13","0","13","44","51","23","26","0","13","5","8","57","40","0","13","24","33","31","50",
"1500000US250092064002","Block Group 2, Census Tract 2064, Essex County, Massachusetts","741","215","0","13","12","20","2","6","22","26","31","29","50","47","7","13","32","28","0","13","25","23","94","82","106","67","70","51","174","190","51","36","65","38",
"1500000US250092064003","Block Group 3, Census Tract 2064, Essex County, Massachusetts","392","132","0","13","0","13","18","27","14","23","0","13","0","13","35","40","0","13","0","13","35","29","103","97","117","89","38","38","12","13","6","9","14","18",
"1500000US250092064004","Block Group 4, Census Tract 2064, Essex County, Massachusetts","432","99","9","15","10","14","23","35","0","13","40","37","42","48","0","13","0","13","30","35","21","33","57","46","84","50","34","36","66","53","5","8","11","17",
"1500000US250092065001","Block Group 1, Census Tract 2065, Essex County, Massachusetts","144","58","0","13","11","18","0","13","16","27","0","13","18","27","9","14","0","13","22","36","1","3","0","13","28","30","13","13","8","13","4","6","14","17",
"1500000US250092065002","Block Group 2, Census Tract 2065, Essex County, Massachusetts","588","186","0","13","71","66","0","13","0","13","14","22","100","82","22","32","123","153","23","35","16","26","55","61","66","59","63","58","0","13","11","17","24","36",
"1500000US250092065003","Block Group 3, Census Tract 2065, Essex County, Massachusetts","406","234","56","51","42","46","0","13","165","223","0","13","0","13","12","18","0","13","0","13","26","41","20","22","47","52","18","28","20","29","0","13","0","13",
"1500000US250092066001","Block Group 1, Census Tract 2066, Essex County, Massachusetts","458","114","13","15","12","19","38","35","49","32","7","11","14","17","51","68","7","11","20","32","0","13","6","9","99","59","10","17","31","28","61","59","40","61",
"1500000US250092066002","Block Group 2, Census Tract 2066, Essex County, Massachusetts","348","105","21","30","38","42","18","28","0","13","26","31","23","28","19","30","8","12","53","51","17","27","0","13","56","47","33","23","0","13","29","32","7","11",
"1500000US250092066003","Block Group 3, Census Tract 2066, Essex County, Massachusetts","494","118","41","55","51","43","29","36","0","13","57","64","0","13","7","10","12","13","0","13","30","37","60","48","71","52","34","29","72","46","19","22","11","18",
"1500000US250092066004","Block Group 4, Census Tract 2066, Essex County, Massachusetts","487","115","78","58","52","53","0","13","20","28","15","18","0","13","9","15","38","59","0","13","35","38","116","62","52","47","60","43","0","13","12","13","0","13",
"1500000US250092067001","Block Group 1, Census Tract 2067, Essex County, Massachusetts","408","140","59","50","43","32","0","13","38","42","23","37","0","13","0","13","39","34","0","13","0","13","107","116","49","48","10","18","15","23","0","13","25","39",
"1500000US250092067002","Block Group 2, Census Tract 2067, Essex County, Massachusetts","410","110","27","32","8","13","25","23","0","13","6","9","61","81","0","13","0","13","8","13","90","72","98","48","42","29","14","19","15","18","7","13","9","18",
"1500000US250092067003","Block Group 3, Census Tract 2067, Essex County, Massachusetts","308","94","10","18","22","35","21","33","0","13","0","13","0","13","0","13","44","44","0","13","8","13","54","61","73","69","7","12","16","18","25","24","28","31",
"1500000US250092067004","Block Group 4, Census Tract 2067, Essex County, Massachusetts","613","139","167","123","28","35","52","47","56","41","33","36","27","30","21","36","63","50","0","13","8","12","13","19","54","55","71","59","0","13","20","27","0","13",
"1500000US250092068001","Block Group 1, Census Tract 2068, Essex County, Massachusetts","592","122","57","75","0","13","62","80","78","56","11","18","0","13","33","57","8","12","28","49","19","29","102","85","93","73","43","48","0","13","58","61","0","13",
"1500000US250092068002","Block Group 2, Census Tract 2068, Essex County, Massachusetts","974","244","149","80","189","117","91","74","100","96","0","13","142","195","0","13","58","79","0","13","37","32","63","84","77","54","44","53","16","19","0","13","8","17",
"1500000US250092069001","Block Group 1, Census Tract 2069, Essex County, Massachusetts","637","243","194","97","280","221","42","39","0","13","0","13","0","13","0","13","0","13","14","22","0","13","37","51","0","13","70","86","0","13","0","13","0","13",
"1500000US250092069002","Block Group 2, Census Tract 2069, Essex County, Massachusetts","459","155","106","110","0","13","40","37","13","19","0","13","34","55","32","52","31","50","56","70","13","20","17","31","59","60","46","54","0","13","12","20","0","13",
"1500000US250092069003","Block Group 3, Census Tract 2069, Essex County, Massachusetts","754","187","282","120","43","42","62","57","0","13","110","61","30","59","0","13","0","13","95","120","24","40","0","13","70","69","38","46","0","13","0","13","0","13",
"1500000US250092069004","Block Group 4, Census Tract 2069, Essex County, Massachusetts","249","102","32","51","0","13","0","13","17","25","0","13","0","13","32","39","15","26","0","13","0","13","13","21","69","68","42","42","29","51","0","13","0","13",
"1500000US250092070001","Block Group 1, Census Tract 2070, Essex County, Massachusetts","650","153","109","86","221","127","49","59","51","64","47","55","5","11","25","25","0","13","0","13","50","50","38","63","25","32","0","13","7","13","23","31","0","13",
"1500000US250092070002","Block Group 2, Census Tract 2070, Essex County, Massachusetts","372","113","51","61","0","13","0","13","34","52","61","69","64","67","11","17","23","27","0","13","0","13","75","78","48","59","2","22","3","8","0","13","0","13",
"1500000US250092071001","Block Group 1, Census Tract 2071, Essex County, Massachusetts","435","124","0","13","22","25","72","61","29","34","0","13","64","40","0","13","9","14","57","47","18","27","87","91","25","29","1","7","28","30","23","26","0","13",
"1500000US250092071002","Block Group 2, Census Tract 2071, Essex County, Massachusetts","287","96","8","14","0","13","0","13","26","31","10","18","29","23","0","13","10","15","12","19","40","42","62","59","8","12","23","28","0","13","45","53","14","22",
"1500000US250092071003","Block Group 3, Census Tract 2071, Essex County, Massachusetts","406","162","11","17","7","10","0","13","6","9","0","13","20","22","47","56","12","20","0","13","24","31","8","11","36","32","69","36","41","64","118","144","7","12",
"1500000US250092072001","Block Group 1, Census Tract 2072, Essex County, Massachusetts","264","85","6","9","37","34","0","13","21","27","12","19","13","22","31","36","15","22","0","13","0","13","41","44","33","47","21","30","14","27","14","24","6","15",
"1500000US250092072002","Block Group 2, Census Tract 2072, Essex County, Massachusetts","734","130","230","107","151","100","26","22","23","16","7","11","74","58","5","9","77","70","36","32","4","8","43","35","46","55","0","13","12","20","0","13","0","13",
"1500000US250092081011","Block Group 1, Census Tract 2081.01, Essex County, Massachusetts","341","108","12","19","24","24","0","13","16","19","0","13","0","13","47","68","5","9","0","13","5","8","12","18","103","58","35","34","33","34","29","29","20","29",
"1500000US250092081012","Block Group 2, Census Tract 2081.01, Essex County, Massachusetts","620","127","17","18","52","83","32","40","7","12","17","21","9","13","31","29","35","42","29","43","44","47","61","47","141","84","53","47","20","24","59","41","13","22",
"1500000US250092081013","Block Group 3, Census Tract 2081.01, Essex County, Massachusetts","397","103","9","14","0","13","3","5","8","13","0","13","32","30","28","29","25","28","8","13","0","13","5","9","67","55","117","70","16","25","23","30","56","66",
"1500000US250092081014","Block Group 4, Census Tract 2081.01, Essex County, Massachusetts","520","124","0","13","9","14","35","43","0","13","23","28","0","13","9","14","0","13","0","13","54","56","83","77","5","8","117","71","88","64","80","61","17","30",
"1500000US250092081021","Block Group 1, Census Tract 2081.02, Essex County, Massachusetts","211","76","0","13","7","11","0","13","0","13","12","18","8","14","0","13","26","37","8","13","10","15","17","20","50","45","42","44","25","29","0","13","6","11",
"1500000US250092081022","Block Group 2, Census Tract 2081.02, Essex County, Massachusetts","404","123","0","13","0","13","40","59","0","13","8","12","0","13","11","16","22","31","23","29","0","13","7","11","29","29","24","25","132","85","11","20","97","80",
"1500000US250092081023","Block Group 3, Census Tract 2081.02, Essex County, Massachusetts","232","61","0","13","0","13","0","13","0","13","20","31","0","13","20","33","0","13","10","17","15","18","25","25","29","27","89","57","0","13","19","22","5","12",
"1500000US250092081024","Block Group 4, Census Tract 2081.02, Essex County, Massachusetts","263","102","0","13","0","13","0","13","0","13","0","13","0","13","19","30","17","28","9","16","0","13","70","52","31","29","92","95","19","23","6","10","0","13",
"1500000US250092082001","Block Group 1, Census Tract 2082, Essex County, Massachusetts","470","191","0","13","0","13","0","13","0","13","0","13","31","51","0","13","0","13","0","13","39","47","170","156","51","38","2","16","86","84","56","54","35","41",
"1500000US250092082002","Block Group 2, Census Tract 2082, Essex County, Massachusetts","321","85","0","13","0","13","0","13","0","13","0","13","18","29","0","13","0","13","20","32","0","13","0","13","22","34","85","85","118","80","43","49","15","27",
"1500000US250092082003","Block Group 3, Census Tract 2082, Essex County, Massachusetts","924","173","161","133","109","101","77","67","53","78","75","80","17","27","33","38","69","82","19","30","68","79","13","22","54","62","61","44","6","14","0","13","109","71",
"1500000US250092082004","Block Group 4, Census Tract 2082, Essex County, Massachusetts","506","132","0","13","0","13","41","45","0","13","0","13","0","13","0","13","49","57","0","13","75","116","0","13","111","71","130","81","32","40","23","29","45","47",
"1500000US250092083011","Block Group 1, Census Tract 2083.01, Essex County, Massachusetts","918","210","24","36","223","143","40","63","20","31","0","13","62","52","78","101","12","20","0","13","54","73","88","120","141","108","24","36","15","25","38","50","99","94",
"1500000US250092083012","Block Group 2, Census Tract 2083.01, Essex County, Massachusetts","402","187","0","13","0","13","13","21","0","13","13","20","17","26","0","13","49","78","0","13","0","13","0","13","105","131","72","73","15","25","0","13","118","118",
"1500000US250092083021","Block Group 1, Census Tract 2083.02, Essex County, Massachusetts","297","112","13","20","0","13","0","13","0","13","0","13","14","22","0","13","8","16","95","95","0","13","9","14","57","55","28","32","47","47","0","13","26","23",
"1500000US250092083022","Block Group 2, Census Tract 2083.02, Essex County, Massachusetts","695","143","17","28","26","46","19","23","12","21","0","13","7","13","0","13","30","34","0","13","29","35","37","42","150","92","165","107","61","59","91","62","51","48",
"1500000US250092083023","Block Group 3, Census Tract 2083.02, Essex County, Massachusetts","557","187","0","13","0","13","13","21","0","13","44","68","0","13","0","13","0","13","0","13","82","82","30","36","178","154","53","65","17","27","100","73","40","47",
"1500000US250092084011","Block Group 1, Census Tract 2084.01, Essex County, Massachusetts","336","102","0","13","0","13","0","13","25","28","0","13","34","44","0","13","0","13","0","13","0","13","46","45","24","28","36","48","11","17","87","74","73","73",
"1500000US250092084012","Block Group 2, Census Tract 2084.01, Essex County, Massachusetts","755","196","15","25","0","13","122","134","0","13","60","75","15","23","21","23","54","81","10","17","19","24","66","87","59","50","39","40","25","30","163","137","87","88",
"1500000US250092084021","Block Group 1, Census Tract 2084.02, Essex County, Massachusetts","475","117","0","13","0","13","0","13","0","13","0","13","0","13","0","13","0","13","0","13","25","30","24","40","78","50","131","109","76","57","26","33","115","78",
"1500000US250092084022","Block Group 2, Census Tract 2084.02, Essex County, Massachusetts","555","171","86","98","0","13","58","81","0","13","0","13","0","13","37","48","0","13","0","13","0","13","22","25","80","79","35","44","32","35","105","69","100","76",
"1500000US250092091001","Block Group 1, Census Tract 2091, Essex County, Massachusetts","533","130","0","13","0","13","9","15","0","13","0","13","0","13","0","13","0","13","40","65","0","13","36","29","30","44","50","47","0","13","66","51","302","127",
"1500000US250092091002","Block Group 2, Census Tract 2091, Essex County, Massachusetts","306","126","0","13","0","13","46","36","0","13","29","32","0","13","0","13","0","13","0","13","18","29","0","13","21","32","0","13","121","94","24","37","47","63",
"1500000US250092091003","Block Group 3, Census Tract 2091, Essex County, Massachusetts","465","127","12","19","20","34","0","13","19","31","0","13","33","38","0","13","48","55","0","13","17","28","101","96","0","13","29","31","36","39","29","40","121","65",
"1500000US250092091004","Block Group 4, Census Tract 2091, Essex County, Massachusetts","372","127","50","77","0","13","4","7","0","13","0","13","0","13","13","20","0","13","0","13","0","13","29","34","20","32","53","44","18","40","57","59","128","114",
"1500000US250092091005","Block Group 5, Census Tract 2091, Essex County, Massachusetts","916","210","91","73","0","13","17","29","33","32","34","40","83","112","0","13","0","13","13","22","23","36","148","145","73","57","131","82","0","13","151","79","119","93",
"1500000US250092092001","Block Group 1, Census Tract 2092, Essex County, Massachusetts","425","95","0","13","0","13","9","15","0","13","0","13","9","15","32","38","22","33","8","12","9","14","0","13","17","19","23","22","14","16","92","55","190","84",
"1500000US250092092002","Block Group 2, Census Tract 2092, Essex County, Massachusetts","600","150","4","7","9","13","0","13","18","15","0","13","55","53","0","13","9","13","10","14","0","13","52","46","36","31","34","42","19","23","74","52","280","145",
"1500000US250092092003","Block Group 3, Census Tract 2092, Essex County, Massachusetts","478","98","0","13","13","21","6","11","8","14","8","13","0","13","0","13","10","16","0","13","46","51","9","14","27","23","15","16","104","71","35","28","197","77",
"1500000US250092092004","Block Group 4, Census Tract 2092, Essex County, Massachusetts","425","84","0","13","0","13","0","13","0","13","10","15","0","13","8","14","0","13","8","12","18","19","19","21","48","33","63","64","19","18","27","19","205","63",
"1500000US250092101001","Block Group 1, Census Tract 2101, Essex County, Massachusetts","1133","204","47","44","16","25","42","55","0","13","57","63","0","13","0","13","27","31","31","35","39","39","135","120","127","73","80","74","112","75","323","183","97","73",
"1500000US250092101002","Block Group 2, Census Tract 2101, Essex County, Massachusetts","373","99","47","56","0","13","0","13","16","27","0","13","0","13","0","13","0","13","0","13","0","13","72","49","50","52","22","26","29","34","26","31","111","79",
"1500000US250092101003","Block Group 3, Census Tract 2101, Essex County, Massachusetts","412","116","0","13","15","26","0","13","0","13","0","13","14","26","0","13","0","13","0","13","14","22","50","42","92","61","18","21","53","46","61","57","95","73",
"1500000US250092101004","Block Group 4, Census Tract 2101, Essex County, Massachusetts","550","184","0","13","0","13","0","13","0","13","0","13","0","13","0","13","0","13","16","25","0","13","57","48","81","62","181","180","42","39","63","61","110","61",
"1500000US250092102001","Block Group 1, Census Tract 2102, Essex County, Massachusetts","522","96","53","48","0","13","0","13","0","13","15","17","9","14","24","24","10","16","36","44","50","37","15","17","68","39","170","104","16","26","39","28","17","19",
"1500000US250092102002","Block Group 2, Census Tract 2102, Essex County, Massachusetts","622","82","4","8","0","13","0","13","37","45","29","26","0","13","8","13","0","13","0","13","58","51","17","21","45","29","115","69","48","32","92","43","169","65",
"1500000US250092102003","Block Group 3, Census Tract 2102, Essex County, Massachusetts","772","154","0","13","0","13","0","13","37","35","25","29","23","26","17","19","0","13","42","42","33","28","10","16","78","42","103","56","174","159","113","60","117","65",
"1500000US250092103011","Block Group 1, Census Tract 2103.01, Essex County, Massachusetts","1776","425","65","79","25","41","53","64","25","41","265","353","38","46","182","181","122","117","0","13","229","150","101","81","296","171","113","86","195","197","27","42","40","50",
"1500000US250092103012","Block Group 2, Census Tract 2103.01, Essex County, Massachusetts","1177","338","75","71","0","13","219","273","25","40","118","88","47","58","0","13","25","40","70","116","132","114","79","78","99","105","95","75","28","41","38","54","127","77",
"1500000US250092103021","Block Group 1, Census Tract 2103.02, Essex County, Massachusetts","368","166","0","13","0","13","0","13","0","13","0","13","0","13","0","13","22","37","0","13","0","13","0","13","82","81","179","143","22","36","63","92","0","13",
"1500000US250092103022","Block Group 2, Census Tract 2103.02, Essex County, Massachusetts","691","155","22","36","21","34","84","101","22","36","0","13","21","34","20","34","0","13","19","33","18","33","19","33","183","125","62","62","41","48","79","94","80","70",
"1500000US250092103023","Block Group 3, Census Tract 2103.02, Essex County, Massachusetts","0","13","0","13","0","13","0","13","0","13","0","13","0","13","0","13","0","13","0","13","0","13","0","13","0","13","0","13","0","13","0","13","0","13",
"1500000US250092103024","Block Group 4, Census Tract 2103.02, Essex County, Massachusetts","692","166","20","33","23","40","0","13","0","13","20","33","41","46","0","13","0","13","41","47","63","97","100","105","133","104","120","124","21","34","31","50","79","95",
"1500000US250092104011","Block Group 1, Census Tract 2104.01, Essex County, Massachusetts","907","129","64","68","19","31","19","29","18","28","19","29","76","86","110","93","0","13","131","87","42","44","58","55","158","108","78","59","79","56","19","25","17","27",
"1500000US250092104012","Block Group 2, Census Tract 2104.01, Essex County, Massachusetts","467","183","0","13","15","25","0","13","20","31","0","13","30","49","0","13","39","66","0","13","98","98","126","140","20","32","41","48","0","13","62","56","16","29",
"1500000US250092104021","Block Group 1, Census Tract 2104.02, Essex County, Massachusetts","999","198","74","82","14","23","54","66","0","13","14","22","18","25","0","13","0","13","0","13","0","13","26","29","317","187","148","103","96","84","144","75","94","90",
"1500000US250092104022","Block Group 2, Census Tract 2104.02, Essex County, Massachusetts","435","119","0","13","0","13","20","31","0","13","15","24","39","62","17","26","16","26","0","13","0","13","49","66","25","32","199","100","0","13","33","40","22","27",
"1500000US250092105001","Block Group 1, Census Tract 2105, Essex County, Massachusetts","411","99","12","20","14","22","14","23","0","13","0","13","0","13","0","13","31","36","0","13","0","13","84","92","142","86","31","38","13","21","56","70","14","24",
"1500000US250092105002","Block Group 2, Census Tract 2105, Essex County, Massachusetts","836","158","14","22","14","21","0","13","60","63","14","23","16","24","0","13","18","30","56","72","13","21","58","74","170","88","87","83","30","34","124","79","162","71",
"1500000US250092105003","Block Group 3, Census Tract 2105, Essex County, Massachusetts","739","219","0","13","14","21","0","13","0","13","0","13","0","13","13","21","13","21","0","13","73","97","39","45","56","39","55","58","125","81","129","87","222","201",
"1500000US250092105004","Block Group 4, Census Tract 2105, Essex County, Massachusetts","586","128","75","84","69","53","35","55","12","19","13","22","12","19","38","62","0","13","0","13","16","26","55","46","74","77","15","23","29","32","54","52","89","76",
"1500000US250092106001","Block Group 1, Census Tract 2106, Essex County, Massachusetts","785","186","183","163","15","14","20","26","5","7","4","6","17","27","12","18","101","101","26","28","49","49","39","30","126","72","40","44","40","32","77","75","31","25",
"1500000US250092106002","Block Group 2, Census Tract 2106, Essex County, Massachusetts","939","172","125","117","23","24","13","21","17","19","10","11","22","21","19","21","11","14","107","64","38","34","118","79","49","32","94","53","100","97","102","75","91","56",
"1500000US250092107001","Block Group 1, Census Tract 2107, Essex County, Massachusetts","664","190","35","53","28","34","18","19","22","31","10","19","10","16","54","46","29","34","41","48","100","75","154","155","78","52","50","39","7","11","28","27","0","13",
"1500000US250092107002","Block Group 2, Census Tract 2107, Essex County, Massachusetts","395","122","16","21","34","53","0","13","27","19","98","91","26","23","4","7","26","39","0","13","28","47","71","72","30","26","35","32","0","13","0","13","0","13",
"1500000US250092107003","Block Group 3, Census Tract 2107, Essex County, Massachusetts","481","110","0","13","69","62","49","45","51","48","23","35","20","22","12","20","0","13","38","33","14","21","72","58","38","36","0","13","41","34","11","19","43","47",
"1500000US250092107004","Block Group 4, Census Tract 2107, Essex County, Massachusetts","278","96","0","13","0","13","0","13","25","39","0","13","0","13","10","16","3","5","10","16","11","18","68","70","33","29","82","67","0","13","13","15","23","26",
"1500000US250092108001","Block Group 1, Census Tract 2108, Essex County, Massachusetts","553","147","0","13","0","13","0","13","17","26","20","30","0","13","58","92","27","43","24","42","163","109","41","49","0","13","104","109","46","53","45","57","8","13",
"1500000US250092108002","Block Group 2, Census Tract 2108, Essex County, Massachusetts","530","141","43","43","12","19","65","58","8","12","48","60","14","18","59","72","9","26","0","13","68","77","121","83","22","32","20","33","41","51","0","13","0","13",
"1500000US250092108003","Block Group 3, Census Tract 2108, Essex County, Massachusetts","609","212","41","55","0","13","73","43","47","64","16","33","49","76","0","13","0","13","0","13","15","23","0","13","144","137","197","178","0","13","0","13","27","44",
"1500000US250092108004","Block Group 4, Census Tract 2108, Essex County, Massachusetts","596","141","110","72","41","49","44","36","37","39","22","25","73","77","0","13","0","13","12","19","115","69","15","24","91","59","6","13","24","38","6","11","0","13",
"1500000US250092109001","Block Group 1, Census Tract 2109, Essex County, Massachusetts","613","204","23","36","22","35","8","13","7","12","62","49","21","34","0","13","15","25","5","7","35","42","9","13","134","92","99","58","0","13","40","32","133","175",
"1500000US250092109002","Block Group 2, Census Tract 2109, Essex County, Massachusetts","408","100","7","10","21","33","0","13","0","13","0","13","0","13","0","13","21","34","0","13","23","25","38","54","55","32","46","39","51","57","84","61","62","29",
"1500000US250092109003","Block Group 3, Census Tract 2109, Essex County, Massachusetts","730","118","22","15","58","30","63","58","15","17","22","29","10","12","44","37","5","8","8","13","15","18","102","75","101","58","113","54","48","35","85","54","19","20",
"1500000US250092111001","Block Group 1, Census Tract 2111, Essex County, Massachusetts","552","138","59","65","19","23","36","31","57","57","0","13","0","13","8","12","89","99","30","32","8","11","38","29","26","22","70","44","13","21","12","18","87","61",
"1500000US250092111002","Block Group 2, Census Tract 2111, Essex County, Massachusetts","400","81","15","18","17","15","0","13","14","16","0","13","71","51","31","24","13","16","15","16","45","40","0","13","63","54","46","42","9","13","45","40","16","24",
"1500000US250092111003","Block Group 3, Census Tract 2111, Essex County, Massachusetts","623","99","16","18","0","13","0","13","7","12","7","12","28","26","17","20","13","15","26","32","22","18","51","42","60","36","74","43","100","70","44","34","158","67",
"1500000US250092112011","Block Group 1, Census Tract 2112.01, Essex County, Massachusetts","426","133","27","33","12","20","0","13","0","13","12","16","11","19","11","19","0","13","27","40","25","29","10","15","78","69","45","44","0","13","152","119","16","23",
"1500000US250092112012","Block Group 2, Census Tract 2112.01, Essex County, Massachusetts","622","142","0","13","22","32","0","13","5","9","9","18","10","18","0","13","19","30","12","20","20","24","12","21","79","69","214","128","107","71","66","56","47","44",
"1500000US250092112021","Block Group 1, Census Tract 2112.02, Essex County, Massachusetts","803","180","29","25","38","60","45","56","47","59","34","55","0","13","27","31","9","16","83","102","51","61","112","89","146","109","19","23","41","41","83","51","39","38",
"1500000US250092112022","Block Group 2, Census Tract 2112.02, Essex County, Massachusetts","661","115","13","20","23","27","0","13","0","13","69","80","60","69","32","36","13","21","39","58","39","37","41","36","89","60","98","77","85","71","47","71","13","21",
"1500000US250092113001","Block Group 1, Census Tract 2113, Essex County, Massachusetts","779","166","69","87","15","23","14","23","0","13","29","34","0","13","55","69","0","13","12","18","23","26","15","24","70","44","106","90","75","82","133","69","163","114",
"1500000US250092113002","Block Group 2, Census Tract 2113, Essex County, Massachusetts","458","129","21","35","44","72","0","13","0","13","0","13","0","13","0","13","0","13","0","13","17","27","74","86","77","46","24","29","0","13","160","114","41","41",
"1500000US250092113003","Block Group 3, Census Tract 2113, Essex County, Massachusetts","765","181","0","13","27","31","0","13","0","13","11","18","66","109","47","72","17","27","25","29","24","30","28","33","57","54","27","31","38","38","163","103","235","134",
"1500000US250092113004","Block Group 4, Census Tract 2113, Essex County, Massachusetts","341","182","0","13","0","13","0","13","0","13","0","13","0","13","0","13","0","13","11","18","29","24","26","31","161","166","0","13","0","13","13","15","101","72",
"1500000US250092114011","Block Group 1, Census Tract 2114.01, Essex County, Massachusetts","864","142","32","47","15","17","0","13","8","12","40","47","70","69","73","68","25","25","18","21","55","52","32","25","168","83","54","32","101","126","92","67","81","59",
"1500000US250092114012","Block Group 2, Census Tract 2114.01, Essex County, Massachusetts","542","109","0","13","0","13","29","34","0","13","21","24","56","81","8","12","0","13","10","16","22","21","46","48","42","28","47","32","20","22","106","65","135","54",
"1500000US250092114013","Block Group 3, Census Tract 2114.01, Essex County, Massachusetts","187","51","0","13","0","13","10","16","0","13","0","13","25","23","27","33","25","21","8","12","7","11","0","13","25","24","44","35","0","13","0","13","16","20",
"1500000US250092114021","Block Group 1, Census Tract 2114.02, Essex County, Massachusetts","751","466","13","22","11","18","0","13","0","13","50","48","0","13","0","13","0","13","0","13","0","13","17","22","35","37","369","493","76","63","85","60","95","65",
"1500000US250092114022","Block Group 2, Census Tract 2114.02, Essex County, Massachusetts","747","166","48","52","0","13","9","14","16","25","30","32","37","33","53","59","30","33","0","13","58","53","63","43","79","68","27","32","144","149","107","79","46","54",
"1500000US250092114023","Block Group 3, Census Tract 2114.02, Essex County, Massachusetts","828","141","97","89","78","73","14","22","0","13","0","13","12","20","38","37","14","23","0","13","13","21","13","21","84","87","147","100","89","53","137","76","92","53",
"1500000US250092114024","Block Group 4, Census Tract 2114.02, Essex County, Massachusetts","303","105","0","13","0","13","0","13","0","13","15","25","0","13","15","23","0","13","0","13","0","13","58","68","55","49","94","77","13","20","0","13","53","50",
"1500000US250092121011","Block Group 1, Census Tract 2121.01, Essex County, Massachusetts","520","135","0","13","0","13","0","13","0","13","0","13","0","13","14","23","0","13","0","13","0","13","0","13","109","77","0","13","83","89","182","100","132","78",
"1500000US250092121012","Block Group 2, Census Tract 2121.01, Essex County, Massachusetts","499","138","0","13","0","13","0","13","53","50","13","19","0","13","33","39","11","18","0","13","28","33","25","29","56","37","88","79","9","15","16","26","167","133",
"1500000US250092121013","Block Group 3, Census Tract 2121.01, Essex County, Massachusetts","512","136","17","28","0","13","0","13","20","35","0","13","0","13","0","13","0","13","0","13","13","20","27","32","56","50","72","58","32","37","94","72","181","129",
"1500000US250092121021","Block Group 1, Census Tract 2121.02, Essex County, Massachusetts","764","171","11","17","32","39","0","13","12","21","11","16","0","13","34","36","14","21","0","13","0","13","36","46","102","65","79","91","46","66","128","143","259","124",
"1500000US250092121022","Block Group 2, Census Tract 2121.02, Essex County, Massachusetts","767","155","0","13","0","13","15","26","38","39","0","13","24","36","0","13","0","13","0","13","49","69","40","38","96","66","117","80","95","67","122","81","171","103",
"1500000US250092131001","Block Group 1, Census Tract 2131, Essex County, Massachusetts","627","124","0","13","0","13","0","13","0","13","0","13","19","31","0","13","0","13","0","13","18","28","34","36","66","54","29","33","16","26","106","64","339","128",
"1500000US250092131002","Block Group 2, Census Tract 2131, Essex County, Massachusetts","256","94","0","13","0","13","0","13","0","13","43","70","0","13","0","13","0","13","0","13","0","13","0","13","51","49","18","29","17","26","16","25","111","85",
"1500000US250092131003","Block Group 3, Census Tract 2131, Essex County, Massachusetts","561","163","0","13","0","13","0","13","0","13","19","30","51","79","0","13","0","13","0","13","0","13","0","13","45","44","0","13","83","53","112","111","251","126",
"1500000US250092131004","Block Group 4, Census Tract 2131, Essex County, Massachusetts","545","116","0","13","0","13","0","13","18","28","0","13","0","13","0","13","0","13","0","13","18","31","0","13","63","48","46","44","19","30","155","82","226","107",
"1500000US250092131005","Block Group 5, Census Tract 2131, Essex County, Massachusetts","864","141","19","30","0","13","0","13","0","13","19","30","0","13","0","13","15","24","40","45","57","84","99","96","49","47","31","36","79","51","113","87","343","114",
"1500000US250092141001","Block Group 1, Census Tract 2141, Essex County, Massachusetts","510","129","0","13","0","13","0","13","0","13","13","21","13","21","25","29","0","13","20","31","0","13","0","13","40","37","26","30","33","38","122","63","218","123",
"1500000US250092141002","Block Group 2, Census Tract 2141, Essex County, Massachusetts","543","135","0","13","0","13","46","69","18","30","0","13","0","13","0","13","0","13","37","52","29","32","0","13","36","41","40","37","125","97","59","49","153","91",
"1500000US250092141003","Block Group 3, Census Tract 2141, Essex County, Massachusetts","847","149","14","22","61","52","35","37","0","13","13","22","0","13","20","36","54","67","0","13","0","13","124","94","14","21","87","80","69","51","112","72","244","90",
"1500000US250092141004","Block Group 4, Census Tract 2141, Essex County, Massachusetts","259","97","0","13","0","13","0","13","0","13","0","13","0","13","14","23","0","13","13","23","17","28","15","24","15","24","0","13","65","81","52","50","68","56",
"1500000US250092151011","Block Group 1, Census Tract 2151.01, Essex County, Massachusetts","822","127","27","44","0","13","0","13","8","12","18","20","43","47","17","18","56","65","40","45","25","25","46","29","65","48","95","69","29","26","81","35","272","84",
"1500000US250092151012","Block Group 2, Census Tract 2151.01, Essex County, Massachusetts","335","70","8","12","23","35","24","37","0","13","0","13","0","13","0","13","0","13","0","13","9","14","9","14","6","10","24","18","55","43","76","48","101","41",
"1500000US250092151013","Block Group 3, Census Tract 2151.01, Essex County, Massachusetts","235","106","0","13","0","13","8","13","8","12","0","13","0","13","0","13","0","13","0","13","63","101","0","13","10","16","8","12","17","19","65","32","56","29",
"1500000US250092151014","Block Group 4, Census Tract 2151.01, Essex County, Massachusetts","251","87","102","66","0","13","0","13","0","13","12","20","10","15","0","13","0","13","26","31","13","21","0","13","15","24","51","77","0","13","0","13","22","26",
"1500000US250092151021","Block Group 1, Census Tract 2151.02, Essex County, Massachusetts","213","89","0","13","19","23","0","13","0","13","0","13","0","13","5","8","0","13","0","13","40","67","42","35","16","27","34","36","0","13","57","39","0","13",
"1500000US250092151022","Block Group 2, Census Tract 2151.02, Essex County, Massachusetts","242","68","8","13","0","13","0","13","8","12","8","13","0","13","0","13","0","13","0","13","0","13","48","44","25","29","19","22","27","35","25","27","74","42",
"1500000US250092151023","Block Group 3, Census Tract 2151.02, Essex County, Massachusetts","390","80","6","11","0","13","0","13","8","13","7","13","32","37","8","13","0","13","0","13","7","11","0","13","65","44","25","31","21","25","108","50","103","51",
"1500000US250092151024","Block Group 4, Census Tract 2151.02, Essex County, Massachusetts","232","67","39","49","35","36","0","13","13","16","0","13","17","20","0","13","19","22","0","13","14","15","0","13","38","37","0","13","0","13","18","20","39","28",
"1500000US250092161001","Block Group 1, Census Tract 2161, Essex County, Massachusetts","428","75","16","25","0","13","0","13","15","16","15","18","49","36","35","35","0","13","0","13","0","13","27","32","22","20","25","30","38","37","49","25","137","59",
"1500000US250092161002","Block Group 2, Census Tract 2161, Essex County, Massachusetts","674","102","25","37","23","22","0","13","8","13","0","13","7","11","8","14","41","37","20","33","36","30","31","35","66","46","101","58","46","30","155","81","107","54",
"1500000US250092161003","Block Group 3, Census Tract 2161, Essex County, Massachusetts","259","61","28","25","0","13","17","20","0","13","0","13","0","13","0","13","0","13","0","13","0","13","17","24","13","14","3","6","9","14","5","8","167","60",
"1500000US250092171011","Block Group 1, Census Tract 2171.01, Essex County, Massachusetts","885","147","0","13","0","13","0","13","14","18","0","13","0","13","19","21","48","52","0","13","9","14","19","22","108","69","56","41","85","76","277","124","250","109",
"1500000US250092171012","Block Group 2, Census Tract 2171.01, Essex County, Massachusetts","715","221","74","92","7","12","54","67","156","177","7","12","29","44","0","13","17","20","0","13","48","47","24","28","58","50","0","13","50","78","23","25","168","97",
"1500000US250092171021","Block Group 1, Census Tract 2171.02, Essex County, Massachusetts","325","82","0","13","36","54","28","24","26","29","61","50","0","13","0","13","14","22","0","13","14","24","26","28","16","28","13","23","0","13","66","49","25","23",
"1500000US250092171022","Block Group 2, Census Tract 2171.02, Essex County, Massachusetts","916","184","15","25","121","90","54","64","66","67","36","57","11","17","15","22","0","13","25","28","43","40","171","145","96","54","69","66","29","34","141","122","24","29",
"1500000US250092172011","Block Group 1, Census Tract 2172.01, Essex County, Massachusetts","327","71","9","14","0","13","10","15","12","19","9","14","17","20","0","13","8","12","0","13","11","16","9","14","85","54","66","50","20","19","44","37","27","25",
"1500000US250092172012","Block Group 2, Census Tract 2172.01, Essex County, Massachusetts","1419","136","22","20","63","41","48","41","47","37","50","30","26","24","70","70","0","13","70","51","75","55","131","79","181","66","170","71","100","49","115","64","251","94",
"1500000US250092172021","Block Group 1, Census Tract 2172.02, Essex County, Massachusetts","347","68","16","18","43","37","23","24","0","13","0","13","18","21","12","19","0","13","7","12","9","11","7","10","16","18","26","22","47","32","113","45","10","16",
"1500000US250092172022","Block Group 2, Census Tract 2172.02, Essex County, Massachusetts","382","165","0","13","0","13","0","13","0","13","0","13","0","13","32","53","8","13","8","12","29","36","38","29","55","64","15","16","18","21","45","32","134","136",
"1500000US250092172023","Block Group 3, Census Tract 2172.02, Essex County, Massachusetts","322","66","7","10","0","13","0","13","0","13","18","20","19","29","0","13","0","13","0","13","53","53","55","43","47","46","46","39","30","29","29","27","18","20",
"1500000US250092172024","Block Group 4, Census Tract 2172.02, Essex County, Massachusetts","377","79","0","13","14","16","33","36","7","11","13","16","0","13","7","12","23","37","0","13","0","13","26","24","74","56","28","33","66","64","76","40","10","17",
"1500000US250092173001","Block Group 1, Census Tract 2173, Essex County, Massachusetts","236","102","54","66","9","21","0","13","0","13","0","13","9","15","27","46","0","13","9","14","9","15","9","14","30","32","12","20","17","20","43","51","8","13",
"1500000US250092173002","Block Group 2, Census Tract 2173, Essex County, Massachusetts","397","114","18","27","51","86","23","38","0","13","43","50","11","17","7","11","0","13","16","24","8","13","19","16","28","24","30","33","65","73","11","18","67","50",
"1500000US250092173003","Block Group 3, Census Tract 2173, Essex County, Massachusetts","567","143","17","24","57","46","0","13","32","26","21","23","0","13","32","38","59","73","0","13","59","47","60","47","92","73","77","77","51","45","10","15","0","13",
"1500000US250092173004","Block Group 4, Census Tract 2173, Essex County, Massachusetts","212","74","0","13","7","13","0","13","0","13","22","33","0","13","29","45","13","20","0","13","8","12","0","13","28","45","58","43","0","13","15","16","32","47",
"1500000US250092173005","Block Group 5, Census Tract 2173, Essex County, Massachusetts","538","120","11","17","46","39","61","45","10","16","18","31","9","16","6","11","30","38","0","13","43","42","15","16","121","94","27","41","27","43","104","82","10","16",
"1500000US250092174011","Block Group 1, Census Tract 2174.01, Essex County, Massachusetts","293","111","10","15","17","27","0","13","0","13","13","21","0","13","0","13","0","13","0","13","41","66","35","33","77","64","63","60","37","60","0","13","0","13",
"1500000US250092174012","Block Group 2, Census Tract 2174.01, Essex County, Massachusetts","530","162","39","39","57","70","91","127","29","34","43","54","19","38","32","53","0","13","0","13","53","64","87","75","65","70","0","13","15","25","0","13","0","13",
"1500000US250092174013","Block Group 3, Census Tract 2174.01, Essex County, Massachusetts","456","178","0","13","0","13","124","154","17","27","18","26","0","13","0","13","0","13","39","64","33","35","26","30","51","61","65","98","29","32","29","35","25","24",
"1500000US250092174021","Block Group 1, Census Tract 2174.02, Essex County, Massachusetts","223","96","24","38","18","28","0","13","58","64","0","13","0","13","0","13","0","13","0","13","15","25","10","21","56","55","0","13","29","36","13","23","0","13",
"1500000US250092174022","Block Group 2, Census Tract 2174.02, Essex County, Massachusetts","702","158","58","61","56","66","71","74","0","13","40","28","50","78","25","29","41","41","37","35","77","69","78","76","91","91","50","68","9","15","2","11","17","18",
"1500000US250092174023","Block Group 3, Census Tract 2174.02, Essex County, Massachusetts","777","204","20","35","0","13","25","28","28","43","0","13","9","15","11","18","21","25","8","14","41","31","91","111","289","151","86","82","53","55","36","32","59","48",
"1500000US250092175001","Block Group 1, Census Tract 2175, Essex County, Massachusetts","309","88","0","13","0","13","20","31","0","13","14","22","0","13","0","13","0","13","0","13","0","13","0","13","14","22","59","59","0","13","159","85","43","40",
"1500000US250092175002","Block Group 2, Census Tract 2175, Essex County, Massachusetts","639","338","0","13","216","302","15","24","0","13","39","63","11","17","0","13","15","24","14","22","0","13","81","77","14","23","35","31","132","109","53","43","14","22",
"1500000US250092175003","Block Group 3, Census Tract 2175, Essex County, Massachusetts","435","109","0","13","0","13","0","13","0","13","0","13","0","13","28","31","13","21","0","13","0","13","13","22","146","89","0","13","17","28","79","53","139","93",
"1500000US250092175004","Block Group 4, Census Tract 2175, Essex County, Massachusetts","509","118","41","50","55","70","14","22","67","57","16","25","0","13","0","13","0","13","0","13","30","33","0","13","113","72","16","27","59","74","0","13","98","75",
"1500000US250092175005","Block Group 5, Census Tract 2175, Essex County, Massachusetts","864","277","84","93","29","34","135","222","15","23","15","23","13","22","53","64","0","13","14","22","78","70","29","34","102","128","54","47","71","49","116","63","56","68",
"1500000US250092176011","Block Group 1, Census Tract 2176.01, Essex County, Massachusetts","809","126","20","33","0","13","0","13","0","13","22","33","30","34","0","13","0","13","43","65","0","13","60","53","65","48","48","49","65","49","63","46","393","125",
"1500000US250092176012","Block Group 2, Census Tract 2176.01, Essex County, Massachusetts","767","123","43","42","184","123","33","38","59","73","29","34","13","22","35","37","15","24","0","13","16","23","58","43","99","51","14","21","10","17","58","54","101","59",
"1500000US250092176021","Block Group 1, Census Tract 2176.02, Essex County, Massachusetts","296","136","0","13","0","13","22","36","0","13","0","13","0","13","30","39","0","13","40","51","0","13","18","29","20","30","0","13","10","16","8","15","148","123",
"1500000US250092176022","Block Group 2, Census Tract 2176.02, Essex County, Massachusetts","739","331","59","88","18","31","21","32","25","40","0","13","0","13","0","13","22","35","0","13","0","13","0","13","7","15","18","34","112","83","19","31","438","340",
"1500000US250092176023","Block Group 3, Census Tract 2176.02, Essex County, Massachusetts","255","95","0","13","0","13","0","13","0","13","0","13","0","13","0","13","0","13","0","13","44","54","0","13","0","13","25","33","0","13","41","46","145","86",
"1500000US250092181001","Block Group 1, Census Tract 2181, Essex County, Massachusetts","414","140","0","13","0","13","0","13","0","13","0","13","0","13","0","13","6","12","0","13","16","20","0","13","41","39","43","36","63","48","101","106","144","76",
"1500000US250092181002","Block Group 2, Census Tract 2181, Essex County, Massachusetts","351","112","0","13","0","13","0","13","0","13","0","13","40","65","11","18","14","24","0","13","0","13","19","30","0","13","0","13","19","30","42","42","206","130",
"1500000US250092181003","Block Group 3, Census Tract 2181, Essex County, Massachusetts","484","130","0","13","0","13","58","84","14","26","0","13","11","17","0","13","40","46","10","18","67","89","18","29","29","33","0","13","34","39","54","78","149","94",
"1500000US250092181004","Block Group 4, Census Tract 2181, Essex County, Massachusetts","879","146","26","31","18","28","14","22","13","22","11","25","0","13","0","13","0","13","30","37","32","36","55","55","10","16","75","52","81","63","142","75","372","131",
"1500000US250092201011","Block Group 1, Census Tract 2201.01, Essex County, Massachusetts","329","76","30","27","0","13","0","13","0","13","0","13","10","15","9","15","49","47","0","13","16","24","0","13","41","27","85","80","21","22","17","19","51","32",
"1500000US250092201012","Block Group 2, Census Tract 2201.01, Essex County, Massachusetts","428","76","0","13","0","13","0","13","11","19","30","26","0","13","17","18","17","19","18","22","10","15","14","17","45","33","68","47","27","25","88","54","83","53",
"1500000US250092201013","Block Group 3, Census Tract 2201.01, Essex County, Massachusetts","587","152","52","45","18","19","34","25","19","21","6","9","114","128","10","15","39","36","26","41","9","13","26","29","68","48","40","33","8","12","17","22","101","40",
"1500000US250092201014","Block Group 4, Census Tract 2201.01, Essex County, Massachusetts","707","143","23","17","7","11","0","13","18","19","10","15","0","13","0","13","29","22","13","17","72","53","112","74","161","104","17","18","73","56","86","52","86","79",
"1500000US250092201021","Block Group 1, Census Tract 2201.02, Essex County, Massachusetts","876","140","0","13","46","29","9","15","10","16","33","28","3","5","11","17","23","27","9","14","55","48","161","118","140","71","198","90","44","34","78","57","56","32",
"1500000US250092201022","Block Group 2, Census Tract 2201.02, Essex County, Massachusetts","475","97","56","51","29","34","44","44","8","13","0","13","25","23","9","14","0","13","22","20","10","16","31","23","96","61","28","25","20","20","82","69","15","18",
"1500000US250092211001","Block Group 1, Census Tract 2211, Essex County, Massachusetts","682","174","0","13","40","48","80","100","18","20","31","39","7","12","0","13","0","13","11","17","22","21","69","45","101","47","143","112","0","13","82","54","78","48",
"1500000US250092211002","Block Group 2, Census Tract 2211, Essex County, Massachusetts","654","151","23","20","8","13","43","47","14","17","8","11","11","18","10","15","10","16","7","11","40","24","19","18","120","129","23","22","97","67","70","32","151","66",
"1500000US250092211003","Block Group 3, Census Tract 2211, Essex County, Massachusetts","515","111","12","21","96","67","32","31","42","56","0","13","28","43","28","45","0","13","23","24","3","6","14","17","57","53","48","32","41","30","34","24","57","45",
"1500000US250092213001","Block Group 1, Census Tract 2213, Essex County, Massachusetts","940","291","0","13","0","13","0","13","0","13","14","23","64","53","22","37","179","257","22","35","15","25","52","49","211","129","92","68","79","61","101","78","89","71",
"1500000US250092213002","Block Group 2, Census Tract 2213, Essex County, Massachusetts","530","128","16","25","0","13","0","13","45","51","15","25","0","13","52","64","47","70","14","24","28","33","0","13","54","63","83","74","34","40","69","56","73","47",
"1500000US250092213003","Block Group 3, Census Tract 2213, Essex County, Massachusetts","658","156","30","34","16","29","66","55","75","81","15","25","13","23","0","13","15","23","30","34","0","13","36","44","46","44","91","80","96","62","79","62","50","44",
"1500000US250092214001","Block Group 1, Census Tract 2214, Essex County, Massachusetts","476","103","0","13","19","22","0","13","46","48","27","30","33","28","0","13","48","46","33","42","72","66","45","44","83","63","12","20","25","30","33","33","0","13",
"1500000US250092214002","Block Group 2, Census Tract 2214, Essex County, Massachusetts","768","136","9","15","60","57","43","44","28","35","60","64","30","44","47","50","14","17","17","22","95","70","71","63","66","51","67","41","31","45","19","23","111","86",
"1500000US250092214003","Block Group 3, Census Tract 2214, Essex County, Massachusetts","174","47","8","14","42","32","17","20","0","13","8","13","15","17","0","13","0","13","7","12","17","19","17","20","10","16","16","19","17","20","0","13","0","13",
"1500000US250092215001","Block Group 1, Census Tract 2215, Essex County, Massachusetts","957","153","100","62","136","80","84","63","30","28","19","22","43","33","46","40","46","41","34","25","57","53","84","62","92","69","57","55","89","91","22","21","18","20",
"1500000US250092215002","Block Group 2, Census Tract 2215, Essex County, Massachusetts","813","184","60","58","67","57","65","55","18","20","25","24","0","13","19","21","11","17","17","19","44","32","68","57","139","120","127","110","48","54","65","42","40","50",
"1500000US250092216001","Block Group 1, Census Tract 2216, Essex County, Massachusetts","320","90","37","41","5","9","4","8","9","15","0","13","43","62","4","6","33","29","5","9","21","24","55","38","21","23","54","73","0","13","19","23","10","13",
"1500000US250092216002","Block Group 2, Census Tract 2216, Essex County, Massachusetts","433","110","16","25","81","91","30","25","40","30","0","13","5","8","5","7","9","12","14","18","7","8","27","22","80","54","30","25","52","37","23","17","14","14",
"1500000US250092216003","Block Group 3, Census Tract 2216, Essex County, Massachusetts","348","87","0","13","31","30","0","13","5","7","38","34","33","33","66","62","14","14","41","36","31","26","9","11","18","21","5","8","5","7","17","22","35","45",
"1500000US250092217001","Block Group 1, Census Tract 2217, Essex County, Massachusetts","611","172","0","13","10","14","87","104","70","69","63","63","41","66","4","7","36","42","12","18","21","25","71","68","48","53","80","67","30","29","13","21","25","38",
"1500000US250092217002","Block Group 2, Census Tract 2217, Essex County, Massachusetts","815","200","13","21","29","27","9","14","24","22","49","62","16","21","102","74","5","9","25","25","53","42","77","51","99","62","192","167","20","20","89","72","13","15",
"1500000US250092218001","Block Group 1, Census Tract 2218, Essex County, Massachusetts","418","105","13","12","0","13","0","13","10","11","31","26","8","10","10","11","5","8","15","12","22","16","36","22","60","89","34","26","33","20","91","44","50","29",
"1500000US250092218002","Block Group 2, Census Tract 2218, Essex County, Massachusetts","263","62","10","11","13","14","0","13","13","17","15","23","4","6","6","9","10","10","5","8","4","7","35","53","16","13","44","28","33","21","4","7","51","24",
"1500000US250092219011","Block Group 1, Census Tract 2219.01, Essex County, Massachusetts","488","115","44","52","10","16","10","15","32","49","8","12","9","14","9","14","9","15","0","13","51","34","40","28","39","32","66","37","9","14","39","30","113","79",
"1500000US250092219012","Block Group 2, Census Tract 2219.01, Essex County, Massachusetts","619","118","0","13","0","13","0","13","7","12","10","16","6","10","62","86","16","19","10","17","38","57","32","28","133","62","102","64","41","27","71","54","91","40",
"1500000US250092219013","Block Group 3, Census Tract 2219.01, Essex County, Massachusetts","454","82","0","13","0","13","5","8","28","45","11","16","19","18","10","15","0","13","0","13","26","29","21","21","79","48","131","73","21","19","15","24","88","46",
"1500000US250092219021","Block Group 1, Census Tract 2219.02, Essex County, Massachusetts","706","139","52","63","35","44","24","26","10","15","15","18","34","31","42","50","32","37","12","19","16","19","116","79","179","94","47","28","30","22","23","23","39","54",
"1500000US250092219022","Block Group 2, Census Tract 2219.02, Essex County, Massachusetts","392","76","0","13","6","9","0","13","11","18","9","13","18","20","50","50","0","13","10","15","65","49","21","24","46","39","62","52","8","12","37","29","49","45",
"1500000US250092219023","Block Group 3, Census Tract 2219.02, Essex County, Massachusetts","376","105","0","13","0","13","0","13","30","45","0","13","0","13","7","11","20","21","0","13","11","19","40","37","29","26","72","57","40","30","34","27","93","43",
"1500000US250092221001","Block Group 1, Census Tract 2221, Essex County, Massachusetts","398","109","0","13","0","13","0","13","37","58","7","11","0","13","19","27","0","13","55","61","21","23","25","31","44","34","20","23","30","37","27","25","113","56",
"1500000US250092221002","Block Group 2, Census Tract 2221, Essex County, Massachusetts","341","89","0","13","35","45","0","13","0","13","11","17","30","44","16","21","0","13","11","16","0","13","36","37","31","30","69","44","14","19","18","20","70","44",
"1500000US250092221003","Block Group 3, Census Tract 2221, Essex County, Massachusetts","632","96","0","13","10","15","29","18","22","24","81","69","0","13","0","13","13","19","41","31","0","13","49","34","0","13","54","42","51","48","176","91","106","62",
"1500000US250092231001","Block Group 1, Census Tract 2231, Essex County, Massachusetts","847","114","38","36","34","28","40","40","89","75","36","42","10","15","20","22","19","21","59","46","38","30","37","36","86","54","44","37","65","69","53","27","179","68",
"1500000US250092231002","Block Group 2, Census Tract 2231, Essex County, Massachusetts","489","90","21","23","19","22","0","13","5","7","0","13","22","34","0","13","26","28","0","13","10","15","17","18","59","36","39","26","60","36","64","42","147","55",
"1500000US250092231003","Block Group 3, Census Tract 2231, Essex County, Massachusetts","391","89","11","17","0","13","0","13","27","42","0","13","2","5","19","21","0","13","10","16","33","28","19","29","58","39","24","19","32","30","32","23","124","78",
"1500000US250092232001","Block Group 1, Census Tract 2232, Essex County, Massachusetts","761","153","125","108","0","13","17","19","16","17","35","42","8","12","30","35","51","58","10","16","52","42","115","64","70","36","87","58","94","80","19","19","32","26",
"1500000US250092232002","Block Group 2, Census Tract 2232, Essex County, Massachusetts","598","104","67","60","81","49","23","35","0","13","29","28","14","17","14","18","0","13","6","11","51","32","44","30","54","33","28","20","46","48","35","27","106","65",
"1500000US250092232003","Block Group 3, Census Tract 2232, Essex County, Massachusetts","337","80","10","14","12","18","33","40","0","13","0","13","19","21","0","13","30","46","8","12","21","29","37","22","12","14","0","13","21","22","37","29","97","58",
"1500000US250092233001","Block Group 1, Census Tract 2233, Essex County, Massachusetts","637","111","42","38","0","13","0","13","13","20","14","23","35","33","0","13","45","41","34","19","13","20","0","13","13","19","44","43","76","53","35","38","273","128",
"1500000US250092233002","Block Group 2, Census Tract 2233, Essex County, Massachusetts","1162","186","24","27","0","13","0","13","19","23","0","13","0","13","22","24","64","62","0","13","17","30","66","61","158","104","244","127","40","37","301","129","207","81",
"1500000US250092233003","Block Group 3, Census Tract 2233, Essex County, Massachusetts","431","98","13","21","0","13","17","26","28","31","15","25","0","13","0","13","0","13","0","13","20","35","39","38","84","61","57","45","29","33","55","50","74","77",
"1500000US250092501001","Block Group 1, Census Tract 2501, Essex County, Massachusetts","441","118","186","102","59","49","12","20","85","45","39","49","0","13","10","16","24","41","0","13","0","13","16","24","0","13","0","13","0","13","0","13","10","16",
"1500000US250092501002","Block Group 2, Census Tract 2501, Essex County, Massachusetts","1025","160","116","105","120","65","89","57","67","50","32","37","77","56","134","110","25","23","50","49","37","35","74","55","77","56","69","55","25","30","9","14","24","27",
"1500000US250092502001","Block Group 1, Census Tract 2502, Essex County, Massachusetts","752","147","49","57","72","69","28","32","46","50","17","28","8","12","19","30","22","24","16","18","43","38","91","66","142","92","24","38","31","40","144","121","0","13",
"1500000US250092502002","Block Group 2, Census Tract 2502, Essex County, Massachusetts","332","115","48","46","31","51","40","39","0","13","0","13","0","13","23","37","51","50","0","13","44","51","43","45","27","43","0","13","0","13","0","13","25","41",
"1500000US250092502003","Block Group 3, Census Tract 2502, Essex County, Massachusetts","619","139","55","47","7","11","12","19","11","16","17","18","50","55","41","40","52","61","37","38","24","39","28","34","104","65","56","60","22","35","101","79","2","3",
"1500000US250092503001","Block Group 1, Census Tract 2503, Essex County, Massachusetts","403","57","30","31","26","30","10","17","32","29","33","33","52","42","11","18","36","32","85","50","38","36","21","23","0","13","11","17","0","13","18","23","0","13",
"1500000US250092503002","Block Group 2, Census Tract 2503, Essex County, Massachusetts","282","95","11","17","29","21","6","9","13","20","14","15","13","14","0","13","0","13","0","13","34","24","13","20","49","37","16","18","0","13","44","55","40","59",
"1500000US250092504001","Block Group 1, Census Tract 2504, Essex County, Massachusetts","530","157","13","23","21","27","22","39","23","32","25","30","42","44","8","16","0","13","112","149","41","44","50","82","123","97","7","12","0","13","26","34","17","28",
"1500000US250092504002","Block Group 2, Census Tract 2504, Essex County, Massachusetts","454","99","59","52","62","48","6","9","29","32","7","11","9","17","39","41","16","27","36","41","56","49","76","49","59","49","0","13","0","13","0","13","0","13",
"1500000US250092504003","Block Group 3, Census Tract 2504, Essex County, Massachusetts","318","103","100","56","26","31","15","25","0","13","16","28","5","14","50","80","20","26","0","13","19","29","52","47","15","25","0","13","0","13","0","13","0","13",
"1500000US250092505001","Block Group 1, Census Tract 2505, Essex County, Massachusetts","392","96","39","41","17","24","21","25","16","26","0","13","25","30","47","49","50","36","0","13","64","53","18","29","48","49","13","22","0","13","15","25","19","21",
"1500000US250092505002","Block Group 2, Census Tract 2505, Essex County, Massachusetts","313","105","0","13","67","71","23","39","0","13","21","35","21","29","0","13","35","36","13","20","0","13","61","54","56","41","7","12","0","13","9","15","0","13",
"1500000US250092505003","Block Group 3, Census Tract 2505, Essex County, Massachusetts","398","109","62","55","28","46","17","25","17","17","32","34","0","13","17","28","0","13","15","21","76","65","78","65","38","43","18","29","0","13","0","13","0","13",
"1500000US250092506001","Block Group 1, Census Tract 2506, Essex County, Massachusetts","513","111","57","53","15","24","17","26","15","26","8","14","23","29","0","13","21","31","68","74","36","38","173","80","22","25","49","45","0","13","0","13","9","14",
"1500000US250092506002","Block Group 2, Census Tract 2506, Essex County, Massachusetts","508","219","39","35","15","23","68","85","0","13","18","29","16","18","15","24","29","33","129","165","18","29","64","71","16","25","36","33","0","13","33","40","12","20",
"1500000US250092506003","Block Group 3, Census Tract 2506, Essex County, Massachusetts","408","175","53","42","0","13","18","30","30","34","41","38","27","29","24","41","113","160","0","13","31","34","43","37","0","13","0","13","28","28","0","13","0","13",
"1500000US250092506004","Block Group 4, Census Tract 2506, Essex County, Massachusetts","361","81","0","13","0","13","0","13","47","44","0","13","22","25","25","39","19","32","10","15","43","40","48","37","66","51","26","24","16","26","39","47","0","13",
"1500000US250092507001","Block Group 1, Census Tract 2507, Essex County, Massachusetts","619","179","9","15","85","72","29","34","64","65","9","17","27","50","27","32","0","13","91","119","52","39","44","73","141","76","14","21","0","13","27","37","0","13",
"1500000US250092507002","Block Group 2, Census Tract 2507, Essex County, Massachusetts","476","116","0","13","34","38","0","13","68","66","0","13","5","9","29","40","28","34","19","31","35","40","59","62","122","81","56","49","0","13","21","33","0","13",
"1500000US250092507003","Block Group 3, Census Tract 2507, Essex County, Massachusetts","363","106","33","37","20","32","23","27","0","13","0","13","18","25","10","13","0","13","0","13","46","54","16","24","124","81","27","27","26","40","0","13","20","21",
"1500000US250092508001","Block Group 1, Census Tract 2508, Essex County, Massachusetts","404","142","0","13","50","51","0","13","0","13","48","52","4","7","0","13","87","89","34","38","0","13","56","62","54","64","48","67","0","13","18","37","5","7",
"1500000US250092508002","Block Group 2, Census Tract 2508, Essex County, Massachusetts","390","138","64","77","19","30","14","23","15","25","0","13","0","13","0","13","14","23","50","60","27","47","63","80","65","96","28","44","31","49","0","13","0","13",
"1500000US250092508003","Block Group 3, Census Tract 2508, Essex County, Massachusetts","738","238","18","29","115","147","14","24","76","67","17","28","98","93","0","13","43","71","26","41","45","73","75","71","111","130","0","13","78","126","0","13","22","44",
"1500000US250092508004","Block Group 4, Census Tract 2508, Essex County, Massachusetts","392","154","118","109","0","13","0","13","15","23","25","42","0","13","21","25","0","13","25","37","76","86","23","43","25","25","64","83","0","13","0","13","0","13",
"1500000US250092508005","Block Group 5, Census Tract 2508, Essex County, Massachusetts","459","180","0","13","0","13","55","71","0","13","9","16","0","13","55","86","0","13","16","39","176","157","14","22","46","61","88","64","0","13","0","13","0","13",
"1500000US250092509001","Block Group 1, Census Tract 2509, Essex County, Massachusetts","389","127","54","81","0","13","19","22","71","60","12","13","49","48","12","19","26","23","5","7","18","19","70","82","10","16","32","28","0","13","0","13","11","17",
"1500000US250092509002","Block Group 2, Census Tract 2509, Essex County, Massachusetts","375","51","68","41","123","43","42","28","42","31","34","27","22","24","0","13","6","8","28","31","0","13","0","13","0","13","0","13","0","13","10","17","0","13",
"1500000US250092510001","Block Group 1, Census Tract 2510, Essex County, Massachusetts","526","81","37","46","35","24","21","18","71","51","21","19","35","28","0","13","15","14","12","19","102","52","67","45","63","38","29","27","5","7","0","13","13","20",
"1500000US250092511001","Block Group 1, Census Tract 2511, Essex County, Massachusetts","841","212","216","113","268","178","94","45","64","50","39","32","45","39","0","13","0","13","0","13","11","17","36","35","0","13","14","21","27","36","27","32","0","13",
"1500000US250092511002","Block Group 2, Census Tract 2511, Essex County, Massachusetts","270","83","54","46","49","49","0","13","0","13","45","41","0","13","17","25","49","49","17","25","0","13","13","22","7","15","19","28","0","13","0","13","0","13",
"1500000US250092511003","Block Group 3, Census Tract 2511, Essex County, Massachusetts","192","89","0","13","34","39","0","13","6","10","0","13","0","13","21","25","0","13","0","13","0","13","12","18","70","73","33","49","16","22","0","13","0","13",
"1500000US250092512001","Block Group 1, Census Tract 2512, Essex County, Massachusetts","644","162","113","102","167","167","33","23","40","29","33","30","95","85","0","13","7","10","27","21","38","29","35","31","40","33","5","10","0","13","11","17","0","13",
"1500000US250092513001","Block Group 1, Census Tract 2513, Essex County, Massachusetts","709","170","54","38","166","67","41","39","0","13","32","32","13","21","175","165","43","36","83","73","10","17","10","11","23","23","11","20","48","42","0","13","0","13",
"1500000US250092513002","Block Group 2, Census Tract 2513, Essex County, Massachusetts","257","62","0","13","47","41","12","19","0","13","0","13","26","41","40","40","0","13","0","13","0","13","27","41","0","13","105","63","0","13","0","13","0","13",
"1500000US250092513003","Block Group 3, Census Tract 2513, Essex County, Massachusetts","157","60","0","13","0","13","0","13","0","13","0","13","10","19","0","13","67","62","0","13","6","10","0","13","52","51","8","14","0","13","0","13","14","22",
"1500000US250092514001","Block Group 1, Census Tract 2514, Essex County, Massachusetts","655","156","75","47","20","31","9","13","18","31","153","140","34","38","63","55","0","13","32","31","43","34","41","49","105","66","19","31","17","27","10","18","16","22",
"1500000US250092514002","Block Group 2, Census Tract 2514, Essex County, Massachusetts","228","76","27","31","0","13","9","13","0","13","20","32","13","19","25","30","0","13","0","13","16","19","39","41","9","14","0","13","14","20","18","29","38","44",
"1500000US250092514003","Block Group 3, Census Tract 2514, Essex County, Massachusetts","228","75","13","22","14","22","18","26","0","13","8","14","0","13","14","23","42","39","0","13","38","32","42","47","17","26","0","13","5","10","0","13","17","27",
"1500000US250092514004","Block Group 4, Census Tract 2514, Essex County, Massachusetts","352","117","20","31","28","36","16","27","17","26","0","13","30","31","18","22","0","13","13","18","40","42","43","49","41","32","32","38","37","58","17","16","0","13",
"1500000US250092515001","Block Group 1, Census Tract 2515, Essex County, Massachusetts","417","230","28","46","174","191","0","13","42","64","0","13","18","20","7","13","0","13","0","13","0","13","23","36","115","115","10","17","0","13","0","13","0","13",
"1500000US250092515002","Block Group 2, Census Tract 2515, Essex County, Massachusetts","259","134","35","56","0","13","28","43","9","14","13","22","51","73","18","29","13","23","0","13","0","13","24","38","28","47","11","18","0","13","29","51","0","13",
"1500000US250092515003","Block Group 3, Census Tract 2515, Essex County, Massachusetts","635","168","66","49","10","17","23","22","29","36","74","72","44","58","39","47","54","63","51","87","21","33","49","78","124","116","19","31","3","6","17","28","12","20",
"1500000US250092515004","Block Group 4, Census Tract 2515, Essex County, Massachusetts","291","138","0","13","0","13","30","51","0","13","57","70","0","13","0","13","0","13","20","35","26","45","15","26","79","88","0","13","0","13","64","69","0","13",
"1500000US250092515005","Block Group 5, Census Tract 2515, Essex County, Massachusetts","580","181","48","60","130","101","12","20","0","13","13","20","14","23","0","13","55","61","34","41","73","91","31","37","20","26","61","73","16","28","17","29","56","64",
"1500000US250092516001","Block Group 1, Census Tract 2516, Essex County, Massachusetts","472","121","31","35","0","13","0","13","50","47","8","14","31","28","0","13","18","21","0","13","18","30","89","70","105","68","5","8","23","28","94","61","0","13",
"1500000US250092516002","Block Group 2, Census Tract 2516, Essex County, Massachusetts","763","208","75","52","89","76","26","40","19","24","39","45","0","13","0","13","24","27","19","32","37","39","168","170","124","100","120","71","0","13","23","37","0","13",
"1500000US250092516003","Block Group 3, Census Tract 2516, Essex County, Massachusetts","584","147","115","83","69","108","25","29","29","46","44","50","75","60","61","68","0","13","17","26","18","27","10","17","73","57","7","11","0","13","25","40","16","25",
"1500000US250092516004","Block Group 4, Census Tract 2516, Essex County, Massachusetts","343","180","40","57","29","47","26","43","17","29","0","13","0","13","0","13","107","166","0","13","9","14","26","41","56","41","19","28","0","13","14","23","0","13",
"1500000US250092517001","Block Group 1, Census Tract 2517, Essex County, Massachusetts","708","184","37","40","0","13","8","12","5","8","64","63","35","35","5","10","29","41","12","20","15","18","17","20","126","43","128","58","24","25","161","175","42","39",
"1500000US250092517002","Block Group 2, Census Tract 2517, Essex County, Massachusetts","486","186","34","38","238","169","13","15","0","13","32","50","30","46","0","13","88","76","0","13","29","49","0","13","13","24","9","15","0","13","0","13","0","13",
"1500000US250092517003","Block Group 3, Census Tract 2517, Essex County, Massachusetts","432","151","0","13","85","129","33","44","7","14","0","13","43","59","23","38","18","31","0","13","8","13","62","54","23","27","59","57","56","50","15","23","0","13",
"1500000US250092517004","Block Group 4, Census Tract 2517, Essex County, Massachusetts","191","78","0","13","7","12","0","13","0","13","11","15","31","42","22","36","33","48","0","13","0","13","9","15","56","46","0","13","22","31","0","13","0","13",
"1500000US250092518001","Block Group 1, Census Tract 2518, Essex County, Massachusetts","595","264","11","19","0","13","0","13","12","19","11","20","0","13","56","88","0","13","0","13","113","119","195","240","127","90","48","48","0","13","10","17","12","18",
"1500000US250092518002","Block Group 2, Census Tract 2518, Essex County, Massachusetts","549","181","69","73","15","26","0","13","60","70","29","49","0","13","97","149","12","20","14","24","21","32","137","99","15","24","55","52","0","13","0","13","25","38",
"1500000US250092518003","Block Group 3, Census Tract 2518, Essex County, Massachusetts","940","202","8","14","0","13","26","32","0","13","83","88","42","69","111","130","97","109","48","62","45","34","13","22","99","77","124","95","90","70","108","75","46","50",
"1500000US250092518004","Block Group 4, Census Tract 2518, Essex County, Massachusetts","593","118","13","21","21","25","17","29","1","16","0","13","25","28","23","37","32","37","15","25","52","46","0","13","96","72","59","54","69","77","118","87","52","51",
"1500000US250092521011","Block Group 1, Census Tract 2521.01, Essex County, Massachusetts","522","146","8","12","0","13","52","39","16","20","20","25","30","52","15","24","49","44","16","21","20","26","46","33","61","63","22","31","149","139","18","27","0","13",
"1500000US250092521012","Block Group 2, Census Tract 2521.01, Essex County, Massachusetts","230","90","10","13","34","43","36","54","0","13","0","13","0","13","0","13","8","16","0","13","0","13","58","42","46","67","16","22","22","24","0","13","0","13",
"1500000US250092521013","Block Group 3, Census Tract 2521.01, Essex County, Massachusetts","614","100","7","11","17","21","40","28","95","58","2","4","10","11","29","38","16","17","41","33","78","68","60","67","65","42","124","94","2","12","17","17","11","17",
"1500000US250092521021","Block Group 1, Census Tract 2521.02, Essex County, Massachusetts","358","80","8","12","0","13","0","13","0","13","8","14","7","11","0","13","11","17","0","13","10","12","21","23","46","45","62","59","55","35","27","21","103","50",
"1500000US250092521022","Block Group 2, Census Tract 2521.02, Essex County, Massachusetts","503","114","16","25","0","13","0","13","31","29","0","13","4","6","6","11","8","12","0","13","13","16","21","24","113","100","53","45","34","25","66","47","138","55",
"1500000US250092521023","Block Group 3, Census Tract 2521.02, Essex County, Massachusetts","581","113","12","18","0","13","8","12","31","46","0","13","10","16","47","50","29","33","0","13","88","59","31","36","84","49","0","13","76","71","59","64","106","60",
"1500000US250092522011","Block Group 1, Census Tract 2522.01, Essex County, Massachusetts","429","92","20","22","15","19","29","34","0","13","0","13","73","70","0","13","8","12","0","13","28","25","24","23","37","30","38","32","26","23","34","25","97","63",
"1500000US250092522012","Block Group 2, Census Tract 2522.01, Essex County, Massachusetts","767","135","0","13","0","13","8","14","34","37","101","97","8","13","37","42","14","17","60","68","138","77","28","28","80","84","44","32","89","72","99","57","27","26",
"1500000US250092522021","Block Group 1, Census Tract 2522.02, Essex County, Massachusetts","614","103","10","15","0","13","13","15","25","31","9","14","0","13","8","12","0","13","0","13","17","17","50","35","88","80","111","54","131","55","61","45","91","59",
"1500000US250092522022","Block Group 2, Census Tract 2522.02, Essex County, Massachusetts","512","187","8","12","0","13","10","16","0","13","0","13","0","13","108","177","9","13","37","48","17","19","8","13","77","43","104","76","7","10","79","56","48","34",
"1500000US250092523001","Block Group 1, Census Tract 2523, Essex County, Massachusetts","470","113","18","28","51","80","14","23","0","13","0","13","9","16","0","13","9","15","12","18","13","22","109","65","84","85","21","25","52","51","60","40","18","31",
"1500000US250092523002","Block Group 2, Census Tract 2523, Essex County, Massachusetts","287","124","0","13","0","13","0","13","42","66","0","13","0","13","13","22","52","48","0","13","67","81","21","33","32","39","31","48","15","24","0","13","14","21",
"1500000US250092523003","Block Group 3, Census Tract 2523, Essex County, Massachusetts","439","167","0","13","73","67","14","22","0","13","15","24","54","88","0","13","0","13","0","13","15","24","14","23","46","68","46","44","75","84","22","24","65","98",
"1500000US250092523004","Block Group 4, Census Tract 2523, Essex County, Massachusetts","279","135","0","13","0","13","0","13","0","13","0","13","0","13","0","13","0","13","0","13","24","29","0","13","21","34","65","69","66","85","39","63","64","102",
"1500000US250092523005","Block Group 5, Census Tract 2523, Essex County, Massachusetts","644","181","87","120","133","106","79","74","22","27","10","16","0","13","20","31","0","13","0","13","35","55","0","13","91","74","35","35","93","86","0","13","39","43",
"1500000US250092523006","Block Group 6, Census Tract 2523, Essex County, Massachusetts","404","142","0","13","0","13","0","13","0","13","14","22","65","81","5","7","18","24","0","13","76","78","15","25","63","66","85","76","28","32","35","37","0","13",
"1500000US250092524001","Block Group 1, Census Tract 2524, Essex County, Massachusetts","413","129","33","42","26","25","28","43","23","38","52","71","0","13","11","16","0","13","0","13","45","50","52","60","38","40","36","33","20","27","5","10","44","49",
"1500000US250092524002","Block Group 2, Census Tract 2524, Essex County, Massachusetts","474","130","0","13","15","19","30","36","39","40","17","26","30","43","25","30","47","55","26","41","21","28","96","76","62","62","22","34","6","12","16","25","22","33",
"1500000US250092524003","Block Group 3, Census Tract 2524, Essex County, Massachusetts","636","189","91","78","107","82","45","45","24","43","29","36","40","46","10","15","48","64","0","13","25","32","19","34","120","127","22","26","0","13","29","48","27","43",
"1500000US250092525011","Block Group 1, Census Tract 2525.01, Essex County, Massachusetts","799","172","33","39","39","41","0","13","0","13","60","63","28","42","12","21","28","34","39","34","52","55","144","76","146","122","40","30","79","64","65","57","34","34",
"1500000US250092525012","Block Group 2, Census Tract 2525.01, Essex County, Massachusetts","320","85","9","13","0","13","17","26","29","33","0","13","5","9","62","63","2","5","9","13","0","13","19","20","37","44","20","24","35","40","55","58","21","15",
"1500000US250092525013","Block Group 3, Census Tract 2525.01, Essex County, Massachusetts","316","86","16","21","0","13","12","18","40","46","15","24","12","19","10","17","0","13","0","13","0","13","54","40","34","37","62","54","31","34","6","10","24","28",
"1500000US250092525021","Block Group 1, Census Tract 2525.02, Essex County, Massachusetts","358","81","10","15","0","13","0","13","28","30","22","34","0","13","35","41","29","39","20","22","25","29","5","9","62","35","40","29","41","32","0","13","41","45",
"1500000US250092525022","Block Group 2, Census Tract 2525.02, Essex County, Massachusetts","445","80","51","57","7","12","17","20","43","34","0","13","8","12","24","22","9","14","0","13","12","15","64","36","64","32","30","24","35","26","42","37","39","34",
"1500000US250092525023","Block Group 3, Census Tract 2525.02, Essex County, Massachusetts","375","70","16","17","8","12","6","11","0","13","0","13","8","12","21","20","0","13","19","22","31","25","0","13","55","74","9","13","75","53","109","67","18","22",
"1500000US250092525024","Block Group 4, Census Tract 2525.02, Essex County, Massachusetts","409","135","46","46","46","70","0","13","0","13","53","74","33","37","0","13","34","47","8","13","42","36","33","50","28","23","0","13","15","17","61","52","10","15",
"1500000US250092526011","Block Group 1, Census Tract 2526.01, Essex County, Massachusetts","1036","215","91","86","71","75","15","24","0","13","15","24","68","62","15","27","30","34","47","47","86","76","114","87","68","60","100","86","27","42","183","158","106","101",
"1500000US250092526012","Block Group 2, Census Tract 2526.01, Essex County, Massachusetts","372","92","9","15","15","24","0","13","26","28","0","13","0","13","33","41","0","13","0","13","0","13","33","38","73","57","31","36","22","29","85","52","45","41",
"1500000US250092526013","Block Group 3, Census Tract 2526.01, Essex County, Massachusetts","718","145","14","22","16","26","40","44","0","13","0","13","0","13","73","85","18","29","40","35","42","35","18","29","154","91","87","72","23","29","123","76","70","66",
"1500000US250092526014","Block Group 4, Census Tract 2526.01, Essex County, Massachusetts","556","141","51","48","0","13","35","29","17","27","0","13","16","25","0","13","19","29","36","39","18","28","64","49","168","123","17","27","30","35","85","52","0","13",
"1500000US250092526021","Block Group 1, Census Tract 2526.02, Essex County, Massachusetts","353","81","16","25","0","13","0","13","25","41","9","14","0","13","0","13","9","15","0","13","0","13","30","44","82","51","15","18","38","28","57","47","72","36",
"1500000US250092526022","Block Group 2, Census Tract 2526.02, Essex County, Massachusetts","819","193","10","15","9","14","8","13","0","13","7","11","9","14","0","13","0","13","0","13","25","28","18","19","110","50","260","180","74","54","138","72","151","58",
"1500000US250092526023","Block Group 3, Census Tract 2526.02, Essex County, Massachusetts","547","102","0","13","0","13","0","13","11","17","46","51","0","13","15","17","0","13","38","29","30","21","30","27","63","48","102","59","105","76","73","51","34","29",
"1500000US250092526031","Block Group 1, Census Tract 2526.03, Essex County, Massachusetts","245","63","0","13","0","13","0","13","0","13","0","13","19","21","9","13","6","10","9","13","16","19","0","13","27","33","99","65","26","22","25","23","9","14",
"1500000US250092526032","Block Group 2, Census Tract 2526.03, Essex County, Massachusetts","767","127","18","20","9","13","8","13","44","35","0","13","0","13","8","13","10","16","11","17","73","59","129","66","34","28","90","57","48","33","166","84","119","101",
"1500000US250092531001","Block Group 1, Census Tract 2531, Essex County, Massachusetts","384","133","27","45","0","13","15","24","16","26","0","13","34","40","11","18","15","24","32","44","0","13","78","79","43","41","57","42","0","13","0","13","56","86",
"1500000US250092531002","Block Group 2, Census Tract 2531, Essex County, Massachusetts","484","149","0","13","19","32","0","13","0","13","0","13","42","65","13","21","28","31","0","13","0","13","117","129","77","78","136","106","17","28","25","30","10","18",
"1500000US250092531003","Block Group 3, Census Tract 2531, Essex County, Massachusetts","324","80","0","13","15","25","13","22","15","24","33","36","0","13","0","13","0","13","0","13","0","13","17","26","27","34","13","21","63","64","103","71","25","29",
"1500000US250092531004","Block Group 4, Census Tract 2531, Essex County, Massachusetts","769","203","57","68","21","33","20","31","35","41","33","37","15","24","0","13","26","30","0","13","16","26","57","56","128","104","125","149","155","112","37","35","44","51",
"1500000US250092531005","Block Group 5, Census Tract 2531, Essex County, Massachusetts","277","108","0","13","0","13","26","41","0","13","15","25","23","38","0","13","0","13","0","13","0","13","0","13","69","92","99","75","0","13","12","20","33","52",
"1500000US250092532011","Block Group 1, Census Tract 2532.01, Essex County, Massachusetts","578","201","12","16","11","18","0","13","0","13","110","144","37","47","0","13","28","34","0","13","9","17","54","47","40","38","28","41","9","15","156","167","84","41",
"1500000US250092532012","Block Group 2, Census Tract 2532.01, Essex County, Massachusetts","656","95","22","34","52","39","8","13","0","13","23","36","0","13","33","34","8","13","16","17","83","54","9","14","54","36","140","68","77","42","59","43","72","43",
"1500000US250092532013","Block Group 3, Census Tract 2532.01, Essex County, Massachusetts","66","36","0","13","0","13","13","14","5","10","0","13","0","13","0","13","0","13","0","13","33","40","0","13","0","13","6","11","9","13","0","13","0","13",
"1500000US250092532021","Block Group 1, Census Tract 2532.02, Essex County, Massachusetts","270","121","0","13","0","13","0","13","44","66","0","13","0","13","0","13","0","13","0","13","0","13","17","30","0","13","35","41","0","13","14","25","160","109",
"1500000US250092532022","Block Group 2, Census Tract 2532.02, Essex County, Massachusetts","924","232","52","77","0","13","0","13","0","13","59","89","0","13","0","13","0","13","0","13","61","78","167","140","222","149","161","107","19","30","104","52","79","65",
"1500000US250092532023","Block Group 3, Census Tract 2532.02, Essex County, Massachusetts","365","124","15","26","68","66","34","40","29","33","0","13","0","13","0","13","0","13","0","13","0","13","0","13","12","20","57","45","28","26","106","95","16","26",
"1500000US250092532024","Block Group 4, Census Tract 2532.02, Essex County, Massachusetts","1309","294","108","83","16","26","9","14","29","33","70","103","36","30","19","30","43","42","37","55","195","246","144","125","162","113","64","52","164","136","116","84","97","57",
"1500000US250092532031","Block Group 1, Census Tract 2532.03, Essex County, Massachusetts","268","61","0","13","0","13","0","13","34","40","12","19","0","13","0","13","0","13","0","13","19","22","0","13","0","13","59","45","28","26","29","24","87","41",
"1500000US250092532032","Block Group 2, Census Tract 2532.03, Essex County, Massachusetts","571","86","9","15","26","41","7","11","0","13","0","13","13","20","0","13","15","17","0","13","8","13","8","13","21","23","18","19","78","55","62","37","306","71",
"1500000US250092532033","Block Group 3, Census Tract 2532.03, Essex County, Massachusetts","588","105","9","15","38","45","35","42","27","25","8","12","25","22","7","11","0","13","0","13","22","26","25","24","37","36","23","22","9","14","93","52","230","76",
"1500000US250092532041","Block Group 1, Census Tract 2532.04, Essex County, Massachusetts","388","87","10","16","16","25","10","17","0","13","0","13","0","13","0","13","9","13","8","13","17","15","11","18","96","81","49","33","12","18","50","35","100","48",
"1500000US250092532042","Block Group 2, Census Tract 2532.04, Essex County, Massachusetts","460","100","0","13","20","32","32","37","78","72","0","13","0","13","0","13","12","20","31","51","0","13","0","13","40","42","7","11","8","15","156","81","76","54",
"1500000US250092532043","Block Group 3, Census Tract 2532.04, Essex County, Massachusetts","428","113","51","85","0","13","0","13","0","13","0","13","0","13","0","13","10","14","0","13","0","13","7","13","51","36","40","36","47","35","77","46","145","69",
"1500000US250092532044","Block Group 4, Census Tract 2532.04, Essex County, Massachusetts","757","218","0","13","0","13","0","13","0","13","0","13","9","15","9","14","0","13","11","16","11","17","39","34","20","30","89","50","47","33","94","56","428","205",
"1500000US250092532051","Block Group 1, Census Tract 2532.05, Essex County, Massachusetts","817","149","0","13","0","13","0","13","0","13","0","13","0","13","0","13","0","13","28","24","8","13","36","49","38","30","71","35","26","24","148","67","462","141",
"1500000US250092532052","Block Group 2, Census Tract 2532.05, Essex County, Massachusetts","543","92","6","10","0","13","10","17","0","13","0","13","21","30","10","17","10","14","10","15","37","45","18","21","4","7","0","13","9","16","84","47","324","92",
"1500000US250092541001","Block Group 1, Census Tract 2541, Essex County, Massachusetts","430","110","49","49","0","13","0","13","0","13","0","13","14","22","14","23","22","34","0","13","11","17","71","50","64","89","37","43","43","40","26","31","79","57",
"1500000US250092541002","Block Group 2, Census Tract 2541, Essex County, Massachusetts","432","109","0","13","17","29","0","13","0","13","16","26","47","46","14","21","0","13","0","13","34","38","67","56","28","35","15","24","51","43","28","33","115","88",
"1500000US250092541003","Block Group 3, Census Tract 2541, Essex County, Massachusetts","963","152","36","42","50","43","20","32","0","13","0","13","34","38","61","66","32","39","0","13","0","13","64","77","16","28","39","37","34","27","259","103","318","123",
"1500000US250092541004","Block Group 4, Census Tract 2541, Essex County, Massachusetts","473","133","46","69","0","13","0","13","13","22","0","13","0","13","0","13","15","25","0","13","49","63","26","39","0","13","18","30","86","88","80","72","140","70",
"1500000US250092541005","Block Group 5, Census Tract 2541, Essex County, Massachusetts","285","143","0","13","0","13","0","13","0","13","0","13","24","26","0","13","0","13","0","13","0","13","0","13","33","38","52","49","0","13","25","42","151","134",
"1500000US250092542001","Block Group 1, Census Tract 2542, Essex County, Massachusetts","586","96","48","47","0","13","0","13","42","43","35","41","15","18","0","13","34","40","12","18","0","13","86","64","50","38","62","41","36","30","94","72","72","40",
"1500000US250092542002","Block Group 2, Census Tract 2542, Essex County, Massachusetts","677","108","31","24","103","64","20","23","49","52","29","46","20","33","0","13","0","13","0","13","81","65","45","39","68","34","20","22","12","18","46","33","153","47",
"1500000US250092542003","Block Group 3, Census Tract 2542, Essex County, Massachusetts","523","269","24","28","17","15","19","20","32","31","21","24","0","13","0","13","0","13","0","13","0","13","7","11","15","16","30","26","19","22","54","29","285","277",
"1500000US250092542004","Block Group 4, Census Tract 2542, Essex County, Massachusetts","189","52","6","10","0","13","0","13","0","13","18","21","0","13","0","13","0","13","8","12","14","17","11","15","21","24","16","19","0","13","39","32","56","40",
"1500000US250092543011","Block Group 1, Census Tract 2543.01, Essex County, Massachusetts","714","116","8","13","26","34","0","13","0","13","0","13","0","13","7","11","0","13","0","13","19","22","45","38","52","34","85","87","23","22","73","34","376","90",
"1500000US250092543012","Block Group 2, Census Tract 2543.01, Essex County, Massachusetts","618","119","22","33","0","13","0","13","8","12","0","13","0","13","11","18","0","13","0","13","8","13","16","18","17","19","13","15","70","46","106","55","347","116",
"1500000US250092543021","Block Group 1, Census Tract 2543.02, Essex County, Massachusetts","908","142","0","13","0","13","10","15","0","13","11","17","10","15","11","16","0","13","17","20","28","25","68","48","89","67","58","42","62","41","128","54","416","118",
"1500000US250092543022","Block Group 2, Census Tract 2543.02, Essex County, Massachusetts","304","70","7","11","0","13","0","13","0","13","0","13","12","18","0","13","0","13","0","13","0","13","10","16","43","33","15","18","9","16","92","56","116","55",
"1500000US250092543023","Block Group 3, Census Tract 2543.02, Essex County, Massachusetts","506","125","7","12","8","13","40","57","0","13","0","13","11","16","0","13","11","16","23","35","53","44","8","12","66","63","9","14","48","44","36","54","186","87",
"1500000US250092544011","Block Group 1, Census Tract 2544.01, Essex County, Massachusetts","399","91","0","13","0","13","0","13","9","13","0","13","0","13","0","13","11","16","27","39","9","13","23","37","18","21","10","15","39","37","95","52","158","81",
"1500000US250092544012","Block Group 2, Census Tract 2544.01, Essex County, Massachusetts","929","105","10","15","0","13","31","37","0","13","11","18","9","13","53","69","9","13","7","11","58","47","88","64","64","44","106","53","76","45","144","71","263","66",
"1500000US250092544021","Block Group 1, Census Tract 2544.02, Essex County, Massachusetts","534","120","0","13","0","13","0","13","0","13","0","13","0","13","21","34","18","33","0","13","14","22","91","89","65","62","41","41","79","72","94","80","111","74",
"1500000US250092544022","Block Group 2, Census Tract 2544.02, Essex County, Massachusetts","796","184","21","33","0","13","14","24","0","13","27","32","13","22","98","131","0","13","14","23","43","42","61","56","0","13","42","47","85","68","102","63","276","110",
"1500000US250092544023","Block Group 3, Census Tract 2544.02, Essex County, Massachusetts","600","163","0","13","0","13","0","13","22","37","0","13","0","13","0","13","0","13","0","13","0","13","0","13","104","73","104","108","57","47","70","53","243","138",
"1500000US250092544024","Block Group 4, Census Tract 2544.02, Essex County, Massachusetts","798","198","0","13","0","13","0","13","0","13","50","62","0","13","0","13","14","23","20","33","13","21","34","40","105","74","107","107","20","33","117","109","318","155",
"1500000US250092544031","Block Group 1, Census Tract 2544.03, Essex County, Massachusetts","894","106","0","13","16","19","20","21","0","13","24","36","18","18","20","23","0","13","18","21","22","24","44","47","56","34","73","47","84","59","131","75","368","105",
"1500000US250092544032","Block Group 2, Census Tract 2544.03, Essex County, Massachusetts","368","77","0","13","0","13","0","13","0","13","0","13","0","13","0","13","0","13","0","13","9","13","16","18","26","22","42","31","46","33","86","52","143","56",
"1500000US250092601001","Block Group 1, Census Tract 2601, Essex County, Massachusetts","758","184","33","53","23","34","15","15","71","85","125","95","90","89","76","63","6","10","0","13","31","51","38","60","165","122","85","78","0","13","0","13","0","13",
"1500000US250092601002","Block Group 2, Census Tract 2601, Essex County, Massachusetts","605","175","124","127","167","100","47","48","75","93","8","14","0","13","0","13","0","13","11","18","58","61","0","13","100","94","15","22","0","13","0","13","0","13",
"1500000US250092601003","Block Group 3, Census Tract 2601, Essex County, Massachusetts","502","183","108","95","24","43","42","38","0","13","15","26","30","37","0","13","0","13","156","148","79","78","17","26","8","14","10","18","13","21","0","13","0","13",
"1500000US250092601004","Block Group 4, Census Tract 2601, Essex County, Massachusetts","480","152","0","13","45","57","10","16","28","43","82","79","0","13","0","13","0","13","0","13","23","27","111","69","34","32","8","13","110","93","0","13","29","47",
"1500000US250092602001","Block Group 1, Census Tract 2602, Essex County, Massachusetts","700","135","58","53","34","41","40","39","12","18","34","42","26","31","52","54","39","39","93","86","59","43","15","17","104","59","21","19","12","19","51","56","50","40",
"1500000US250092602002","Block Group 2, Census Tract 2602, Essex County, Massachusetts","815","148","127","79","112","65","83","53","54","40","36","29","31","32","30","31","33","43","33","31","57","42","71","68","118","75","7","11","23","27","0","13","0","13",
"1500000US250092603011","Block Group 1, Census Tract 2603.01, Essex County, Massachusetts","572","96","0","13","14","16","19","23","23","37","7","12","0","13","33","41","5","8","14","16","89","59","47","52","88","40","53","37","47","40","86","46","47","35",
"1500000US250092603012","Block Group 2, Census Tract 2603.01, Essex County, Massachusetts","637","103","66","65","102","56","7","12","60","47","6","12","0","13","16","19","19","17","7","11","17","18","8","12","53","30","154","69","36","28","35","26","51","39",
"1500000US250092603013","Block Group 3, Census Tract 2603.01, Essex County, Massachusetts","491","145","9","13","0","13","0","13","0","13","21","23","0","13","22","26","58","79","16","25","52","39","36","39","17","17","100","87","53","43","72","60","35","43",
"1500000US250092603021","Block Group 1, Census Tract 2603.02, Essex County, Massachusetts","348","115","0","13","0","13","0","13","0","13","0","13","0","13","10","17","4","9","19","18","57","63","46","43","12","18","17","19","87","63","7","12","89","73",
"1500000US250092603022","Block Group 2, Census Tract 2603.02, Essex County, Massachusetts","844","107","5","8","4","8","11","17","42","39","44","46","36","32","53","45","18","22","5","9","72","54","27","27","76","44","67","39","141","69","95","55","148","74",
"1500000US250092604011","Block Group 1, Census Tract 2604.01, Essex County, Massachusetts","230","70","0","13","0","13","7","11","8","12","0","13","15","24","0","13","15","17","0","13","0","13","8","13","66","43","24","26","28","22","8","13","51","56",
"1500000US250092604012","Block Group 2, Census Tract 2604.01, Essex County, Massachusetts","409","118","0","13","0","13","37","43","0","13","14","16","7","10","9","14","30","32","22","35","28","26","0","13","38","40","35","30","96","107","63","43","30","37",
"1500000US250092604013","Block Group 3, Census Tract 2604.01, Essex County, Massachusetts","274","52","0","13","0","13","10","15","0","13","0","13","0","13","0","13","0","13","8","12","16","17","13","15","44","39","76","50","21","17","24","27","62","37",
"1500000US250092604014","Block Group 4, Census Tract 2604.01, Essex County, Massachusetts","670","158","0","13","30","23","16","18","45","49","14","17","21","19","38","28","28","28","28","34","23","23","65","32","152","85","162","147","23","21","25","23","0","13",
"1500000US250092604021","Block Group 1, Census Tract 2604.02, Essex County, Massachusetts","1003","144","48","44","14","23","0","13","0","13","14","22","0","13","28","28","0","13","39","35","16","24","45","37","192","101","114","72","101","81","265","121","127","84",
"1500000US250092604022","Block Group 2, Census Tract 2604.02, Essex County, Massachusetts","496","128","0","13","0","13","0","13","21","33","0","13","0","13","61","76","0","13","39","59","0","13","32","37","71","50","33","37","77","47","69","57","93","121",
"1500000US250092604023","Block Group 3, Census Tract 2604.02, Essex County, Massachusetts","188","98","0","13","25","37","0","13","0","13","37","62","0","13","0","13","14","23","0","13","0","13","17","27","65","55","8","15","15","24","7","14","0","13",
"1500000US250092604024","Block Group 4, Census Tract 2604.02, Essex County, Massachusetts","865","186","67","79","0","13","0","13","33","35","0","13","40","39","0","13","60","49","12","21","69","58","151","171","134","67","84","66","47","37","65","71","103","70",
"1500000US250092605001","Block Group 1, Census Tract 2605, Essex County, Massachusetts","611","97","0","13","0","13","0","13","19","23","49","55","0","13","27","33","0","13","8","13","92","56","78","46","85","50","39","36","86","53","30","27","98","65",
"1500000US250092605002","Block Group 2, Census Tract 2605, Essex County, Massachusetts","218","99","5","8","5","8","0","13","0","13","9","14","19","30","0","13","0","13","0","13","15","18","9","14","55","40","45","76","15","19","7","12","34","37",
"1500000US250092605003","Block Group 3, Census Tract 2605, Essex County, Massachusetts","448","147","23","37","64","58","8","14","0","13","0","13","11","17","0","13","0","13","0","13","107","104","31","31","13","14","20","28","13","21","103","76","55","42",
"1500000US250092606001","Block Group 1, Census Tract 2606, Essex County, Massachusetts","416","102","7","11","0","13","0","13","8","12","0","13","33","41","0","13","47","52","18","25","31","23","37","33","54","31","117","74","17","28","30","30","17","18",
"1500000US250092606002","Block Group 2, Census Tract 2606, Essex County, Massachusetts","407","93","24","36","21","32","4","7","10","17","0","13","9","15","28","35","27","38","7","12","8","12","54","50","28","22","88","64","19","25","69","55","11","13",
"1500000US250092606003","Block Group 3, Census Tract 2606, Essex County, Massachusetts","584","217","8","13","0","13","31","49","16","19","0","13","0","13","66","62","34","33","0","13","170","164","47","40","92","76","77","98","43","42","0","13","0","13",
"1500000US250092607001","Block Group 1, Census Tract 2607, Essex County, Massachusetts","994","158","67","60","147","85","8","13","0","13","0","13","18","20","49","57","155","68","0","13","84","68","99","91","101","60","95","53","61","47","110","73","0","13",
"1500000US250092607002","Block Group 2, Census Tract 2607, Essex County, Massachusetts","767","160","37","44","10","16","7","11","16","19","90","71","18","22","24","37","8","13","26","41","32","26","32","27","72","51","97","63","68","43","161","129","69","48",
"1500000US250092608001","Block Group 1, Census Tract 2608, Essex County, Massachusetts","798","134","36","40","78","55","31","36","119","79","49","46","0","13","51","35","35","28","49","54","18","20","59","37","137","87","73","61","45","50","8","12","10","15",
"1500000US250092608002","Block Group 2, Census Tract 2608, Essex County, Massachusetts","1191","240","49","48","37","34","35","37","65","48","61","42","138","126","113","79","19","30","35","44","56","38","158","97","215","172","120","116","9","15","36","40","45","50",
"1500000US250092609001","Block Group 1, Census Tract 2609, Essex County, Massachusetts","363","116","14","22","0","13","47","77","0","13","0","13","0","13","27","29","0","13","0","13","124","94","36","32","14","21","60","57","26","29","15","26","0","13",
"1500000US250092609002","Block Group 2, Census Tract 2609, Essex County, Massachusetts","357","114","0","13","0","13","83","89","14","25","0","13","55","70","28","33","0","13","12","19","0","13","26","30","39","47","0","13","0","13","47","49","53","63",
"1500000US250092609003","Block Group 3, Census Tract 2609, Essex County, Massachusetts","334","134","0","13","0","13","68","107","30","37","14","22","69","62","45","67","0","13","0","13","0","13","45","43","22","37","0","13","41","62","0","13","0","13",
"1500000US250092609004","Block Group 4, Census Tract 2609, Essex County, Massachusetts","1091","228","110","86","109","90","89","126","136","124","28","30","41","49","14","21","15","25","74","72","16","25","213","183","81","59","50","34","91","58","12","23","12","22",
"1500000US250092610001","Block Group 1, Census Tract 2610, Essex County, Massachusetts","443","140","49","60","0","13","40","55","0","13","30","24","0","13","65","55","55","51","0","13","34","41","54","34","52","48","50","56","14","21","0","13","0","13",
"1500000US250092610002","Block Group 2, Census Tract 2610, Essex County, Massachusetts","650","120","0","13","14","23","11","19","7","10","13","23","44","43","6","11","0","13","119","90","31","28","77","58","128","68","78","43","101","60","0","13","21","18",
"1500000US250092610003","Block Group 3, Census Tract 2610, Essex County, Massachusetts","451","117","26","31","17","19","0","13","0","13","0","13","73","73","7","11","26","30","6","12","7","14","24","23","102","95","89","57","36","29","18","24","20","22",
"1500000US250092611011","Block Group 1, Census Tract 2611.01, Essex County, Massachusetts","576","169","0","13","0","13","0","13","10","16","15","25","0","13","7","12","93","148","32","21","81","54","44","33","42","29","127","76","33","24","51","30","41","29",
"1500000US250092611012","Block Group 2, Census Tract 2611.01, Essex County, Massachusetts","498","87","33","49","0","13","9","15","0","13","0","13","39","40","18","30","13","20","16","20","18","19","52","32","27","25","77","41","40","39","91","69","65","50",
"1500000US250092611013","Block Group 3, Census Tract 2611.01, Essex County, Massachusetts","648","114","8","14","10","15","10","16","10","14","0","13","0","13","32","48","0","13","15","20","0","13","26","42","89","64","80","47","115","61","116","60","137","84",
"1500000US250092611021","Block Group 1, Census Tract 2611.02, Essex County, Massachusetts","1012","169","18","29","29","24","14","22","0","13","62","51","30","34","10","18","49","46","66","74","110","105","72","57","244","132","95","82","86","85","21","25","106","70",
"1500000US250092611022","Block Group 2, Census Tract 2611.02, Essex County, Massachusetts","868","134","0","13","0","13","13","20","27","32","0","13","15","23","153","15","46","69","0","13","41","38","42","36","235","102","131","84","43","33","42","34","80","70",
"1500000US250092621001","Block Group 1, Census Tract 2621, Essex County, Massachusetts","421","218","0","13","0","13","18","28","0","13","0","13","56","64","194","211","0","13","0","13","0","13","0","13","95","114","16","26","0","13","7","11","35","36",
"1500000US250092621002","Block Group 2, Census Tract 2621, Essex County, Massachusetts","1023","213","13","23","0","13","0","13","15","24","32","37","0","13","21","32","34","26","18","30","43","42","142","95","83","58","62","60","184","175","214","114","162","102",
"1500000US250092621003","Block Group 3, Census Tract 2621, Essex County, Massachusetts","586","135","0","13","17","28","68","54","26","31","20","33","35","55","96","84","26","27","6","11","30","36","57","51","61","49","8","15","18","28","72","69","46","46",
"1500000US250092621004","Block Group 4, Census Tract 2621, Essex County, Massachusetts","770","183","0","13","40","63","0","13","27","30","22","35","48","45","12","20","0","13","15","25","27","45","45","43","203","133","160","109","52","54","88","77","31","33",
"1500000US250092631001","Block Group 1, Census Tract 2631, Essex County, Massachusetts","561","104","11","16","0","13","20","22","0","13","0","13","17","19","20","23","0","13","10","16","0","13","30","23","80","44","65","55","21","23","111","89","176","65",
"1500000US250092631002","Block Group 2, Census Tract 2631, Essex County, Massachusetts","432","102","0","13","12","18","0","13","0","13","21","23","0","13","10","16","11","18","0","13","77","106","19","21","69","43","43","30","25","19","19","22","126","53",
"1500000US250092631003","Block Group 3, Census Tract 2631, Essex County, Massachusetts","727","125","0","13","0","13","0","13","8","14","10","15","11","18","0","13","42","53","0","13","19","21","26","29","42","35","52","36","83","63","138","69","296","104",
"1500000US250092641001","Block Group 1, Census Tract 2641, Essex County, Massachusetts","783","163","46","52","0","13","0","13","16","26","16","24","11","21","0","13","38","61","0","13","44","52","69","60","70","47","238","116","109","94","56","54","70","52",
"1500000US250092641002","Block Group 2, Census Tract 2641, Essex County, Massachusetts","585","118","25","28","0","13","62","67","44","69","0","13","0","13","0","13","0","13","32","36","12","19","55","38","55","37","67","58","85","63","41","41","107","85",
"1500000US250092641003","Block Group 3, Census Tract 2641, Essex County, Massachusetts","1092","186","14","22","71","70","0","13","28","36","0","13","13","21","0","13","66","72","16","25","11","18","59","53","160","147","63","61","108","87","102","73","381","178",
"1500000US250092651011","Block Group 1, Census Tract 2651.01, Essex County, Massachusetts","352","80","21","23","64","60","39","31","0","13","0","13","0","13","10","17","0","13","17","19","16","18","32","38","60","51","7","11","80","38","6","11","0","13",
"1500000US250092651012","Block Group 2, Census Tract 2651.01, Essex County, Massachusetts","377","77","24","31","0","13","10","15","0","13","7","11","0","13","12","18","51","48","0","13","0","13","35","37","59","61","35","34","21","16","46","38","77","55",
"1500000US250092651013","Block Group 3, Census Tract 2651.01, Essex County, Massachusetts","376","105","0","13","0","13","6","11","0","13","7","11","0","13","0","13","0","13","22","24","9","14","55","35","78","74","49","34","98","85","25","19","27","26",
"1500000US250092651014","Block Group 4, Census Tract 2651.01, Essex County, Massachusetts","408","95","0","13","0","13","0","13","0","13","7","10","0","13","0","13","0","13","0","13","0","13","50","37","63","52","29","23","38","31","75","43","146","77",
"1500000US250092651021","Block Group 1, Census Tract 2651.02, Essex County, Massachusetts","547","106","0","13","0","13","0","13","20","21","0","13","19","22","17","25","0","13","9","14","35","28","8","13","103","44","23","20","31","33","94","51","188","105",
"1500000US250092651022","Block Group 2, Census Tract 2651.02, Essex County, Massachusetts","681","175","0","13","28","33","0","13","20","32","0","13","117","147","0","13","57","57","0","13","69","46","23","25","16","19","51","39","31","31","97","44","172","62",
"1500000US250092651023","Block Group 3, Census Tract 2651.02, Essex County, Massachusetts","581","102","0","13","0","13","0","13","8","13","0","13","0","13","11","17","10","16","0","13","0","13","68","58","69","58","30","27","117","88","89","44","179","75",
"1500000US250092661001","Block Group 1, Census Tract 2661, Essex County, Massachusetts","302","60","30","32","0","13","0","13","0","13","0","13","0","13","9","14","0","13","0","13","9","14","24","22","11","13","33","26","44","32","8","13","134","55",
"1500000US250092661002","Block Group 2, Census Tract 2661, Essex County, Massachusetts","298","69","0","13","0","13","0","13","8","12","0","13","8","13","9","13","9","15","5","8","40","52","30","26","55","39","23","26","34","26","18","20","59","43",
"1500000US250092661003","Block Group 3, Census Tract 2661, Essex County, Massachusetts","457","154","0","13","0","13","0","13","16","18","19","22","5","8","0","13","31","39","9","14","33","43","156","135","74","48","47","40","10","16","6","10","51","48",
"1500000US250092661004","Block Group 4, Census Tract 2661, Essex County, Massachusetts","294","66","10","17","0","13","22","25","22","33","0","13","8","12","22","20","8","14","7","11","8","12","33","40","5","7","38","31","44","41","37","37","30","28",
"1500000US250092661005","Block Group 5, Census Tract 2661, Essex County, Massachusetts","447","124","60","97","8","13","18","28","0","13","19","21","8","13","0","13","0","13","0","13","21","30","8","13","33","25","67","49","14","21","110","73","81","42",
"1500000US250092662001","Block Group 1, Census Tract 2662, Essex County, Massachusetts","735","174","51","39","0","13","6","9","0","13","0","13","61","58","15","23","24","27","77","58","25","28","59","49","94","59","140","90","46","57","26","31","111","148",
"1500000US250092662002","Block Group 2, Census Tract 2662, Essex County, Massachusetts","997","158","94","84","63","61","53","65","15","23","16","27","15","24","0","13","31","34","0","13","45","39","144","107","218","131","58","47","63","55","111","76","71","62",
"1500000US250092662003","Block Group 3, Census Tract 2662, Essex County, Massachusetts","527","118","0","13","0","13","16","25","12","19","0","13","14","23","0","13","15","23","0","13","44","41","28","30","77","51","79","76","79","50","42","40","121","97",
"1500000US250092663001","Block Group 1, Census Tract 2663, Essex County, Massachusetts","922","155","47","53","41","51","179","133","52","36","19","20","32","23","35","30","54","48","30","35","51","55","122","67","58","40","66","47","18","24","69","39","49","41",
"1500000US250092663002","Block Group 2, Census Tract 2663, Essex County, Massachusetts","799","98","9","15","31","32","0","13","10","15","0","13","27","33","47","46","0","13","0","13","81","45","86","47","126","63","124","62","63","36","104","57","91","49",
"1500000US250092664001","Block Group 1, Census Tract 2664, Essex County, Massachusetts","395","83","0","13","0","13","10","15","0","13","0","13","10","16","0","13","10","15","34","43","66","64","34","27","28","25","52","34","57","41","56","42","38","35",
"1500000US250092664002","Block Group 2, Census Tract 2664, Essex County, Massachusetts","599","215","28","30","95","135","23","26","33","27","18","28","27","25","54","45","165","187","16","24","12","19","0","13","37","29","32","33","6","9","0","13","53","37",
"1500000US250092664003","Block Group 3, Census Tract 2664, Essex County, Massachusetts","322","67","14","22","19","22","0","13","52","43","0","13","25","31","0","13","0","13","14","23","10","19","28","25","36","36","33","41","16","24","21","24","54","51",
"1500000US250092664004","Block Group 4, Census Tract 2664, Essex County, Massachusetts","310","68","0","13","0","13","0","13","0","13","9","14","0","13","0","13","13","22","0","13","0","13","22","24","91","63","60","48","43","50","50","55","22","21",
"1500000US250092671021","Block Group 1, Census Tract 2671.02, Essex County, Massachusetts","529","104","77","69","0","13","0","13","18","27","0","13","34","40","0","13","11","17","11","18","33","25","53","38","76","42","73","47","22","25","68","45","53","31",
"1500000US250092671022","Block Group 2, Census Tract 2671.02, Essex County, Massachusetts","646","120","0","13","54","58","0","13","44","52","16","18","103","79","25","41","0","13","0","13","48","36","53","50","119","68","83","46","27","25","46","53","28","29",
"1500000US250092671023","Block Group 3, Census Tract 2671.02, Essex County, Massachusetts","622","187","52","51","9","14","35","43","0","13","0","13","22","23","11","17","12","18","0","13","52","37","104","154","19","26","130","97","50","41","47","34","79","48",
"1500000US250092671024","Block Group 4, Census Tract 2671.02, Essex County, Massachusetts","257","66","0","13","0","13","11","17","11","18","0","13","11","18","11","17","29","27","0","13","0","13","9","17","16","18","101","61","20","22","25","24","13","15",
"1500000US250092671031","Block Group 1, Census Tract 2671.03, Essex County, Massachusetts","204","83","0","13","26","42","20","21","0","13","0","13","0","13","19","20","0","13","0","13","11","21","51","52","30","28","0","13","13","20","9","14","25","24",
"1500000US250092671032","Block Group 2, Census Tract 2671.03, Essex County, Massachusetts","562","149","9","15","0","13","8","12","15","22","17","20","25","29","15","17","11","18","25","41","19","22","19","22","63","55","89","55","39","35","60","60","148","117",
"1500000US250092671041","Block Group 1, Census Tract 2671.04, Essex County, Massachusetts","1102","214","60","69","10","15","41","33","32","34","44","51","30","32","16","18","32","33","19","24","35","23","248","175","191","93","101","60","118","63","31","25","94","76",
"1500000US250092681001","Block Group 1, Census Tract 2681, Essex County, Massachusetts","261","53","0","13","0","13","0","13","0","13","0","13","4","6","0","13","15","24","4","8","0","13","8","12","35","25","25","18","30","20","41","23","99","41",
"1500000US250092681002","Block Group 2, Census Tract 2681, Essex County, Massachusetts","669","107","23","38","0","13","17","25","0","13","14","12","12","12","5","7","0","13","16","20","8","8","25","18","78","44","32","21","36","21","93","37","310","90",
"1500000US250092682001","Block Group 1, Census Tract 2682, Essex County, Massachusetts","581","197","0","13","0","13","0","13","37","44","0","13","67","70","14","23","0","13","0","13","41","38","90","91","14","24","14","24","0","13","86","60","218","213",
"1500000US250092682002","Block Group 2, Census Tract 2682, Essex County, Massachusetts","405","132","0","13","15","25","0","13","13","20","13","20","0","13","0","13","0","13","0","13","85","74","14","23","0","13","37","58","61","65","81","90","86","51",
"1500000US250092682003","Block Group 3, Census Tract 2682, Essex County, Massachusetts","730","151","29","32","0","13","45","36","10","16","0","13","27","32","0","13","22","27","78","90","25","26","37","36","70","85","67","70","143","100","84","77","93","54",
"1500000US250092682004","Block Group 4, Census Tract 2682, Essex County, Massachusetts","0","13","0","13","0","13","0","13","0","13","0","13","0","13","0","13","0","13","0","13","0","13","0","13","0","13","0","13","0","13","0","13","0","13",
"1500000US250092682005","Block Group 5, Census Tract 2682, Essex County, Massachusetts","882","191","4","6","29","22","135","115","14","22","0","13","0","13","12","21","0","13","0","13","34","39","127","96","140","90","71","72","62","49","95","68","159","89",
"1500000US250092683001","Block Group 1, Census Tract 2683, Essex County, Massachusetts","708","133","38","35","45","35","27","45","90","80","26","31","91","65","16","27","17","26","13","23","11","17","26","30","15","23","115","75","34","39","89","67","55","44",
"1500000US250092683002","Block Group 2, Census Tract 2683, Essex County, Massachusetts","650","145","6","9","0","13","0","13","0","13","8","14","27","43","0","13","0","13","51","67","25","30","40","38","116","104","41","36","29","31","171","107","136","66",
"1500000US250092683003","Block Group 3, Census Tract 2683, Essex County, Massachusetts","392","126","6","9","60","55","17","28","0","13","49","47","15","23","19","31","0","13","0","13","36","40","9","15","29","34","0","13","0","13","79","123","73","43",
"1500000US250092683004","Block Group 4, Census Tract 2683, Essex County, Massachusetts","191","61","0","13","0","13","0","13","13","21","6","11","20","31","5","8","0","13","5","10","8","13","14","23","26","30","11","18","47","38","23","32","13","21",
"1500000US250092684001","Block Group 1, Census Tract 2684, Essex County, Massachusetts","516","145","28","44","0","13","80","71","0","13","10","17","0","13","14","22","0","13","0","13","18","29","40","37","25","29","0","13","52","49","92","65","157","103",
"1500000US250092684002","Block Group 2, Census Tract 2684, Essex County, Massachusetts","579","136","15","25","11","18","0","13","17","28","16","26","14","23","0","13","19","23","0","13","24","28","0","13","74","47","120","120","56","46","74","48","139","67",
"1500000US250092684003","Block Group 3, Census Tract 2684, Essex County, Massachusetts","855","178","0","13","33","50","0","13","0","13","49","67","0","13","17","27","0","13","0","13","0","13","105","92","178","81","33","37","126","96","119","79","195","104",
"1500000US250092691001","Block Group 1, Census Tract 2691, Essex County, Massachusetts","647","299","0","13","0","13","16","26","25","29","0","13","12","20","0","13","19","24","0","13","12","19","32","31","42","45","73","73","59","56","14","21","343","323",
"1500000US250092691002","Block Group 2, Census Tract 2691, Essex County, Massachusetts","700","180","14","21","12","19","12","20","0","13","12","20","25","28","13","21","0","13","36","28","26","29","92","88","125","91","187","97","25","30","46","54","75","50",
"1500000US250092691003","Block Group 3, Census Tract 2691, Essex County, Massachusetts","299","114","13","21","0","13","0","13","0","13","0","13","0","13","0","13","12","21","0","13","0","13","73","65","0","13","13","22","16","22","28","22","144","117",
"1500000US250092691004","Block Group 4, Census Tract 2691, Essex County, Massachusetts","419","113","49","65","24","28","24","38","12","20","0","13","0","13","0","13","0","13","0","13","50","66","26","32","13","21","46","74","0","13","51","43","124","82",
"1500000US250092691005","Block Group 5, Census Tract 2691, Essex County, Massachusetts","575","127","0","13","0","13","0","13","13","20","0","13","35","55","0","13","0","13","0","13","0","13","0","13","98","64","65","77","11","18","106","70","247","122",
"1500000US250092701001","Block Group 1, Census Tract 2701, Essex County, Massachusetts","1111","137","0","13","0","13","0","13","18","29","19","30","0","13","19","31","32","39","36","39","89","70","109","91","202","95","68","52","88","59","277","103","154","89",
"1500000US250092701002","Block Group 2, Census Tract 2701, Essex County, Massachusetts","694","152","43","62","0","13","0","13","0","13","18","30","0","13","38","44","38","43","0","13","18","28","18","29","109","86","133","146","55","54","49","43","175","97",
"1500000US250092701003","Block Group 3, Census Tract 2701, Essex County, Massachusetts","464","95","0","13","18","29","50","50","0","13","0","13","0","13","0","13","0","13","0","13","47","70","37","41","38","42","37","41","52","50","63","51","122","73",
"1500000US250099901000","Block Group 0, Census Tract 9901, Essex County, Massachusetts","0","13","0","13","0","13","0","13","0","13","0","13","0","13","0","13","0","13","0","13","0","13","0","13","0","13","0","13","0","13","0","13","0","13",
"1500000US250173001001","Block Group 1, Census Tract 3001, Middlesex County, Massachusetts","698","77","6","9","15","13","16","14","3","5","54","58","10","11","12","17","11","10","4","8","41","26","54","36","150","67","73","29","109","47","85","34","55","31",
"1500000US250173001002","Block Group 2, Census Tract 3001, Middlesex County, Massachusetts","563","71","0","13","9","14","6","8","0","13","19","13","0","13","16","16","11","16","40","31","31","22","40","30","85","45","137","63","55","38","62","35","52","28",
"1500000US250173011011","Block Group 1, Census Tract 3011.01, Middlesex County, Massachusetts","659","116","5","7","0","13","0","13","29","45","0","13","0","13","37","44","9","14","0","13","75","45","90","87","160","75","44","32","38","30","86","49","86","41",
"1500000US250173011012","Block Group 2, Census Tract 3011.01, Middlesex County, Massachusetts","450","106","11","18","9","15","0","13","20","21","0","13","10","15","8","11","22","24","9","14","7","12","37","31","45","39","81","60","40","28","92","94","59","34",
"1500000US250173011013","Block Group 3, Census Tract 3011.01, Middlesex County, Massachusetts","497","109","84","74","39","43","43","48","10","15","0","13","0","13","0","13","24","30","33","29","22","26","72","46","65","53","25","25","18","22","8","13","54","45",
"1500000US250173011021","Block Group 1, Census Tract 3011.02, Middlesex County, Massachusetts","477","116","0","13","18","29","12","20","14","22","0","13","0","13","0","13","7","11","0","13","44","38","21","32","51","35","169","118","72","38","53","40","16","18",
"1500000US250173011022","Block Group 2, Census Tract 3011.02, Middlesex County, Massachusetts","895","132","27","39","19","21","0","13","0","13","49","50","0","13","20","22","0","13","54","43","41","33","9","16","109","61","121","53","143","111","199","76","104","63",
"1500000US250173011023","Block Group 3, Census Tract 3011.02, Middlesex County, Massachusetts","593","112","0","13","0","13","0","13","10","16","51","46","28","25","10","15","64","62","19","23","47","35","56","41","88","59","34","29","49","35","110","75","27","25",
"1500000US250173101011","Block Group 1, Census Tract 3101.01, Middlesex County, Massachusetts","596","187","28","32","84","78","144","133","0","13","13","20","0","13","52","81","0","13","0","13","76","89","30","36","64","63","105","93","0","13","0","13","0","13",
"1500000US250173101012","Block Group 2, Census Tract 3101.01, Middlesex County, Massachusetts","697","153","124","109","160","113","80","70","22","46","15","25","27","23","0","13","0","13","16","26","72","83","40","38","40","63","26","32","17","19","40","43","18","24",
"1500000US250173101013","Block Group 3, Census Tract 3101.01, Middlesex County, Massachusetts","388","118","6","11","37","47","0","13","46","59","0","13","0","13","0","13","0","13","17","26","0","13","28","34","79","69","102","80","21","33","41","40","11","22",
"1500000US250173101021","Block Group 1, Census Tract 3101.02, Middlesex County, Massachusetts","617","95","110","71","32","28","8","15","52","44","78","59","0","13","0","13","54","65","87","67","27","27","0","13","43","41","88","61","0","13","18","20","20","30",
"1500000US250173101022","Block Group 2, Census Tract 3101.02, Middlesex County, Massachusetts","646","129","47","43","39","48","8","12","93","107","53","48","27","40","0","13","68","71","50","47","35","40","21","27","0","13","83","60","20","31","65","48","37","45",
"1500000US250173102001","Block Group 1, Census Tract 3102, Middlesex County, Massachusetts","337","144","0","13","0","13","0","13","0","13","0","13","28","37","0","13","0","13","16","28","21","34","65","74","0","13","70","109","64","52","35","59","38","46",
"1500000US250173102002","Block Group 2, Census Tract 3102, Middlesex County, Massachusetts","477","136","6","10","0","13","58","93","13","22","57","88","0","13","0","13","34","51","0","13","58","92","53","47","65","85","20","33","41","52","51","63","21","33",
"1500000US250173102003","Block Group 3, Census Tract 3102, Middlesex County, Massachusetts","572","180","0","13","0","13","13","21","52","81","56","93","0","13","0","13","34","51","0","13","18","30","42","60","156","75","151","149","0","13","50","62","0","13",
"1500000US250173102004","Block Group 4, Census Tract 3102, Middlesex County, Massachusetts","282","147","52","85","0","13","0","13","29","46","19","32","66","81","0","13","53","65","0","13","21","34","0","13","19","33","0","13","23","59","0","13","0","13",
"1500000US250173102005","Block Group 5, Census Tract 3102, Middlesex County, Massachusetts","407","169","148","142","0","13","0","13","0","13","0","13","0","13","39","42","0","13","59","88","18","29","0","13","67","64","38","56","38","45","0","13","0","13",
"1500000US250173103001","Block Group 1, Census Tract 3103, Middlesex County, Massachusetts","670","184","24","37","0","13","28","45","59","69","0","13","38","46","36","48","0","13","27","42","39","48","82","118","120","74","101","110","48","52","0","13","68","93",
"1500000US250173103002","Block Group 2, Census Tract 3103, Middlesex County, Massachusetts","491","195","81","68","26","29","26","36","0","13","21","34","0","13","50","60","25","30","60","73","121","164","42","44","28","32","0","13","11","19","0","13","0","13",
"1500000US250173103003","Block Group 3, Census Tract 3103, Middlesex County, Massachusetts","389","157","40","65","0","13","53","75","40","54","0","13","0","13","29","35","52","82","0","13","31","49","42","50","72","92","13","24","17","29","0","13","0","13",
"1500000US250173103004","Block Group 4, Census Tract 3103, Middlesex County, Massachusetts","225","95","58","64","0","13","21","32","26","31","0","13","22","36","0","13","0","13","0","13","0","13","0","13","33","43","10","19","0","13","36","46","19","34",
"1500000US250173103005","Block Group 5, Census Tract 3103, Middlesex County, Massachusetts","426","154","0","13","0","13","0","13","43","62","0","13","29","46","0","13","67","65","13","20","27","45","0","13","43","30","114","97","71","68","19","38","0","13",
"1500000US250173104001","Block Group 1, Census Tract 3104, Middlesex County, Massachusetts","436","157","8","14","114","137","59","60","36","45","0","13","51","47","11","19","0","13","20","30","51","56","0","13","46","56","5","8","16","28","6","13","13","19",
"1500000US250173104002","Block Group 2, Census Tract 3104, Middlesex County, Massachusetts","349","86","40","35","29","33","6","11","11","14","0","13","16","25","0","13","51","37","13","17","44","49","56","43","83","71","0","13","0","13","0","13","0","13",
"1500000US250173104003","Block Group 3, Census Tract 3104, Middlesex County, Massachusetts","306","83","71","54","0","13","17","27","0","13","25","31","15","25","4","9","29","38","0","13","7","12","29","33","51","37","19","24","0","13","0","13","39","57",
"1500000US250173105001","Block Group 1, Census Tract 3105, Middlesex County, Massachusetts","342","234","0","13","131","213","20","23","0","13","0","13","0","13","0","13","7","11","13","19","15","24","0","13","38","44","65","58","5","10","42","43","6","11",
"1500000US250173105002","Block Group 2, Census Tract 3105, Middlesex County, Massachusetts","639","153","89","56","10","18","0","13","0","13","39","41","50","61","8","13","0","13","33","36","80","55","32","25","90","64","78","45","99","122","31","34","0","13",
"1500000US250173105003","Block Group 3, Census Tract 3105, Middlesex County, Massachusetts","350","113","61","55","0","13","0","13","0","13","0","13","10","15","0","13","16","23","22","25","18","24","80","66","26","27","19","27","80","73","10","17","8","13",
"1500000US250173106011","Block Group 1, Census Tract 3106.01, Middlesex County, Massachusetts","811","158","20","31","21","33","88","82","20","32","95","84","33","38","74","66","82","81","0","13","75","88","0","13","49","45","78","86","50","64","125","93","1","27",
"1500000US250173106012","Block Group 2, Census Tract 3106.01, Middlesex County, Massachusetts","964","207","54","52","45","44","41","33","12","19","32","39","16","26","0","13","47","43","16","25","111","84","158","168","62","54","94","82","47","50","133","88","96","58",
"1500000US250173106013","Block Group 3, Census Tract 3106.01, Middlesex County, Massachusetts","167","68","13","21","0","13","0","13","0","13","0","13","20","30","0","13","19","30","0","13","0","13","15","24","42","47","19","27","2","14","26","34","11","19",
"1500000US250173106021","Block Group 1, Census Tract 3106.02, Middlesex County, Massachusetts","652","208","66","69","0","13","14","23","0","13","0","13","14","23","0","13","16","25","12","20","108","131","32","37","124","99","129","114","16","25","61","74","60","48",
"1500000US250173106022","Block Group 2, Census Tract 3106.02, Middlesex County, Massachusetts","859","372","162","122","65","84","17","27","73","94","15","23","0","13","0","13","0","13","14","23","0","13","82","77","354","316","32","40","16","25","15","25","14","25",
"1500000US250173106023","Block Group 3, Census Tract 3106.02, Middlesex County, Massachusetts","201","107","0","13","42","67","0","13","0","13","0","13","0","13","0","13","37","56","0","13","12","19","32","51","47","39","31","37","0","13","0","13","0","13",
"1500000US250173106024","Block Group 4, Census Tract 3106.02, Middlesex County, Massachusetts","550","142","0","13","41","62","0","13","28","31","0","13","42","41","0","13","30","34","11","19","31","36","76","74","59","51","37","52","88","89","90","66","17","29",
"1500000US250173107001","Block Group 1, Census Tract 3107, Middlesex County, Massachusetts","628","109","37","39","60","46","34","37","49","45","87","67","0","13","60","46","21","32","0","13","46","44","44","40","43","36","14","12","44","39","65","54","24","41",
"1500000US250173107002","Block Group 2, Census Tract 3107, Middlesex County, Massachusetts","169","84","33","39","24","36","0","13","32","39","23","37","0","13","0","13","0","13","0","13","19","31","8","16","30","28","0","13","0","13","0","13","0","13",
"1500000US250173107003","Block Group 3, Census Tract 3107, Middlesex County, Massachusetts","613","130","48","45","56","49","51","82","73","60","0","13","14","22","11","18","15","16","0","13","47","31","79","58","107","49","18","18","43","43","11","19","40","34",
"1500000US250173111001","Block Group 1, Census Tract 3111, Middlesex County, Massachusetts","359","145","16","20","5","9","18","21","20","21","12","21","0","13","22","23","0","13","9","12","32","26","8","13","21","28","149","140","2","7","18","27","27","25",
"1500000US250173111002","Block Group 2, Census Tract 3111, Middlesex County, Massachusetts","653","107","37","27","34","35","34","26","9","15","20","21","13","15","32","21","64","49","28","29","29","34","64","34","115","66","46","29","16","17","56","43","56","33",
"1500000US250173112001","Block Group 1, Census Tract 3112, Middlesex County, Massachusetts","684","239","24","22","254","224","36","43","21","26","49","50","0","13","90","64","36","41","0","13","37","43","55","47","72","93","0","13","10","15","0","13","0","13",
"1500000US250173112002","Block Group 2, Census Tract 3112, Middlesex County, Massachusetts","625","174","40","47","17","26","8","12","33","29","43","66","0","13","138","140","31","34","0","13","0","13","91","82","88","50","45","37","0","13","32","39","59","53",
"1500000US250173113001","Block Group 1, Census Tract 3113, Middlesex County, Massachusetts","300","83","40","43","0","13","0","13","50","53","19","22","24","30","0","13","11","20","0","13","0","13","43","30","62","46","51","32","0","13","0","13","0","13",
"1500000US250173113002","Block Group 2, Census Tract 3113, Middlesex County, Massachusetts","500","115","11","18","22","22","28","35","0","13","6","10","52","59","0","13","12","19","41","40","55","62","58","45","43","37","60","48","34","41","42","40","36","34",
"1500000US250173113003","Block Group 3, Census Tract 3113, Middlesex County, Massachusetts","624","154","0","13","34","44","51","70","7","12","28","41","0","13","0","13","31","50","39","40","34","50","76","54","207","130","5","9","0","13","61","57","51","43",
"1500000US250173114001","Block Group 1, Census Tract 3114, Middlesex County, Massachusetts","388","119","23","27","0","13","0","13","18","31","42","68","12","19","11","19","50","56","0","13","21","34","0","13","108","99","46","55","32","34","25","32","0","13",
"1500000US250173114002","Block Group 2, Census Tract 3114, Middlesex County, Massachusetts","189","62","7","11","0","13","0","13","0","13","0","13","0","13","0","13","0","13","0","13","0","13","22","35","54","57","10","17","29","38","0","13","67","68",
"1500000US250173114003","Block Group 3, Census Tract 3114, Middlesex County, Massachusetts","851","190","28","32","76","82","51","84","93","90","0","13","30","34","61","57","73","77","22","44","0","13","43","53","196","108","43","42","53","58","82","87","0","13",
"1500000US250173114004","Block Group 4, Census Tract 3114, Middlesex County, Massachusetts","1117","323","33","40","44","52","19","29","64","51","24","28","110","76","12","22","80","74","12","20","65","55","68","71","201","148","136","121","45","52","204","315","0","13",
"1500000US250173115001","Block Group 1, Census Tract 3115, Middlesex County, Massachusetts","234","92","21","33","14","22","0","13","0","13","0","13","0","13","0","13","0","13","0","13","0","13","62","76","26","30","27","33","32","29","31","36","21","33",
"1500000US250173115002","Block Group 2, Census Tract 3115, Middlesex County, Massachusetts","410","108","28","45","16","26","0","13","10","18","56","70","36","45","8","12","0","13","0","13","2","8","41","41","41","43","10","16","72","41","70","54","20","28",
"1500000US250173115003","Block Group 3, Census Tract 3115, Middlesex County, Massachusetts","450","167","0","13","6","10","0","13","16","24","0","13","11","17","48","49","6","11","0","13","60","52","57","52","47","45","6","9","22","37","106","154","65","46",
"1500000US250173116001","Block Group 1, Census Tract 3116, Middlesex County, Massachusetts","518","206","0","13","12","19","0","13","12","19","19","23","9","14","10","16","10","15","10","16","8","13","69","64","18","22","93","62","18","21","51","35","179","198",
"1500000US250173116002","Block Group 2, Census Tract 3116, Middlesex County, Massachusetts","413","98","0","13","10","21","24","29","21","23","9","15","29","40","7","12","36","44","0","13","10","15","46","40","97","52","19","19","27","33","54","39","24","23",
"1500000US250173116003","Block Group 3, Census Tract 3116, Middlesex County, Massachusetts","239","80","10","16","0","13","9","14","0","13","0","13","39","49","10","16","26","41","0","13","17","19","23","33","31","23","19","26","7","11","17","19","31","40",
"1500000US250173116004","Block Group 4, Census Tract 3116, Middlesex County, Massachusetts","339","104","34","55","20","24","9","14","21","32","0","13","32","49","0","13","0","13","43","54","0","13","84","80","44","57","9","15","28","34","5","9","10","15",
"1500000US250173116005","Block Group 5, Census Tract 3116, Middlesex County, Massachusetts","317","115","25","40","0","13","0","13","9","16","11","17","13","24","8","12","28","41","0","13","9","14","41","47","29","40","101","99","20","25","10","16","13","14",
"1500000US250173117001","Block Group 1, Census Tract 3117, Middlesex County, Massachusetts","386","129","0","13","0","13","0","13","51","35","0","13","9","15","11","17","19","23","33","48","70","110","0","13","86","58","6","18","96","42","5","10","0","13",
"1500000US250173117002","Block Group 2, Census Tract 3117, Middlesex County, Massachusetts","361","97","14","21","0","13","34","43","0","13","9","14","28","41","6","10","0","13","13","20","48","47","12","16","63","49","56","57","57","40","21","25","0","13",
"1500000US250173117003","Block Group 3, Census Tract 3117, Middlesex County, Massachusetts","251","96","16","26","18","28","9","15","25","37","0","13","8","14","0","13","0","13","10","15","0","13","10","17","91","73","12","17","0","13","36","45","16","25",
"1500000US250173117004","Block Group 4, Census Tract 3117, Middlesex County, Massachusetts","547","109","32","33","0","13","0","13","0","13","0","13","31","32","3","8","0","13","13","23","51","59","39","35","180","94","95","71","14","16","20","33","69","53",
"1500000US250173118001","Block Group 1, Census Tract 3118, Middlesex County, Massachusetts","458","135","0","13","80","71","9","15","17","26","14","21","33","51","0","13","69","75","31","37","3","10","33","38","29","30","67","73","0","13","33","46","40","37",
"1500000US250173118002","Block Group 2, Census Tract 3118, Middlesex County, Massachusetts","554","148","35","45","29","39","4","6","108","64","0","13","14","24","12","19","17","28","24","27","47","48","86","89","89","85","20","31","33","42","13","24","23","27",
"1500000US250173119001","Block Group 1, Census Tract 3119, Middlesex County, Massachusetts","534","189","23","26","28","33","52","53","22","36","19","24","43","45","13","21","0","13","9","14","8","15","216","173","45","49","33","31","20","22","0","13","3","6",
"1500000US250173119002","Block Group 2, Census Tract 3119, Middlesex County, Massachusetts","707","164","233","120","159","88","39","39","39","47","5","8","37","36","61","73","10","17","6","10","35","33","24","23","39","35","9","16","11","18","0","13","0","13",
"1500000US250173120001","Block Group 1, Census Tract 3120, Middlesex County, Massachusetts","416","100","57","38","52","62","45","38","5","7","0","13","9","16","7","11","60","51","14","12","0","13","56","44","45","26","49","52","0","13","17","19","0","13",
"1500000US250173120002","Block Group 2, Census Tract 3120, Middlesex County, Massachusetts","504","123","59","41","8","9","6","9","29","39","37","32","13","15","34","32","37","38","0","13","13","14","36","27","124","88","34","25","13","21","5","7","56","37",
"1500000US250173121001","Block Group 1, Census Tract 3121, Middlesex County, Massachusetts","521","123","73","65","76","52","61","46","9","13","0","13","17","18","0","13","0","13","56","56","17","20","28","36","114","97","48","51","0","13","22","42","0","13",
"1500000US250173121002","Block Group 2, Census Tract 3121, Middlesex County, Massachusetts","226","79","29","37","18","28","0","13","0","13","0","13","0","13","26","43","0","13","26","40","0","13","0","13","76","65","9","16","16","20","26","30","0","13",
"1500000US250173121003","Block Group 3, Census Tract 3121, Middlesex County, Massachusetts","385","104","17","19","17","19","0","13","18","28","0","13","0","13","81","56","0","13","0","13","25","40","69","49","90","80","27","37","27","42","14","19","0","13",
"1500000US250173122001","Block Group 1, Census Tract 3122, Middlesex County, Massachusetts","831","186","16","27","27","31","45","53","80","86","43","51","38","30","8","14","9","14","46","45","139","125","71","44","136","87","31","30","59","46","23","25","60","67",
"1500000US250173122002","Block Group 2, Census Tract 3122, Middlesex County, Massachusetts","280","88","37","52","0","13","35","50","0","13","0","13","0","13","0","13","11","17","0","13","9","15","35","43","38","45","75","56","17","20","12","22","11","16",
"1500000US250173122003","Block Group 3, Census Tract 3122, Middlesex County, Massachusetts","339","112","13","22","20","22","0","13","0","13","0","13","36","54","0","13","42","61","0","13","45","36","20","22","30","38","82","84","8","16","43","51","0","13",
"1500000US250173122004","Block Group 4, Census Tract 3122, Middlesex County, Massachusetts","311","67","5","16","15","22","9","14","9","13","28","27","10","17","0","13","0","13","43","50","0","13","39","27","64","49","42","45","47","40","0","13","0","13",
"1500000US250173123001","Block Group 1, Census Tract 3123, Middlesex County, Massachusetts","554","167","0","13","0","13","9","16","0","13","0","13","0","13","24","41","0","13","21","29","11","26","0","13","202","144","184","101","33","38","25","35","45","64",
"1500000US250173123002","Block Group 2, Census Tract 3123, Middlesex County, Massachusetts","580","161","18","30","72","92","25","50","0","13","16","26","0","13","0","13","51","73","9","17","72","83","10","21","75","65","106","81","41","50","72","75","13","24",
"1500000US250173123003","Block Group 3, Census Tract 3123, Middlesex County, Massachusetts","843","193","0","13","21","34","0","13","27","36","21","35","0","13","0","13","20","36","20","32","88","88","231","138","175","124","70","54","89","118","81","60","0","13",
"1500000US250173124001","Block Group 1, Census Tract 3124, Middlesex County, Massachusetts","361","104","56","34","58","29","42","31","61","34","64","87","6","9","7","9","27","30","0","13","0","13","17","19","12","13","0","13","11","16","0","13","0","13",
"1500000US250173124002","Block Group 2, Census Tract 3124, Middlesex County, Massachusetts","627","87","17","18","43","39","8","10","36","24","32","25","45","38","71","45","21","17","6","9","71","47","60","35","48","29","79","51","61","50","29","25","0","13",
"1500000US250173125011","Block Group 1, Census Tract 3125.01, Middlesex County, Massachusetts","797","141","28","41","9","15","24","23","21","25","19","21","17","21","7","11","16","17","42","40","24","22","86","49","97","61","72","43","52","45","142","62","141","113",
"1500000US250173125012","Block Group 2, Census Tract 3125.01, Middlesex County, Massachusetts","214","62","7","11","23","26","22","23","0","13","0","13","0","13","0","13","0","13","8","13","9","13","0","13","49","42","0","13","18","20","6","11","72","46",
"1500000US250173125013","Block Group 3, Census Tract 3125.01, Middlesex County, Massachusetts","780","146","59","39","17","16","9","14","0","13","34","35","31","29","34","43","30","44","9","15","59","52","35","40","132","69","148","109","21","20","89","57","73","47",
"1500000US250173125021","Block Group 1, Census Tract 3125.02, Middlesex County, Massachusetts","842","200","15","18","8","13","83","91","58","37","15","18","39","52","29","27","29","36","32","39","17","18","58","35","94","60","124","73","68","41","15","17","158","128",
"1500000US250173125022","Block Group 2, Census Tract 3125.02, Middlesex County, Massachusetts","259","69","10","15","0","13","0","13","0","13","0","13","9","13","32","45","0","13","0","13","10","15","35","26","9","14","42","30","18","20","69","53","25","28",
"1500000US250173125023","Block Group 3, Census Tract 3125.02, Middlesex County, Massachusetts","458","85","10","15","0","13","0","13","50","56","11","17","6","10","0","13","29","47","9","14","14","16","25","23","56","48","70","60","49","32","98","46","31","27",
"1500000US250173131011","Block Group 1, Census Tract 3131.01, Middlesex County, Massachusetts","932","202","66","70","70","79","59","73","87","68","26","40","45","66","0","13","0","13","0","13","42","45","68","58","90","66","57","54","19","30","170","110","133","106",
"1500000US250173131012","Block Group 2, Census Tract 3131.01, Middlesex County, Massachusetts","898","180","0","13","0","13","20","33","0","13","22","32","0","13","28","45","0","13","18","28","31","35","45","52","47","43","90","57","156","113","202","139","239","119",
"1500000US250173131013","Block Group 3, Census Tract 3131.01, Middlesex County, Massachusetts","449","172","0","13","0","13","0","13","6","11","0","13","0","13","0","13","46","71","0","13","9","18","0","13","51","47","0","13","70","110","111","77","156","138",
"1500000US250173131021","Block Group 1, Census Tract 3131.02, Middlesex County, Massachusetts","277","85","0","13","11","19","0","13","0","13","12","21","18","29","7","13","28","34","0","13","0","13","14","22","18","30","42","38","41","49","68","71","18","31",
"1500000US250173131022","Block Group 2, Census Tract 3131.02, Middlesex County, Massachusetts","422","165","0","13","0","13","31","48","0","13","0","13","18","28","0","13","38","54","0","13","25","21","83","58","153","131","0","13","37","44","37","54","0","13",
"1500000US250173131023","Block Group 3, Census Tract 3131.02, Middlesex County, Massachusetts","712","156","43","68","0","13","80","82","28","33","11","18","21","25","23","29","24","38","13","21","20","31","26","30","35","39","126","79","82","65","65","59","115","63",
"1500000US250173131024","Block Group 4, Census Tract 3131.02, Middlesex County, Massachusetts","463","137","0","13","0","13","39","62","0","13","0","13","13","21","0","13","0","13","0","13","0","13","22","29","99","72","55","54","57","51","71","77","107","68",
"1500000US250173141011","Block Group 1, Census Tract 3141.01, Middlesex County, Massachusetts","599","156","0","13","45","48","9","15","27","31","0","13","0","13","12","20","18","28","0","13","18","28","55","56","164","138","149","115","0","13","64","55","38","44",
"1500000US250173141012","Block Group 2, Census Tract 3141.01, Middlesex County, Massachusetts","729","196","0","13","16","25","27","40","13","21","64","80","20","33","0","13","10","16","0","13","57","60","30","47","35","37","98","70","124","89","235","165","0","13",
"1500000US250173141013","Block Group 3, Census Tract 3141.01, Middlesex County, Massachusetts","1107","183","71","57","18","27","25","28","29","35","38","32","32","37","27","32","0","13","55","52","65","64","84","67","261","176","135","72","140","85","47","49","80","64",
"1500000US250173141021","Block Group 1, Census Tract 3141.02, Middlesex County, Massachusetts","518","143","18","29","0","13","0","13","0","13","34","37","16","26","0","13","18","28","18","28","93","98","0","13","124","100","24","36","96","88","77","64","0","13",
"1500000US250173141022","Block Group 2, Census Tract 3141.02, Middlesex County, Massachusetts","731","171","15","24","31","37","53","69","14","24","44","67","56","56","98","96","0","13","15","23","25","28","40","65","76","79","107","85","88","62","69","53","0","13",
"1500000US250173141023","Block Group 3, Census Tract 3141.02, Middlesex County, Massachusetts","672","180","0","13","27","31","40","63","15","24","14","23","142","131","0","13","14","23","0","13","42","36","17","27","52","46","174","127","69","69","52","69","14","22",
"1500000US250173141024","Block Group 4, Census Tract 3141.02, Middlesex County, Massachusetts","468","118","0","13","17","28","0","13","0","13","33","27","0","13","0","13","17","28","0","13","0","13","36","42","75","61","94","84","50","53","17","28","129","76",
"1500000US250173141025","Block Group 5, Census Tract 3141.02, Middlesex County, Massachusetts","702","415","56","88","0","13","0","13","0","13","0","13","0","13","16","27","18","28","0","13","306","402","0","13","33","38","11","18","148","78","53","43","61","76",
"1500000US250173142001","Block Group 1, Census Tract 3142, Middlesex County, Massachusetts","462","131","0","13","43","49","21","35","17","28","83","87","0","13","30","38","0","13","19","31","31","36","35","42","61","53","39","46","26","30","57","62","0","13",
"1500000US250173142002","Block Group 2, Census Tract 3142, Middlesex County, Massachusetts","549","113","0","13","16","26","73","50","0","13","0","13","0","13","20","32","16","26","20","32","16","26","116","84","53","53","72","60","95","75","52","46","0","13",
"1500000US250173142003","Block Group 3, Census Tract 3142, Middlesex County, Massachusetts","838","209","17","26","0","13","17","27","17","29","110","152","47","40","27","40","12","20","0","13","34","40","109","99","48","49","78","85","67","62","83","80","172","89",
"1500000US250173143011","Block Group 1, Census Tract 3143.01, Middlesex County, Massachusetts","842","208","16","27","0","13","0","13","17","23","0","13","28","44","139","156","105","125","42","64","53","60","13","22","90","74","56","47","81","46","101","61","101","82",
"1500000US250173143012","Block Group 2, Census Tract 3143.01, Middlesex County, Massachusetts","266","116","0","13","0","13","0","13","0","13","74","78","0","13","64","83","0","13","0","13","44","70","0","13","34","29","13","27","0","13","37","63","0","13",
"1500000US250173143013","Block Group 3, Census Tract 3143.01, Middlesex County, Massachusetts","743","144","0","13","15","25","0","13","0","13","0","13","39","64","36","44","34","41","0","13","46","46","45","46","33","39","129","81","122","82","152","94","92","59",
"1500000US250173143014","Block Group 4, Census Tract 3143.01, Middlesex County, Massachusetts","599","147","0","13","15","24","0","13","24","33","0","13","0","13","0","13","0","13","21","34","36","43","125","91","155","121","85","58","9","16","48","56","81","64",
"1500000US250173143015","Block Group 5, Census Tract 3143.01, Middlesex County, Massachusetts","868","238","43","67","44","41","65","54","0","13","49","76","80","76","14","22","73","76","0","13","34","41","29","34","14","22","62","60","278","186","37","42","46","47",
"1500000US250173143021","Block Group 1, Census Tract 3143.02, Middlesex County, Massachusetts","490","74","7","9","0","13","0","13","0","13","36","37","0","13","0","13","0","13","0","13","36","34","27","23","43","22","119","55","88","48","54","30","80","38",
"1500000US250173143022","Block Group 2, Census Tract 3143.02, Middlesex County, Massachusetts","541","80","11","13","13","15","0","13","5","8","0","13","31","38","5","11","0","13","5","9","17","26","0","13","61","60","86","34","57","31","138","86","112","36",
"1500000US250173151001","Block Group 1, Census Tract 3151, Middlesex County, Massachusetts","911","141","35","33","0","13","7","11","21","30","69","105","0","13","11","17","0","13","9","15","46","39","42","33","124","56","148","69","146","70","166","82","87","56",
"1500000US250173151002","Block Group 2, Census Tract 3151, Middlesex County, Massachusetts","1037","158","9","14","8","13","8","14","51","50","20","23","0","13","22","22","9","14","12","15","28","44","149","69","54","35","103","50","150","97","252","143","162","98",
"1500000US250173152001","Block Group 1, Census Tract 3152, Middlesex County, Massachusetts","929","243","11","19","71","96","64","103","0","13","47","55","0","13","7","11","134","178","0","13","36","38","16","23","93","67","119","79","86","70","124","105","121","98",
"1500000US250173152002","Block Group 2, Census Tract 3152, Middlesex County, Massachusetts","1463","212","123","101","0","13","34","53","18","29","0","13","38","44","16","26","63","85","0","13","80","58","133","117","129","72","239","120","135","69","168","104","287","183",
"1500000US250173152003","Block Group 3, Census Tract 3152, Middlesex County, Massachusetts","505","124","13","22","0","13","0","13","18","30","35","29","18","29","16","25","0","13","21","31","0","13","29","35","55","39","117","85","58","51","41","43","84","62",
"1500000US250173152004","Block Group 4, Census Tract 3152, Middlesex County, Massachusetts","683","185","0","13","50","81","64","98","18","30","0","13","0","13","0","13","9","15","0","13","73","59","46","44","106","94","45","47","104","96","24","28","144","100",
"1500000US250173154011","Block Group 1, Census Tract 3154.01, Middlesex County, Massachusetts","905","113","0","13","0","13","14","17","40","31","0","13","25","23","29","27","36","28","7","11","93","63","80","49","178","102","145","73","74","45","130","69","54","38",
"1500000US250173154012","Block Group 2, Census Tract 3154.01, Middlesex County, Massachusetts","704","111","10","16","45","46","93","55","12","18","35","33","21","24","44","35","21","24","32","49","23","28","104","70","95","51","67","51","39","32","63","46","0","13",
"1500000US250173154021","Block Group 1, Census Tract 3154.02, Middlesex County, Massachusetts","561","113","6","10","0","13","5","9","0","13","0","13","0","13","0","13","19","17","0","13","4","7","7","10","168","109","94","49","61","38","112","51","85","43",
"1500000US250173154022","Block Group 2, Census Tract 3154.02, Middlesex County, Massachusetts","724","114","5","9","0","13","5","9","0","13","29","25","18","27","22","28","43","38","0","13","41","39","76","80","94","52","116","51","82","40","89","35","104","50",
"1500000US250173154031","Block Group 1, Census Tract 3154.03, Middlesex County, Massachusetts","239","39","0","13","0","13","9","10","13","20","0","13","0","13","0","13","0","13","5","7","12","17","15","13","19","16","26","16","70","28","22","23","48","33",
"1500000US250173154032","Block Group 2, Census Tract 3154.03, Middlesex County, Massachusetts","292","54","14","22","0","13","14","22","6","10","0","13","0","13","0","13","27","28","0","13","14","13","21","17","52","35","40","26","25","17","47","26","32","18",
"1500000US250173155001","Block Group 1, Census Tract 3155, Middlesex County, Massachusetts","514","143","0","13","20","31","0","13","0","13","20","34","22","36","0","13","0","13","0","13","101","87","30","39","27","26","156","102","54","47","66","72","18","30",
"1500000US250173155002","Block Group 2, Census Tract 3155, Middlesex County, Massachusetts","479","173","0","13","0","13","0","13","0","13","0","13","136","175","15","25","0","13","51","58","17","26","13","21","25","38","27","29","84","60","48","44","63","47",
"1500000US250173155003","Block Group 3, Census Tract 3155, Middlesex County, Massachusetts","292","114","0","13","10","19","0","13","0","13","0","13","0","13","9","15","0","13","0","13","0","13","37","53","123","112","11","17","19","23","50","49","33","36",
"1500000US250173155004","Block Group 4, Census Tract 3155, Middlesex County, Massachusetts","685","152","0","13","5","9","0","13","19","30","20","32","20","32","10","18","7","25","0","13","54","60","34","52","69","56","102","80","102","73","185","129","58","51",
"1500000US250173155005","Block Group 5, Census Tract 3155, Middlesex County, Massachusetts","1002","183","20","31","20","32","46","62","22","36","0","13","20","33","60","97","21","33","65","108","76","65","42","41","89","69","110","77","109","71","167","91","135","76",
"1500000US250173161011","Block Group 1, Census Tract 3161.01, Middlesex County, Massachusetts","505","65","0","13","10","15","0","13","18","28","0","13","0","13","8","13","6","11","0","13","8","13","61","42","38","34","37","30","108","60","108","42","103","47",
"1500000US250173161012","Block Group 2, Census Tract 3161.01, Middlesex County, Massachusetts","418","71","0","13","9","15","0","13","10","15","0","13","0","13","8","13","4","9","39","38","0","13","59","46","50","34","99","45","23","25","71","53","46","31",
"1500000US250173161013","Block Group 3, Census Tract 3161.01, Middlesex County, Massachusetts","696","132","36","40","10","15","30","43","42","70","10","15","0","13","18","20","41","33","16","18","11","18","0","13","84","41","50","34","117","55","125","54","106","82",
"1500000US250173161021","Block Group 1, Census Tract 3161.02, Middlesex County, Massachusetts","546","121","0","13","18","30","0","13","19","31","35","40","0","13","0","13","29","34","13","21","0","13","38","46","0","13","50","50","125","92","172","98","47","42",
"1500000US250173161022","Block Group 2, Census Tract 3161.02, Middlesex County, Massachusetts","896","178","0","13","0","13","28","25","0","13","9","15","14","23","0","13","0","13","14","21","99","84","66","71","169","116","46","44","132","91","243","158","76","64",
"1500000US250173161023","Block Group 3, Census Tract 3161.02, Middlesex County, Massachusetts","563","328","23","28","0","13","14","24","0","13","0","13","14","23","0","13","0","13","0","13","12","19","0","13","79","70","72","95","236","346","94","61","19","22",
"1500000US250173161024","Block Group 4, Census Tract 3161.02, Middlesex County, Massachusetts","493","184","13","20","7","12","82","72","12","19","0","13","0","13","0","13","14","21","23","30","0","13","67","88","38","45","9","20","120","164","92","63","16","28",
"1500000US250173162011","Block Group 1, Census Tract 3162.01, Middlesex County, Massachusetts","415","115","0","13","9","15","0","13","0","13","10","16","8","13","0","13","0","13","11","18","50","42","125","119","31","25","10","16","42","31","74","51","45","32",
"1500000US250173162012","Block Group 2, Census Tract 3162.01, Middlesex County, Massachusetts","749","135","0","13","10","15","28","40","0","13","10","16","0","13","22","36","0","13","9","15","20","22","40","33","128","63","128","61","65","50","96","80","193","98",
"1500000US250173162013","Block Group 3, Census Tract 3162.01, Middlesex County, Massachusetts","412","140","11","17","0","13","0","13","0","13","14","21","18","20","0","13","26","36","0","13","21","22","50","47","80","45","3","5","62","48","39","26","88","124",
"1500000US250173162021","Block Group 1, Census Tract 3162.02, Middlesex County, Massachusetts","413","77","19","28","0","13","8","12","6","9","5","10","0","13","0","13","0","13","0","13","0","13","45","50","81","49","86","54","61","39","69","38","33","27",
"1500000US250173162022","Block Group 2, Census Tract 3162.02, Middlesex County, Massachusetts","618","80","0","13","25","22","9","13","30","27","0","13","42","45","9","14","20","22","9","15","65","44","11","18","54","37","43","32","45","34","93","47","163","72",
"1500000US250173162023","Block Group 3, Census Tract 3162.02, Middlesex County, Massachusetts","293","55","0","13","6","12","16","18","0","13","0","13","21","29","8","13","0","13","0","13","0","13","47","34","19","24","83","49","26","24","48","38","19","16",
"1500000US250173163001","Block Group 1, Census Tract 3163, Middlesex County, Massachusetts","1689","284","63","56","104","115","71","72","49","46","19","29","77","97","10","17","102","117","88","62","51","81","51","59","322","191","259","168","205","150","82","93","136","105",
"1500000US250173163002","Block Group 2, Census Tract 3163, Middlesex County, Massachusetts","299","164","0","13","0","13","0","13","0","13","0","13","0","13","0","13","0","13","0","13","0","13","0","13","0","13","0","13","122","159","74","69","103","69",
"1500000US250173163003","Block Group 3, Census Tract 3163, Middlesex County, Massachusetts","533","260","15","24","0","13","0","13","18","29","0","13","15","24","169","256","0","13","0","13","49","80","0","13","0","13","98","78","24","27","86","72","59","43",
"1500000US250173163004","Block Group 4, Census Tract 3163, Middlesex County, Massachusetts","849","250","15","24","15","25","0","13","17","28","0","13","0","13","17","28","28","36","14","22","50","28","38","42","189","151","62","51","162","126","178","164","64","51",
"1500000US250173163005","Block Group 5, Census Tract 3163, Middlesex County, Massachusetts","444","124","0","13","0","13","0","13","0","13","0","13","0","13","0","13","44","69","0","13","0","13","48","56","31","26","49","36","94","82","149","85","29","34",
"1500000US250173164001","Block Group 1, Census Tract 3164, Middlesex County, Massachusetts","366","104","0","13","19","30","0","13","0","13","6","12","60","52","19","21","12","19","20","31","13","20","46","62","36","35","26","37","0","13","50","41","59","51",
"1500000US250173164002","Block Group 2, Census Tract 3164, Middlesex County, Massachusetts","381","136","0","13","0","13","0","13","9","16","0","13","0","13","0","13","0","13","0","13","30","30","33","27","17","19","69","58","18","27","157","143","48","35",
"1500000US250173164003","Block Group 3, Census Tract 3164, Middlesex County, Massachusetts","354","73","0","13","6","10","14","21","0","13","0","13","0","13","18","21","0","13","12","19","12","18","19","23","48","50","79","55","61","45","64","52","21","24",
"1500000US250173164004","Block Group 4, Census Tract 3164, Middlesex County, Massachusetts","623","123","0","13","8","13","0","13","0","13","0","13","0","13","0","13","0","13","12","20","26","28","79","61","49","43","101","77","161","101","112","62","75","38",
"1500000US250173164005","Block Group 5, Census Tract 3164, Middlesex County, Massachusetts","639","226","12","19","0","13","0","13","0","13","0","13","0","13","26","28","12","18","26","40","91","87","10","17","90","50","186","241","55","37","38","34","93","51",
"1500000US250173164006","Block Group 6, Census Tract 3164, Middlesex County, Massachusetts","0","13","0","13","0","13","0","13","0","13","0","13","0","13","0","13","0","13","0","13","0","13","0","13","0","13","0","13","0","13","0","13","0","13",
"1500000US250173165001","Block Group 1, Census Tract 3165, Middlesex County, Massachusetts","685","160","56","56","0","13","0","13","33","38","19","34","0","13","60","74","15","27","14","22","0","13","58","51","58","48","131","92","113","85","45","51","83","57",
"1500000US250173165002","Block Group 2, Census Tract 3165, Middlesex County, Massachusetts","252","81","7","21","0","13","18","28","20","31","0","13","0","13","0","13","0","13","0","13","0","13","106","63","14","25","49","54","0","13","0","13","38","37",
"1500000US250173165003","Block Group 3, Census Tract 3165, Middlesex County, Massachusetts","707","268","14","22","10","18","15","25","17","28","0","13","18","29","0","13","0","13","69","83","39","45","13","20","172","98","29","38","32","32","237","241","42","42",
"1500000US250173165004","Block Group 4, Census Tract 3165, Middlesex County, Massachusetts","343","122","19","30","0","13","17","27","0","13","0","13","32","51","0","13","0","13","0","13","19","30","45","49","116","97","37","38","0","13","40","46","18","27",
"1500000US250173165005","Block Group 5, Census Tract 3165, Middlesex County, Massachusetts","318","135","0","13","0","13","0","13","0","13","23","39","13","20","0","13","0","13","0","13","42","49","33","37","13","22","65","82","15","24","52","49","62","51",
"1500000US250173171011","Block Group 1, Census Tract 3171.01, Middlesex County, Massachusetts","672","196","0","13","0","13","0","13","0","13","18","29","0","13","0","13","20","31","0","13","26","36","27","32","172","144","132","73","122","92","54","44","101","140",
"1500000US250173171012","Block Group 2, Census Tract 3171.01, Middlesex County, Massachusetts","1001","204","66","59","88","145","51","81","15","26","29","45","77","77","0","13","0","13","71","92","43","43","57","48","133","70","19","30","58","50","182","86","112","86",
"1500000US250173171013","Block Group 3, Census Tract 3171.01, Middlesex County, Massachusetts","748","160","58","89","24","29","0","13","16","25","31","39","85","89","45","70","0","13","0","13","36","57","28","34","107","69","134","73","11","20","65","56","108","75",
"1500000US250173171014","Block Group 4, Census Tract 3171.01, Middlesex County, Massachusetts","527","150","0","13","0","13","0","13","0","13","0","13","44","50","0","13","15","25","18","29","0","13","29","32","106","103","37","35","22","28","157","98","99","65",
"1500000US250173171021","Block Group 1, Census Tract 3171.02, Middlesex County, Massachusetts","534","81","0","13","25","40","0","13","9","14","0","13","0","13","25","37","8","14","0","13","2","4","60","54","93","47","92","42","37","29","55","34","128","62",
"1500000US250173171022","Block Group 2, Census Tract 3171.02, Middlesex County, Massachusetts","346","63","0","13","23","35","0","13","0","13","9","17","0","13","0","13","10","15","9","14","0","13","0","13","57","42","43","37","111","51","44","31","40","33",
"1500000US250173171023","Block Group 3, Census Tract 3171.02, Middlesex County, Massachusetts","649","164","0","13","0","13","0","13","0","13","35","42","9","14","16","19","9","15","9","14","13","17","53","43","153","156","54","35","77","54","75","51","146","57",
"1500000US250173171031","Block Group 1, Census Tract 3171.03, Middlesex County, Massachusetts","582","73","33","36","0","13","9","13","30","29","0","13","6","9","0","13","8","12","15","18","18","15","33","24","55","33","53","30","47","35","61","35","214","77",
"1500000US250173171032","Block Group 2, Census Tract 3171.03, Middlesex County, Massachusetts","723","142","0","13","8","12","16","17","16","17","61","82","7","12","8","13","70","92","25","25","0","13","73","38","63","46","27","27","27","24","119","49","203","60",
"1500000US250173171033","Block Group 3, Census Tract 3171.03, Middlesex County, Massachusetts","370","70","5","8","0","13","0","13","0","13","0","13","0","13","0","13","0","13","0","13","8","14","47","49","33","32","24","22","37","29","85","45","131","78",
"1500000US250173172011","Block Group 1, Census Tract 3172.01, Middlesex County, Massachusetts","417","55","0","13","0","13","0","13","0","13","0","13","9","16","36","41","0","13","7","11","9","14","9","16","13","18","66","36","40","26","81","40","147","58",
"1500000US250173172012","Block Group 2, Census Tract 3172.01, Middlesex County, Massachusetts","469","64","0","13","43","54","0","13","4","6","9","13","0","13","0","13","9","14","10","15","33","35","5","7","24","23","43","30","22","16","98","40","169","66",
"1500000US250173172021","Block Group 1, Census Tract 3172.02, Middlesex County, Massachusetts","627","151","16","27","0","13","0","13","0","13","0","13","0","13","9","14","6","12","11","18","13","15","18","20","114","62","48","42","65","47","86","44","241","154",
"1500000US250173172022","Block Group 2, Census Tract 3172.02, Middlesex County, Massachusetts","720","152","7","11","5","9","0","13","8","12","16","17","19","19","9","13","0","13","14","16","50","42","0","13","63","35","26","19","220","156","108","52","175","55",
"1500000US250173172031","Block Group 1, Census Tract 3172.03, Middlesex County, Massachusetts","243","49","7","12","0","13","0","13","9","13","5","8","0","13","0","13","0","13","0","13","0","13","15","17","15","18","30","27","27","28","91","41","44","28",
"1500000US250173172032","Block Group 2, Census Tract 3172.03, Middlesex County, Massachusetts","820","97","0","13","63","59","44","46","0","13","33","27","12","15","7","13","17","18","0","13","9","16","33","27","96","49","116","58","106","58","211","86","73","44",
"1500000US250173172033","Block Group 3, Census Tract 3172.03, Middlesex County, Massachusetts","361","86","19","20","0","13","65","39","0","13","8","15","8","14","0","13","0","13","8","13","0","13","37","24","9","14","29","20","30","28","66","57","82","64",
"1500000US250173173011","Block Group 1, Census Tract 3173.01, Middlesex County, Massachusetts","845","128","29","34","11","18","0","13","12","19","8","12","72","50","0","13","0","13","25","29","84","48","59","36","77","46","60","40","54","35","240","118","114","51",
"1500000US250173173012","Block Group 2, Census Tract 3173.01, Middlesex County, Massachusetts","259","105","6","10","0","13","17","20","0","13","0","13","0","13","0","13","11","18","8","12","21","32","54","42","27","26","5","9","92","91","18","23","0","13",
"1500000US250173173021","Block Group 1, Census Tract 3173.02, Middlesex County, Massachusetts","619","107","48","44","0","13","0","13","58","78","36","39","0","13","12","20","0","13","0","13","77","57","76","80","13","20","96","89","24","33","74","54","105","80",
"1500000US250173173022","Block Group 2, Census Tract 3173.02, Middlesex County, Massachusetts","434","93","0","13","0","13","15","25","16","24","0","13","25","29","0","13","13","24","0","13","0","13","31","33","138","67","103","73","51","38","14","24","28","31",
"1500000US250173173023","Block Group 3, Census Tract 3173.02, Middlesex County, Massachusetts","444","240","18","29","0","13","0","13","0","13","31","37","0","13","0","13","0","13","20","31","18","29","44","43","16","26","15","26","189","232","19","17","74","44",
"1500000US250173173024","Block Group 4, Census Tract 3173.02, Middlesex County, Massachusetts","861","163","17","28","63","73","19","30","40","43","37","41","0","13","0","13","11","19","0","13","58","76","82","60","52","51","243","107","76","67","96","83","67","51",
"1500000US250173181001","Block Group 1, Census Tract 3181, Middlesex County, Massachusetts","869","174","0","13","0","13","15","25","113","156","0","13","0","13","16","24","0","13","0","13","50","39","0","13","39","43","65","53","62","64","279","108","230","94",
"1500000US250173181002","Block Group 2, Census Tract 3181, Middlesex County, Massachusetts","313","101","0","13","0","13","0","13","55","51","41","65","0","13","0","13","0","13","0","13","57","91","13","20","32","27","16","26","10","15","38","31","51","36",
"1500000US250173181003","Block Group 3, Census Tract 3181, Middlesex County, Massachusetts","507","94","0","13","54","76","17","28","10","17","0","13","0","13","11","16","0","13","0","13","53","49","40","37","65","71","52","50","31","37","120","69","54","44",
"1500000US250173181004","Block Group 4, Census Tract 3181, Middlesex County, Massachusetts","712","136","0","13","0","13","0","13","0","13","0","13","17","28","38","42","0","13","49","61","0","13","58","50","38","37","63","54","86","69","79","66","284","74",
"1500000US250173182001","Block Group 1, Census Tract 3182, Middlesex County, Massachusetts","1310","149","14","15","0","13","31","32","15","21","18","20","11","17","0","13","14","18","26","38","11","17","77","51","99","68","109","56","277","101","224","79","384","150",
"1500000US250173182002","Block Group 2, Census Tract 3182, Middlesex County, Massachusetts","558","119","38","62","9","15","11","18","18","21","22","22","34","42","0","13","0","13","0","13","34","35","51","40","92","76","70","42","37","30","59","37","83","51",
"1500000US250173183001","Block Group 1, Census Tract 3183, Middlesex County, Massachusetts","216","56","0","13","0","13","0","13","0","13","0","13","0","13","0","13","0","13","0","13","20","32","0","13","28","29","12","19","11","16","11","18","134","68",
"1500000US250173183002","Block Group 2, Census Tract 3183, Middlesex County, Massachusetts","1035","179","25","29","18","29","0","13","16","24","15","23","0","13","12","20","0","13","30","33","42","61","70","56","35","35","217","140","52","55","115","88","388","150",
"1500000US250173183003","Block Group 3, Census Tract 3183, Middlesex County, Massachusetts","497","96","0","13","0","13","0","13","0","13","0","13","0","13","0","13","0","13","0","13","0","13","18","29","37","42","75","71","18","30","117","75","232","82",
"1500000US250173183004","Block Group 4, Census Tract 3183, Middlesex County, Massachusetts","956","141","24","39","0","13","0","13","47","54","33","37","17","28","0","13","0","13","0","13","0","13","82","74","80","57","34","34","17","26","226","107","396","121",
"1500000US250173184001","Block Group 1, Census Tract 3184, Middlesex County, Massachusetts","849","148","0","13","0","13","8","12","0","13","14","17","7","11","0","13","20","22","0","13","16","20","32","28","69","36","111","76","107","94","160","60","305","91",
"1500000US250173184002","Block Group 2, Census Tract 3184, Middlesex County, Massachusetts","722","93","91","58","17","27","32","31","5","9","66","41","14","20","13","15","18","28","0","13","0","13","15","20","18","20","69","48","77","61","137","55","150","51",
"1500000US250173201021","Block Group 1, Census Tract 3201.02, Middlesex County, Massachusetts","331","78","0","13","0","13","13","22","0","13","0","13","0","13","0","13","0","13","0","13","20","32","0","13","53","49","26","24","0","13","27","27","192","62",
"1500000US250173201022","Block Group 2, Census Tract 3201.02, Middlesex County, Massachusetts","464","118","0","13","0","13","29","41","0","13","0","13","0","13","0","13","10","17","5","9","7","12","45","53","10","16","67","44","67","42","113","66","111","75",
"1500000US250173201023","Block Group 3, Census Tract 3201.02, Middlesex County, Massachusetts","606","115","30","34","0","13","0","13","0","13","0","13","7","11","0","13","32","50","19","23","0","13","0","13","85","65","20","23","7","10","165","94","241","74",
"1500000US250173201024","Block Group 4, Census Tract 3201.02, Middlesex County, Massachusetts","498","99","0","13","0","13","0","13","0","13","0","13","6","10","10","15","0","13","0","13","0","13","20","23","23","29","21","23","60","44","15","18","343","103",
"1500000US250173201051","Block Group 1, Census Tract 3201.05, Middlesex County, Massachusetts","867","143","40","40","30","27","6","11","0","13","0","13","22","27","16","20","8","15","9","13","17","20","23","22","27","40","104","92","41","33","135","70","389","96",
"1500000US250173201061","Block Group 1, Census Tract 3201.06, Middlesex County, Massachusetts","926","410","0","13","59","88","0","13","0","13","17","27","0","13","6","13","0","13","28","32","71","73","67","55","54","51","31","34","101","80","0","13","492","422",
"1500000US250173201062","Block Group 2, Census Tract 3201.06, Middlesex County, Massachusetts","382","116","0","13","0","13","36","59","0","13","0","13","0","13","0","13","0","13","0","13","16","25","0","13","21","27","32","38","0","13","64","53","213","96",
"1500000US250173201063","Block Group 3, Census Tract 3201.06, Middlesex County, Massachusetts","678","103","33","37","34","36","0","13","0","13","14","23","16","26","0","13","0","13","27","28","13","21","49","52","45","44","59","46","135","65","120","79","133","72",
"1500000US250173201064","Block Group 4, Census Tract 3201.06, Middlesex County, Massachusetts","405","110","0","13","0","13","0","13","0","13","0","13","13","21","0","13","71","90","0","13","15","23","35","43","39","31","12","30","0","13","71","55","149","56",
"1500000US250173201071","Block Group 1, Census Tract 3201.07, Middlesex County, Massachusetts","541","80","0","13","0","13","0","13","0","13","0","13","18","28","0","13","5","10","0","13","0","13","22","35","45","56","86","90","37","55","47","58","281","109",
"1500000US250173201072","Block Group 2, Census Tract 3201.07, Middlesex County, Massachusetts","770","223","32","35","0","13","0","13","0","13","10","17","0","13","0","13","0","13","0","13","62","65","43","51","97","74","19","29","82","57","161","160","264","102",
"1500000US250173211001","Block Group 1, Census Tract 3211, Middlesex County, Massachusetts","1149","169","11","18","31","38","62","50","39","57","16","25","0","13","93","81","68","66","0","13","267","145","93","71","132","76","179","125","98","77","46","45","14","23",
"1500000US250173211002","Block Group 2, Census Tract 3211, Middlesex County, Massachusetts","881","176","0","13","0","13","130","108","153","111","41","47","38","43","34","39","33","36","55","56","25","41","117","78","81","51","0","13","72","56","48","45","54","49",
"1500000US250173211003","Block Group 3, Census Tract 3211, Middlesex County, Massachusetts","296","95","0","13","0","13","0","13","0","13","0","13","0","13","0","13","0","13","0","13","30","24","20","36","41","40","50","59","50","54","53","70","52","57",
"1500000US250173211004","Block Group 4, Census Tract 3211, Middlesex County, Massachusetts","528","162","0","13","0","13","0","13","0","13","0","13","0","13","0","13","0","13","0","13","16","26","71","115","21","30","80","66","43","48","89","55","208","98",
"1500000US250173212001","Block Group 1, Census Tract 3212, Middlesex County, Massachusetts","754","191","56","75","31","47","0","13","0","13","15","24","58","69","22","29","100","109","9","15","49","45","91","101","63","60","158","89","0","13","56","54","46","71",
"1500000US250173212002","Block Group 2, Census Tract 3212, Middlesex County, Massachusetts","802","154","0","13","0","13","0","13","6","9","0","13","12","21","15","24","15","24","116","109","14","23","76","62","187","124","167","104","15","18","124","82","55","54",
"1500000US250173212003","Block Group 3, Census Tract 3212, Middlesex County, Massachusetts","792","201","46","56","0","13","14","23","56","58","0","13","114","112","33","35","44","61","14","22","63","69","14","25","122","145","156","87","70","72","17","27","29","30",
"1500000US250173212004","Block Group 4, Census Tract 3212, Middlesex County, Massachusetts","313","156","0","13","0","13","0","13","0","13","0","13","14","24","15","25","38","60","15","23","0","13","13","20","43","41","30","30","28","35","13","20","104","136",
"1500000US250173213011","Block Group 1, Census Tract 3213.01, Middlesex County, Massachusetts","479","137","30","48","12","19","0","13","77","75","0","13","28","45","12","19","43","51","26","41","0","13","83","80","79","73","12","20","52","62","0","13","25","36",
"1500000US250173213012","Block Group 2, Census Tract 3213.01, Middlesex County, Massachusetts","1017","250","0","13","236","201","76","78","0","13","29","45","0","13","101","84","54","62","77","77","75","90","75","72","125","117","128","132","0","13","11","18","30","49",
"1500000US250173213013","Block Group 3, Census Tract 3213.01, Middlesex County, Massachusetts","507","226","0","13","0","13","60","72","0","13","0","13","55","67","60","57","0","13","2","18","0","13","191","174","0","13","109","104","30","43","0","13","0","13",
"1500000US250173213021","Block Group 1, Census Tract 3213.02, Middlesex County, Massachusetts","626","217","0","13","18","28","17","28","0","13","27","42","0","13","23","37","0","13","0","13","107","104","18","32","18","28","218","190","116","86","29","39","35","39",
"1500000US250173213022","Block Group 2, Census Tract 3213.02, Middlesex County, Massachusetts","846","155","0","13","0","13","0","13","42","65","0","13","57","66","10","18","40","42","12","20","30","36","19","32","49","42","174","94","52","70","159","90","202","106",
"1500000US250173214001","Block Group 1, Census Tract 3214, Middlesex County, Massachusetts","865","169","54","47","8","12","35","44","0","13","0","13","0","13","77","84","11","16","0","13","63","38","105","87","101","47","120","73","78","43","67","35","146","76",
"1500000US250173214002","Block Group 2, Census Tract 3214, Middlesex County, Massachusetts","823","185","0","13","0","13","0","13","40","33","0","13","10","14","22","20","32","42","48","72","0","13","57","54","118","78","88","54","183","146","119","66","106","73",
"1500000US250173215001","Block Group 1, Census Tract 3215, Middlesex County, Massachusetts","709","170","0","13","15","27","76","96","67","69","0","13","8","16","0","13","121","121","61","70","76","83","62","83","66","54","46","46","16","26","49","59","46","54",
"1500000US250173215002","Block Group 2, Census Tract 3215, Middlesex County, Massachusetts","621","160","0","13","0","13","31","36","0","13","16","27","103","119","44","70","89","108","0","13","45","59","43","43","38","48","41","54","34","35","62","52","75","69",
"1500000US250173215003","Block Group 3, Census Tract 3215, Middlesex County, Massachusetts","905","235","0","13","96","130","19","28","0","13","178","151","30","36","18","28","0","13","14","24","176","128","62","51","63","59","65","58","108","98","0","13","76","83",
"1500000US250173215004","Block Group 4, Census Tract 3215, Middlesex County, Massachusetts","472","204","76","127","43","69","0","13","18","30","0","13","0","13","0","13","0","13","0","13","31","37","28","30","0","13","48","52","52","64","88","77","88","100",
"1500000US250173216001","Block Group 1, Census Tract 3216, Middlesex County, Massachusetts","559","162","18","28","0","13","0","13","50","86","0","13","10","16","0","13","0","13","0","13","0","13","77","70","134","103","62","51","62","51","101","67","45","51",
"1500000US250173216002","Block Group 2, Census Tract 3216, Middlesex County, Massachusetts","533","160","0","13","0","13","0","13","58","83","0","13","22","37","0","13","0","13","0","13","0","13","84","77","85","96","91","73","0","13","64","54","129","77",
"1500000US250173216003","Block Group 3, Census Tract 3216, Middlesex County, Massachusetts","513","113","20","41","0","13","19","29","0","13","15","27","0","13","16","26","14","24","20","32","49","37","11","17","109","77","35","42","43","45","77","64","85","71",
"1500000US250173216004","Block Group 4, Census Tract 3216, Middlesex County, Massachusetts","436","87","0","13","21","32","0","13","0","13","11","17","36","39","45","40","10","17","0","13","46","44","32","22","30","36","14","17","75","58","83","61","33","32",
"1500000US250173216005","Block Group 5, Census Tract 3216, Middlesex County, Massachusetts","618","188","65","68","17","27","0","13","0","13","0","13","0","13","0","13","3","5","21","36","37","42","62","63","87","81","167","137","64","77","53","46","42","47",
"1500000US250173221001","Block Group 1, Census Tract 3221, Middlesex County, Massachusetts","527","108","10","15","0","13","0","13","0","13","9","13","0","13","41","39","0","13","8","13","87","58","0","13","51","30","36","25","51","33","74","43","160","101",
"1500000US250173221002","Block Group 2, Census Tract 3221, Middlesex County, Massachusetts","285","65","0","13","0","13","0","13","0","13","0","13","0","13","0","13","0","13","0","13","23","22","35","44","26","23","24","22","37","30","70","42","70","31",
"1500000US250173221003","Block Group 3, Census Tract 3221, Middlesex County, Massachusetts","306","64","0","13","0","13","0","13","0","13","9","15","8","14","0","13","0","13","16","18","9","14","39","29","75","39","36","28","16","16","23","25","75","44",
"1500000US250173221004","Block Group 4, Census Tract 3221, Middlesex County, Massachusetts","469","70","8","12","0","13","0","13","0","13","0","13","0","13","25","36","0","13","0","13","11","16","34","27","78","45","31","36","85","41","118","56","79","43",
"1500000US250173222001","Block Group 1, Census Tract 3222, Middlesex County, Massachusetts","862","205","6","11","0","13","27","42","63","42","9","16","37","35","0","13","36","28","6","10","29","27","133","72","66","43","141","152","204","128","38","32","67","45",
"1500000US250173222002","Block Group 2, Census Tract 3222, Middlesex County, Massachusetts","987","131","9","15","23","29","86","82","7","12","0","13","48","54","41","48","24","25","26","25","35","45","60","45","80","57","111","46","109","56","136","59","192","79",
"1500000US250173223001","Block Group 1, Census Tract 3223, Middlesex County, Massachusetts","767","125","35","40","0","13","37","43","47","55","105","85","17","29","28","33","0","13","39","44","19","30","111","67","145","90","31","27","36","41","65","53","52","51",
"1500000US250173223002","Block Group 2, Census Tract 3223, Middlesex County, Massachusetts","674","141","0","13","43","41","35","42","32","35","30","34","17","26","27","34","0","13","90","87","54","52","65","55","46","54","71","59","54","65","35","37","75","68",
"1500000US250173223003","Block Group 3, Census Tract 3223, Middlesex County, Massachusetts","818","160","45","51","0","13","68","81","0","13","59","68","67","78","55","67","66","65","43","67","31","34","84","93","42","40","61","75","12","26","114","88","71","50",
"1500000US250173223004","Block Group 4, Census Tract 3223, Middlesex County, Massachusetts","374","112","11","19","19","30","0","13","0","13","0","13","0","13","0","13","0","13","18","29","19","30","0","13","0","13","50","45","78","66","83","77","96","78",
"1500000US250173224001","Block Group 1, Census Tract 3224, Middlesex County, Massachusetts","596","88","13","21","28","26","10","17","0","13","0","13","0","13","28","26","6","16","19","23","32","48","23","21","75","45","51","34","70","42","108","62","133","65",
"1500000US250173224002","Block Group 2, Census Tract 3224, Middlesex County, Massachusetts","726","134","0","13","23","22","0","13","27","21","42","42","21","23","0","13","0","13","113","86","75","56","100","88","112","67","34","29","33","41","77","60","69","95",
"1500000US250173224003","Block Group 3, Census Tract 3224, Middlesex County, Massachusetts","422","101","9","14","0","13","26","39","0","13","0","13","0","13","0","13","7","13","0","13","39","37","18","20","94","50","68","37","26","27","55","33","80","81",
"1500000US250173231011","Block Group 1, Census Tract 3231.01, Middlesex County, Massachusetts","616","161","0","13","17","27","0","13","30","36","0","13","70","75","0","13","0","13","15","25","9","14","96","88","54","57","0","13","192","177","57","48","76","41",
"1500000US250173231012","Block Group 2, Census Tract 3231.01, Middlesex County, Massachusetts","822","109","14","23","0","13","0","13","0","13","0","13","0","13","16","26","0","13","0","13","35","25","32","34","130","79","92","63","41","42","197","100","265","89",
"1500000US250173231021","Block Group 1, Census Tract 3231.02, Middlesex County, Massachusetts","296","132","0","13","0","13","85","130","13","21","0","13","0","13","0","13","0","13","0","13","9","15","0","13","13","21","46","44","34","38","53","44","43","36",
"1500000US250173231022","Block Group 2, Census Tract 3231.02, Middlesex County, Massachusetts","208","62","0","13","0","13","0","13","0","13","0","13","0","13","0","13","0","13","0","13","15","29","19","25","0","13","23","39","28","35","31","37","92","61",
"1500000US250173231023","Block Group 3, Census Tract 3231.02, Middlesex County, Massachusetts","627","111","0","13","0","13","0","13","0","13","13","22","36","55","0","13","36","56","0","13","0","13","0","13","43","33","34","39","118","58","146","83","201","92",
"1500000US250173241011","Block Group 1, Census Tract 3241.01, Middlesex County, Massachusetts","743","96","0","13","0","13","8","12","10","15","0","13","0","13","43","39","45","37","0","13","43","40","35","40","51","44","116","57","63","48","65","37","264","78",
"1500000US250173241012","Block Group 2, Census Tract 3241.01, Middlesex County, Massachusetts","665","108","0","13","40","31","17","25","13","20","10","16","0","13","75","63","0","13","12","19","70","82","78","79","28","27","61","46","43","38","108","61","110","54",
"1500000US250173241013","Block Group 3, Census Tract 3241.01, Middlesex County, Massachusetts","605","140","9","15","0","13","0","13","29","47","0","13","0","13","25","28","13","19","24","25","78","108","0","13","94","70","65","48","35","30","104","49","129","63",
"1500000US250173241021","Block Group 1, Census Tract 3241.02, Middlesex County, Massachusetts","278","49","0","13","0","13","0","13","0","13","0","13","0","13","12","19","6","11","0","13","10","15","0","13","34","38","28","23","21","18","59","33","108","46",
"1500000US250173241022","Block Group 2, Census Tract 3241.02, Middlesex County, Massachusetts","993","114","0","13","5","10","9","16","22","23","10","15","12","18","22","25","20","33","32","27","18","19","80","96","112","62","59","30","144","54","162","61","286","59",
"1500000US250173241023","Block Group 3, Census Tract 3241.02, Middlesex County, Massachusetts","217","62","26","25","0","13","0","13","25","23","11","14","0","13","9","14","0","13","0","13","13","17","4","7","25","22","48","48","37","38","8","13","11","13",
"1500000US250173251011","Block Group 1, Census Tract 3251.01, Middlesex County, Massachusetts","610","144","44","68","10","19","0","13","0","13","0","13","0","13","19","32","27","40","0","13","117","100","58","51","79","60","90","90","35","43","100","90","31","37",
"1500000US250173251012","Block Group 2, Census Tract 3251.01, Middlesex County, Massachusetts","1062","175","32","47","0","13","0","13","0","13","0","13","38","47","10","16","0","13","0","13","34","41","45","53","187","166","117","74","94","55","159","85","346","189",
"1500000US250173251021","Block Group 1, Census Tract 3251.02, Middlesex County, Massachusetts","295","157","11","18","21","33","8","15","0","13","75","122","0","13","0","13","13","20","0","13","23","36","55","63","22","28","5","11","62","51","0","13","0","13",
"1500000US250173251022","Block Group 2, Census Tract 3251.02, Middlesex County, Massachusetts","428","130","37","36","0","13","0","13","0","13","0","13","14","23","16","26","12","19","0","13","33","31","23","28","55","62","41","54","56","60","73","68","68","76",
"1500000US250173251023","Block Group 3, Census Tract 3251.02, Middlesex County, Massachusetts","469","122","43","55","15","24","0","13","61","75","49","78","15","24","0","13","14","23","0","13","0","13","42","49","67","73","5","13","130","79","28","38","0","13",
"1500000US250173251024","Block Group 4, Census Tract 3251.02, Middlesex County, Massachusetts","366","117","0","13","0","13","0","13","21","34","0","13","0","13","49","68","0","13","18","30","23","36","31","38","83","62","36","41","15","24","66","85","24","38",
"1500000US250173251025","Block Group 5, Census Tract 3251.02, Middlesex County, Massachusetts","310","104","19","29","0","13","0","13","0","13","0","13","0","13","24","38","0","13","15","24","63","60","42","31","15","24","41","59","8","17","69","80","14","22",
"1500000US250173261011","Block Group 1, Census Tract 3261.01, Middlesex County, Massachusetts","581","169","24","37","0","13","25","42","10","16","0","13","17","20","0","13","0","13","0","13","19","29","51","48","0","13","45","48","55","53","65","40","270","176",
"1500000US250173261012","Block Group 2, Census Tract 3261.01, Middlesex County, Massachusetts","309","56","0","13","0","13","8","12","0","13","12","18","0","13","17","19","0","13","12","17","6","10","8","13","0","13","52","47","36","28","51","30","107","51",
"1500000US250173261013","Block Group 3, Census Tract 3261.01, Middlesex County, Massachusetts","761","172","0","13","23","38","0","13","0","13","0","13","30","38","43","30","19","22","23","35","0","13","45","31","39","29","83","58","97","83","90","49","269","178",
"1500000US250173261021","Block Group 1, Census Tract 3261.02, Middlesex County, Massachusetts","767","145","28","34","10","16","17","29","0","13","50","51","41","62","0","13","32","37","0","13","47","39","35","43","69","55","0","13","29","36","175","93","234","95",
"1500000US250173261022","Block Group 2, Census Tract 3261.02, Middlesex County, Massachusetts","461","106","17","27","0","13","0","13","0","13","19","31","0","13","20","30","23","37","38","41","0","13","0","13","72","57","19","30","37","46","50","40","166","84",
"1500000US250173261023","Block Group 3, Census Tract 3261.02, Middlesex County, Massachusetts","390","111","0","13","0","13","75","91","44","43","0","13","0","13","0","13","0","13","0","13","10","16","67","82","0","13","63","53","37","42","17","26","77","52",
"1500000US250173261024","Block Group 4, Census Tract 3261.02, Middlesex County, Massachusetts","675","149","48","74","0","13","0","13","42","33","0","13","0","13","0","13","21","35","0","13","18","30","67","66","97","81","0","13","0","13","123","103","259","131",
"1500000US250173271011","Block Group 1, Census Tract 3271.01, Middlesex County, Massachusetts","784","159","9","15","0","13","0","13","13","20","82","70","13","20","0","13","0","13","0","13","32","30","24","28","37","28","156","96","136","66","187","169","95","41",
"1500000US250173271012","Block Group 2, Census Tract 3271.01, Middlesex County, Massachusetts","645","129","33","40","0","13","0","13","13","20","0","13","0","13","0","13","20","24","0","13","42","52","0","13","109","46","31","29","104","104","115","69","178","72",
"1500000US250173271021","Block Group 1, Census Tract 3271.02, Middlesex County, Massachusetts","348","87","23","25","10","15","21","25","11","17","0","13","0","13","25","40","26","30","0","13","68","40","50","32","13","21","30","28","33","39","20","21","18","21",
"1500000US250173271022","Block Group 2, Census Tract 3271.02, Middlesex County, Massachusetts","593","117","9","14","0","13","0","13","10","17","0","13","32","30","0","13","20","29","0","13","36","27","48","42","67","43","157","109","85","54","72","41","57","37",
"1500000US250173271023","Block Group 3, Census Tract 3271.02, Middlesex County, Massachusetts","672","116","30","47","27","42","0","13","11","17","11","16","13","20","0","13","47","49","8","13","22","26","21","20","134","79","191","94","63","41","58","38","36","27",
"1500000US250173271031","Block Group 1, Census Tract 3271.03, Middlesex County, Massachusetts","610","111","0","13","11","17","0","13","22","18","9","15","9","14","0","13","0","13","22","26","11","17","37","45","111","57","98","47","37","32","160","108","83","41",
"1500000US250173271032","Block Group 2, Census Tract 3271.03, Middlesex County, Massachusetts","480","140","132","113","55","47","18","22","26","43","16","24","13","20","49","53","24","28","0","13","13","15","0","13","52","38","8","12","26","27","24","28","24","27",
"1500000US250173271033","Block Group 3, Census Tract 3271.03, Middlesex County, Massachusetts","439","78","0","13","25","28","24","37","0","13","10","15","0","13","11","17","11","16","0","13","26","25","22","24","102","56","24","23","43","33","85","44","56","40",
"1500000US250173281001","Block Group 1, Census Tract 3281, Middlesex County, Massachusetts","765","57","0","13","0","13","2","4","16","15","6","8","5","8","6","8","4","7","6","9","25","27","25","19","124","45","49","22","93","43","130","55","274","75",
"1500000US250173281002","Block Group 2, Census Tract 3281, Middlesex County, Massachusetts","390","55","28","30","0","13","0","13","0","13","11","12","2","3","17","14","6","8","12","12","12","12","24","18","29","25","34","23","27","19","58","27","130","43",
"1500000US250173301011","Block Group 1, Census Tract 3301.01, Middlesex County, Massachusetts","478","121","0","13","0","13","41","58","13","22","0","13","0","13","15","22","0","13","0","13","0","13","47","43","13","20","48","48","26","42","80","53","195","109",
"1500000US250173301012","Block Group 2, Census Tract 3301.01, Middlesex County, Massachusetts","779","103","0","13","0","13","26","32","0","13","0","13","0","13","0","13","15","25","0","13","16","24","15","26","99","69","112","65","81","54","119","63","296","99",
"1500000US250173301021","Block Group 1, Census Tract 3301.02, Middlesex County, Massachusetts","918","222","19","33","0","13","0","13","0","13","0","13","0","13","0","13","72","113","0","13","22","26","55","59","234","211","76","56","76","74","163","77","201","91",
"1500000US250173301022","Block Group 2, Census Tract 3301.02, Middlesex County, Massachusetts","606","179","13","19","0","13","0","13","0","13","0","13","19","30","101","163","0","13","27","40","38","46","88","94","48","47","19","31","35","43","34","36","184","91",
"1500000US250173301023","Block Group 3, Census Tract 3301.02, Middlesex County, Massachusetts","299","66","0","13","0","13","0","13","0","13","0","13","0","13","0","13","0","13","0","13","39","43","0","13","40","41","40","42","12","19","43","45","125","59",
"1500000US250173302011","Block Group 1, Census Tract 3302.01, Middlesex County, Massachusetts","1177","256","0","13","33","31","0","13","27","34","35","40","24","37","29","40","15","31","46","69","64","56","17","26","189","229","89","56","58","51","259","190","292","148",
"1500000US250173302021","Block Group 1, Census Tract 3302.02, Middlesex County, Massachusetts","692","207","94","153","0","13","22","35","0","13","0","13","0","13","0","13","50","61","0","13","28","34","73","76","92","67","84","75","92","64","70","41","87","62",
"1500000US250173302022","Block Group 2, Census Tract 3302.02, Middlesex County, Massachusetts","493","109","0","13","14","23","0","13","0","13","39","63","15","24","14","23","30","32","17","27","119","99","0","13","69","68","58","44","43","38","75","48","0","13",
"1500000US250173302023","Block Group 3, Census Tract 3302.02, Middlesex County, Massachusetts","382","110","0","13","0","13","15","23","0","13","0","13","15","23","15","24","0","13","0","13","15","24","29","34","14","22","107","93","124","73","32","38","16","25",
"1500000US250173311011","Block Group 1, Census Tract 3311.01, Middlesex County, Massachusetts","431","70","16","20","0","13","9","15","10","15","0","13","0","13","0","13","0","13","24","26","17","19","36","28","82","54","38","28","63","37","71","43","65","36",
"1500000US250173311012","Block Group 2, Census Tract 3311.01, Middlesex County, Massachusetts","710","127","0","13","0","13","0","13","3","10","0","13","0","13","12","19","13","19","26","23","0","13","59","42","140","82","28","28","94","42","113","57","222","100",
"1500000US250173311021","Block Group 1, Census Tract 3311.02, Middlesex County, Massachusetts","569","128","0","13","14","23","0","13","19","29","0","13","0","13","0","13","0","13","22","33","25","29","29","31","26","30","72","82","103","83","52","38","207","129",
"1500000US250173311022","Block Group 2, Census Tract 3311.02, Middlesex County, Massachusetts","619","116","0","13","0","13","12","20","0","13","0","13","22","35","26","30","0","13","14","23","22","26","76","62","115","73","57","58","97","63","10","17","168","84",
"1500000US250173311023","Block Group 3, Census Tract 3311.02, Middlesex County, Massachusetts","835","186","0","13","0","13","0","13","14","24","0","13","0","13","35","56","0","13","0","13","39","35","70","57","210","141","0","13","138","89","208","164","121","82",
"1500000US250173311024","Block Group 4, Census Tract 3311.02, Middlesex County, Massachusetts","348","90","0","13","0","13","12","20","0","13","0","13","0","13","13","20","10","17","0","13","0","13","29","36","14","23","68","48","65","50","33","35","104","66",
"1500000US250173312001","Block Group 1, Census Tract 3312, Middlesex County, Massachusetts","897","154","0","13","21","33","7","10","10","15","9","13","0","13","10","17","7","11","18","27","38","28","14","18","75","38","126","70","101","53","324","156","137","57",
"1500000US250173312002","Block Group 2, Census Tract 3312, Middlesex County, Massachusetts","481","86","0","13","0","13","6","11","4","7","8","12","9","13","7","12","17","19","0","13","7","12","10","16","15","18","46","29","56","35","167","75","129","61",
"1500000US250173312003","Block Group 3, Census Tract 3312, Middlesex County, Massachusetts","504","91","0","13","16","20","0","13","23","21","7","11","0","13","23","25","0","13","8","12","0","13","40","46","61","49","47","36","137","64","38","32","104","52",
"1500000US250173313001","Block Group 1, Census Tract 3313, Middlesex County, Massachusetts","822","164","0","13","0","13","0","13","15","24","0","13","0","13","56","74","33","41","107","113","38","44","50","39","60","68","103","91","98","74","124","66","138","107",
"1500000US250173313002","Block Group 2, Census Tract 3313, Middlesex County, Massachusetts","855","179","149","143","61","76","0","13","60","72","0","13","0","13","0","13","0","13","0","13","54","51","27","39","91","92","23","37","80","61","165","87","145","85",
"1500000US250173313003","Block Group 3, Census Tract 3313, Middlesex County, Massachusetts","811","184","35","41","20","32","0","13","13","20","0","13","28","33","38","45","0","13","0","13","0","13","77","81","21","25","109","89","76","84","169","113","225","101",
"1500000US250173321001","Block Group 1, Census Tract 3321, Middlesex County, Massachusetts","314","111","0","13","0","13","0","13","0","13","0","13","0","13","0","13","0","13","15","27","0","13","54","68","11","19","36","44","17","28","73","71","108","68",
"1500000US250173321002","Block Group 2, Census Tract 3321, Middlesex County, Massachusetts","817","187","0","13","0","13","0","13","0","13","49","59","19","31","0","13","23","37","43","67","18","22","35","32","26","31","96","76","119","131","80","65","309","110",
"1500000US250173321003","Block Group 3, Census Tract 3321, Middlesex County, Massachusetts","387","106","0","13","0","13","0","13","0","13","0","13","0","13","0","13","23","37","0","13","0","13","0","13","0","13","73","64","41","49","76","51","174","105",
"1500000US250173321004","Block Group 4, Census Tract 3321, Middlesex County, Massachusetts","556","121","0","13","0","13","0","13","0","13","25","22","54","60","26","39","0","13","15","25","22","36","20","32","15","23","70","65","113","95","68","77","128","70",
"1500000US250173322011","Block Group 1, Census Tract 3322.01, Middlesex County, Massachusetts","1026","247","13","21","49","77","13","24","14","23","14","22","143","174","28","33","30","34","0","13","16","26","77","64","155","186","92","50","46","55","161","96","175","102",
"1500000US250173322021","Block Group 1, Census Tract 3322.02, Middlesex County, Massachusetts","1107","234","97","69","46","43","45","43","0","13","0","13","50","46","46","53","24","38","17","27","20","33","13","21","45","52","284","194","28","32","128","115","264","109",
"1500000US250173322022","Block Group 2, Census Tract 3322.02, Middlesex County, Massachusetts","294","96","0","13","0","13","10","18","0","13","0","13","13","21","15","24","14","22","13","23","0","13","0","13","43","42","10","17","45","66","44","43","87","70",
"1500000US250173322023","Block Group 3, Census Tract 3322.02, Middlesex County, Massachusetts","983","151","74","81","37","45","10","17","16","27","51","61","49","69","20","32","0","13","16","26","29","33","24","32","172","116","74","56","107","80","117","82","187","118",
"1500000US250173322024","Block Group 4, Census Tract 3322.02, Middlesex County, Massachusetts","461","240","0","13","0","13","0","13","0","13","0","13","0","13","0","13","0","13","62","88","162","234","14","20","0","13","56","67","66","67","64","54","37","43",
"1500000US250173323001","Block Group 1, Census Tract 3323, Middlesex County, Massachusetts","697","391","11","19","0","13","14","22","0","13","0","13","17","29","0","13","11","18","0","13","14","21","64","65","79","76","37","28","44","46","63","64","343","409",
"1500000US250173323002","Block Group 2, Census Tract 3323, Middlesex County, Massachusetts","796","159","27","33","0","13","15","24","0","13","0","13","0","13","0","13","0","13","15","23","74","67","152","100","152","94","95","57","49","46","69","63","148","95",
"1500000US250173323003","Block Group 3, Census Tract 3323, Middlesex County, Massachusetts","511","130","0","13","14","21","0","13","14","23","57","76","0","13","13","21","0","13","13","22","26","31","29","46","82","50","29","35","14","22","124","102","96","80",
"1500000US250173323004","Block Group 4, Census Tract 3323, Middlesex County, Massachusetts","807","151","13","22","0","13","86","111","0","13","0","13","0","13","55","67","15","24","11","18","13","24","27","30","64","44","182","108","25","31","137","86","179","86",
"1500000US250173324011","Block Group 1, Census Tract 3324.01, Middlesex County, Massachusetts","0","13","0","13","0","13","0","13","0","13","0","13","0","13","0","13","0","13","0","13","0","13","0","13","0","13","0","13","0","13","0","13","0","13",
"1500000US250173324012","Block Group 2, Census Tract 3324.01, Middlesex County, Massachusetts","937","167","36","33","34","35","30","27","10","13","9","16","46","47","57","66","17","19","10","16","9","15","23","23","167","147","46","35","103","56","85","53","255","80",
"1500000US250173324021","Block Group 1, Census Tract 3324.02, Middlesex County, Massachusetts","591","96","32","29","0","13","23","24","32","38","11","18","0","13","35","28","53","62","0","13","0","13","54","49","34","33","11","17","64","55","85","59","157","77",
"1500000US250173324022","Block Group 2, Census Tract 3324.02, Middlesex County, Massachusetts","341","133","57","98","10","18","0","13","0","13","18","29","0","13","22","24","18","28","0","13","73","51","29","32","5","8","31","47","53","54","25","30","0","13",
"1500000US250173331001","Block Group 1, Census Tract 3331, Middlesex County, Massachusetts","384","109","39","62","0","13","0","13","65","90","0","13","13","23","22","27","0","13","11","20","0","13","0","13","92","82","13","21","49","47","27","30","53","44",
"1500000US250173331002","Block Group 2, Census Tract 3331, Middlesex County, Massachusetts","796","165","0","13","38","36","0","13","27","30","18","30","18","26","0","13","29","33","88","126","17","27","44","42","75","96","90","57","28","31","117","72","207","90",
"1500000US250173331003","Block Group 3, Census Tract 3331, Middlesex County, Massachusetts","861","182","11","18","0","13","13","22","0","13","23","26","0","13","0","13","28","30","16","24","26","30","88","77","147","109","99","66","108","90","106","65","196","149",
"1500000US250173331004","Block Group 4, Census Tract 3331, Middlesex County, Massachusetts","796","163","0","13","24","31","13","23","0","13","37","35","0","13","17","27","0","13","27","31","67","57","88","76","133","87","205","157","87","66","18","30","80","73",
"1500000US250173331005","Block Group 5, Census Tract 3331, Middlesex County, Massachusetts","331","83","9","16","0","13","43","64","15","24","0","13","13","21","0","13","12","20","0","13","29","35","69","55","28","35","31","38","22","35","25","28","35","40",
"1500000US250173332001","Block Group 1, Census Tract 3332, Middlesex County, Massachusetts","605","150","38","34","0","13","0","13","0","13","0","13","0","13","15","23","38","60","0","13","31","34","51","45","100","59","82","71","14","23","28","34","208","154",
"1500000US250173332002","Block Group 2, Census Tract 3332, Middlesex County, Massachusetts","374","120","0","13","0","13","36","52","0","13","13","20","0","13","0","13","0","13","0","13","0","13","106","92","100","86","39","43","12","18","12","19","56","52",
"1500000US250173332003","Block Group 3, Census Tract 3332, Middlesex County, Massachusetts","470","141","53","55","10","18","0","13","31","40","0","13","27","32","0","13","0","13","14","24","104","107","15","25","26","32","80","71","110","92","0","13","0","13",
"1500000US250173332004","Block Group 4, Census Tract 3332, Middlesex County, Massachusetts","581","111","26","29","48","47","0","13","52","64","0","13","0","13","0","13","16","24","29","37","0","13","6","11","104","66","92","69","50","52","67","56","91","79",
"1500000US250173333001","Block Group 1, Census Tract 3333, Middlesex County, Massachusetts","455","128","8","12","0","13","0","13","0","13","0","13","63","64","101","80","22","28","7","11","66","75","21","20","34","34","38","37","53","63","20","22","22","19",
"1500000US250173333002","Block Group 2, Census Tract 3333, Middlesex County, Massachusetts","550","145","46","50","24","25","42","49","9","14","21","33","0","13","7","11","16","24","25","31","10","15","7","11","112","57","21","19","158","122","18","19","34","30",
"1500000US250173333003","Block Group 3, Census Tract 3333, Middlesex County, Massachusetts","498","110","23","35","6","10","14","15","14","15","0","13","0","13","4","8","11","20","0","13","39","44","72","44","147","83","52","34","55","43","34","32","27","20",
"1500000US250173334001","Block Group 1, Census Tract 3334, Middlesex County, Massachusetts","760","187","33","38","16","26","17","27","46","72","0","13","0","13","96","152","70","72","0","13","16","26","60","56","103","85","90","90","43","34","91","64","79","61",
"1500000US250173334002","Block Group 2, Census Tract 3334, Middlesex County, Massachusetts","624","121","16","25","0","13","14","23","0","13","27","43","16","27","16","26","0","13","0","13","70","86","74","69","73","72","63","52","67","55","74","61","114","63",
"1500000US250173334003","Block Group 3, Census Tract 3334, Middlesex County, Massachusetts","241","81","17","26","0","13","16","25","0","13","0","13","0","13","0","13","0","13","0","13","0","13","19","29","24","30","100","61","17","29","20","30","28","34",
"1500000US250173334004","Block Group 4, Census Tract 3334, Middlesex County, Massachusetts","388","129","43","68","0","13","0","13","28","43","8","13","16","25","0","13","0","13","0","13","44","67","0","13","71","68","70","53","43","47","60","80","5","10",
"1500000US250173334005","Block Group 5, Census Tract 3334, Middlesex County, Massachusetts","431","165","0","13","0","13","18","29","0","13","0","13","0","13","0","13","35","41","0","13","0","13","59","73","124","157","21","32","38","43","17","28","119","95",
"1500000US250173335011","Block Group 1, Census Tract 3335.01, Middlesex County, Massachusetts","207","60","7","11","12","21","0","13","0","13","0","13","22","33","7","12","0","13","0","13","0","13","39","36","10","18","0","13","48","35","10","16","52","42",
"1500000US250173335012","Block Group 2, Census Tract 3335.01, Middlesex County, Massachusetts","1036","139","9","14","0","13","13","14","63","39","57","77","9","14","19","22","7","11","19","20","67","56","49","34","113","60","161","85","104","58","160","91","186","88",
"1500000US250173335013","Block Group 3, Census Tract 3335.01, Middlesex County, Massachusetts","697","104","41","28","15","23","0","13","40","30","0","13","66","69","8","13","0","13","10","17","33","27","25","24","75","43","51","36","113","79","95","60","125","55",
"1500000US250173335021","Block Group 1, Census Tract 3335.02, Middlesex County, Massachusetts","767","180","22","24","24","22","12","18","31","47","49","42","0","13","116","70","86","141","18","25","10","15","105","92","60","53","58","38","34","27","108","58","34","30",
"1500000US250173335022","Block Group 2, Census Tract 3335.02, Middlesex County, Massachusetts","563","109","0","13","58","62","0","13","18","29","0","13","10","15","7","12","5","9","10","16","32","33","63","66","91","61","68","49","67","41","49","37","85","46",
"1500000US250173336011","Block Group 1, Census Tract 3336.01, Middlesex County, Massachusetts","635","149","0","13","0","13","10","18","0","13","39","35","0","13","0","13","44","68","0","13","18","21","10","19","106","5","116","94","40","44","149","140","103","66",
"1500000US250173336021","Block Group 1, Census Tract 3336.02, Middlesex County, Massachusetts","722","150","0","13","42","63","13","23","8","15","65","69","34","40","0","13","8","14","32","49","62","77","48","41","129","95","59","54","79","77","93","67","50","62",
"1500000US250173336022","Block Group 2, Census Tract 3336.02, Middlesex County, Massachusetts","614","317","0","13","0","13","0","13","0","13","0","13","14","22","51","48","21","33","0","13","23","33","260","313","48","47","43","40","11","20","107","122","36","39",
"1500000US250173336023","Block Group 3, Census Tract 3336.02, Middlesex County, Massachusetts","488","110","15","23","0","13","0","13","12","19","0","13","12","20","0","13","16","24","0","13","0","13","124","91","61","48","54","52","30","34","29","36","135","69",
"1500000US250173336024","Block Group 4, Census Tract 3336.02, Middlesex County, Massachusetts","1027","207","86","97","83","98","16","25","14","24","73","115","50","60","0","13","0","13","22","33","46","47","37","41","111","104","149","92","52","51","130","70","158","76",
"1500000US250173341001","Block Group 1, Census Tract 3341, Middlesex County, Massachusetts","783","168","0","13","11","17","0","13","117","93","16","26","9","16","28","32","0","13","0","13","35","33","37","38","34","44","98","99","120","99","18","29","260","128",
"1500000US250173341002","Block Group 2, Census Tract 3341, Middlesex County, Massachusetts","447","118","16","26","0","13","0","13","26","29","0","13","0","13","0","13","57","96","27","29","30","32","41","39","94","68","25","29","83","62","15","23","33","27",
"1500000US250173341003","Block Group 3, Census Tract 3341, Middlesex County, Massachusetts","597","128","0","13","0","13","4","11","33","36","0","13","9","16","60","73","0","13","35","43","20","26","18","28","68","48","16","26","58","56","150","117","126","64",
"1500000US250173341004","Block Group 4, Census Tract 3341, Middlesex County, Massachusetts","234","100","0","13","20","17","0","13","0","13","0","13","0","13","0","13","13","21","0","13","38","36","19","31","15","25","0","13","0","13","118","99","11","18",
"1500000US250173341005","Block Group 5, Census Tract 3341, Middlesex County, Massachusetts","468","111","8","13","20","31","0","13","0","13","0","13","0","13","17","26","15","33","0","13","0","13","0","13","80","63","8","13","80","97","82","47","158","73",
"1500000US250173342001","Block Group 1, Census Tract 3342, Middlesex County, Massachusetts","341","109","0","13","16","25","0","13","0","13","8","12","0","13","0","13","0","13","6","10","13","15","0","13","31","29","13","19","21","24","88","44","145","106",
"1500000US250173342002","Block Group 2, Census Tract 3342, Middlesex County, Massachusetts","297","67","0","13","0","13","0","13","41","40","8","12","0","13","7","11","0","13","14","15","14","18","34","26","46","36","17","19","17","18","22","22","77","56",
"1500000US250173342003","Block Group 3, Census Tract 3342, Middlesex County, Massachusetts","498","111","15","17","14","15","81","83","36","36","14","15","0","13","38","38","33","33","16","19","42","39","28","33","58","36","38","47","27","29","26","30","32","28",
"1500000US250173342004","Block Group 4, Census Tract 3342, Middlesex County, Massachusetts","524","99","7","11","59","89","0","13","18","27","8","12","0","13","7","12","17","19","8","12","10","15","56","51","67","36","20","17","0","13","62","36","185","71",
"1500000US250173343001","Block Group 1, Census Tract 3343, Middlesex County, Massachusetts","581","100","0","13","0","13","14","23","0","13","0","13","16","24","0","13","41","60","0","13","38","34","0","13","14","22","77","60","65","53","121","70","195","77",
"1500000US250173343002","Block Group 2, Census Tract 3343, Middlesex County, Massachusetts","344","85","0","13","9","21","0","13","0","13","0","13","13","21","0","13","14","23","0","13","0","13","16","26","26","34","53","49","38","35","121","68","54","49",
"1500000US250173343003","Block Group 3, Census Tract 3343, Middlesex County, Massachusetts","597","113","0","13","35","40","32","36","0","13","15","24","19","29","0","13","0","13","19","31","0","13","62","80","13","24","41","38","63","61","115","89","183","89",
"1500000US250173343004","Block Group 4, Census Tract 3343, Middlesex County, Massachusetts","1111","210","0","13","0","13","60","98","0","13","0","13","36","58","0","13","0","13","14","23","46","42","93","104","60","98","143","70","81","71","197","82","381","154",
"1500000US250173344001","Block Group 1, Census Tract 3344, Middlesex County, Massachusetts","430","104","0","13","0","13","0","13","0","13","0","13","0","13","0","13","0","13","0","13","0","13","29","35","63","54","54","46","0","13","57","52","227","111",
"1500000US250173344002","Block Group 2, Census Tract 3344, Middlesex County, Massachusetts","776","146","0","13","42","67","46","27","39","60","0","13","7","12","38","66","57","66","0","13","0","13","59","68","135","93","11","18","29","38","156","94","157","77",
"1500000US250173344003","Block Group 3, Census Tract 3344, Middlesex County, Massachusetts","442","114","15","25","0","13","15","24","15","25","29","33","44","52","0","13","15","24","17","25","70","58","58","46","55","51","57","52","0","13","17","29","35","31",
"1500000US250173344004","Block Group 4, Census Tract 3344, Middlesex County, Massachusetts","904","185","30","34","0","13","12","19","14","23","14","21","11","18","23","35","38","58","0","13","79","88","80","85","81","52","70","54","72","56","187","108","193","158",
"1500000US250173351001","Block Group 1, Census Tract 3351, Middlesex County, Massachusetts","314","97","0","13","0","13","0","13","16","25","31","36","0","13","0","13","14","22","30","34","28","44","75","79","0","13","0","13","26","24","16","25","78","55",
"1500000US250173351002","Block Group 2, Census Tract 3351, Middlesex County, Massachusetts","175","72","16","26","0","13","0","13","18","28","0","13","0","13","17","28","0","13","0","13","38","32","0","13","14","22","30","35","0","13","42","38","0","13",
"1500000US250173351003","Block Group 3, Census Tract 3351, Middlesex County, Massachusetts","479","87","15","25","0","13","0","13","14","22","0","13","0","13","0","13","0","13","30","34","0","13","14","22","55","69","55","46","54","50","91","75","151","77",
"1500000US250173351004","Block Group 4, Census Tract 3351, Middlesex County, Massachusetts","310","82","20","33","0","13","0","13","0","13","0","13","0","13","0","13","0","13","0","13","0","13","27","31","29","31","22","35","96","82","48","45","68","43",
"1500000US250173351005","Block Group 5, Census Tract 3351, Middlesex County, Massachusetts","369","139","45","73","20","31","0","13","0","13","0","13","19","31","15","26","0","13","7","14","44","49","13","21","92","114","62","65","17","27","35","43","0","13",
"1500000US250173351006","Block Group 6, Census Tract 3351, Middlesex County, Massachusetts","710","183","21","32","20","31","0","13","0","13","0","13","87","105","19","31","85","106","45","52","116","121","124","97","52","80","40","46","34","30","48","39","19","30",
"1500000US250173351007","Block Group 7, Census Tract 3351, Middlesex County, Massachusetts","236","85","0","13","0","13","0","13","0","13","0","13","0","13","0","13","0","13","52","74","0","13","32","36","0","13","32","37","98","84","8","15","14","21",
"1500000US250173352001","Block Group 1, Census Tract 3352, Middlesex County, Massachusetts","337","120","0","13","0","13","15","24","0","13","0","13","9","16","0","13","0","13","0","13","0","13","7","10","119","114","0","13","14","24","98","66","75","70",
"1500000US250173352002","Block Group 2, Census Tract 3352, Middlesex County, Massachusetts","349","134","0","13","0","13","0","13","16","26","0","13","0","13","0","13","23","37","0","13","0","13","77","70","88","85","16","26","0","13","27","41","102","122",
"1500000US250173352003","Block Group 3, Census Tract 3352, Middlesex County, Massachusetts","417","103","0","13","67","95","34","53","9","15","13","21","0","13","0","13","15","24","0","13","0","13","65","51","34","26","14","24","17","26","46","46","103","87",
"1500000US250173352004","Block Group 4, Census Tract 3352, Middlesex County, Massachusetts","618","210","9","16","14","23","27","25","0","13","14","24","15","24","58","48","24","43","0","13","55","58","69","67","33","36","135","180","14","22","90","74","61","56",
"1500000US250173352005","Block Group 5, Census Tract 3352, Middlesex County, Massachusetts","764","127","25","31","0","13","0","13","39","58","15","23","42","48","0","13","0","13","43","69","40","40","24","30","83","55","91","72","129","98","79","64","154","102",
"1500000US250173353011","Block Group 1, Census Tract 3353.01, Middlesex County, Massachusetts","836","166","22","24","23","23","66","58","19","22","0","13","12","20","56","60","0","13","8","13","19","21","31","28","109","49","84","58","58","39","112","73","217","134",
"1500000US250173353012","Block Group 2, Census Tract 3353.01, Middlesex County, Massachusetts","654","146","23","25","10","15","0","13","9","14","0","13","0","13","0","13","11","17","18","21","11","17","186","128","92","54","44","32","116","91","65","59","69","46",
"1500000US250173353013","Block Group 3, Census Tract 3353.01, Middlesex County, Massachusetts","314","94","7","13","10","17","0","13","11","16","0","13","10","16","37","50","14","21","0","13","25","39","46","57","24","27","76","60","21","23","33","30","0","13",
"1500000US250173353021","Block Group 1, Census Tract 3353.02, Middlesex County, Massachusetts","391","91","20","32","23","34","43","44","0","13","0","13","0","13","0","13","0","13","0","13","33","40","34","42","60","53","20","22","56","46","61","44","41","27",
"1500000US250173353022","Block Group 2, Census Tract 3353.02, Middlesex County, Massachusetts","324","51","0","13","0","13","0","13","10","14","24","22","22","22","0","13","3","4","9","15","54","48","13","16","10","15","16","19","9","14","66","34","88","50",
"1500000US250173353023","Block Group 3, Census Tract 3353.02, Middlesex County, Massachusetts","296","63","27","24","0","13","0","13","0","13","0","13","0","13","0","13","9","14","9","13","19","20","8","13","59","33","37","43","51","46","66","46","11","17",
"1500000US250173353024","Block Group 4, Census Tract 3353.02, Middlesex County, Massachusetts","909","150","29","44","48","54","34","40","8","13","7","13","16","17","0","13","20","22","8","14","29","46","111","86","72","37","146","120","92","46","69","36","220","81",
"1500000US250173354001","Block Group 1, Census Tract 3354, Middlesex County, Massachusetts","664","88","21","23","0","13","0","13","0","13","7","10","64","72","0","13","0","13","16","19","0","13","7","10","94","54","65","51","98","56","85","42","207","78",
"1500000US250173354002","Block Group 2, Census Tract 3354, Middlesex County, Massachusetts","668","133","10","16","0","13","20","22","35","29","30","29","0","13","45","45","8","12","9","14","10","15","47","47","59","40","52","36","26","23","132","60","185","119",
"1500000US250173354003","Block Group 3, Census Tract 3354, Middlesex County, Massachusetts","588","89","12","18","0","13","0","13","14","21","20","22","10","16","0","13","0","13","9","13","48","33","21","24","60","56","51","46","52","43","162","65","129","56",
"1500000US250173361001","Block Group 1, Census Tract 3361, Middlesex County, Massachusetts","417","178","0","13","0","13","25","39","0","13","74","121","0","13","0","13","0","13","0","13","60","98","25","38","50","63","52","53","73","66","23","39","35","35",
"1500000US250173361002","Block Group 2, Census Tract 3361, Middlesex County, Massachusetts","728","211","13","20","77","61","0","13","27","32","58","60","0","13","12","21","27","31","122","139","48","50","17","27","169","143","0","13","28","44","70","51","60","59",
"1500000US250173361003","Block Group 3, Census Tract 3361, Middlesex County, Massachusetts","331","100","0","13","0","13","0","13","0","13","0","13","21","29","0","13","0","13","35","54","13","21","0","13","20","31","12","19","72","61","44","60","114","79",
"1500000US250173361004","Block Group 4, Census Tract 3361, Middlesex County, Massachusetts","174","79","13","21","0","13","0","13","0","13","0","13","0","13","13","22","0","13","0","13","13","22","0","13","27","43","0","13","0","13","9","14","99","66",
"1500000US250173361005","Block Group 5, Census Tract 3361, Middlesex County, Massachusetts","673","172","17","26","17","28","66","76","0","13","18","30","17","29","0","13","0","13","0","13","0","13","45","42","139","98","97","68","0","13","151","137","106","56",
"1500000US250173362011","Block Group 1, Census Tract 3362.01, Middlesex County, Massachusetts","389","118","0","13","49","81","0","13","27","42","45","71","0","13","0","13","0","13","0","13","0","13","0","13","0","13","0","13","43","37","95","91","130","46",
"1500000US250173362012","Block Group 2, Census Tract 3362.01, Middlesex County, Massachusetts","200","63","32","51","0","13","0","13","0","13","0","13","12","21","0","13","0","13","0","13","0","13","30","32","10","16","28","42","0","13","35","38","53","44",
"1500000US250173362013","Block Group 3, Census Tract 3362.01, Middlesex County, Massachusetts","505","180","11","20","0","13","0","13","30","40","0","13","0","13","0","13","0","13","0","13","10","17","0","13","77","127","58","58","16","26","223","147","80","57",
"1500000US250173362021","Block Group 1, Census Tract 3362.02, Middlesex County, Massachusetts","363","81","0","13","0","13","0","13","0","13","0","13","12","19","0","13","0","13","0","13","16","24","0","13","18","30","9","14","0","13","76","53","232","100",
"1500000US250173362022","Block Group 2, Census Tract 3362.02, Middlesex County, Massachusetts","320","130","49","53","0","13","0","13","42","54","0","13","0","13","0","13","0","13","0","13","0","13","77","112","9","14","30","33","29","35","0","13","84","68",
"1500000US250173362023","Block Group 3, Census Tract 3362.02, Middlesex County, Massachusetts","308","150","12","19","0","13","0","13","0","13","19","23","63","90","0","13","0","13","33","51","39","63","0","13","12","21","23","29","0","13","8","15","99","113",
"1500000US250173362024","Block Group 4, Census Tract 3362.02, Middlesex County, Massachusetts","178","65","0","13","0","13","0","13","12","18","0","13","18","29","0","13","0","13","0","13","0","13","12","20","0","13","15","25","27","33","15","26","79","56",
"1500000US250173363001","Block Group 1, Census Tract 3363, Middlesex County, Massachusetts","337","108","37","57","0","13","0","13","0","13","0","13","0","13","0","13","0","13","0","13","0","13","0","13","14","23","22","37","21","36","154","93","89","41",
"1500000US250173363002","Block Group 2, Census Tract 3363, Middlesex County, Massachusetts","201","71","0","13","0","13","0","13","0","13","0","13","0","13","0","13","18","22","0","13","14","23","0","13","8","16","55","67","0","13","41","36","65","49",
"1500000US250173363003","Block Group 3, Census Tract 3363, Middlesex County, Massachusetts","444","103","6","9","0","13","0","13","0","13","33","51","0","13","0","13","0","13","0","13","13","21","43","54","11","24","153","108","23","26","88","48","74","59",
"1500000US250173363004","Block Group 4, Census Tract 3363, Middlesex County, Massachusetts","555","226","0","13","0","13","12","20","0","13","0","13","21","33","0","13","56","86","25","41","58","50","0","13","78","53","32","36","31","35","86","68","156","215",
"1500000US250173363005","Block Group 5, Census Tract 3363, Middlesex County, Massachusetts","459","98","0","13","0","13","50","63","32","54","0","13","12","19","0","13","0","13","24","38","105","85","0","13","72","67","19","23","15","25","82","60","48","45",
"1500000US250173363006","Block Group 6, Census Tract 3363, Middlesex County, Massachusetts","411","104","0","13","0","13","0","13","0","13","0","13","0","13","0","13","0","13","0","13","13","21","21","32","45","43","79","81","0","13","113","67","140","68",
"1500000US250173364021","Block Group 1, Census Tract 3364.02, Middlesex County, Massachusetts","401","110","0","13","0","13","0","13","14","22","0","13","52","60","0","13","0","13","10","16","40","37","53","43","56","44","57","64","54","54","0","13","65","53",
"1500000US250173364022","Block Group 2, Census Tract 3364.02, Middlesex County, Massachusetts","544","129","15","24","21","25","20","24","0","13","43","41","14","23","20","31","0","13","0","13","23","27","95","82","50","41","15","23","81","62","52","49","95","104",
"1500000US250173364023","Block Group 3, Census Tract 3364.02, Middlesex County, Massachusetts","465","131","52","64","73","50","82","74","5","10","14","23","0","13","25","39","51","73","0","13","0","13","0","13","38","51","28","31","33","34","25","32","39","39",
"1500000US250173364024","Block Group 4, Census Tract 3364.02, Middlesex County, Massachusetts","557","132","0","13","0","13","45","40","0","13","59","65","0","13","0","13","0","13","0","13","0","13","0","13","0","13","96","78","139","92","159","69","59","46",
"1500000US250173364031","Block Group 1, Census Tract 3364.03, Middlesex County, Massachusetts","273","86","0","13","13","21","0","13","0","13","0","13","14","20","31","48","28","40","0","13","7","12","0","13","0","13","26","38","82","73","30","26","42","41",
"1500000US250173364032","Block Group 2, Census Tract 3364.03, Middlesex County, Massachusetts","1119","225","99","78","39","36","0","13","142","89","37","44","0","13","19","31","118","185","0","13","112","70","49","45","9","16","67","51","35","43","256","141","137","79",
"1500000US250173364041","Block Group 1, Census Tract 3364.04, Middlesex County, Massachusetts","444","122","0","13","0","13","45","68","45","53","12","20","14","22","12","20","0","13","17","33","101","94","26","31","14","24","34","42","0","13","44","55","80","62",
"1500000US250173364042","Block Group 2, Census Tract 3364.04, Middlesex County, Massachusetts","442","125","0","13","0","13","0","13","6","11","0","13","0","13","39","59","0","13","0","13","11","18","20","39","120","86","7","11","25","28","131","67","83","57",
"1500000US250173371011","Block Group 1, Census Tract 3371.01, Middlesex County, Massachusetts","470","82","0","13","9","16","0","13","0","13","0","13","0","13","24","32","0","13","8","12","15","21","19","21","39","30","26","27","57","37","72","46","201","68",
"1500000US250173371012","Block Group 2, Census Tract 3371.01, Middlesex County, Massachusetts","761","99","45","33","141","63","72","74","7","12","30","26","0","13","0","13","45","50","0","13","33","27","37","39","56","31","72","48","60","54","98","56","65","33",
"1500000US250173371021","Block Group 1, Census Tract 3371.02, Middlesex County, Massachusetts","557","125","19","31","0","13","0","13","0","13","0","13","0","13","18","31","19","31","0","13","0","13","14","22","80","61","53","54","81","61","105","72","168","93",
"1500000US250173371022","Block Group 2, Census Tract 3371.02, Middlesex County, Massachusetts","1195","205","30","38","15","22","0","13","14","23","28","44","0","13","35","47","17","29","38","40","0","13","153","120","219","143","162","140","63","53","221","111","200","96",
"1500000US250173371023","Block Group 3, Census Tract 3371.02, Middlesex County, Massachusetts","404","145","17","29","0","13","0","13","0","13","47","70","0","13","0","13","24","36","0","13","0","13","74","116","65","54","49","72","33","39","18","31","77","93",
"1500000US250173372011","Block Group 1, Census Tract 3372.01, Middlesex County, Massachusetts","970","127","64","52","17","21","58","54","25","28","25","27","53","37","38","34","24","26","6","10","71","49","136","78","90","51","49","34","89","48","125","77","100","47",
"1500000US250173372012","Block Group 2, Census Tract 3372.01, Middlesex County, Massachusetts","212","46","0","13","0","13","0","13","0","13","0","13","0","13","0","13","0","13","9","14","0","13","34","30","26","25","0","13","7","12","84","38","52","33",
"1500000US250173372013","Block Group 3, Census Tract 3372.01, Middlesex County, Massachusetts","246","74","4","7","0","13","0","13","0","13","8","12","0","13","0","13","0","13","9","15","0","13","0","13","59","48","31","29","29","45","87","59","19","22",
"1500000US250173372021","Block Group 1, Census Tract 3372.02, Middlesex County, Massachusetts","493","117","0","13","0","13","0","13","0","13","12","20","0","13","0","13","15","22","0","13","27","31","40","54","59","50","80","60","61","54","146","97","53","44",
"1500000US250173372022","Block Group 2, Census Tract 3372.02, Middlesex County, Massachusetts","323","100","0","13","0","13","0","13","0","13","32","39","0","13","0","13","16","26","14","22","0","13","30","34","56","42","16","24","10","16","98","90","51","40",
"1500000US250173372023","Block Group 3, Census Tract 3372.02, Middlesex County, Massachusetts","721","158","14","22","0","13","41","63","16","26","30","35","0","13","0","13","47","75","60","81","30","33","50","49","0","13","64","83","17","29","58","45","294","165",
"1500000US250173372024","Block Group 4, Census Tract 3372.02, Middlesex County, Massachusetts","700","179","59","68","30","37","102","133","13","22","0","13","0","13","44","42","118","136","0","13","0","13","53","68","58","56","114","79","29","37","19","34","61","58",
"1500000US250173373001","Block Group 1, Census Tract 3373, Middlesex County, Massachusetts","472","130","27","42","56","65","0","13","0","13","0","13","0","13","51","84","0","13","0","13","0","13","36","41","81","55","45","51","81","71","45","60","50","54",
"1500000US250173373002","Block Group 2, Census Tract 3373, Middlesex County, Massachusetts","339","101","0","13","0","13","0","13","0","13","12","19","0","13","0","13","0","13","0","13","0","13","41","46","43","60","38","36","15","23","96","80","94","71",
"1500000US250173373003","Block Group 3, Census Tract 3373, Middlesex County, Massachusetts","525","145","16","27","37","61","0","13","26","42","41","55","17","27","18","28","27","32","15","24","12","19","36","42","103","95","51","71","0","13","85","79","41","45",
"1500000US250173373004","Block Group 4, Census Tract 3373, Middlesex County, Massachusetts","1153","168","40","50","58","69","17","28","0","13","44","44","0","13","23","35","86","90","15","24","35","40","113","94","189","148","132","107","94","57","155","89","152","99",
"1500000US250173373005","Block Group 5, Census Tract 3373, Middlesex County, Massachusetts","288","141","0","13","0","13","0","13","0","13","78","130","14","21","0","13","16","27","0","13","11","18","45","71","18","30","19","30","0","13","50","57","37","35",
"1500000US250173381001","Block Group 1, Census Tract 3381, Middlesex County, Massachusetts","416","62","0","13","0","13","0","13","0","13","0","13","12","18","0","13","9","14","10","17","10","15","24","23","7","12","18","17","43","34","24","21","259","68",
"1500000US250173381002","Block Group 2, Census Tract 3381, Middlesex County, Massachusetts","711","158","49","44","26","35","0","13","10","15","0","13","103","149","8","12","9","15","0","13","62","38","24","24","23","22","69","47","33","40","123","58","172","96",
"1500000US250173382001","Block Group 1, Census Tract 3382, Middlesex County, Massachusetts","330","68","10","15","0","13","0","13","16","19","9","13","9","14","0","13","0","13","12","18","43","44","8","12","19","21","47","32","11","17","30","26","116","43",
"1500000US250173382002","Block Group 2, Census Tract 3382, Middlesex County, Massachusetts","344","136","9","14","9","16","39","45","3","8","0","13","26","38","37","46","0","13","10","15","16","20","39","29","8","14","86","118","32","37","30","29","0","13",
"1500000US250173382003","Block Group 3, Census Tract 3382, Middlesex County, Massachusetts","868","128","19","21","8","12","22","24","0","13","18","20","0","13","9","14","0","13","19","31","18","20","29","26","112","70","66","33","156","79","116","75","276","75",
"1500000US250173383001","Block Group 1, Census Tract 3383, Middlesex County, Massachusetts","254","50","0","13","0","13","0","13","0","13","0","13","7","11","0","13","9","13","6","10","0","13","34","37","9","14","9","14","39","40","9","14","132","46",
"1500000US250173383002","Block Group 2, Census Tract 3383, Middlesex County, Massachusetts","525","115","19","27","0","13","21","24","37","47","32","41","5","12","12","19","0","13","11","17","0","13","17","14","41","33","17","20","0","13","42","31","271","110",
"1500000US250173383003","Block Group 3, Census Tract 3383, Middlesex County, Massachusetts","510","154","10","16","0","13","87","142","30","44","0","13","0","13","11","18","0","13","9","15","0","13","0","13","62","42","12","18","21","20","29","23","239","59",
"1500000US250173384001","Block Group 1, Census Tract 3384, Middlesex County, Massachusetts","544","116","0","13","0","13","0","13","10","15","8","13","10","16","11","17","0","13","0","13","0","13","10","16","18","20","33","26","40","29","33","32","371","126",
"1500000US250173384002","Block Group 2, Census Tract 3384, Middlesex County, Massachusetts","544","142","0","13","0","13","0","13","0","13","11","17","0","13","0","13","0","13","0","13","0","13","0","13","26","23","22","28","33","32","98","113","354","103",
"1500000US250173384003","Block Group 3, Census Tract 3384, Middlesex County, Massachusetts","548","103","11","16","0","13","0","13","0","13","14","23","0","13","0","13","0","13","0","13","0","13","60","75","11","16","0","13","53","50","85","48","314","89",
"1500000US250173384004","Block Group 4, Census Tract 3384, Middlesex County, Massachusetts","581","108","0","13","0","13","0","13","20","22","0","13","11","16","0","13","20","16","13","21","0","13","28","24","35","31","19","29","77","68","154","77","204","102",
"1500000US250173385001","Block Group 1, Census Tract 3385, Middlesex County, Massachusetts","466","93","0","13","0","13","0","13","8","12","0","13","0","13","0","13","0","13","22","20","16","24","10","16","43","32","21","25","50","43","22","21","274","101",
"1500000US250173385002","Block Group 2, Census Tract 3385, Middlesex County, Massachusetts","454","73","15","17","12","19","0","13","0","13","8","12","7","12","0","13","8","12","0","13","7","12","10","14","8","11","52","54","37","30","85","53","205","54",
"1500000US250173385003","Block Group 3, Census Tract 3385, Middlesex County, Massachusetts","418","71","0","13","0","13","0","13","0","13","0","13","9","14","8","12","0","13","0","13","20","23","14","16","20","31","0","13","7","10","63","35","277","64",
"1500000US250173385004","Block Group 4, Census Tract 3385, Middlesex County, Massachusetts","552","132","23","36","20","30","106","120","0","13","0","13","38","37","8","13","0","13","7","11","15","18","26","31","36","26","64","43","38","28","49","41","122","50",
"1500000US250173391011","Block Group 1, Census Tract 3391.01, Middlesex County, Massachusetts","706","171","28","49","87","64","0","13","23","29","0","13","15","24","42","41","14","22","13","20","128","157","48","46","47","44","81","68","55","72","53","46","72","52",
"1500000US250173391012","Block Group 2, Census Tract 3391.01, Middlesex County, Massachusetts","375","95","0","13","14","22","0","13","0","13","0","13","13","20","0","13","0","13","0","13","0","13","11","18","53","64","32","39","12","20","123","114","117","108",
"1500000US250173391013","Block Group 3, Census Tract 3391.01, Middlesex County, Massachusetts","750","272","147","161","167","93","13","20","64","44","12","19","27","33","25","29","40","32","0","13","0","13","28","24","26","29","0","13","29","33","22","34","150","217",
"1500000US250173391021","Block Group 1, Census Tract 3391.02, Middlesex County, Massachusetts","165","78","0","13","0","13","0","13","0","13","39","61","0","13","0","13","0","13","0","13","0","13","25","24","24","39","14","22","0","13","0","13","63","48",
"1500000US250173391022","Block Group 2, Census Tract 3391.02, Middlesex County, Massachusetts","525","124","0","13","16","22","0","13","0","13","0","13","0","13","20","30","17","27","30","33","27","37","12","21","67","67","67","62","48","42","56","63","165","111",
"1500000US250173391023","Block Group 3, Census Tract 3391.02, Middlesex County, Massachusetts","507","97","0","13","32","38","0","13","0","13","0","13","0","13","16","26","0","13","0","13","65","76","30","36","19","29","0","13","112","99","70","70","163","100",
"1500000US250173392001","Block Group 1, Census Tract 3392, Middlesex County, Massachusetts","343","112","0","13","0","13","0","13","0","13","0","13","0","13","0","13","0","13","0","13","18","29","0","13","17","28","30","36","0","13","54","81","224","95",
"1500000US250173392002","Block Group 2, Census Tract 3392, Middlesex County, Massachusetts","322","97","0","13","0","13","0","13","0","13","0","13","0","13","9","15","0","13","0","13","0","13","56","65","104","88","33","28","0","13","28","31","92","56",
"1500000US250173392003","Block Group 3, Census Tract 3392, Middlesex County, Massachusetts","414","96","22","34","0","13","0","13","18","28","22","37","0","13","34","38","0","13","0","13","0","13","0","13","11","18","75","56","101","92","97","71","34","52",
"1500000US250173392004","Block Group 4, Census Tract 3392, Middlesex County, Massachusetts","278","84","0","13","0","13","0","13","0","13","0","13","0","13","19","30","15","24","0","13","0","13","0","13","0","13","0","13","23","29","86","54","135","65",
"1500000US250173392005","Block Group 5, Census Tract 3392, Middlesex County, Massachusetts","555","202","18","28","0","13","0","13","0","13","0","13","0","13","0","13","0","13","0","13","23","35","0","13","58","47","90","87","57","50","102","74","207","207",
"1500000US250173392006","Block Group 6, Census Tract 3392, Middlesex County, Massachusetts","302","78","0","13","0","13","0","13","0","13","0","13","0","13","0","13","0","13","0","13","17","29","0","13","43","50","16","28","19","23","117","64","90","48",
"1500000US250173393001","Block Group 1, Census Tract 3393, Middlesex County, Massachusetts","317","74","22","23","11","17","26","41","0","13","0","13","36","42","24","30","31","36","10","14","17","21","0","13","19","25","30","25","28","42","9","14","54","30",
"1500000US250173393002","Block Group 2, Census Tract 3393, Middlesex County, Massachusetts","285","96","30","49","0","13","0","13","0","13","0","13","0","13","0","13","0","13","9","14","5","10","26","26","76","74","18","20","17","19","44","37","60","37",
"1500000US250173393003","Block Group 3, Census Tract 3393, Middlesex County, Massachusetts","460","121","19","22","20","22","19","22","0","13","8","14","6","10","11","18","0","13","45","52","42","53","97","91","49","37","54","39","17","20","43","30","30","24",
"1500000US250173394001","Block Group 1, Census Tract 3394, Middlesex County, Massachusetts","425","78","13","20","55","60","44","58","18","21","19","15","9","14","13","21","16","17","0","13","12","11","22","32","29","44","26","19","15","25","66","42","68","44",
"1500000US250173394002","Block Group 2, Census Tract 3394, Middlesex County, Massachusetts","213","60","0","13","7","11","13","20","0","13","0","13","0","13","13","20","0","13","9","13","0","13","10","16","23","25","20","22","21","17","76","47","21","25",
"1500000US250173394003","Block Group 3, Census Tract 3394, Middlesex County, Massachusetts","401","197","14","21","0","13","10","14","0","13","7","10","0","13","10","15","0","13","0","13","15","18","42","34","34","26","52","42","26","21","10","13","181","214",
"1500000US250173394004","Block Group 4, Census Tract 3394, Middlesex County, Massachusetts","410","81","17","20","35","29","0","13","0","13","57","42","82","74","0","13","0","13","21","24","14","18","18","20","52","35","58","34","14","22","28","33","14","21",
"1500000US250173395001","Block Group 1, Census Tract 3395, Middlesex County, Massachusetts","505","150","15","24","14","22","0","13","0","13","0","13","19","24","0","13","0","13","31","32","28","30","38","40","72","64","101","54","119","133","12","17","56","35",
"1500000US250173395002","Block Group 2, Census Tract 3395, Middlesex County, Massachusetts","559","181","0","13","12","19","55","56","58","58","0","13","11","19","125","148","50","58","7","11","5","7","48","55","60","37","9","10","32","32","12","19","75","39",
"1500000US250173395003","Block Group 3, Census Tract 3395, Middlesex County, Massachusetts","206","70","0","13","0","13","12","19","0","13","0","13","23","25","0","13","14","22","0","13","52","51","0","13","22","24","16","20","19","21","19","20","29","24",
"1500000US250173395004","Block Group 4, Census Tract 3395, Middlesex County, Massachusetts","325","104","0","13","0","13","5","8","0","13","7","11","17","29","0","13","0","13","7","11","10","17","68","80","23","24","38","34","25","27","72","64","53","36",
"1500000US250173396001","Block Group 1, Census Tract 3396, Middlesex County, Massachusetts","349","171","70","98","0","13","16","27","0","13","0","13","17","29","21","37","14","25","0","13","16","27","0","13","0","13","20","31","157","134","0","13","18","30",
"1500000US250173396002","Block Group 2, Census Tract 3396, Middlesex County, Massachusetts","271","141","0","13","107","143","0","13","0","13","6","16","16","26","7","11","14","26","0","13","0","13","51","46","24","32","0","13","29","46","0","13","17","28",
"1500000US250173396003","Block Group 3, Census Tract 3396, Middlesex County, Massachusetts","369","144","0","13","0","13","18","31","0","13","0","13","0","13","40","43","17","28","0","13","16","27","8","13","65","92","42","68","40","37","121","125","2","11",
"1500000US250173396004","Block Group 4, Census Tract 3396, Middlesex County, Massachusetts","385","123","0","13","0","13","48","80","0","13","22","38","34","50","0","13","0","13","0","13","10","18","0","13","52","61","84","71","5","11","102","74","28","36",
"1500000US250173396005","Block Group 5, Census Tract 3396, Middlesex County, Massachusetts","378","179","6","10","13","20","0","13","0","13","0","13","0","13","0","13","0","13","0","13","12","20","62","60","10","16","81","70","11","20","10","16","173","174",
"1500000US250173396006","Block Group 6, Census Tract 3396, Middlesex County, Massachusetts","290","102","16","26","0","13","0","13","13","20","0","13","0","13","7","12","0","13","6","11","63","70","0","13","34","37","44","43","60","68","47","63","0","13",
"1500000US250173397001","Block Group 1, Census Tract 3397, Middlesex County, Massachusetts","316","106","0","13","21","27","0","13","24","37","0","13","0","13","0","13","31","48","0","13","23","28","33","57","79","63","80","52","0","13","18","24","7","12",
"1500000US250173397002","Block Group 2, Census Tract 3397, Middlesex County, Massachusetts","521","120","74","68","78","79","0","13","0","13","0","13","0","13","0","13","47","53","22","19","14","21","65","44","15","16","62","56","46","40","37","32","61","47",
"1500000US250173397003","Block Group 3, Census Tract 3397, Middlesex County, Massachusetts","495","192","53","80","73","119","0","13","8","13","0","13","6","10","28","45","70","111","0","13","25","34","44","37","78","55","22","24","49","33","9","14","30","34",
"1500000US250173397004","Block Group 4, Census Tract 3397, Middlesex County, Massachusetts","396","171","0","13","9","16","39","39","0","13","18","28","0","13","34","40","48","51","7","13","89","144","15","17","20","20","56","43","10","17","39","43","12","18",
"1500000US250173398021","Block Group 1, Census Tract 3398.02, Middlesex County, Massachusetts","810","197","0","13","0","13","13","21","14","22","0","13","3","16","0","13","48","45","0","13","34","40","71","71","0","13","112","93","96","85","360","231","59","47",
"1500000US250173398022","Block Group 2, Census Tract 3398.02, Middlesex County, Massachusetts","190","71","0","13","0","13","0","13","0","13","0","13","13","21","0","13","0","13","0","13","0","13","0","13","0","13","0","13","51","43","38","48","88","64",
"1500000US250173398023","Block Group 3, Census Tract 3398.02, Middlesex County, Massachusetts","189","80","0","13","0","13","0","13","0","13","20","33","18","29","0","13","0","13","0","13","11","21","0","13","38","44","0","13","87","81","0","13","15","25",
"1500000US250173398024","Block Group 4, Census Tract 3398.02, Middlesex County, Massachusetts","1010","254","0","13","51","62","62","96","64","68","74","62","44","51","37","40","20","32","0","13","69","54","31","36","113","102","89","73","76","63","183","212","97","68",
"1500000US250173398031","Block Group 1, Census Tract 3398.03, Middlesex County, Massachusetts","915","322","103","86","10","18","0","13","15","22","0","13","0","13","18","28","35","55","0","13","52","66","142","159","234","211","0","13","16","24","77","53","213","220",
"1500000US250173398032","Block Group 2, Census Tract 3398.03, Middlesex County, Massachusetts","1024","141","129","106","17","26","0","13","20","25","77","76","20","31","0","13","0","13","131","73","21","25","28","31","143","89","107","66","50","42","141","71","140","77",
"1500000US250173398041","Block Group 1, Census Tract 3398.04, Middlesex County, Massachusetts","344","218","0","13","0","13","0","13","147","178","0","13","0","13","0","13","0","13","14","23","9","16","0","13","0","13","0","13","132","153","0","13","42","38",
"1500000US250173398042","Block Group 2, Census Tract 3398.04, Middlesex County, Massachusetts","269","84","0","13","0","13","0","13","13","22","0","13","0","13","0","13","0","13","0","13","0","13","11","18","84","68","7","13","93","71","28","28","33","38",
"1500000US250173398043","Block Group 3, Census Tract 3398.04, Middlesex County, Massachusetts","384","149","8","12","0","13","0","13","14","22","0","13","12","20","48","57","0","13","0","13","90","118","0","13","23","26","105","94","55","45","28","30","1","11",
"1500000US250173399001","Block Group 1, Census Tract 3399, Middlesex County, Massachusetts","677","170","0","13","0","13","0","13","49","80","0","13","0","13","54","76","27","43","17","24","16","24","97","72","139","92","65","51","16","26","63","50","134","82",
"1500000US250173399002","Block Group 2, Census Tract 3399, Middlesex County, Massachusetts","306","146","0","13","12","20","0","13","10","17","0","13","0","13","50","77","5","13","0","13","50","41","12","20","71","87","43","48","0","13","53","71","0","13",
"1500000US250173399003","Block Group 3, Census Tract 3399, Middlesex County, Massachusetts","403","133","0","13","0","13","0","13","0","13","17","28","37","56","0","13","0","13","16","27","43","55","0","13","120","95","0","13","87","76","38","46","45","41",
"1500000US250173399004","Block Group 4, Census Tract 3399, Middlesex County, Massachusetts","310","123","0","13","16","28","0","13","44","48","0","13","45","63","0","13","12","20","16","26","0","13","15","24","28","31","14","22","28","32","88","110","4","17",
"1500000US250173399005","Block Group 5, Census Tract 3399, Middlesex County, Massachusetts","264","122","0","13","0","13","0","13","31","35","0","13","0","13","9","14","0","13","0","13","6","15","0","13","0","13","36","40","68","71","69","94","45","42",
"1500000US250173400001","Block Group 1, Census Tract 3400, Middlesex County, Massachusetts","428","149","0","13","0","13","0","13","10","16","27","39","0","13","10","16","39","34","0","13","143","143","59","54","17","21","56","26","24","24","31","31","12","16",
"1500000US250173400002","Block Group 2, Census Tract 3400, Middlesex County, Massachusetts","335","102","0","13","0","13","41","70","15","25","0","13","0","13","36","49","0","13","9","14","17","18","15","24","16","24","105","70","35","36","43","35","3","9",
"1500000US250173400003","Block Group 3, Census Tract 3400, Middlesex County, Massachusetts","311","82","0","13","0","13","0","13","0","13","0","13","0","13","5","9","0","13","24","27","22","28","12","19","4","7","36","29","153","83","4","6","51","39",
"1500000US250173401001","Block Group 1, Census Tract 3401, Middlesex County, Massachusetts","279","82","0","13","0","13","0","13","23","37","0","13","0","13","0","13","0","13","37","41","54","52","37","56","42","40","14","21","0","13","39","44","33","41",
"1500000US250173401002","Block Group 2, Census Tract 3401, Middlesex County, Massachusetts","508","169","20","32","0","13","0","13","0","13","0","13","65","106","0","13","0","13","0","13","0","13","0","13","145","140","13","22","83","75","27","32","155","104",
"1500000US250173401003","Block Group 3, Census Tract 3401, Middlesex County, Massachusetts","845","208","40","46","0","13","20","34","0","13","54","62","0","13","0","13","18","28","0","13","150","173","28","32","0","13","189","114","53","49","183","145","110","73",
"1500000US250173401004","Block Group 4, Census Tract 3401, Middlesex County, Massachusetts","369","119","0","13","0","13","19","32","31","38","0","13","0","13","0","13","49","80","0","13","0","13","19","31","69","55","47","45","0","13","116","86","19","30",
"1500000US250173401005","Block Group 5, Census Tract 3401, Middlesex County, Massachusetts","211","67","0","13","0","13","0","13","0","13","0","13","0","13","0","13","0","13","0","13","18","29","20","32","55","31","0","13","47","44","13","20","58","48",
"1500000US250173401006","Block Group 6, Census Tract 3401, Middlesex County, Massachusetts","308","106","20","33","0","13","0","13","0","13","0","13","16","25","20","31","0","13","0","13","65","82","0","13","38","41","60","47","16","24","34","40","39","46",
"1500000US250173411011","Block Group 1, Census Tract 3411.01, Middlesex County, Massachusetts","698","211","21","33","2","4","0","13","0","13","35","31","0","13","14","16","17","24","11","15","50","29","52","35","48","63","117","66","158","180","86","66","87","57",
"1500000US250173411012","Block Group 2, Census Tract 3411.01, Middlesex County, Massachusetts","217","57","0","13","6","8","7","10","5","9","0","13","12","14","0","13","40","37","0","13","34","40","21","33","13","14","20","21","0","13","21","28","38","32",
"1500000US250173411013","Block Group 3, Census Tract 3411.01, Middlesex County, Massachusetts","410","83","0","13","0","13","12","13","0","13","5","9","0","13","5","7","10","16","15","24","13","16","14","17","60","46","57","49","60","42","65","42","94","56",
"1500000US250173411021","Block Group 1, Census Tract 3411.02, Middlesex County, Massachusetts","703","244","180","145","66","70","0","13","0","13","12","20","31","47","15","23","32","51","0","13","28","33","63","68","36","35","43","41","36","40","0","13","161","246",
"1500000US250173411022","Block Group 2, Census Tract 3411.02, Middlesex County, Massachusetts","1195","174","53","57","71","62","25","29","50","49","43","55","50","77","10","17","76","60","0","13","30","34","138","92","268","111","94","54","158","94","57","48","72","44",
"1500000US250173411023","Block Group 3, Census Tract 3411.02, Middlesex County, Massachusetts","247","77","13","20","48","59","0","13","0","13","0","13","0","13","0","13","14","22","0","13","0","13","14","22","2","4","40","37","43","40","59","44","14","23",
"1500000US250173412001","Block Group 1, Census Tract 3412, Middlesex County, Massachusetts","453","116","26","31","15","24","9","15","0","13","0","13","42","41","0","13","114","94","0","13","0","13","98","68","35","34","20","36","20","34","39","49","35","44",
"1500000US250173412002","Block Group 2, Census Tract 3412, Middlesex County, Massachusetts","398","153","36","52","0","13","0","13","0","13","85","110","0","13","11","18","17","30","7","14","117","103","16","26","0","13","45","51","33","48","18","31","13","22",
"1500000US250173412003","Block Group 3, Census Tract 3412, Middlesex County, Massachusetts","273","90","0","13","0","13","0","13","0","13","0","13","0","13","0","13","15","22","0","13","0","13","27","42","25","42","60","69","62","70","74","59","10","18",
"1500000US250173412004","Block Group 4, Census Tract 3412, Middlesex County, Massachusetts","973","336","11","19","115","81","29","40","16","27","22","35","79","71","13","23","30","35","44","56","0","13","173","223","54","55","199","218","52","89","67","74","69","83",
"1500000US250173412005","Block Group 5, Census Tract 3412, Middlesex County, Massachusetts","381","108","32","49","0","13","0","13","11","19","0","13","0","13","0","13","12","20","0","13","25","29","79","123","30","51","31","39","0","13","119","71","42","53",
"1500000US250173413011","Block Group 1, Census Tract 3413.01, Middlesex County, Massachusetts","237","94","52","66","0","13","12","19","12","18","11","19","0","13","12","18","0","13","9","14","52","60","20","32","19","32","9","16","10","16","0","13","19","33",
"1500000US250173413012","Block Group 2, Census Tract 3413.01, Middlesex County, Massachusetts","826","210","148","104","64","56","0","13","19","31","66","57","42","49","29","49","0","13","0","13","0","13","15","25","163","146","0","13","46","42","156","141","78","72",
"1500000US250173413013","Block Group 3, Census Tract 3413.01, Middlesex County, Massachusetts","277","110","37","45","18","31","9","16","0","13","40","62","0","13","0","13","0","13","31","51","64","86","0","13","10","17","16","31","32","46","0","13","20","32",
"1500000US250173413014","Block Group 4, Census Tract 3413.01, Middlesex County, Massachusetts","240","144","0","13","119","108","0","13","0","13","0","13","0","13","0","13","52","83","0","13","20","19","19","32","0","13","0","13","0","13","0","13","30","48",
"1500000US250173413021","Block Group 1, Census Tract 3413.02, Middlesex County, Massachusetts","619","349","60","60","21","34","23","27","0","13","24","36","9","15","0","13","14","22","14","23","20","33","10","16","66","62","51","61","264","356","24","34","19","29",
"1500000US250173413022","Block Group 2, Census Tract 3413.02, Middlesex County, Massachusetts","528","156","0","13","0","13","0","13","0","13","35","48","60","67","30","46","0","13","11","18","107","118","94","112","61","69","51","45","28","39","20","24","31","40",
"1500000US250173414001","Block Group 1, Census Tract 3414, Middlesex County, Massachusetts","313","154","85","89","0","13","0","13","0","13","0","13","11","18","0","13","45","64","0","13","0","13","56","72","56","67","31","52","29","38","0","13","0","13",
"1500000US250173414002","Block Group 2, Census Tract 3414, Middlesex County, Massachusetts","228","112","0","13","0","13","15","24","0","13","0","13","78","102","0","13","0","13","0","13","23","26","12","20","49","49","23","35","0","13","0","13","28","37",
"1500000US250173414003","Block Group 3, Census Tract 3414, Middlesex County, Massachusetts","481","137","0","13","0","13","15","25","0","13","0","13","0","13","0","13","0","13","54","81","55","58","34","38","154","96","37","58","40","63","68","67","24","30",
"1500000US250173414004","Block Group 4, Census Tract 3414, Middlesex County, Massachusetts","784","395","50","61","0","13","0","13","139","206","38","45","9","17","0","13","87","57","17","26","0","13","61","68","30","35","280","333","73","81","0","13","0","13",
"1500000US250173414005","Block Group 5, Census Tract 3414, Middlesex County, Massachusetts","511","183","31","50","0","13","0","13","90","81","30","48","77","108","0","13","0","13","0","13","30","45","41","67","80","86","33","35","0","13","38","61","61","96",
"1500000US250173415001","Block Group 1, Census Tract 3415, Middlesex County, Massachusetts","354","115","0","13","0","13","0","13","0","13","9","15","10","15","21","35","14","19","28","34","0","13","76","51","43","42","36","28","10","19","87","90","20","22",
"1500000US250173415002","Block Group 2, Census Tract 3415, Middlesex County, Massachusetts","282","84","9","15","0","13","19","30","0","13","0","13","0","13","0","13","10","15","27","41","2","6","7","13","44","34","98","71","38","45","15","18","13","21",
"1500000US250173415003","Block Group 3, Census Tract 3415, Middlesex County, Massachusetts","298","109","11","17","0","13","16","27","0","13","16","18","9","14","17","28","32","26","0","13","13","26","29","45","87","94","17","22","18","20","14","16","19","21",
"1500000US250173415004","Block Group 4, Census Tract 3415, Middlesex County, Massachusetts","273","102","13","21","25","38","0","13","0","13","13","20","0","13","0","13","24","37","0","13","0","13","60","65","19","19","36","37","34","43","42","54","7","11",
"1500000US250173415005","Block Group 5, Census Tract 3415, Middlesex County, Massachusetts","361","106","30","46","65","57","13","18","0","13","0","13","3","9","0","13","0","13","25","37","44","46","26","31","115","70","11","17","18","29","11","18","0","13",
"1500000US250173416001","Block Group 1, Census Tract 3416, Middlesex County, Massachusetts","401","160","0","13","137","92","11","18","21","36","71","111","0","13","0","13","0","13","0","13","0","13","20","31","0","13","10","16","28","30","50","47","53","76",
"1500000US250173416002","Block Group 2, Census Tract 3416, Middlesex County, Massachusetts","454","119","61","64","0","13","21","39","12","21","29","45","0","13","0","13","0","13","0","13","0","13","20","32","68","65","51","61","81","90","32","27","79","50",
"1500000US250173416003","Block Group 3, Census Tract 3416, Middlesex County, Massachusetts","435","125","0","13","0","13","27","43","20","37","39","40","0","13","13","20","10","16","0","13","11","18","37","55","70","71","56","66","13","23","139","92","0","13",
"1500000US250173416004","Block Group 4, Census Tract 3416, Middlesex County, Massachusetts","259","104","0","13","42","53","10","16","21","25","0","13","11","18","0","13","0","13","0","13","35","58","34","36","0","13","0","13","15","24","26","30","65","71",
"1500000US250173416005","Block Group 5, Census Tract 3416, Middlesex County, Massachusetts","414","182","139","160","0","13","0","13","73","95","18","29","23","33","0","13","0","13","0","13","14","25","0","13","13","21","65","66","41","51","16","27","12","22",
"1500000US250173416006","Block Group 6, Census Tract 3416, Middlesex County, Massachusetts","539","150","61","68","28","31","0","13","19","29","0","13","59","90","20","33","0","13","17","28","30","35","29","34","140","125","43","31","14","23","39","37","40","46",
"1500000US250173417001","Block Group 1, Census Tract 3417, Middlesex County, Massachusetts","280","91","0","13","0","13","0","13","15","23","0","13","0","13","0","13","0","13","25","29","0","13","16","26","67","70","6","14","0","13","130","74","21","28",
"1500000US250173417002","Block Group 2, Census Tract 3417, Middlesex County, Massachusetts","302","93","31","51","16","26","14","21","0","13","34","39","13","21","0","13","0","13","13","23","14","23","36","42","18","25","32","37","0","13","28","32","53","36",
"1500000US250173417003","Block Group 3, Census Tract 3417, Middlesex County, Massachusetts","481","153","44","40","42","66","46","43","0","13","0","13","38","41","16","25","0","13","0","13","92","127","14","24","96","61","0","13","36","46","33","32","24","40",
"1500000US250173417004","Block Group 4, Census Tract 3417, Middlesex County, Massachusetts","419","134","21","34","0","13","0","13","0","13","37","54","48","66","0","13","51","79","39","61","13","23","14","23","13","21","44","66","30","25","103","88","6","11",
"1500000US250173417005","Block Group 5, Census Tract 3417, Middlesex County, Massachusetts","476","144","11","17","14","23","0","13","0","13","56","79","69","90","16","24","30","35","6","9","0","13","97","90","62","48","93","80","16","28","0","13","6","14",
"1500000US250173418001","Block Group 1, Census Tract 3418, Middlesex County, Massachusetts","288","108","36","65","0","13","0","13","0","13","0","13","16","27","0","13","0","13","50","78","0","13","42","53","10","18","16","23","30","22","88","91","0","13",
"1500000US250173418002","Block Group 2, Census Tract 3418, Middlesex County, Massachusetts","573","218","15","25","49","62","158","152","62","104","0","13","28","32","29","31","0","13","75","81","27","29","83","126","15","29","24","39","0","13","8","14","0","13",
"1500000US250173418003","Block Group 3, Census Tract 3418, Middlesex County, Massachusetts","353","128","20","37","16","26","0","13","18","26","26","30","0","13","59","73","17","28","0","13","0","13","34","34","74","61","0","13","44","69","0","13","45","55",
"1500000US250173418004","Block Group 4, Census Tract 3418, Middlesex County, Massachusetts","319","157","0","13","16","26","55","84","0","13","42","67","17","27","0","13","0","13","0","13","112","125","30","39","25","30","0","13","9","15","13","21","0","13",
"1500000US250173418005","Block Group 5, Census Tract 3418, Middlesex County, Massachusetts","461","159","36","59","0","13","14","23","34","36","84","69","0","13","12","20","89","146","28","33","0","13","39","63","79","91","0","13","10","16","23","25","13","20",
"1500000US250173418006","Block Group 6, Census Tract 3418, Middlesex County, Massachusetts","420","123","83","100","32","35","63","82","50","74","0","13","15","25","48","58","0","13","0","13","0","13","78","97","46","57","0","13","5","8","0","13","0","13",
"1500000US250173419011","Block Group 1, Census Tract 3419.01, Middlesex County, Massachusetts","248","40","0","13","0","13","6","9","7","11","11","18","0","13","9","16","12","18","0","13","0","13","23","19","36","20","84","38","14","15","8","10","38","29",
"1500000US250173419012","Block Group 2, Census Tract 3419.01, Middlesex County, Massachusetts","168","39","0","13","0","13","3","6","0","13","0","13","0","13","0","13","7","9","13","16","11","15","35","35","26","22","7","11","6","11","28","18","32","20",
"1500000US250173419031","Block Group 1, Census Tract 3419.03, Middlesex County, Massachusetts","560","154","20","25","16","27","0","13","0","13","32","26","11","17","0","13","17","26","0","13","68","53","21","32","100","71","44","49","97","65","31","38","103","118",
"1500000US250173419032","Block Group 2, Census Tract 3419.03, Middlesex County, Massachusetts","1048","210","154","114","0","13","8","14","16","26","35","40","14","22","25","40","0","13","14","20","0","13","11","16","82","67","305","170","138","76","171","145","75","77",
"1500000US250173419033","Block Group 3, Census Tract 3419.03, Middlesex County, Massachusetts","883","230","38","46","44","61","65","83","0","13","0","13","53","86","33","52","0","13","58","95","16","26","32","47","136","111","163","141","77","74","59","78","109","106",
"1500000US250173419041","Block Group 1, Census Tract 3419.04, Middlesex County, Massachusetts","352","98","0","13","0","13","68","74","0","13","12","19","0","13","0","13","36","36","9","15","0","13","13","24","38","44","41","41","61","80","21","31","53","59",
"1500000US250173419042","Block Group 2, Census Tract 3419.04, Middlesex County, Massachusetts","597","181","64","62","51","60","25","29","24","33","73","68","55","68","21","37","110","107","13","21","0","13","34","43","0","13","0","13","0","13","50","54","77","83",
"1500000US250173419043","Block Group 3, Census Tract 3419.04, Middlesex County, Massachusetts","77","56","0","13","0","13","0","13","0","13","0","13","0","13","13","23","0","13","0","13","0","13","26","44","0","13","13","21","0","13","0","13","25","41",
"1500000US250173421011","Block Group 1, Census Tract 3421.01, Middlesex County, Massachusetts","473","110","2","6","42","42","43","43","28","28","69","61","8","13","0","13","9","14","47","71","6","10","83","75","111","67","0","13","15","21","0","13","10","16",
"1500000US250173421012","Block Group 2, Census Tract 3421.01, Middlesex County, Massachusetts","370","154","23","31","6","10","0","13","0","13","33","52","0","13","3","4","6","10","8","12","0","13","21","16","47","46","33","44","20","25","73","51","97","122",
"1500000US250173421013","Block Group 3, Census Tract 3421.01, Middlesex County, Massachusetts","320","143","47","54","6","10","10","12","54","48","34","45","0","13","8","13","0","13","31","31","69","94","0","13","45","49","0","13","8","12","8","13","0","13",
"1500000US250173421014","Block Group 4, Census Tract 3421.01, Middlesex County, Massachusetts","441","108","0","13","0","13","14","16","0","13","0","13","0","13","22","27","16","28","49","56","6","10","0","13","123","68","0","13","81","67","69","77","61","41",
"1500000US250173421021","Block Group 1, Census Tract 3421.02, Middlesex County, Massachusetts","324","127","31","36","0","13","13","22","3","19","15","16","0","13","18","22","6","11","0","13","17","19","34","32","13","33","31","28","29","46","80","90","34","42",
"1500000US250173421022","Block Group 2, Census Tract 3421.02, Middlesex County, Massachusetts","299","111","0","13","52","79","36","42","0","13","7","11","0","13","0","13","0","13","6","11","7","11","14","19","32","32","44","50","49","61","17","29","35","39",
"1500000US250173421023","Block Group 3, Census Tract 3421.02, Middlesex County, Massachusetts","494","118","74","64","6","11","36","47","38","29","15","16","7","10","9","13","0","13","7","11","24","39","62","52","94","67","36","47","8","12","67","49","11","20",
"1500000US250173421024","Block Group 4, Census Tract 3421.02, Middlesex County, Massachusetts","411","96","60","58","29","35","32","54","0","13","11","16","9","15","6","16","12","20","41","48","18","30","54","56","60","53","71","44","0","13","8","14","0","13",
"1500000US250173422011","Block Group 1, Census Tract 3422.01, Middlesex County, Massachusetts","397","118","8","14","11","17","36","45","8","13","45","39","0","13","34","40","48","50","34","41","27","23","22","22","0","13","8","12","80","81","13","22","23","25",
"1500000US250173422012","Block Group 2, Census Tract 3422.01, Middlesex County, Massachusetts","754","357","0","13","0","13","31","35","60","95","14","28","40","49","32","55","38","49","47","51","36","33","42","36","157","143","229","304","16","18","5","8","7","15",
"1500000US250173422013","Block Group 3, Census Tract 3422.01, Middlesex County, Massachusetts","416","108","49","38","20","30","0","13","0","13","42","48","0","13","0","13","12","20","0","13","31","40","77","61","73","69","17","18","9","15","55","37","31","36",
"1500000US250173422014","Block Group 4, Census Tract 3422.01, Middlesex County, Massachusetts","490","136","28","32","8","13","7","12","0","13","0","13","43","47","0","13","24","37","0","13","8","13","32","36","139","73","124","89","9","15","19","21","49","47",
"1500000US250173422021","Block Group 1, Census Tract 3422.02, Middlesex County, Massachusetts","457","161","7","13","104","142","23","36","0","13","0","13","34","46","43","28","6","10","14","16","31","30","26","34","68","49","26","30","5","8","18","24","52","72",
"1500000US250173422022","Block Group 2, Census Tract 3422.02, Middlesex County, Massachusetts","545","115","51","45","75","57","0","13","0","13","24","35","51","80","0","13","0","13","25","26","0","13","75","65","58","41","38","27","73","46","63","48","12","14",
"1500000US250173422023","Block Group 3, Census Tract 3422.02, Middlesex County, Massachusetts","403","105","11","14","66","45","13","17","0","13","18","20","8","15","1","2","0","13","34","43","6","13","46","45","9","15","80","59","61","66","19","25","31","25",
"1500000US250173423011","Block Group 1, Census Tract 3423.01, Middlesex County, Massachusetts","300","104","17","28","0","13","0","13","43","65","0","13","0","13","0","13","0","13","0","13","35","42","20","37","69","68","34","35","13","23","51","45","18","30",
"1500000US250173423012","Block Group 2, Census Tract 3423.01, Middlesex County, Massachusetts","698","124","0","13","61","71","85","97","0","13","0","13","12","20","82","76","23","30","36","53","63","76","69","57","27","34","46","63","17","28","149","98","28","44",
"1500000US250173423021","Block Group 1, Census Tract 3423.02, Middlesex County, Massachusetts","375","109","7","12","17","28","17","28","27","30","0","13","33","52","0","13","0","13","0","13","55","66","49","44","31","36","83","64","38","52","0","13","18","22",
"1500000US250173423022","Block Group 2, Census Tract 3423.02, Middlesex County, Massachusetts","200","107","38","66","0","13","0","13","0","13","0","13","0","13","0","13","0","13","0","13","40","65","0","13","68","64","25","42","0","13","15","24","14","22",
"1500000US250173423023","Block Group 3, Census Tract 3423.02, Middlesex County, Massachusetts","543","125","49","62","38","62","29","34","19","32","16","26","0","13","0","13","17","26","37","58","72","56","0","13","119","77","27","34","32","51","48","47","40","55",
"1500000US250173424011","Block Group 1, Census Tract 3424.01, Middlesex County, Massachusetts","652","185","33","44","20","27","19","33","66","82","0","13","0","13","43","53","23","38","0","13","0","13","191","130","123","110","134","134","0","13","0","13","0","13",
"1500000US250173424012","Block Group 2, Census Tract 3424.01, Middlesex County, Massachusetts","479","176","0","13","112","132","49","50","29","38","4","7","67","69","0","13","76","117","0","13","26","41","7","25","81","103","13","22","15","24","0","13","0","13",
"1500000US250173424013","Block Group 3, Census Tract 3424.01, Middlesex County, Massachusetts","572","207","106","167","0","13","0","13","0","13","0","13","0","13","24","31","64","100","0","13","52","88","0","13","53","77","99","104","68","114","106","191","0","13",
"1500000US250173424021","Block Group 1, Census Tract 3424.02, Middlesex County, Massachusetts","536","146","16","24","0","13","10","20","0","13","0","13","0","13","0","13","47","74","0","13","0","13","70","52","61","67","24","27","123","102","73","77","112","68",
"1500000US250173424022","Block Group 2, Census Tract 3424.02, Middlesex County, Massachusetts","591","248","34","56","0","13","125","135","0","13","0","13","0","13","0","13","17","31","0","13","11","19","32","45","96","74","0","13","91","94","130","174","55","60",
"1500000US250173424023","Block Group 3, Census Tract 3424.02, Middlesex County, Massachusetts","250","140","11","18","0","13","50","83","0","13","0","13","0","13","0","13","0","13","49","61","0","13","44","67","83","134","13","20","0","13","0","13","0","13",
"1500000US250173424024","Block Group 4, Census Tract 3424.02, Middlesex County, Massachusetts","14","24","0","13","0","13","0","13","0","13","0","13","0","13","0","13","0","13","0","13","0","13","0","13","14","24","0","13","0","13","0","13","0","13",
"1500000US250173425011","Block Group 1, Census Tract 3425.01, Middlesex County, Massachusetts","770","163","0","13","47","56","13","20","43","70","43","66","33","54","53","52","0","13","0","13","57","87","71","59","52","61","177","137","42","47","65","37","74","67",
"1500000US250173425012","Block Group 2, Census Tract 3425.01, Middlesex County, Massachusetts","777","152","0","13","0","13","79","59","20","33","195","153","0","13","14","23","28","45","49","57","82","75","72","66","56","41","127","95","23","35","15","23","17","21",
"1500000US250173425021","Block Group 1, Census Tract 3425.02, Middlesex County, Massachusetts","436","141","67","80","0","13","0","13","0","13","0","13","25","38","9","17","0","13","12","20","0","13","48","58","100","86","71","84","35","44","0","13","69","72",
"1500000US250173425022","Block Group 2, Census Tract 3425.02, Middlesex County, Massachusetts","638","229","43","70","0","13","32","53","150","227","32","46","13","26","0","13","0","13","20","35","0","13","115","90","107","82","0","13","126","61","0","13","0","13",
"1500000US250173426001","Block Group 1, Census Tract 3426, Middlesex County, Massachusetts","326","83","26","42","4","11","0","13","0","13","13","19","21","33","0","13","34","31","8","12","0","13","35","33","108","75","0","13","8","15","69","66","0","13",
"1500000US250173426002","Block Group 2, Census Tract 3426, Middlesex County, Massachusetts","571","217","0","13","23","37","0","13","0","13","28","46","206","178","0","13","9","15","0","13","44","52","39","42","95","93","58","51","0","13","55","53","14","22",
"1500000US250173426003","Block Group 3, Census Tract 3426, Middlesex County, Massachusetts","785","144","42","46","44","47","28","22","20","22","41","43","0","13","21","29","38","35","30","36","146","84","96","63","72","52","131","87","40","40","36","41","0","13",
"1500000US250173501051","Block Group 1, Census Tract 3501.05, Middlesex County, Massachusetts","518","71","0","13","4","6","16","13","12","11","12","12","48","47","27","21","0","13","0","13","24","17","47","28","42","25","81","46","57","30","82","33","66","36",
"1500000US250173501061","Block Group 1, Census Tract 3501.06, Middlesex County, Massachusetts","689","113","10","16","39","39","0","13","0","13","0","13","50","60","33","32","0","13","0","13","40","38","67","22","50","36","136","87","23","25","87","75","154","84",
"1500000US250173501071","Block Group 1, Census Tract 3501.07, Middlesex County, Massachusetts","488","75","0","13","0","13","0","13","0","13","9","13","21","35","0","13","0","13","19","25","0","13","0","13","122","96","77","91","106","89","105","76","29","42",
"1500000US250173501081","Block Group 1, Census Tract 3501.08, Middlesex County, Massachusetts","983","166","102","107","132","111","67","74","80","94","46","52","34","51","15","28","0","13","0","13","142","85","153","95","20","31","139","95","14","24","0","13","39","57",
"1500000US250173501082","Block Group 2, Census Tract 3501.08, Middlesex County, Massachusetts","767","183","23","37","0","13","0","13","0","13","0","13","0","13","49","65","0","13","13","22","103","89","108","94","96","73","131","91","46","52","157","150","41","53",
"1500000US250173501091","Block Group 1, Census Tract 3501.09, Middlesex County, Massachusetts","921","202","50","65","152","159","36","38","0","13","0","13","0","13","24","38","0","13","18","29","106","74","80","88","187","116","24","37","89","68","0","13","155","124",
"1500000US250173502011","Block Group 1, Census Tract 3502.01, Middlesex County, Massachusetts","296","171","0","13","0","13","0","13","0","13","0","13","0","13","0","13","0","13","0","13","69","79","29","46","18","29","104","147","27","29","0","13","49","44",
"1500000US250173502012","Block Group 2, Census Tract 3502.01, Middlesex County, Massachusetts","646","214","0","13","0","13","0","13","26","42","0","13","38","61","0","13","60","42","0","13","31","35","0","13","83","74","94","64","172","191","97","84","45","59",
"1500000US250173502013","Block Group 3, Census Tract 3502.01, Middlesex County, Massachusetts","262","87","0","13","16","26","0","13","0","13","0","13","0","13","0","13","9","14","0","13","57","55","12","21","81","62","0","13","0","13","72","59","15","23",
"1500000US250173502021","Block Group 1, Census Tract 3502.02, Middlesex County, Massachusetts","475","112","21","26","0","13","0","13","15","23","0","13","0","13","0","13","0","13","14","22","0","13","32","39","87","62","101","80","92","78","56","42","57","47",
"1500000US250173502022","Block Group 2, Census Tract 3502.02, Middlesex County, Massachusetts","585","124","0","13","0","13","40","58","0","13","24","40","0","13","0","13","0","13","0","13","22","28","0","13","77","53","123","88","119","88","70","49","110","73",
"1500000US250173502023","Block Group 3, Census Tract 3502.02, Middlesex County, Massachusetts","494","146","0","13","13","20","13","20","0","13","31","51","0","13","0","13","24","25","0","13","52","60","0","13","207","128","42","33","0","13","56","49","56","38",
"1500000US250173503001","Block Group 1, Census Tract 3503, Middlesex County, Massachusetts","343","67","18","19","0","13","0","13","0","13","0","13","15","24","0","13","0","13","19","23","6","10","44","39","56","33","25","22","38","25","81","51","41","32",
"1500000US250173503002","Block Group 2, Census Tract 3503, Middlesex County, Massachusetts","602","229","9","14","153","227","0","13","0","13","0","13","0","13","15","24","30","39","0","13","9","14","0","13","44","35","69","42","90","54","60","51","123","49",
"1500000US250173503003","Block Group 3, Census Tract 3503, Middlesex County, Massachusetts","363","84","0","13","0","13","12","18","24","37","9","13","0","13","0","13","36","39","6","10","0","13","27","28","78","56","55","29","23","22","40","30","53","32",
"1500000US250173504001","Block Group 1, Census Tract 3504, Middlesex County, Massachusetts","247","87","9","15","0","13","0","13","35","51","0","13","0","13","0","13","15","24","26","40","0","13","27","41","19","24","0","13","41","50","39","41","36","27",
"1500000US250173504002","Block Group 2, Census Tract 3504, Middlesex County, Massachusetts","541","182","0","13","0","13","0","13","0","13","0","13","0","13","0","13","0","13","0","13","0","13","11","18","12","19","137","114","35","33","159","132","187","100",
"1500000US250173504003","Block Group 3, Census Tract 3504, Middlesex County, Massachusetts","443","123","0","13","42","60","0","13","24","36","0","13","10","16","0","13","0","13","8","14","10","15","9","14","88","98","51","45","87","72","21","25","93","66",
"1500000US250173504004","Block Group 4, Census Tract 3504, Middlesex County, Massachusetts","792","225","16","26","0","13","0","13","24","30","16","25","0","13","0","13","43","40","172","208","51","51","34","40","144","94","41","36","56","55","54","46","141","74",
"1500000US250173504005","Block Group 5, Census Tract 3504, Middlesex County, Massachusetts","303","82","0","13","0","13","0","13","0","13","9","14","0","13","0","13","0","13","0","13","0","13","33","40","117","73","19","22","48","47","21","34","56","58",
"1500000US250173505001","Block Group 1, Census Tract 3505, Middlesex County, Massachusetts","341","67","28","23","11","12","0","13","0","13","0","13","6","10","6","9","0","13","0","13","23","23","26","17","23","18","66","46","32","30","28","26","92","29",
"1500000US250173505002","Block Group 2, Census Tract 3505, Middlesex County, Massachusetts","421","68","9","8","0","13","17","28","5","8","19","29","0","13","9","9","6","11","16","17","18","16","10","13","33","20","104","45","17","21","64","30","94","59",
"1500000US250173506001","Block Group 1, Census Tract 3506, Middlesex County, Massachusetts","30","45","0","13","0","13","0","13","0","13","0","13","0","13","0","13","0","13","0","13","0","13","0","13","0","13","0","13","0","13","0","13","30","45",
"1500000US250173506002","Block Group 2, Census Tract 3506, Middlesex County, Massachusetts","267","59","10","17","6","9","0","13","10","15","6","9","15","17","29","31","0","13","0","13","9","14","18","26","26","19","26","30","0","13","45","34","67","46",
"1500000US250173506003","Block Group 3, Census Tract 3506, Middlesex County, Massachusetts","216","55","19","28","33","39","7","11","0","13","0","13","0","13","5","9","8","12","11","16","0","13","26","30","20","21","11","17","21","18","41","47","14","14",
"1500000US250173506004","Block Group 4, Census Tract 3506, Middlesex County, Massachusetts","506","99","8","12","0","13","7","12","0","13","0","13","7","11","0","13","4","7","0","13","0","13","10","15","68","49","42","50","55","46","116","68","189","66",
"1500000US250173507011","Block Group 1, Census Tract 3507.01, Middlesex County, Massachusetts","289","91","0","13","0","13","0","13","0","13","0","13","0","13","0","13","0","13","18","29","42","66","17","27","38","35","11","18","75","55","80","49","8","15",
"1500000US250173507012","Block Group 2, Census Tract 3507.01, Middlesex County, Massachusetts","611","366","0","13","0","13","28","31","0","13","0","13","17","26","17","28","0","13","18","28","0","13","37","43","10","16","297","370","15","25","94","53","78","60",
"1500000US250173507013","Block Group 3, Census Tract 3507.01, Middlesex County, Massachusetts","540","113","55","44","26","41","10","17","0","13","15","22","10","18","0","13","0","13","0","13","75","85","33","34","20","32","59","49","142","95","54","55","41","41",
"1500000US250173507021","Block Group 1, Census Tract 3507.02, Middlesex County, Massachusetts","598","157","65","84","72","55","36","41","73","64","60","63","0","13","0","13","0","13","18","29","0","13","0","13","83","57","56","49","70","53","50","43","15","25",
"1500000US250173507022","Block Group 2, Census Tract 3507.02, Middlesex County, Massachusetts","795","233","156","180","112","89","101","96","100","112","0","13","29","32","15","23","0","13","29","38","30","35","61","66","33","32","30","36","0","13","69","72","30","35",
"1500000US250173507023","Block Group 3, Census Tract 3507.02, Middlesex County, Massachusetts","313","130","111","91","0","13","41","61","41","66","0","13","0","13","0","13","0","13","0","13","0","13","15","26","0","13","32","39","17","29","14","23","42","66",
"1500000US250173508001","Block Group 1, Census Tract 3508, Middlesex County, Massachusetts","562","100","22","24","0","13","5","8","15","23","0","13","8","10","13","19","0","13","55","66","13","14","13","14","36","26","24","23","64","34","123","48","171","60",
"1500000US250173508002","Block Group 2, Census Tract 3508, Middlesex County, Massachusetts","394","55","20","23","6","10","0","13","5","7","0","13","0","13","5","7","0","13","7","9","15","16","11","14","58","28","33","22","27","19","89","41","118","42",
"1500000US250173509001","Block Group 1, Census Tract 3509, Middlesex County, Massachusetts","395","100","7","11","0","13","0","13","5","8","35","43","0","13","0","13","0","13","10","14","0","13","41","43","93","64","16","20","28","28","45","37","115","60",
"1500000US250173509002","Block Group 2, Census Tract 3509, Middlesex County, Massachusetts","598","123","0","13","0","13","0","13","0","13","38","56","10","11","0","13","8","13","0","13","0","13","62","52","28","26","34","34","39","35","131","66","248","111",
"1500000US250173509003","Block Group 3, Census Tract 3509, Middlesex County, Massachusetts","653","134","0","13","0","13","7","12","0","13","0","13","34","28","12","18","9","14","10","16","49","51","32","40","32","28","63","40","90","47","99","95","216","88",
"1500000US250173510011","Block Group 1, Census Tract 3510.01, Middlesex County, Massachusetts","547","112","0","13","13","21","38","56","13","22","0","13","0","13","0","13","35","54","38","59","16","27","50","49","28","30","66","60","78","65","68","44","104","71",
"1500000US250173510012","Block Group 2, Census Tract 3510.01, Middlesex County, Massachusetts","376","189","14","22","0","13","0","13","0","13","14","23","0","13","0","13","0","13","0","13","52","84","93","144","18","23","33","37","0","13","50","72","102","77",
"1500000US250173510013","Block Group 3, Census Tract 3510.01, Middlesex County, Massachusetts","830","163","0","13","36","40","0","13","20","31","21","32","0","13","0","13","0","13","21","35","29","35","26","30","175","140","63","53","67","47","122","81","250","122",
"1500000US250173510021","Block Group 1, Census Tract 3510.02, Middlesex County, Massachusetts","378","105","0","13","23","38","0","13","0","13","0","13","0","13","0","13","0","13","0","13","49","28","11","18","75","67","48","48","105","84","38","42","29","32",
"1500000US250173510022","Block Group 2, Census Tract 3510.02, Middlesex County, Massachusetts","462","148","0","13","0","13","0","13","0","13","17","27","0","13","0","13","0","13","0","13","0","13","0","13","101","95","65","67","50","45","110","66","119","96",
"1500000US250173510023","Block Group 3, Census Tract 3510.02, Middlesex County, Massachusetts","268","87","0","13","0","13","0","13","0","13","17","29","0","13","0","13","10","16","0","13","15","26","16","27","35","42","65","63","11","19","26","34","73","61",
"1500000US250173511011","Block Group 1, Census Tract 3511.01, Middlesex County, Massachusetts","290","80","0","13","17","27","31","35","0","13","0","13","16","26","0","13","37","57","0","13","11","17","48","41","14","23","14","22","0","13","73","48","29","30",
"1500000US250173511012","Block Group 2, Census Tract 3511.01, Middlesex County, Massachusetts","634","130","0","13","40","62","19","30","0","13","33","55","38","60","30","38","0","13","15","24","30","35","11","17","101","88","156","89","42","39","7","13","112","75",
"1500000US250173511013","Block Group 3, Census Tract 3511.01, Middlesex County, Massachusetts","489","98","0","13","27","30","16","25","13","22","0","13","0","13","0","13","0","13","0","13","42","39","33","38","73","56","13","22","85","63","86","57","101","49",
"1500000US250173511021","Block Group 1, Census Tract 3511.02, Middlesex County, Massachusetts","443","192","44","43","0","13","14","22","0","13","16","26","0","13","0","13","0","13","8","12","15","25","8","13","75","54","49","46","19","34","141","195","54","45",
"1500000US250173511022","Block Group 2, Census Tract 3511.02, Middlesex County, Massachusetts","546","139","9","14","0","13","0","13","29","49","0","13","14","21","24","37","70","72","0","13","47","44","40","56","76","46","97","84","0","13","88","85","52","33",
"1500000US250173512031","Block Group 1, Census Tract 3512.03, Middlesex County, Massachusetts","798","580","18","15","0","13","15","16","18","19","0","13","0","13","0","13","10","15","0","13","0","13","50","43","66","45","21","21","85","45","465","581","50","40",
"1500000US250173512032","Block Group 2, Census Tract 3512.03, Middlesex County, Massachusetts","473","101","55","55","0","13","12","19","8","14","16","19","0","13","0","13","0","13","21","32","35","26","8","11","45","32","40","41","81","70","121","64","31","27",
"1500000US250173512033","Block Group 3, Census Tract 3512.03, Middlesex County, Massachusetts","607","156","12","13","0","13","54","78","9","13","0","13","0","13","17","26","9","14","8","13","18","20","14","15","123","60","64","44","42","29","146","108","91","83",
"1500000US250173512034","Block Group 4, Census Tract 3512.03, Middlesex County, Massachusetts","451","94","37","40","15","16","0","13","0","13","0","13","0","13","17","20","0","13","22","35","8","13","24","22","24","22","40","46","44","36","159","69","61","34",
"1500000US250173512041","Block Group 1, Census Tract 3512.04, Middlesex County, Massachusetts","655","98","14","20","23","25","55","53","34","46","0","13","31","36","26","25","17","19","9","13","8","13","57","47","113","64","73","45","16","17","90","62","89","36",
"1500000US250173512042","Block Group 2, Census Tract 3512.04, Middlesex County, Massachusetts","639","109","8","13","11","17","0","13","7","11","0","13","0","13","9","14","34","26","0","13","8","13","88","65","124","79","81","54","49","36","85","44","135","62",
"1500000US250173512043","Block Group 3, Census Tract 3512.04, Middlesex County, Massachusetts","632","101","0","13","6","10","21","23","0","13","8","12","0","13","9","13","0","13","31","39","120","76","31","40","88","47","70","42","50","45","95","58","103","46",
"1500000US250173513001","Block Group 1, Census Tract 3513, Middlesex County, Massachusetts","746","150","14","21","26","43","44","49","11","18","9","15","45","41","0","13","18","29","42","60","0","13","23","28","131","74","139","87","110","89","55","44","79","49",
"1500000US250173513002","Block Group 2, Census Tract 3513, Middlesex County, Massachusetts","828","190","100","97","78","70","31","35","26","33","14","22","0","13","0","13","0","13","0","13","169","114","50","62","121","91","16","26","44","46","14","26","165","129",
"1500000US250173513003","Block Group 3, Census Tract 3513, Middlesex County, Massachusetts","308","90","12","20","0","13","0","13","0","13","0","13","0","13","0","13","0","13","0","13","14","22","43","40","0","13","69","61","27","33","94","53","49","46",
"1500000US250173514031","Block Group 1, Census Tract 3514.03, Middlesex County, Massachusetts","203","88","17","20","0","13","0","13","0","13","15","24","0","13","23","35","0","13","0","13","41","67","15","12","25","41","0","13","0","13","27","30","40","39",
"1500000US250173514032","Block Group 2, Census Tract 3514.03, Middlesex County, Massachusetts","418","138","21","36","0","13","7","12","0","13","30","53","0","13","0","13","21","37","25","28","0","13","91","71","42","34","0","13","38","32","11","17","132","101",
"1500000US250173514033","Block Group 3, Census Tract 3514.03, Middlesex County, Massachusetts","272","92","24","38","34","29","15","16","15","24","15","16","23","29","7","10","0","13","0","13","20","30","0","13","42","42","8","13","8","13","7","13","54","58",
"1500000US250173514034","Block Group 4, Census Tract 3514.03, Middlesex County, Massachusetts","473","112","9","16","0","13","0","13","18","31","0","13","11","17","36","48","26","32","23","49","14","16","29","36","103","74","87","69","16","19","22","25","79","64",
"1500000US250173514035","Block Group 5, Census Tract 3514.03, Middlesex County, Massachusetts","307","138","23","21","37","37","65","107","5","10","0","13","6","10","0","13","11","18","0","13","0","13","11","18","32","38","39","32","57","64","12","17","9","14",
"1500000US250173514041","Block Group 1, Census Tract 3514.04, Middlesex County, Massachusetts","394","112","26","39","24","35","0","13","11","16","0","13","39","59","32","37","1","10","10","14","49","49","0","13","27","26","36","31","24","37","93","76","22","20",
"1500000US250173514042","Block Group 2, Census Tract 3514.04, Middlesex County, Massachusetts","565","124","21","23","79","62","34","39","10","18","0","13","89","66","11","16","54","86","33","30","0","13","23","25","78","49","51","45","10","15","11","14","61","58",
"1500000US250173514043","Block Group 3, Census Tract 3514.04, Middlesex County, Massachusetts","318","96","0","13","0","13","9","14","9","15","46","58","26","29","13","21","0","13","0","13","9","14","29","33","49","56","5","11","44","42","38","35","41","27",
"1500000US250173514044","Block Group 4, Census Tract 3514.04, Middlesex County, Massachusetts","200","82","8","19","54","63","0","13","0","13","0","13","12","20","0","13","0","13","0","13","0","13","19","21","0","13","10","20","23","22","67","48","7","11",
"1500000US250173515001","Block Group 1, Census Tract 3515, Middlesex County, Massachusetts","215","104","0","13","22","36","0","13","0","13","6","9","0","13","60","94","23","35","5","9","12","19","0","13","0","13","0","13","37","36","34","35","16","23",
"1500000US250173515002","Block Group 2, Census Tract 3515, Middlesex County, Massachusetts","410","90","0","13","26","43","0","13","0","13","11","17","11","19","0","13","38","52","0","13","0","13","43","33","51","36","25","21","38","27","63","47","104","54",
"1500000US250173515003","Block Group 3, Census Tract 3515, Middlesex County, Massachusetts","440","146","96","90","0","13","0","13","0","13","39","41","37","42","0","13","11","17","16","25","0","13","14","23","129","103","22","23","38","27","27","27","11","15",
"1500000US250173515004","Block Group 4, Census Tract 3515, Middlesex County, Massachusetts","144","60","41","48","69","46","13","15","0","13","8","12","0","13","0","13","0","13","6","9","7","12","0","13","0","13","0","13","0","13","0","13","0","13",
"1500000US250173521011","Block Group 1, Census Tract 3521.01, Middlesex County, Massachusetts","421","89","25","25","25","26","0","13","0","13","15","21","11","18","21","32","39","42","0","13","0","13","44","39","14","21","39","35","45","35","30","21","113","53",
"1500000US250173521012","Block Group 2, Census Tract 3521.01, Middlesex County, Massachusetts","755","158","193","107","30","20","0","13","28","36","0","13","0","13","55","79","0","13","14","20","11","16","12","14","58","36","15","14","71","47","158","78","110","47",
"1500000US250173521013","Block Group 3, Census Tract 3521.01, Middlesex County, Massachusetts","637","176","15","16","31","25","42","34","0","13","7","10","0","13","58","76","26","45","0","13","117","111","44","45","39","31","93","91","51","39","61","32","53","29",
"1500000US250173521021","Block Group 1, Census Tract 3521.02, Middlesex County, Massachusetts","778","145","35","43","26","41","0","13","9","14","9","15","21","34","16","19","8","14","0","13","9","13","57","47","70","55","62","39","71","44","137","86","248","120",
"1500000US250173521022","Block Group 2, Census Tract 3521.02, Middlesex County, Massachusetts","603","107","28","34","38","38","16","17","0","13","7","12","8","13","8","14","14","21","0","13","25","40","82","43","91","57","76","56","44","32","82","65","84","51",
"1500000US250173522001","Block Group 1, Census Tract 3522, Middlesex County, Massachusetts","982","126","97","64","142","62","9","14","37","32","38","28","31","29","0","13","46","49","27","27","58","34","89","70","51","30","168","88","74","50","84","48","31","26",
"1500000US250173523001","Block Group 1, Census Tract 3523, Middlesex County, Massachusetts","752","116","0","13","0","13","51","45","35","27","0","13","19","21","0","13","11","17","0","13","0","13","82","58","147","80","82","51","101","52","108","66","116","59",
"1500000US250173523002","Block Group 2, Census Tract 3523, Middlesex County, Massachusetts","483","94","29","34","0","13","0","13","9","15","8","14","0","13","13","20","0","13","0","13","51","48","20","21","47","41","31","28","8","11","97","48","170","75",
"1500000US250173523003","Block Group 3, Census Tract 3523, Middlesex County, Massachusetts","920","155","86","48","0","13","0","13","13","20","0","13","10","17","43","35","11","16","0","13","43","67","79","48","61","69","76","60","79","65","74","41","345","110",
"1500000US250173524001","Block Group 1, Census Tract 3524, Middlesex County, Massachusetts","598","81","75","45","24","26","9","13","5","8","11","10","38","35","44","33","35","37","11","14","26","22","122","53","51","33","45","29","34","22","32","40","36","23",
"1500000US250173525001","Block Group 1, Census Tract 3525, Middlesex County, Massachusetts","642","99","0","13","35","44","20","23","47","38","10","15","24","37","3","5","31","47","8","13","24","22","19","18","42","27","55","38","91","71","49","35","184","57",
"1500000US250173525002","Block Group 2, Census Tract 3525, Middlesex County, Massachusetts","682","207","9","14","17","14","0","13","23","37","0","13","21","20","0","13","0","13","9","14","140","175","18","20","44","28","102","72","39","31","120","71","140","61",
"1500000US250173526001","Block Group 1, Census Tract 3526, Middlesex County, Massachusetts","331","85","22","20","11","17","7","11","9","16","0","13","0","13","0","13","5","8","0","13","17","21","9","10","39","32","7","11","49","35","36","31","120","68",
"1500000US250173526002","Block Group 2, Census Tract 3526, Middlesex County, Massachusetts","978","183","45","33","7","11","85","138","68","62","36","42","26","34","0","13","0","13","20","25","80","84","29","27","138","69","108","72","141","74","27","32","168","79",
"1500000US250173527001","Block Group 1, Census Tract 3527, Middlesex County, Massachusetts","429","129","0","13","86","105","7","11","0","13","8","12","6","12","30","36","0","13","0","13","73","62","29","29","25","20","45","38","30","21","15","17","75","39",
"1500000US250173527002","Block Group 2, Census Tract 3527, Middlesex County, Massachusetts","540","112","87","75","8","14","17","20","34","44","36","35","13","17","11","16","29","38","10","16","57","68","33","27","63","50","51","47","44","33","32","39","15","22",
"1500000US250173528001","Block Group 1, Census Tract 3528, Middlesex County, Massachusetts","804","80","37","21","28","24","0","13","0","13","0","13","23","23","7","13","59","52","15","14","49","30","30","28","99","41","115","50","56","26","116","39","170","57",
"1500000US250173529001","Block Group 1, Census Tract 3529, Middlesex County, Massachusetts","512","129","0","13","0","13","0","13","11","18","54","60","22","37","0","13","0","13","21","33","33","27","8","12","61","57","14","16","53","45","46","41","189","115",
"1500000US250173529002","Block Group 2, Census Tract 3529, Middlesex County, Massachusetts","761","107","42","51","0","13","0","13","0","13","0","13","15","16","13","20","18","19","0","13","31","29","55","40","72","43","39","30","67","51","115","51","294","97",
"1500000US250173530001","Block Group 1, Census Tract 3530, Middlesex County, Massachusetts","1225","177","64","56","29","26","8","13","9","16","0","13","49","48","26","29","27","24","31","32","29","22","39","28","168","109","224","90","126","70","192","82","204","95",
"1500000US250173530002","Block Group 2, Census Tract 3530, Middlesex County, Massachusetts","219","99","85","91","8","14","0","13","18","20","2","7","0","13","0","13","0","13","0","13","0","13","25","40","18","20","38","32","0","13","8","14","17","19",
"1500000US250173531011","Block Group 1, Census Tract 3531.01, Middlesex County, Massachusetts","322","98","63","81","5","8","37","44","7","11","0","13","0","13","6","9","15","15","6","9","6","10","0","13","15","13","36","27","21","19","26","21","79","47",
"1500000US250173531012","Block Group 2, Census Tract 3531.01, Middlesex County, Massachusetts","1101","154","84","51","27","24","60","39","39","30","51","73","20","23","69","66","7","12","30","36","86","63","29","26","81","55","95","54","66","42","111","57","246","103",
"1500000US250173531021","Block Group 1, Census Tract 3531.02, Middlesex County, Massachusetts","242","54","10","10","13","14","0","13","0","13","5","7","0","13","0","13","26","28","4","7","30","23","27","23","33","19","29","22","9","10","26","21","30","21",
"1500000US250173531022","Block Group 2, Census Tract 3531.02, Middlesex County, Massachusetts","4","6","0","13","0","13","0","13","0","13","0","13","0","13","0","13","0","13","4","6","0","13","0","13","0","13","0","13","0","13","0","13","0","13",
"1500000US250173531023","Block Group 3, Census Tract 3531.02, Middlesex County, Massachusetts","10","8","5","8","0","13","0","13","0","13","0","13","0","13","0","13","0","13","0","13","0","13","0","13","0","13","0","13","5","8","0","13","0","13",
"1500000US250173532001","Block Group 1, Census Tract 3532, Middlesex County, Massachusetts","694","118","61","50","65","52","86","79","21","21","18","30","0","13","0","13","0","13","27","34","50","46","18","21","58","36","8","13","46","33","48","37","188","54",
"1500000US250173532002","Block Group 2, Census Tract 3532, Middlesex County, Massachusetts","560","151","25","28","84","115","4","7","38","38","46","48","0","13","0","13","6","9","0","13","0","13","42","54","59","65","54","42","32","32","52","41","118","91",
"1500000US250173532003","Block Group 3, Census Tract 3532, Middlesex County, Massachusetts","428","110","0","13","9","13","0","13","0","13","6","11","0","13","20","17","21","31","0","13","17","20","8","13","21","19","34","32","29","28","69","65","194","98",
"1500000US250173532004","Block Group 4, Census Tract 3532, Middlesex County, Massachusetts","257","67","0","13","8","13","0","13","15","21","0","13","0","13","24","37","9","14","20","27","6","12","0","13","16","13","20","19","29","25","61","52","49","32",
"1500000US250173533001","Block Group 1, Census Tract 3533, Middlesex County, Massachusetts","520","112","0","13","11","17","31","50","0","13","0","13","8","13","17","18","26","24","0","13","8","13","44","42","74","60","63","34","43","35","104","74","91","46",
"1500000US250173533002","Block Group 2, Census Tract 3533, Middlesex County, Massachusetts","827","105","55","56","36","34","28","42","8","12","0","13","11","17","0","13","26","38","8","12","8","12","36","35","150","86","88","66","73","56","126","67","174","61",
"1500000US250173533003","Block Group 3, Census Tract 3533, Middlesex County, Massachusetts","609","196","9","14","0","13","0","13","9","14","0","13","9","14","8","12","21","22","0","13","0","13","46","33","46","39","42","34","151","173","84","48","184","126",
"1500000US250173536001","Block Group 1, Census Tract 3536, Middlesex County, Massachusetts","782","117","65","51","0","13","0","13","11","17","0","13","10","16","16","24","21","20","24","22","10","16","24","25","75","53","93","60","37","29","156","68","240","93",
"1500000US250173536002","Block Group 2, Census Tract 3536, Middlesex County, Massachusetts","272","106","99","83","0","13","0","13","0","13","12","18","0","13","0","13","21","25","0","13","37","45","11","17","31","29","50","54","11","17","0","13","0","13",
"1500000US250173536003","Block Group 3, Census Tract 3536, Middlesex County, Massachusetts","575","132","11","17","5","9","0","13","7","12","8","14","0","13","0","13","19","22","26","19","28","29","9","13","56","38","52","40","112","110","74","45","168","73",
"1500000US250173537001","Block Group 1, Census Tract 3537, Middlesex County, Massachusetts","538","100","16","17","0","13","17","19","8","12","0","13","8","13","5","7","39","38","22","26","8","13","92","75","51","29","54","43","16","18","35","33","167","44",
"1500000US250173537002","Block Group 2, Census Tract 3537, Middlesex County, Massachusetts","572","102","19","23","9","14","17","18","7","11","9","15","42","40","5","8","8","13","11","18","43","45","72","44","45","33","60","41","19","20","74","43","132","80",
"1500000US250173537003","Block Group 3, Census Tract 3537, Middlesex County, Massachusetts","0","13","0","13","0","13","0","13","0","13","0","13","0","13","0","13","0","13","0","13","0","13","0","13","0","13","0","13","0","13","0","13","0","13",
"1500000US250173537004","Block Group 4, Census Tract 3537, Middlesex County, Massachusetts","228","98","0","13","49","53","21","34","14","23","7","11","0","13","15","22","0","13","15","24","19","20","9","15","0","13","26","30","0","13","53","84","0","13",
"1500000US250173537005","Block Group 5, Census Tract 3537, Middlesex County, Massachusetts","291","74","23","23","23","37","18","22","10","15","8","11","0","13","12","11","0","13","30","37","32","41","20","31","14","21","18","18","58","42","10","16","15","17",
"1500000US250173538001","Block Group 1, Census Tract 3538, Middlesex County, Massachusetts","629","147","91","89","22","30","15","23","0","13","0","13","0","13","42","66","0","13","0","13","0","13","49","50","44","45","33","35","79","57","87","95","167","83",
"1500000US250173538002","Block Group 2, Census Tract 3538, Middlesex County, Massachusetts","874","287","174","111","0","13","0","13","14","22","0","13","86","69","0","13","177","277","49","51","9","15","53","53","0","13","86","77","31","35","72","79","123","91",
"1500000US250173538003","Block Group 3, Census Tract 3538, Middlesex County, Massachusetts","451","110","0","13","0","13","13","20","0","13","38","58","0","13","0","13","0","13","23","35","57","73","13","21","72","66","82","59","50","41","44","40","59","47",
"1500000US250173538004","Block Group 4, Census Tract 3538, Middlesex County, Massachusetts","320","95","48","53","0","13","0","13","0","13","0","13","0","13","0","13","0","13","8","17","0","13","27","31","92","69","19","30","27","43","37","34","62","63",
"1500000US250173539001","Block Group 1, Census Tract 3539, Middlesex County, Massachusetts","565","103","70","41","58","39","8","11","6","9","13","20","38","50","22","33","8","12","55","52","15","24","21","24","51","34","23","18","38","35","48","58","91","57",
"1500000US250173539002","Block Group 2, Census Tract 3539, Middlesex County, Massachusetts","882","187","112","70","56","65","28","34","8","14","0","13","20","23","57","54","33","53","0","13","66","54","58","37","167","86","98","103","34","33","46","36","99","66",
"1500000US250173539003","Block Group 3, Census Tract 3539, Middlesex County, Massachusetts","28","17","0","13","0","13","0","13","0","13","0","13","0","13","0","13","0","13","0","13","9","14","0","13","8","13","0","13","0","13","0","13","11","18",
"1500000US250173540001","Block Group 1, Census Tract 3540, Middlesex County, Massachusetts","811","115","24","25","16","18","8","13","11","14","69","54","16","18","0","13","42","39","13","21","46","29","74","61","134","65","85","50","48","43","52","32","173","70",
"1500000US250173540002","Block Group 2, Census Tract 3540, Middlesex County, Massachusetts","537","111","24","39","14","23","9","14","61","65","0","13","22","29","0","13","9","15","0","13","0","13","49","36","33","26","60","43","89","55","30","28","137","53",
"1500000US250173540003","Block Group 3, Census Tract 3540, Middlesex County, Massachusetts","668","145","97","68","15","17","49","75","0","13","19","20","22","19","25","20","33","38","8","13","20","19","83","91","24","20","72","39","23","21","57","49","121","58",
"1500000US250173541001","Block Group 1, Census Tract 3541, Middlesex County, Massachusetts","440","118","39","61","0","13","0","13","0","13","16","20","9","14","0","13","14","16","0","13","5","9","100","93","9","13","70","51","31","28","44","32","103","45",
"1500000US250173541002","Block Group 2, Census Tract 3541, Middlesex County, Massachusetts","767","126","23","22","0","13","0","13","0","13","0","13","9","13","55","58","19","21","4","6","32","22","81","45","77","52","81","43","61","65","49","38","276","123",
"1500000US250173542001","Block Group 1, Census Tract 3542, Middlesex County, Massachusetts","507","88","0","13","0","13","7","11","0","13","4","8","0","13","10","15","0","13","6","11","9","15","25","27","32","27","32","35","18","20","82","53","282","84",
"1500000US250173542002","Block Group 2, Census Tract 3542, Middlesex County, Massachusetts","421","74","6","9","0","13","0","13","10","15","0","13","9","15","4","9","0","13","29","42","9","14","19","20","31","36","61","35","22","32","65","35","156","67",
"1500000US250173542003","Block Group 3, Census Tract 3542, Middlesex County, Massachusetts","466","182","16","18","0","13","24","37","0","13","9","15","25","36","7","11","0","13","0","13","18","21","6","9","154","174","21","21","21","22","36","37","129","71",
"1500000US250173543001","Block Group 1, Census Tract 3543, Middlesex County, Massachusetts","575","109","21","22","13","18","38","44","19","25","0","13","8","13","0","13","17","21","38","45","15","25","28","24","63","52","96","82","69","57","40","33","110","59",
"1500000US250173543002","Block Group 2, Census Tract 3543, Middlesex County, Massachusetts","321","69","0","13","0","13","0","13","0","13","10","17","0","13","21","24","0","13","0","13","18","16","16","18","34","31","39","44","28","23","51","30","104","44",
"1500000US250173543003","Block Group 3, Census Tract 3543, Middlesex County, Massachusetts","607","119","19","31","0","13","9","13","33","51","20","23","46","45","10","16","10","16","0","13","6","11","13","15","31","29","24","29","62","34","164","62","160","92",
"1500000US250173544001","Block Group 1, Census Tract 3544, Middlesex County, Massachusetts","316","53","6","8","4","7","4","8","9","14","0","13","0","13","0","13","15","12","0","13","23","33","34","23","44","24","26","16","26","20","42","25","83","30",
"1500000US250173544002","Block Group 2, Census Tract 3544, Middlesex County, Massachusetts","434","62","18","14","5","7","14","14","0","13","5","8","0","13","6","9","5","7","7","11","10","10","18","16","60","43","18","17","38","23","70","40","160","52",
"1500000US250173545001","Block Group 1, Census Tract 3545, Middlesex County, Massachusetts","507","91","16","18","31","29","4","6","12","13","15","17","0","13","0","13","0","13","14","17","11","13","63","54","49","29","32","23","26","25","48","40","186","84",
"1500000US250173545002","Block Group 2, Census Tract 3545, Middlesex County, Massachusetts","438","81","0","13","0","13","0","13","0","13","0","13","7","12","0","13","0","13","0","13","10","13","12","15","25","22","46","31","37","33","21","20","280","88",
"1500000US250173546011","Block Group 1, Census Tract 3546.01, Middlesex County, Massachusetts","0","13","0","13","0","13","0","13","0","13","0","13","0","13","0","13","0","13","0","13","0","13","0","13","0","13","0","13","0","13","0","13","0","13",
"1500000US250173546012","Block Group 2, Census Tract 3546.01, Middlesex County, Massachusetts","759","134","19","23","55","61","8","13","0","13","0","13","33","53","20","32","53","51","12","21","0","13","27","42","138","108","153","90","78","60","86","75","77","60",
"1500000US250173546021","Block Group 1, Census Tract 3546.02, Middlesex County, Massachusetts","673","132","98","86","31","35","0","13","23","36","25","29","82","87","73","74","0","13","17","28","15","24","0","13","79","95","62","53","51","47","62","46","55","40",
"1500000US250173546022","Block Group 2, Census Tract 3546.02, Middlesex County, Massachusetts","595","210","0","13","0","13","0","13","0","13","0","13","0","13","0","13","0","13","0","13","0","13","15","25","190","194","120","96","28","31","70","59","172","65",
"1500000US250173546023","Block Group 3, Census Tract 3546.02, Middlesex County, Massachusetts","593","136","12","22","8","12","17","27","41","42","0","13","17","27","0","13","0","13","17","27","0","13","89","105","35","38","40","37","62","63","82","63","173","67",
"1500000US250173547001","Block Group 1, Census Tract 3547, Middlesex County, Massachusetts","503","72","41","46","10","15","11","17","11","13","0","13","0","13","0","13","8","13","11","13","9","14","41","36","32","26","58","36","15","16","70","40","186","68",
"1500000US250173547002","Block Group 2, Census Tract 3547, Middlesex County, Massachusetts","624","96","0","13","10","15","0","13","0","13","8","12","0","13","0","13","2","7","16","27","20","22","53","49","144","87","52","48","54","30","79","57","186","59",
"1500000US250173548001","Block Group 1, Census Tract 3548, Middlesex County, Massachusetts","379","48","16","19","0","13","0","13","14","15","4","7","6","10","5","7","0","13","5","7","16","16","16","15","29","18","31","22","55","28","87","41","95","31",
"1500000US250173548002","Block Group 2, Census Tract 3548, Middlesex County, Massachusetts","682","125","23","22","4","6","0","13","0","13","4","7","11","18","0","13","9","10","20","16","125","111","45","24","42","32","38","27","46","26","130","59","185","57",
"1500000US250173549011","Block Group 1, Census Tract 3549.01, Middlesex County, Massachusetts","322","104","0","13","0","13","0","13","0","13","0","13","0","13","0","13","0","13","0","13","0","13","0","13","46","72","0","13","38","49","60","53","178","84",
"1500000US250173549012","Block Group 2, Census Tract 3549.01, Middlesex County, Massachusetts","302","80","12","18","34","8","0","13","15","25","23","27","16","25","0","13","0","13","0","13","0","13","17","27","0","13","31","48","41","42","31","34","82","51",
"1500000US250173549013","Block Group 3, Census Tract 3549.01, Middlesex County, Massachusetts","684","182","31","39","0","13","0","13","0","13","0","13","21","34","0","13","0","13","21","33","16","25","14","23","77","73","92","55","173","162","74","56","165","100",
"1500000US250173549021","Block Group 1, Census Tract 3549.02, Middlesex County, Massachusetts","626","225","40","59","0","13","0","13","39","43","0","13","18","28","0","13","0","13","35","40","40","46","23","34","13","22","49","54","33","37","182","208","154","90",
"1500000US250173549022","Block Group 2, Census Tract 3549.02, Middlesex County, Massachusetts","505","155","46","72","37","47","0","13","0","13","74","83","0","13","0","13","0","13","0","13","0","13","0","13","35","34","59","73","23","23","76","64","155","91",
"1500000US250173549023","Block Group 3, Census Tract 3549.02, Middlesex County, Massachusetts","890","204","85","50","136","115","25","44","0","13","34","42","91","85","108","104","43","50","143","154","18","34","56","57","96","99","0","13","0","13","36","54","19","37",
"1500000US250173549024","Block Group 4, Census Tract 3549.02, Middlesex County, Massachusetts","238","92","25","32","83","69","15","26","0","13","0","13","0","13","0","13","0","13","0","13","16","26","13","23","0","13","25","41","21","26","36","40","4","16",
"1500000US250173550001","Block Group 1, Census Tract 3550, Middlesex County, Massachusetts","488","153","11","17","0","13","0","13","7","10","19","32","0","13","9","14","17","18","0","13","23","22","10","15","64","39","6","12","27","33","186","160","109","60",
"1500000US250173550002","Block Group 2, Census Tract 3550, Middlesex County, Massachusetts","607","124","58","47","56","35","19","22","28","26","7","11","0","13","0","13","8","13","0","13","0","13","25","25","99","62","61","42","31","24","108","74","107","84",
"1500000US250173550003","Block Group 3, Census Tract 3550, Middlesex County, Massachusetts","373","99","0","13","0","13","18","28","20","31","9","14","0","13","12","14","22","33","10","15","0","13","43","36","20","18","98","92","43","35","37","35","41","34",
"1500000US250173561001","Block Group 1, Census Tract 3561, Middlesex County, Massachusetts","273","95","12","17","0","13","0","13","0","13","0","13","0","13","6","11","0","13","4","8","27","24","4","6","18","21","43","42","35","23","36","31","88","79",
"1500000US250173561002","Block Group 2, Census Tract 3561, Middlesex County, Massachusetts","715","102","16","18","0","13","8","12","10","15","25","38","7","11","0","13","39","45","8","13","30","31","8","12","87","54","119","75","113","53","49","41","196","94",
"1500000US250173561003","Block Group 3, Census Tract 3561, Middlesex County, Massachusetts","360","94","0","13","0","13","0","13","0","13","0","13","8","12","0","13","0","13","43","68","15","16","14","16","13","16","16","19","7","13","148","68","96","51",
"1500000US250173563001","Block Group 1, Census Tract 3563, Middlesex County, Massachusetts","455","123","0","13","19","29","0","13","0","13","0","13","29","35","17","28","0","13","0","13","61","62","121","83","60","54","57","52","48","52","16","24","27","44",
"1500000US250173563002","Block Group 2, Census Tract 3563, Middlesex County, Massachusetts","777","248","125","89","36","40","30","32","9","17","0","13","0","13","45","53","23","36","43","48","48","55","62","61","196","231","95","73","0","13","11","17","54","45",
"1500000US250173563003","Block Group 3, Census Tract 3563, Middlesex County, Massachusetts","155","68","0","13","0","13","0","13","13","21","0","13","0","13","0","13","0","13","0","13","0","13","23","35","24","30","46","44","15","24","5","15","29","35",
"1500000US250173563004","Block Group 4, Census Tract 3563, Middlesex County, Massachusetts","252","98","0","13","0","13","0","13","0","13","0","13","0","13","0","13","0","13","0","13","0","13","35","57","60","70","64","46","31","36","56","51","6","13",
"1500000US250173563005","Block Group 5, Census Tract 3563, Middlesex County, Massachusetts","375","83","0","13","0","13","0","13","0","13","0","13","0","13","9","16","30","48","0","13","0","13","25","40","52","52","0","13","52","49","129","72","78","56",
"1500000US250173563006","Block Group 6, Census Tract 3563, Middlesex County, Massachusetts","309","90","17","27","0","13","0","13","0","13","0","13","0","13","0","13","0","13","25","38","11","17","0","13","37","56","27","40","66","51","84","65","42","46",
"1500000US250173564001","Block Group 1, Census Tract 3564, Middlesex County, Massachusetts","287","85","0","13","0","13","0","13","0","13","0","13","0","13","0","13","14","23","44","67","0","13","0","13","0","13","62","45","13","22","26","19","128","88",
"1500000US250173564002","Block Group 2, Census Tract 3564, Middlesex County, Massachusetts","614","120","113","81","78","55","0","13","16","27","17","26","0","13","0","13","0","13","0","13","0","13","0","13","44","44","111","63","28","35","129","105","78","48",
"1500000US250173564003","Block Group 3, Census Tract 3564, Middlesex County, Massachusetts","331","68","0","13","0","13","0","13","13","21","14","22","0","13","0","13","13","20","0","13","0","13","13","22","28","34","13","22","35","43","72","60","130","72",
"1500000US250173564004","Block Group 4, Census Tract 3564, Middlesex County, Massachusetts","215","82","0","13","13","22","0","13","0","13","14","22","0","13","13","20","0","13","0","13","0","13","0","13","5","11","29","48","39","50","0","13","102","69",
"1500000US250173564005","Block Group 5, Census Tract 3564, Middlesex County, Massachusetts","152","66","0","13","12","21","0","13","0","13","0","13","0","13","13","21","0","13","0","13","15","24","0","13","37","58","0","13","7","11","0","13","68","47",
"1500000US250173564006","Block Group 6, Census Tract 3564, Middlesex County, Massachusetts","348","108","40","31","0","13","0","13","0","13","0","13","0","13","0","13","0","13","0","13","12","20","34","33","0","13","16","24","18","23","32","33","196","105",
"1500000US250173564007","Block Group 7, Census Tract 3564, Middlesex County, Massachusetts","270","89","0","13","0","13","0","13","0","13","38","60","0","13","0","13","0","13","0","13","14","23","0","13","12","22","54","44","32","24","26","36","94","79",
"1500000US250173564008","Block Group 8, Census Tract 3564, Middlesex County, Massachusetts","541","125","0","13","0","13","0","13","0","13","0","13","30","34","0","13","0","13","15","25","31","34","40","37","35","34","65","99","67","63","80","60","178","77",
"1500000US250173565001","Block Group 1, Census Tract 3565, Middlesex County, Massachusetts","466","162","0","13","0","13","0","13","0","13","0","13","0","13","0","13","0","13","13","21","32","35","0","13","0","13","45","46","30","37","138","86","208","153",
"1500000US250173565002","Block Group 2, Census Tract 3565, Middlesex County, Massachusetts","521","133","0","13","0","13","0","13","0","13","0","13","12","19","16","26","0","13","12","18","13","21","24","28","112","101","40","46","39","59","53","59","200","82",
"1500000US250173565003","Block Group 3, Census Tract 3565, Middlesex County, Massachusetts","964","148","13","21","52","38","36","34","24","27","50","61","33","52","38","61","18","28","57","55","11","17","181","90","130","94","74","66","76","70","41","46","130","75",
"1500000US250173565004","Block Group 4, Census Tract 3565, Middlesex County, Massachusetts","364","108","0","13","0","13","0","13","0","13","0","13","18","28","0","13","0","13","0","13","49","58","0","13","17","26","95","64","15","23","62","74","108","81",
"1500000US250173565005","Block Group 5, Census Tract 3565, Middlesex County, Massachusetts","449","127","16","26","13","20","13","22","12","20","0","13","0","13","0","13","19","30","0","13","12","18","16","24","127","109","41","54","40","39","26","28","114","61",
"1500000US250173565006","Block Group 6, Census Tract 3565, Middlesex County, Massachusetts","199","67","0","13","0","13","0","13","0","13","0","13","0","13","0","13","29","34","0","13","13","21","12","20","0","13","35","39","12","19","56","37","42","40",
"1500000US250173566011","Block Group 1, Census Tract 3566.01, Middlesex County, Massachusetts","429","61","11","16","0","13","8","14","7","11","20","29","8","12","10","15","7","11","11","16","51","42","9","15","37","28","21","19","21","18","46","30","162","46",
"1500000US250173566012","Block Group 2, Census Tract 3566.01, Middlesex County, Massachusetts","240","60","41","46","0","13","0","13","11","17","0","13","0","13","0","13","0","13","0","13","22","24","0","13","7","12","22","24","6","10","63","44","68","33",
"1500000US250173566013","Block Group 3, Census Tract 3566.01, Middlesex County, Massachusetts","364","98","0","13","0","13","0","13","0","13","16","17","8","13","0","13","19","21","0","13","18","19","24","36","21","23","94","94","61","37","42","32","61","41",
"1500000US250173566014","Block Group 4, Census Tract 3566.01, Middlesex County, Massachusetts","397","82","15","17","18","19","22","24","40","45","18","21","0","13","18","19","19","25","14","17","9","16","47","34","72","52","36","24","33","26","7","11","29","28",
"1500000US250173566015","Block Group 5, Census Tract 3566.01, Middlesex County, Massachusetts","518","109","21","30","21","33","56","78","14","18","16","18","10","16","8","12","15","18","0","13","63","43","24","25","52","52","52","46","67","41","33","26","66","38",
"1500000US250173566021","Block Group 1, Census Tract 3566.02, Middlesex County, Massachusetts","851","138","0","13","20","21","42","44","33","39","27","24","20","23","34","41","64","80","10","15","39","30","62","53","214","92","51","45","117","84","32","32","86","56",
"1500000US250173566022","Block Group 2, Census Tract 3566.02, Middlesex County, Massachusetts","311","87","40","61","8","14","10","15","0","13","0","13","10","16","0","13","22","24","0","13","0","13","0","13","19","22","31","25","14","19","26","23","131","71",
"1500000US250173566023","Block Group 3, Census Tract 3566.02, Middlesex County, Massachusetts","395","144","0","13","10","16","0","13","0","13","8","13","0","13","12","20","0","13","0","13","0","13","0","13","14","22","45","35","34","38","48","34","224","141",
"1500000US250173566024","Block Group 4, Census Tract 3566.02, Middlesex County, Massachusetts","271","69","0","13","0","13","0","13","0","13","0","13","0","13","0","13","0","13","0","13","0","13","0","13","24","21","40","37","0","13","60","46","147","51",
"1500000US250173567011","Block Group 1, Census Tract 3567.01, Middlesex County, Massachusetts","662","208","58","66","0","13","17","28","0","13","0","13","0","13","27","32","10","16","35","40","43","48","17","27","58","45","34","38","51","68","14","22","298","203",
"1500000US250173567012","Block Group 2, Census Tract 3567.01, Middlesex County, Massachusetts","564","114","0","13","50","77","14","21","0","13","14","22","0","13","62","80","0","13","0","13","46","41","15","23","77","51","41","39","50","37","80","51","115","73",
"1500000US250173567013","Block Group 3, Census Tract 3567.01, Middlesex County, Massachusetts","607","107","18","29","0","13","38","36","18","29","14","22","0","13","0","13","18","29","25","39","106","88","47","44","92","55","74","73","14","23","71","50","72","59",
"1500000US250173567014","Block Group 4, Census Tract 3567.01, Middlesex County, Massachusetts","316","105","54","51","0","13","0","13","14","23","0","13","61","73","0","13","0","13","0","13","0","13","67","65","30","26","21","37","39","43","30","34","0","13",
"1500000US250173567015","Block Group 5, Census Tract 3567.01, Middlesex County, Massachusetts","241","68","31","34","8","13","17","27","27","31","0","13","0","13","0","13","0","13","0","13","39","62","2","8","14","23","0","13","0","13","74","49","29","33",
"1500000US250173567016","Block Group 6, Census Tract 3567.01, Middlesex County, Massachusetts","554","159","14","23","0","13","0","13","0","13","78","101","54","85","18","28","0","13","0","13","19","29","26","32","86","74","46","34","109","95","57","40","47","43",
"1500000US250173567031","Block Group 1, Census Tract 3567.03, Middlesex County, Massachusetts","1020","232","137","87","182","189","27","32","0","13","15","25","46","68","17","26","0","13","16","25","79","60","13","22","68","65","156","80","43","41","77","80","144","72",
"1500000US250173567032","Block Group 2, Census Tract 3567.03, Middlesex County, Massachusetts","228","65","0","13","0","13","0","13","0","13","0","13","15","25","0","13","0","13","0","13","0","13","15","24","13","21","26","32","51","40","53","38","55","57",
"1500000US250173567033","Block Group 3, Census Tract 3567.03, Middlesex County, Massachusetts","220","61","0","13","0","13","0","13","0","13","0","13","0","13","0","13","0","13","0","13","0","13","15","24","51","42","0","13","21","26","0","13","133","58",
"1500000US250173567041","Block Group 1, Census Tract 3567.04, Middlesex County, Massachusetts","581","148","0","13","0","13","13","22","27","30","0","13","0","13","9","15","17","27","0","13","51","64","0","13","32","39","63","70","106","90","146","116","117","70",
"1500000US250173567042","Block Group 2, Census Tract 3567.04, Middlesex County, Massachusetts","337","101","0","13","0","13","14","22","0","13","0","13","9","15","0","13","0","13","0","13","0","13","8","13","48","39","23","28","10","16","23","27","202","104",
"1500000US250173567043","Block Group 3, Census Tract 3567.04, Middlesex County, Massachusetts","206","63","0","13","0","13","9","15","0","13","0","13","0","13","0","13","0","13","0","13","13","21","8","16","25","28","33","28","19","22","20","25","79","56",
"1500000US250173567044","Block Group 4, Census Tract 3567.04, Middlesex County, Massachusetts","414","103","0","13","13","22","64","99","13","21","0","13","0","13","48","72","0","13","0","13","50","80","34","39","37","45","33","37","53","49","23","28","46","37",
"1500000US250173571001","Block Group 1, Census Tract 3571, Middlesex County, Massachusetts","324","57","0","13","0","13","0","13","0","13","11","18","0","13","0","13","0","13","0","13","33","37","26","30","18","23","11","17","15","21","40","29","170","61",
"1500000US250173571002","Block Group 2, Census Tract 3571, Middlesex County, Massachusetts","766","162","20","21","27","31","11","17","0","13","0","13","36","40","76","95","51","41","0","13","11","17","51","41","91","50","89","78","35","26","83","46","185","105",
"1500000US250173571003","Block Group 3, Census Tract 3571, Middlesex County, Massachusetts","358","67","23","26","30","46","0","13","9","14","0","13","0","13","10","17","0","13","0","13","0","13","3","4","20","21","45","28","30","34","23","24","165","61",
"1500000US250173571004","Block Group 4, Census Tract 3571, Middlesex County, Massachusetts","328","57","11","18","0","13","0","13","0","13","31","50","20","23","0","13","0","13","28","26","0","13","20","17","33","22","12","19","34","29","24","21","115","43",
"1500000US250173572001","Block Group 1, Census Tract 3572, Middlesex County, Massachusetts","629","82","31","23","25","34","18","19","10","16","0","13","0","13","0","13","0","13","8","12","6","10","27","29","46","31","53","44","45","30","119","53","241","66",
"1500000US250173572002","Block Group 2, Census Tract 3572, Middlesex County, Massachusetts","539","113","31","38","0","13","0","13","8","13","0","13","0","13","0","13","0","13","10","15","0","13","0","13","23","22","96","101","31","26","80","43","260","76",
"1500000US250173573001","Block Group 1, Census Tract 3573, Middlesex County, Massachusetts","382","71","0","13","0","13","0","13","0","13","0","13","0","13","0","13","9","14","13","18","27","25","9","15","9","14","34","24","7","11","48","37","226","69",
"1500000US250173573002","Block Group 2, Census Tract 3573, Middlesex County, Massachusetts","506","101","51","48","0","13","0","13","9","14","0","13","0","13","0","13","0","13","0","13","16","19","23","21","91","44","90","58","78","55","102","62","46","42",
"1500000US250173573003","Block Group 3, Census Tract 3573, Middlesex County, Massachusetts","389","75","34","37","17","20","0","13","0","13","0","13","0","13","0","13","0","13","0","13","0","13","0","13","52","45","44","29","62","40","104","55","76","39",
"1500000US250173574001","Block Group 1, Census Tract 3574, Middlesex County, Massachusetts","279","44","4","6","0","13","22","23","0","13","0","13","0","13","0","13","9","12","0","13","5","8","11","11","10","11","34","27","8","9","47","29","129","41",
"1500000US250173574002","Block Group 2, Census Tract 3574, Middlesex County, Massachusetts","286","64","0","13","5","8","0","13","0","13","6","8","0","13","18","25","0","13","18","24","11","12","10","11","6","8","5","7","22","17","52","40","133","50",
"1500000US250173574003","Block Group 3, Census Tract 3574, Middlesex County, Massachusetts","285","45","12","12","0","13","0","13","0","13","5","8","0","13","0","13","0","13","0","13","10","10","26","19","26","18","17","14","14","16","20","22","155","42",
"1500000US250173575001","Block Group 1, Census Tract 3575, Middlesex County, Massachusetts","278","78","15","14","5","7","0","13","0","13","0","13","6","8","5","7","0","13","14","20","0","13","13","12","24","27","27","21","6","11","10","11","153","75",
"1500000US250173575002","Block Group 2, Census Tract 3575, Middlesex County, Massachusetts","253","58","22","23","16","22","19","20","0","13","0","13","10","11","0","13","0","13","12","14","0","13","0","13","33","19","51","48","17","15","40","25","33","17",
"1500000US250173575003","Block Group 3, Census Tract 3575, Middlesex County, Massachusetts","376","45","35","27","0","13","5","8","0","13","9","11","8","12","0","13","6","9","0","13","0","13","7","8","30","25","56","38","37","21","112","39","71","33",
"1500000US250173576001","Block Group 1, Census Tract 3576, Middlesex County, Massachusetts","364","94","0","13","0","13","21","23","0","13","0","13","16","17","30","50","0","13","0","13","7","11","58","49","46","39","39","29","33","26","39","34","75","45",
"1500000US250173576002","Block Group 2, Census Tract 3576, Middlesex County, Massachusetts","684","112","7","12","31","35","21","22","14","16","0","13","7","11","23","22","0","13","9","13","7","13","38","47","82","56","27","26","115","89","127","67","176","66",
"1500000US250173577001","Block Group 1, Census Tract 3577, Middlesex County, Massachusetts","397","81","46","43","0","13","0","13","15","16","30","37","0","13","0","13","23","20","32","37","7","12","14","17","7","11","15","16","0","13","67","49","141","57",
"1500000US250173577002","Block Group 2, Census Tract 3577, Middlesex County, Massachusetts","286","57","9","13","23","18","0","13","0","13","22","17","18","22","0","13","0","13","50","38","7","11","7","12","35","42","9","13","0","13","17","21","89","52",
"1500000US250173577003","Block Group 3, Census Tract 3577, Middlesex County, Massachusetts","543","114","7","12","0","13","88","79","0","13","0","13","0","13","0","13","0","13","41","45","27","33","46","55","48","34","22","21","63","49","60","48","141","74",
"1500000US250173577004","Block Group 4, Census Tract 3577, Middlesex County, Massachusetts","405","126","36","44","7","11","0","13","7","10","7","11","0","13","71","82","18","18","27","34","39","53","24","25","47","26","36","27","8","13","20","22","58","45",
"1500000US250173578001","Block Group 1, Census Tract 3578, Middlesex County, Massachusetts","309","93","0","13","0","13","0","13","37","45","10","16","8","12","0","13","0","13","0","13","0","13","9","14","24","28","24","37","0","13","9","13","188","87",
"1500000US250173578002","Block Group 2, Census Tract 3578, Middlesex County, Massachusetts","333","58","13","20","0","13","10","16","11","17","0","13","0","13","0","13","20","22","0","13","0","13","0","13","42","37","23","29","40","31","75","45","99","48",
"1500000US250173578003","Block Group 3, Census Tract 3578, Middlesex County, Massachusetts","266","59","8","14","0","13","0","13","0","13","11","16","0","13","0","13","0","13","0","13","0","13","35","48","24","27","19","21","20","21","9","14","140","47",
"1500000US250173578004","Block Group 4, Census Tract 3578, Middlesex County, Massachusetts","299","72","40","37","0","13","11","19","0","13","6","9","0","13","15","17","20","23","0","13","29","26","39","48","37","29","15","18","17","20","29","27","41","35",
"1500000US250173581001","Block Group 1, Census Tract 3581, Middlesex County, Massachusetts","360","56","0","13","8","12","7","11","0","13","17","19","0","13","0","13","0","13","0","13","0","13","8","12","25","22","7","12","0","13","67","46","221","62",
"1500000US250173581002","Block Group 2, Census Tract 3581, Middlesex County, Massachusetts","489","93","0","13","0","13","0","13","0","13","0","13","18","19","0","13","0","13","0","13","39","49","26","26","6","10","65","41","46","38","42","37","247","82",
"1500000US250173581003","Block Group 3, Census Tract 3581, Middlesex County, Massachusetts","594","116","0","13","0","13","8","13","0","13","0","13","0","13","0","13","0","13","7","12","22","21","15","16","23","25","22","23","35","23","76","46","386","115",
"1500000US250173581004","Block Group 4, Census Tract 3581, Middlesex County, Massachusetts","388","93","14","23","0","13","0","13","23","35","7","14","0","13","7","11","14","15","0","13","0","13","27","20","27","25","14","17","60","73","57","38","138","55",
"1500000US250173583001","Block Group 1, Census Tract 3583, Middlesex County, Massachusetts","983","144","42","58","64","59","64","78","46","50","0","13","0","13","0","13","37","41","10","15","0","13","53","48","83","58","71","52","69","55","113","69","331","137",
"1500000US250173583002","Block Group 2, Census Tract 3583, Middlesex County, Massachusetts","695","137","0","13","0","13","18","29","0","13","0","13","0","13","0","13","19","28","0","13","0","13","36","43","38","37","44","51","22","36","126","76","392","146",
"1500000US250173583003","Block Group 3, Census Tract 3583, Middlesex County, Massachusetts","221","58","0","13","30","35","0","13","0","13","0","13","13","21","0","13","0","13","18","30","0","13","0","13","4","6","29","31","6","11","0","13","121","61",
"1500000US250173583004","Block Group 4, Census Tract 3583, Middlesex County, Massachusetts","332","107","26","41","0","13","18","29","0","13","0","13","19","32","0","13","63","71","0","13","12","20","13","21","20","32","17","28","51","56","0","13","93","62",
"1500000US250173584001","Block Group 1, Census Tract 3584, Middlesex County, Massachusetts","419","67","50","41","22","35","22","35","0","13","15","17","0","13","33","33","0","13","0","13","10","15","0","13","15","16","0","13","15","17","44","31","193","45",
"1500000US250173584002","Block Group 2, Census Tract 3584, Middlesex County, Massachusetts","526","87","36","36","22","26","4","7","19","22","27","25","16","18","6","10","9","13","0","13","32","38","0","13","97","80","6","10","25","20","37","28","190","49",
"1500000US250173584003","Block Group 3, Census Tract 3584, Middlesex County, Massachusetts","615","96","47","40","0","13","9","14","0","13","0","13","16","17","8","12","0","13","0","13","6","11","80","59","40","31","34","27","39","25","130","89","206","61",
"1500000US250173584004","Block Group 4, Census Tract 3584, Middlesex County, Massachusetts","330","52","8","13","0","13","0","13","21","32","0","13","17","18","0","13","8","12","0","13","11","16","8","12","0","13","19","20","38","28","50","31","150","56",
"1500000US250173585001","Block Group 1, Census Tract 3585, Middlesex County, Massachusetts","910","145","17","21","0","13","9","14","14","17","9","13","20","23","18","30","8","11","17","19","0","13","38","31","14","16","64","50","46","34","130","55","506","160",
"1500000US250173585002","Block Group 2, Census Tract 3585, Middlesex County, Massachusetts","247","59","9","14","10","15","9","13","9","14","0","13","0","13","8","14","0","13","0","13","10","14","32","37","19","27","9","14","23","28","26","26","83","40",
"1500000US250173585003","Block Group 3, Census Tract 3585, Middlesex County, Massachusetts","708","89","24","16","0","13","0","13","7","12","0","13","18","20","12","19","0","13","16","18","0","13","49","50","19","24","45","31","39","38","93","63","386","83",
"1500000US250173586001","Block Group 1, Census Tract 3586, Middlesex County, Massachusetts","549","161","0","13","0","13","16","24","0","13","0","13","0","13","15","24","37","52","0","13","13","21","0","13","54","44","0","13","68","65","113","148","233","96",
"1500000US250173586002","Block Group 2, Census Tract 3586, Middlesex County, Massachusetts","207","91","0","13","0","13","0","13","0","13","0","13","0","13","0","13","0","13","0","13","16","24","0","13","15","22","0","13","63","105","0","13","113","51",
"1500000US250173586003","Block Group 3, Census Tract 3586, Middlesex County, Massachusetts","413","89","16","26","0","13","13","21","0","13","0","13","20","32","0","13","0","13","0","13","16","25","0","13","0","13","39","47","38","42","12","20","259","76",
"1500000US250173586004","Block Group 4, Census Tract 3586, Middlesex County, Massachusetts","229","72","15","25","0","13","0","13","0","13","0","13","0","13","15","24","0","13","0","13","0","13","44","53","0","13","29","34","0","13","52","39","74","58",
"1500000US250173586005","Block Group 5, Census Tract 3586, Middlesex County, Massachusetts","423","87","12","21","0","13","15","24","0","13","0","13","15","24","36","57","0","13","0","13","0","13","0","13","13","21","25","30","21","28","74","59","212","95",
"1500000US250173586006","Block Group 6, Census Tract 3586, Middlesex County, Massachusetts","441","103","0","13","0","13","0","13","0","13","15","25","14","22","0","13","0","13","0","13","10","17","21","33","57","57","68","41","64","66","72","62","120","91",
"1500000US250173587001","Block Group 1, Census Tract 3587, Middlesex County, Massachusetts","855","172","7","12","8","13","0","13","0","13","8","12","0","13","18","17","7","12","0","13","62","44","0","13","87","45","84","45","82","47","129","146","363","117",
"1500000US250173587002","Block Group 2, Census Tract 3587, Middlesex County, Massachusetts","413","89","0","13","6","10","0","13","17","18","0","13","8","12","8","13","8","12","0","13","0","13","7","10","0","13","65","64","8","13","34","23","252","65",
"1500000US250173587003","Block Group 3, Census Tract 3587, Middlesex County, Massachusetts","609","79","13","15","19","21","0","13","0","13","0","13","7","11","0","13","0","13","0","13","23","21","16","18","43","35","60","39","64","58","62","39","302","74",
"1500000US250173591001","Block Group 1, Census Tract 3591, Middlesex County, Massachusetts","534","115","27","31","0","13","0","13","0","13","0","13","0","13","0","13","14","21","0","13","98","98","7","11","113","89","71","69","74","71","17","27","113","80",
"1500000US250173591002","Block Group 2, Census Tract 3591, Middlesex County, Massachusetts","294","95","0","13","0","13","0","13","0","13","0","13","0","13","0","13","11","17","11","18","38","59","0","13","17","26","30","35","21","26","131","92","35","35",
"1500000US250173591003","Block Group 3, Census Tract 3591, Middlesex County, Massachusetts","1120","159","24","28","11","21","12","19","34","32","7","13","11","18","37","28","32","37","0","13","38","35","106","72","71","55","90","59","70","54","145","76","432","175",
"1500000US250173591004","Block Group 4, Census Tract 3591, Middlesex County, Massachusetts","39","34","0","13","0","13","0","13","0","13","0","13","0","13","0","13","0","13","0","13","0","13","0","13","20","30","0","13","0","13","0","13","19","34",
"1500000US250173591005","Block Group 5, Census Tract 3591, Middlesex County, Massachusetts","583","163","58","63","0","13","0","13","0","13","23","28","12","19","25","40","11","17","0","13","24","27","21","23","12","19","115","67","30","47","21","23","231","148",
"1500000US250173593011","Block Group 1, Census Tract 3593.01, Middlesex County, Massachusetts","0","13","0","13","0","13","0","13","0","13","0","13","0","13","0","13","0","13","0","13","0","13","0","13","0","13","0","13","0","13","0","13","0","13",
"1500000US250173593021","Block Group 1, Census Tract 3593.02, Middlesex County, Massachusetts","0","13","0","13","0","13","0","13","0","13","0","13","0","13","0","13","0","13","0","13","0","13","0","13","0","13","0","13","0","13","0","13","0","13",
"1500000US250173593031","Block Group 1, Census Tract 3593.03, Middlesex County, Massachusetts","304","71","0","13","13","20","19","31","12","19","0","13","0","13","0","13","7","10","0","13","0","13","0","13","32","38","34","33","42","44","47","40","98","64",
"1500000US250173593032","Block Group 2, Census Tract 3593.03, Middlesex County, Massachusetts","336","111","0","13","0","13","0","13","0","13","16","25","0","13","7","13","16","29","11","18","85","103","25","40","20","31","71","63","21","31","45","42","19","23",
"1500000US250173593033","Block Group 3, Census Tract 3593.03, Middlesex County, Massachusetts","962","184","0","13","0","13","17","21","17","28","0","13","0","13","15","24","0","13","37","40","65","43","53","47","288","188","87","69","48","52","73","51","262","94",
"1500000US250173593034","Block Group 4, Census Tract 3593.03, Middlesex County, Massachusetts","784","162","0","13","7","12","0","13","58","76","15","25","31","36","0","13","9","14","0","13","16","24","40","45","88","64","20","31","45","42","80","54","375","162",
"1500000US250173593035","Block Group 5, Census Tract 3593.03, Middlesex County, Massachusetts","330","94","0","13","0","13","0","13","0","13","0","13","0","13","0","13","0","13","0","13","9","16","0","13","7","12","16","18","17","27","102","90","179","73",
"1500000US250173593036","Block Group 6, Census Tract 3593.03, Middlesex County, Massachusetts","0","13","0","13","0","13","0","13","0","13","0","13","0","13","0","13","0","13","0","13","0","13","0","13","0","13","0","13","0","13","0","13","0","13",
"1500000US250173594001","Block Group 1, Census Tract 3594, Middlesex County, Massachusetts","495","112","0","13","0","13","10","17","8","12","0","13","53","70","8","12","49","51","12","21","28","44","24","27","38","32","47","40","64","56","41","26","113","62",
"1500000US250173594002","Block Group 2, Census Tract 3594, Middlesex County, Massachusetts","856","141","23","34","57","46","19","30","11","18","19","22","0","13","15","23","0","13","0","13","37","48","37","37","200","118","82","55","51","36","142","81","163","77",
"1500000US250173594003","Block Group 3, Census Tract 3594, Middlesex County, Massachusetts","718","151","4","7","0","13","0","13","8","12","68","64","0","13","7","12","7","12","10","15","18","21","82","48","201","145","72","63","35","27","96","55","110","72",
"1500000US250173594004","Block Group 4, Census Tract 3594, Middlesex County, Massachusetts","651","119","38","52","34","31","35","53","43","41","8","13","11","19","30","34","30","35","29","26","28","44","64","53","16","17","50","38","65","41","35","31","135","66",
"1500000US250173594005","Block Group 5, Census Tract 3594, Middlesex County, Massachusetts","438","94","48","56","0","13","0","13","0","13","0","13","0","13","32","35","0","13","16","24","0","13","110","83","84","54","30","33","16","25","15","23","87","57",
"1500000US250173603001","Block Group 1, Census Tract 3603, Middlesex County, Massachusetts","279","70","17","26","0","13","14","23","14","22","14","23","0","13","0","13","0","13","3","5","17","28","17","27","0","13","17","27","0","13","39","37","127","65",
"1500000US250173603002","Block Group 2, Census Tract 3603, Middlesex County, Massachusetts","298","60","0","13","0","13","0","13","0","13","0","13","0","13","14","21","0","13","0","13","0","13","20","21","39","28","14","23","12","18","37","43","162","60",
"1500000US250173603003","Block Group 3, Census Tract 3603, Middlesex County, Massachusetts","571","136","0","13","0","13","0","13","55","71","0","13","0","13","14","22","0","13","0","13","0","13","11","18","25","29","67","58","30","46","64","45","305","118",
"1500000US250173603004","Block Group 4, Census Tract 3603, Middlesex County, Massachusetts","879","128","98","77","15","24","21","25","48","62","51","69","25","29","17","26","11","16","0","13","45","41","40","39","58","41","64","66","59","40","23","25","304","99",
"1500000US250173603005","Block Group 5, Census Tract 3603, Middlesex County, Massachusetts","542","105","0","13","0","13","0","13","0","13","8","13","55","57","11","12","8","11","13","17","83","80","11","12","58","39","83","43","55","41","94","57","63","60",
"1500000US250173611001","Block Group 1, Census Tract 3611, Middlesex County, Massachusetts","447","98","0","13","0","13","0","13","0","13","0","13","0","13","16","26","18","28","0","13","11","18","36","43","0","13","37","45","60","46","58","55","211","100",
"1500000US250173611002","Block Group 2, Census Tract 3611, Middlesex County, Massachusetts","346","86","0","13","0","13","0","13","0","13","0","13","17","27","0","13","0","13","0","13","19","30","27","43","46","44","0","13","26","22","27","33","184","69",
"1500000US250173611003","Block Group 3, Census Tract 3611, Middlesex County, Massachusetts","488","134","0","13","17","28","0","13","59","94","0","13","17","28","0","13","15","24","35","41","19","29","51","59","19","29","55","63","39","45","48","44","114","55",
"1500000US250173611004","Block Group 4, Census Tract 3611, Middlesex County, Massachusetts","444","92","0","13","0","13","0","13","0","13","0","13","18","27","0","13","0","13","0","13","106","62","33","38","12","17","18","29","60","49","16","26","181","85",
"1500000US250173611005","Block Group 5, Census Tract 3611, Middlesex County, Massachusetts","316","60","0","13","0","13","0","13","0","13","0","13","0","13","0","13","0","13","0","13","17","27","0","13","27","32","0","13","46","45","97","52","129","60",
"1500000US250173612001","Block Group 1, Census Tract 3612, Middlesex County, Massachusetts","851","143","22","36","18","28","0","13","8","12","0","13","0","13","31","35","0","13","0","13","103","66","113","79","43","48","37","31","61","53","141","102","274","135",
"1500000US250173612002","Block Group 2, Census Tract 3612, Middlesex County, Massachusetts","301","64","8","12","0","13","0","13","0","13","8","12","13","21","0","13","0","13","0","13","0","13","35","34","9","14","25","27","60","42","31","22","112","48",
"1500000US250173612003","Block Group 3, Census Tract 3612, Middlesex County, Massachusetts","0","13","0","13","0","13","0","13","0","13","0","13","0","13","0","13","0","13","0","13","0","13","0","13","0","13","0","13","0","13","0","13","0","13",
"1500000US250173612004","Block Group 4, Census Tract 3612, Middlesex County, Massachusetts","893","199","49","34","8","13","42","36","26","27","42","49","26","28","50","44","11","16","50","51","32","49","80","52","44","31","47","34","34","27","240","193","112","65",
"1500000US250173612005","Block Group 5, Census Tract 3612, Middlesex County, Massachusetts","306","65","0","13","0","13","0","13","0","13","6","10","0","13","0","13","10","15","0","13","0","13","0","13","0","13","0","13","25","41","58","60","207","64",
"1500000US250173613001","Block Group 1, Census Tract 3613, Middlesex County, Massachusetts","552","174","0","13","0","13","0","13","0","13","0","13","0","13","16","26","0","13","0","13","0","13","0","13","52","78","93","128","53","53","130","90","208","57",
"1500000US250173613002","Block Group 2, Census Tract 3613, Middlesex County, Massachusetts","472","114","0","13","33","30","0","13","70","82","17","28","0","13","0","13","0","13","0","13","42","47","0","13","11","18","29","33","16","25","52","46","202","76",
"1500000US250173613003","Block Group 3, Census Tract 3613, Middlesex County, Massachusetts","354","113","0","13","0","13","0","13","0","13","0","13","0","13","0","13","0","13","0","13","35","38","15","25","39","38","28","34","10","18","20","27","207","106",
"1500000US250173613004","Block Group 4, Census Tract 3613, Middlesex County, Massachusetts","453","82","13","20","0","13","0","13","0","13","23","28","0","13","0","13","0","13","0","13","0","13","0","13","29","36","29","35","12","19","29","36","318","94",
"1500000US250173613005","Block Group 5, Census Tract 3613, Middlesex County, Massachusetts","247","71","0","13","0","13","0","13","17","26","0","13","0","13","16","26","0","13","0","13","0","13","0","13","15","24","0","13","44","43","44","39","111","64",
"1500000US250173621001","Block Group 1, Census Tract 3621, Middlesex County, Massachusetts","832","147","0","13","9","14","11","19","43","52","11","17","36","46","19","22","16","23","0","13","42","33","12","16","36","33","22","25","62","53","143","60","370","92",
"1500000US250173621002","Block Group 2, Census Tract 3621, Middlesex County, Massachusetts","943","108","43","40","0","13","20","21","21","23","30","29","44","44","8","12","23","25","0","13","11","17","15","20","23","24","54","41","57","40","117","66","477","100",
"1500000US250173631031","Block Group 1, Census Tract 3631.03, Middlesex County, Massachusetts","923","113","7","13","47","52","11","19","35","42","19","19","0","13","22","26","20","24","82","73","57","35","33","31","72","45","88","42","30","27","67","36","333","54",
"1500000US250173631032","Block Group 2, Census Tract 3631.03, Middlesex County, Massachusetts","396","68","0","13","0","13","0","13","0","13","0","13","0","13","9","14","0","13","8","12","80","62","43","37","8","13","25","23","19","22","45","23","159","47",
"1500000US250173631041","Block Group 1, Census Tract 3631.04, Middlesex County, Massachusetts","922","200","62","104","0","13","31","46","21","32","0","13","0","13","0","13","0","13","0","13","0","13","0","13","113","110","34","40","117","71","171","78","373","105",
"1500000US250173631042","Block Group 2, Census Tract 3631.04, Middlesex County, Massachusetts","377","79","11","18","0","13","0","13","0","13","0","13","0","13","0","13","0","13","0","13","0","13","7","16","55","87","35","40","25","37","53","37","191","89",
"1500000US250173631043","Block Group 3, Census Tract 3631.04, Middlesex County, Massachusetts","693","122","0","13","0","13","0","13","0","13","0","13","0","13","30","34","0","13","0","13","74","89","86","60","21","24","117","69","85","79","101","60","179","76",
"1500000US250173631044","Block Group 4, Census Tract 3631.04, Middlesex County, Massachusetts","254","89","0","13","58","68","0","13","0","13","0","13","20","33","0","13","0","13","0","13","0","13","0","13","15","25","0","13","32","37","74","79","55","34",
"1500000US250173631051","Block Group 1, Census Tract 3631.05, Middlesex County, Massachusetts","652","187","13","21","0","13","14","23","0","13","0","13","13","21","157","172","15","23","0","13","60","56","76","51","14","26","20","24","5","9","117","81","148","51",
"1500000US250173631052","Block Group 2, Census Tract 3631.05, Middlesex County, Massachusetts","790","147","9","15","118","70","0","13","15","24","78","117","0","13","23","27","55","58","13","20","40","43","22","25","20","27","28","33","45","38","114","58","210","72",
"1500000US250173631061","Block Group 1, Census Tract 3631.06, Middlesex County, Massachusetts","680","119","15","25","33","38","27","43","0","13","15","25","49","77","17","28","35","44","14","24","60","71","16","26","150","93","0","13","12","19","78","69","159","67",
"1500000US250173631062","Block Group 2, Census Tract 3631.06, Middlesex County, Massachusetts","514","134","0","13","45","46","74","91","0","13","18","31","15","24","0","13","0","13","0","13","17","29","54","66","27","31","31","37","77","92","83","85","73","56",
"1500000US250173632011","Block Group 1, Census Tract 3632.01, Middlesex County, Massachusetts","454","116","17","20","15","19","28","24","0","13","27","25","0","13","0","13","0","13","0","13","22","34","19","18","49","30","46","41","9","14","84","50","138","100",
"1500000US250173632012","Block Group 2, Census Tract 3632.01, Middlesex County, Massachusetts","464","114","0","13","0","13","0","13","0","13","0","13","0","13","0","13","0","13","8","12","0","13","8","12","79","82","43","29","19","21","152","90","155","61",
"1500000US250173632013","Block Group 3, Census Tract 3632.01, Middlesex County, Massachusetts","277","55","0","13","27","36","0","13","0","13","19","29","0","13","0","13","8","13","0","13","26","36","11","17","14","16","7","11","26","26","28","26","111","43",
"1500000US250173632021","Block Group 1, Census Tract 3632.02, Middlesex County, Massachusetts","241","49","0","13","0","13","9","14","9","13","0","13","8","12","9","14","0","13","0","13","7","12","0","13","18","20","21","22","26","33","18","19","116","45",
"1500000US250173632022","Block Group 2, Census Tract 3632.02, Middlesex County, Massachusetts","522","76","0","13","0","13","0","13","0","13","0","13","28","39","0","13","0","13","0","13","36","36","8","12","55","34","63","41","108","51","90","55","134","58",
"1500000US250173632023","Block Group 3, Census Tract 3632.02, Middlesex County, Massachusetts","588","91","0","13","0","13","0","13","7","12","8","12","9","15","8","13","9","14","0","13","8","13","32","25","29","28","78","49","98","44","123","47","179","97",
"1500000US250173641011","Block Group 1, Census Tract 3641.01, Middlesex County, Massachusetts","950","159","56","66","0","13","46","54","67","51","0","13","76","84","0","13","0","13","46","55","43","44","15","24","76","70","139","68","78","62","134","72","174","155",
"1500000US250173641012","Block Group 2, Census Tract 3641.01, Middlesex County, Massachusetts","548","173","17","28","48","57","36","59","92","133","38","39","15","25","0","13","15","24","12","21","40","59","24","22","11","17","51","42","34","36","75","60","40","47",
"1500000US250173641013","Block Group 3, Census Tract 3641.01, Middlesex County, Massachusetts","933","217","70","69","0","13","0","13","10","17","10","17","59","66","25","28","0","13","12","19","14","23","0","13","61","56","158","101","55","41","69","79","390","234",
"1500000US250173641021","Block Group 1, Census Tract 3641.02, Middlesex County, Massachusetts","580","146","0","13","0","13","0","13","0","13","5","10","15","25","41","37","0","13","62","81","0","13","106","70","74","54","51","36","106","84","66","56","54","58",
"1500000US250173641022","Block Group 2, Census Tract 3641.02, Middlesex County, Massachusetts","546","134","32","40","0","13","0","13","0","13","0","13","0","13","34","28","83","86","0","13","15","25","56","69","101","75","27","29","67","60","85","75","46","35",
"1500000US250173641023","Block Group 3, Census Tract 3641.02, Middlesex County, Massachusetts","312","91","0","13","0","13","15","23","0","13","0","13","0","13","0","13","0","13","17","28","0","13","0","13","118","66","46","43","17","26","66","48","33","37",
"1500000US250173641024","Block Group 4, Census Tract 3641.02, Middlesex County, Massachusetts","416","105","0","13","21","34","0","13","0","13","0","13","18","28","0","13","15","25","15","23","0","13","13","21","0","13","30","37","82","56","66","51","156","77",
"1500000US250173651001","Block Group 1, Census Tract 3651, Middlesex County, Massachusetts","529","117","15","23","0","13","0","13","11","18","0","13","0","13","0","13","0","13","0","13","0","13","56","88","7","15","75","62","14","22","84","52","267","100",
"1500000US250173651002","Block Group 2, Census Tract 3651, Middlesex County, Massachusetts","674","95","16","26","15","23","14","22","0","13","0","13","14","23","0","13","0","13","15","22","14","26","30","35","35","34","17","30","58","53","58","52","388","97",
"1500000US250173651003","Block Group 3, Census Tract 3651, Middlesex County, Massachusetts","884","160","0","13","0","13","17","27","0","13","0","13","0","13","0","13","0","13","14","23","44","53","0","13","63","61","39","37","0","13","237","116","470","168",
"1500000US250173651004","Block Group 4, Census Tract 3651, Middlesex County, Massachusetts","572","126","0","13","11","19","17","27","14","24","0","13","0","13","0","13","0","13","0","13","14","24","46","56","49","61","0","13","59","68","106","74","256","105",
"1500000US250173652011","Block Group 1, Census Tract 3652.01, Middlesex County, Massachusetts","831","187","9","15","0","13","20","22","0","13","0","13","0","13","23","26","9","15","7","12","28","44","33","27","31","33","69","56","0","13","250","190","352","100",
"1500000US250173652012","Block Group 2, Census Tract 3652.01, Middlesex County, Massachusetts","451","85","0","13","0","13","9","14","0","13","0","13","0","13","0","13","34","48","10","15","0","13","18","20","17","18","25","27","17","26","131","75","190","67",
"1500000US250173652013","Block Group 3, Census Tract 3652.01, Middlesex County, Massachusetts","363","78","0","13","13","22","4","11","0","13","0","13","0","13","0","13","0","13","0","13","0","13","20","24","71","60","15","23","10","15","62","40","168","81",
"1500000US250173652014","Block Group 4, Census Tract 3652.01, Middlesex County, Massachusetts","398","82","0","13","0","13","0","13","0","13","0","13","10","15","0","13","0","13","0","13","19","23","38","46","17","20","15","21","24","22","77","53","198","71",
"1500000US250173652021","Block Group 1, Census Tract 3652.02, Middlesex County, Massachusetts","876","95","0","13","0","13","20","16","50","51","0","13","110","67","10","17","17","22","0","13","18","22","26","24","80","55","80","65","21","24","125","65","319","73",
"1500000US250173652022","Block Group 2, Census Tract 3652.02, Middlesex County, Massachusetts","363","68","0","13","0","13","0","13","0","13","0","13","0","13","11","17","38","31","0","13","0","13","24","26","71","48","34","29","8","13","38","32","139","55",
"1500000US250173652023","Block Group 3, Census Tract 3652.02, Middlesex County, Massachusetts","360","59","30","35","0","13","0","13","0","13","0","13","8","12","18","19","0","13","0","13","0","13","0","13","8","13","14","20","11","17","64","42","207","65",
"1500000US250173661001","Block Group 1, Census Tract 3661, Middlesex County, Massachusetts","218","46","0","13","0","13","0","13","8","13","0","13","0","13","0","13","0","13","0","13","0","13","12","18","21","22","33","30","16","19","33","27","95","41",
"1500000US250173661002","Block Group 2, Census Tract 3661, Middlesex County, Massachusetts","388","88","11","17","0","13","0","13","0","13","0","13","0","13","0","13","0","13","9","14","11","18","27","30","23","24","12","20","27","25","47","36","221","87",
"1500000US250173661003","Block Group 3, Census Tract 3661, Middlesex County, Massachusetts","229","64","0","13","6","10","10","17","0","13","0","13","9","15","0","13","0","13","0","13","7","11","0","13","22","18","49","46","19","19","28","26","79","39",
"1500000US250173661004","Block Group 4, Census Tract 3661, Middlesex County, Massachusetts","443","114","10","15","68","89","0","13","10","16","0","13","6","9","12","18","0","13","0","13","0","13","0","13","18","21","47","47","27","24","49","50","196","80",
"1500000US250173661005","Block Group 5, Census Tract 3661, Middlesex County, Massachusetts","360","71","10","16","9","13","49","48","0","13","10","16","0","13","0","13","0","13","11","17","9","15","20","23","30","27","23","22","22","28","52","30","115","54",
"1500000US250173662011","Block Group 1, Census Tract 3662.01, Middlesex County, Massachusetts","925","129","4","9","6","11","12","18","0","13","0","13","12","18","0","13","13","21","9","13","15","18","100","89","15","20","22","32","96","73","117","59","504","89",
"1500000US250173662012","Block Group 2, Census Tract 3662.01, Middlesex County, Massachusetts","293","67","35","41","9","13","0","13","0","13","0","13","0","13","0","13","0","13","0","13","0","13","37","40","56","43","11","17","0","13","43","45","102","46",
"1500000US250173662021","Block Group 1, Census Tract 3662.02, Middlesex County, Massachusetts","811","126","0","13","8","13","10","14","38","28","0","13","8","13","8","12","15","18","16","18","8","12","31","28","71","35","99","50","16","18","64","55","419","118",
"1500000US250173662022","Block Group 2, Census Tract 3662.02, Middlesex County, Massachusetts","676","100","0","13","0","13","0","13","0","13","0","13","18","20","17","20","0","13","0","13","0","13","46","34","47","44","66","41","38","43","104","63","340","86",
"1500000US250173662023","Block Group 3, Census Tract 3662.02, Middlesex County, Massachusetts","361","58","12","14","0","13","0","13","0","13","0","13","0","13","9","15","0","13","0","13","8","13","16","13","16","18","54","43","30","29","6","9","210","52",
"1500000US250173671001","Block Group 1, Census Tract 3671, Middlesex County, Massachusetts","623","145","81","100","0","13","8","12","0","13","0","13","0","13","0","13","8","13","0","13","13","22","0","13","22","23","12","16","23","24","60","40","396","123",
"1500000US250173671002","Block Group 2, Census Tract 3671, Middlesex County, Massachusetts","427","95","10","15","8","13","0","13","27","42","0","13","31","36","7","11","0","13","0","13","24","35","29","29","0","13","14","14","31","25","9","14","237","81",
"1500000US250173671003","Block Group 3, Census Tract 3671, Middlesex County, Massachusetts","487","80","48","39","0","13","0","13","0","13","8","13","0","13","10","15","15","17","11","16","26","41","0","13","27","26","0","13","14","17","51","36","277","72",
"1500000US250173671004","Block Group 4, Census Tract 3671, Middlesex County, Massachusetts","221","73","52","57","0","13","0","13","13","23","0","13","0","13","0","13","0","13","0","13","17","26","33","35","21","29","15","23","0","13","26","28","44","40",
"1500000US250173672001","Block Group 1, Census Tract 3672, Middlesex County, Massachusetts","492","121","21","19","14","22","27","31","12","20","0","13","49","61","0","13","0","13","0","13","65","70","1","3","41","64","45","68","0","13","24","28","193","79",
"1500000US250173672002","Block Group 2, Census Tract 3672, Middlesex County, Massachusetts","221","90","42","41","0","13","0","13","0","13","0","13","0","13","0","13","0","13","0","13","0","13","0","13","0","13","0","13","16","27","28","33","135","89",
"1500000US250173672003","Block Group 3, Census Tract 3672, Middlesex County, Massachusetts","389","113","18","30","0","13","0","13","0","13","0","13","38","57","0","13","105","97","0","13","14","24","0","13","30","35","0","13","0","13","12","21","172","69",
"1500000US250173672004","Block Group 4, Census Tract 3672, Middlesex County, Massachusetts","551","141","12","21","25","42","41","67","0","13","8","13","0","13","0","13","0","13","0","13","0","13","13","20","41","61","28","30","15","25","50","46","318","130",
"1500000US250173672005","Block Group 5, Census Tract 3672, Middlesex County, Massachusetts","15","25","0","13","0","13","0","13","0","13","0","13","0","13","0","13","0","13","0","13","0","13","0","13","0","13","0","13","0","13","15","25","0","13",
"1500000US250173672006","Block Group 6, Census Tract 3672, Middlesex County, Massachusetts","304","97","0","13","0","13","0","13","0","13","58","68","0","13","0","13","0","13","27","43","0","13","15","24","0","13","16","26","15","23","49","56","124","58",
"1500000US250173681011","Block Group 1, Census Tract 3681.01, Middlesex County, Massachusetts","316","104","0","13","0","13","0","13","0","13","34","38","0","13","0","13","0","13","0","13","14","22","27","40","32","36","59","41","0","13","58","57","92","65",
"1500000US250173681012","Block Group 2, Census Tract 3681.01, Middlesex County, Massachusetts","615","126","0","13","0","13","37","61","0","13","25","29","0","13","0","13","0","13","26","29","0","13","80","65","15","25","114","80","51","57","37","51","230","97",
"1500000US250173681013","Block Group 3, Census Tract 3681.01, Middlesex County, Massachusetts","338","117","14","23","0","13","0","13","0","13","0","13","24","37","0","13","0","13","0","13","34","43","16","29","67","69","66","72","0","13","90","64","27","31",
"1500000US250173681014","Block Group 4, Census Tract 3681.01, Middlesex County, Massachusetts","882","201","80","77","30","50","24","41","28","45","48","62","42","69","18","29","11","19","0","13","0","13","47","43","53","63","116","141","137","92","89","71","159","86",
"1500000US250173681021","Block Group 1, Census Tract 3681.02, Middlesex County, Massachusetts","957","110","0","13","9","14","8","13","0","13","56","64","0","13","21","23","16","20","68","47","14","14","49","32","107","58","112","58","110","50","183","68","204","80",
"1500000US250173681022","Block Group 2, Census Tract 3681.02, Middlesex County, Massachusetts","969","344","24","22","0","13","7","12","92","123","25","36","14","16","0","13","0","13","18","20","17","20","26","29","74","39","32","26","85","53","157","66","398","342",
"1500000US250173682001","Block Group 1, Census Tract 3682, Middlesex County, Massachusetts","486","86","0","13","5","9","8","12","5","8","51","36","6","10","37","34","0","13","9","14","28","25","0","13","110","62","60","50","26","28","86","44","55","36",
"1500000US250173682002","Block Group 2, Census Tract 3682, Middlesex County, Massachusetts","679","108","0","13","10","17","0","13","8","13","38","61","10","15","0","13","9","17","31","37","36","28","47","34","54","36","72","35","122","64","79","48","163","61",
"1500000US250173682003","Block Group 3, Census Tract 3682, Middlesex County, Massachusetts","249","60","10","17","0","13","0","13","20","32","0","13","0","13","0","13","0","13","0","13","9","13","0","13","0","13","53","38","11","17","84","52","62","31",
"1500000US250173683001","Block Group 1, Census Tract 3683, Middlesex County, Massachusetts","642","166","7","13","0","13","25","28","38","48","101","123","0","13","28","46","9","16","8","14","9","14","175","99","135","124","16","28","0","13","50","60","41","43",
"1500000US250173683002","Block Group 2, Census Tract 3683, Middlesex County, Massachusetts","422","192","37","44","0","13","0","13","0","13","0","13","107","162","8","14","20","31","20","33","0","13","63","55","28","43","45","52","76","70","8","13","10","16",
"1500000US250173683003","Block Group 3, Census Tract 3683, Middlesex County, Massachusetts","510","242","0","13","138","225","49","57","0","13","0","13","0","13","22","35","9","14","0","13","0","13","107","76","17","20","5","11","59","60","73","64","31","39",
"1500000US250173683004","Block Group 4, Census Tract 3683, Middlesex County, Massachusetts","493","164","0","13","0","13","14","23","0","13","13","21","0","13","72","64","0","13","14","31","35","41","65","65","136","141","83","72","8","14","49","56","4","11",
"1500000US250173683005","Block Group 5, Census Tract 3683, Middlesex County, Massachusetts","323","117","0","13","26","41","25","39","5","8","0","13","0","13","0","13","12","21","0","13","9","14","34","52","57","57","21","25","25","32","32","42","77","97",
"1500000US250173684001","Block Group 1, Census Tract 3684, Middlesex County, Massachusetts","333","136","68","111","16","26","41","66","0","13","0","13","0","13","0","13","58","67","0","13","38","56","44","44","19","31","27","31","22","27","0","13","0","13",
"1500000US250173684002","Block Group 2, Census Tract 3684, Middlesex County, Massachusetts","539","105","12","19","0","13","16","27","17","27","0","13","0","13","0","13","0","13","0","13","61","67","50","57","156","72","64","71","66","65","75","53","22","27",
"1500000US250173684003","Block Group 3, Census Tract 3684, Middlesex County, Massachusetts","690","188","0","13","0","13","17","24","0","13","30","48","0","13","15","25","105","117","14","25","0","13","0","13","75","69","56","85","105","68","52","51","221","124",
"1500000US250173684004","Block Group 4, Census Tract 3684, Middlesex County, Massachusetts","217","75","0","13","0","13","0","13","0","13","0","13","0","13","0","13","0","13","0","13","17","28","17","26","67","68","26","24","0","13","55","56","35","39",
"1500000US250173684005","Block Group 5, Census Tract 3684, Middlesex County, Massachusetts","0","13","0","13","0","13","0","13","0","13","0","13","0","13","0","13","0","13","0","13","0","13","0","13","0","13","0","13","0","13","0","13","0","13",
"1500000US250173684006","Block Group 6, Census Tract 3684, Middlesex County, Massachusetts","441","139","12","19","13","21","0","13","30","35","0","13","0","13","17","27","45","38","0","13","13","22","16","26","104","69","0","13","67","51","52","39","72","94",
"1500000US250173685001","Block Group 1, Census Tract 3685, Middlesex County, Massachusetts","594","186","10","16","60","40","9","13","33","40","46","52","119","169","20","33","0","13","0","13","21","26","100","64","30","35","90","53","15","22","41","29","0","13",
"1500000US250173685002","Block Group 2, Census Tract 3685, Middlesex County, Massachusetts","364","85","42","42","9","13","21","22","21","24","10","16","19","22","9","15","18","19","15","23","0","13","33","42","35","26","40","37","49","44","37","33","6","8",
"1500000US250173685003","Block Group 3, Census Tract 3685, Middlesex County, Massachusetts","751","163","68","48","21","31","56","57","37","43","0","13","9","15","21","32","20","28","21","25","13","16","89","60","124","128","44","36","45","42","92","69","91","51",
"1500000US250173686001","Block Group 1, Census Tract 3686, Middlesex County, Massachusetts","319","99","0","13","0","13","0","13","14","23","0","13","0","13","34","42","12","19","0","13","19","31","43","44","37","45","32","51","29","44","72","65","27","26",
"1500000US250173686002","Block Group 2, Census Tract 3686, Middlesex County, Massachusetts","289","133","17","27","0","13","0","13","0","13","0","13","0","13","0","13","35","54","0","13","42","33","8","21","48","53","64","83","13","22","62","67","0","13",
"1500000US250173686003","Block Group 3, Census Tract 3686, Middlesex County, Massachusetts","444","154","17","28","15","25","0","13","55","90","19","32","54","66","18","30","0","13","0","13","29","32","8","12","0","13","66","53","121","113","35","37","7","19",
"1500000US250173686004","Block Group 4, Census Tract 3686, Middlesex County, Massachusetts","674","145","22","26","0","13","23","26","26","31","15","24","17","27","0","13","154","111","24","28","0","13","30","36","62","44","23","29","60","56","160","110","58","40",
"1500000US250173686005","Block Group 5, Census Tract 3686, Middlesex County, Massachusetts","597","134","0","13","0","13","37","45","0","13","0","13","0","13","22","27","5","10","41","64","25","28","33","53","72","66","64","54","195","97","22","34","81","66",
"1500000US250173687001","Block Group 1, Census Tract 3687, Middlesex County, Massachusetts","518","133","49","58","3","8","21","32","0","13","11","17","39","48","16","26","39","41","0","13","4","21","67","58","24","34","87","71","69","74","63","88","26","29",
"1500000US250173687002","Block Group 2, Census Tract 3687, Middlesex County, Massachusetts","574","156","58","90","0","13","7","21","0","13","14","21","26","29","2","7","89","94","53","65","49","50","71","53","12","22","57","73","83","73","0","13","53","39",
"1500000US250173688001","Block Group 1, Census Tract 3688, Middlesex County, Massachusetts","493","130","81","57","50","51","0","13","9","14","23","25","6","11","11","18","20","33","0","13","0","13","71","69","70","68","46","51","8","13","66","51","32","51",
"1500000US250173688002","Block Group 2, Census Tract 3688, Middlesex County, Massachusetts","517","172","0","13","6","10","0","13","23","29","0","13","10","16","88","103","13","21","0","13","0","13","102","89","70","53","48","35","38","46","57","46","62","63",
"1500000US250173688003","Block Group 3, Census Tract 3688, Middlesex County, Massachusetts","519","130","0","13","8","15","11","17","25","29","56","47","11","18","0","13","14","23","0","13","0","13","47","46","117","87","13","14","57","65","83","93","77","57",
"1500000US250173688004","Block Group 4, Census Tract 3688, Middlesex County, Massachusetts","447","130","0","13","20","23","52","85","0","13","6","11","0","13","0","13","0","13","0","13","24","29","0","13","143","104","59","83","33","38","75","70","35","41",
"1500000US250173688005","Block Group 5, Census Tract 3688, Middlesex County, Massachusetts","455","134","12","20","0","13","14","22","0","13","0","13","19","22","9","13","23","36","38","53","11","18","53","59","137","97","4","8","13","21","102","86","20","20",
"1500000US250173689011","Block Group 1, Census Tract 3689.01, Middlesex County, Massachusetts","195","54","0","13","0","13","0","13","0","13","0","13","0","13","0","13","17","27","16","27","46","54","0","13","13","21","50","47","13","20","29","40","11","19",
"1500000US250173689012","Block Group 2, Census Tract 3689.01, Middlesex County, Massachusetts","336","80","0","13","15","23","0","13","0","13","48","55","14","22","0","13","0","13","15","23","15","25","0","13","15","23","17","28","58","40","32","25","107","59",
"1500000US250173689013","Block Group 3, Census Tract 3689.01, Middlesex County, Massachusetts","291","94","0","13","0","13","0","13","4","7","0","13","0","13","0","13","0","13","12","18","0","13","16","21","48","52","32","31","82","77","56","33","41","29",
"1500000US250173689014","Block Group 4, Census Tract 3689.01, Middlesex County, Massachusetts","280","125","68","86","56","91","15","22","0","13","0","13","0","13","0","13","0","13","17","26","0","13","0","13","11","17","25","21","31","35","15","24","42","30",
"1500000US250173689015","Block Group 5, Census Tract 3689.01, Middlesex County, Massachusetts","1240","452","30","35","88","73","15","23","0","13","0","13","0","13","59","76","50","61","34","39","80","60","109","81","119","85","424","458","123","86","0","13","109","76",
"1500000US250173689016","Block Group 6, Census Tract 3689.01, Middlesex County, Massachusetts","470","78","38","26","27","21","6","10","25","22","9","10","9","10","11","12","0","13","5","8","70","26","34","19","34","22","46","29","41","37","38","30","77","44",
"1500000US250173689021","Block Group 1, Census Tract 3689.02, Middlesex County, Massachusetts","782","117","53","62","36","33","4","10","65","40","59","49","19","21","61","56","27","28","0","13","20","20","140","76","42","29","47","55","22","21","47","39","140","61",
"1500000US250173689022","Block Group 2, Census Tract 3689.02, Middlesex County, Massachusetts","232","71","6","9","15","18","0","13","25","25","0","13","4","7","0","13","30","49","0","13","40","39","34","42","27","32","6","9","14","17","25","21","6","10",
"1500000US250173689023","Block Group 3, Census Tract 3689.02, Middlesex County, Massachusetts","339","96","4","6","0","13","0","13","51","73","9","14","0","13","35","47","9","14","0","13","38","32","49","31","48","33","9","14","35","25","33","28","19","22",
"1500000US250173690001","Block Group 1, Census Tract 3690, Middlesex County, Massachusetts","20","14","0","13","5","7","0","13","0","13","0","13","0","13","0","13","0","13","0","13","0","13","4","7","0","13","0","13","0","13","0","13","11","15",
"1500000US250173691001","Block Group 1, Census Tract 3691, Middlesex County, Massachusetts","320","82","0","13","0","13","30","29","0","13","6","11","0","13","13","20","0","13","13","21","34","43","35","33","56","51","29","28","22","21","38","30","44","31",
"1500000US250173691002","Block Group 2, Census Tract 3691, Middlesex County, Massachusetts","805","117","0","13","0","13","30","32","0","13","22","25","0","13","0","13","0","13","10","15","67","53","63","46","68","57","71","49","119","58","165","62","190","81",
"1500000US250173691003","Block Group 3, Census Tract 3691, Middlesex County, Massachusetts","404","90","0","13","39","60","0","13","0","13","0","13","0","13","11","17","0","13","15","24","34","32","33","36","27","31","82","63","38","34","24","26","101","46",
"1500000US250173691004","Block Group 4, Census Tract 3691, Middlesex County, Massachusetts","521","139","0","13","0","13","13","21","40","62","0","13","25","27","0","13","0","13","39","37","22","26","52","51","58","37","91","98","56","39","22","17","103","68",
"1500000US250173701011","Block Group 1, Census Tract 3701.01, Middlesex County, Massachusetts","700","155","17","28","0","13","0","13","15","25","11","20","46","64","15","23","0","13","0","13","47","41","42","37","73","52","68","59","47","36","182","123","137","91",
"1500000US250173701012","Block Group 2, Census Tract 3701.01, Middlesex County, Massachusetts","384","107","0","13","0","13","0","13","0","13","0","13","0","13","0","13","0","13","0","13","0","13","0","13","93","75","92","81","15","23","103","80","81","49",
"1500000US250173701013","Block Group 3, Census Tract 3701.01, Middlesex County, Massachusetts","668","144","16","25","14","22","0","13","0","13","0","13","15","23","0","13","0","13","28","31","49","58","29","34","83","78","146","116","90","71","174","95","24","26",
"1500000US250173701014","Block Group 4, Census Tract 3701.01, Middlesex County, Massachusetts","460","136","74","121","34","37","0","13","38","58","14","23","54","56","0","13","15","25","14","21","15","26","17","28","19","29","15","25","48","65","14","24","89","57",
"1500000US250173701015","Block Group 5, Census Tract 3701.01, Middlesex County, Massachusetts","893","291","75","79","23","36","61","79","45","45","0","13","14","25","0","13","36","54","0","13","32","38","15","25","158","109","258","290","42","40","49","72","85","59",
"1500000US250173701031","Block Group 1, Census Tract 3701.03, Middlesex County, Massachusetts","891","172","64","59","71","77","21","34","44","50","51","66","13","21","0","13","0","13","0","13","109","107","72","64","80","63","61","63","11","20","138","100","156","100",
"1500000US250173701032","Block Group 2, Census Tract 3701.03, Middlesex County, Massachusetts","463","121","16","27","0","13","47","50","0","13","16","26","14","24","10","18","0","13","39","61","41","55","22","37","68","54","22","32","46","58","83","56","39","41",
"1500000US250173701033","Block Group 3, Census Tract 3701.03, Middlesex County, Massachusetts","400","104","0","13","0","13","46","59","0","13","10","16","0","13","15","24","0","13","40","47","0","13","33","42","52","51","27","44","0","13","63","61","114","99",
"1500000US250173701041","Block Group 1, Census Tract 3701.04, Middlesex County, Massachusetts","1042","189","10","17","11","18","26","30","6","9","15","27","63","64","30","46","0","13","0","13","18","22","126","99","142","81","182","88","62","45","177","94","174","157",
"1500000US250173701042","Block Group 2, Census Tract 3701.04, Middlesex County, Massachusetts","741","151","0","13","0","13","53","55","0","13","0","13","21","25","0","13","12","18","0","13","32","51","21","23","204","91","101","99","99","67","62","63","136","102",
"1500000US250173702011","Block Group 1, Census Tract 3702.01, Middlesex County, Massachusetts","634","163","20","28","0","13","0","13","0","13","0","13","0","13","0","13","19","21","0","13","76","51","122","145","8","13","92","46","24","21","99","49","174","91",
"1500000US250173702012","Block Group 2, Census Tract 3702.01, Middlesex County, Massachusetts","577","128","7","11","8","13","9","13","8","13","10","15","0","13","11","17","0","13","27","29","9","14","160","95","52","39","44","36","8","14","76","38","148","75",
"1500000US250173702013","Block Group 3, Census Tract 3702.01, Middlesex County, Massachusetts","606","145","0","13","0","13","0","13","0","13","0","13","12","18","0","13","0","13","0","13","26","29","7","11","167","136","14","18","34","30","104","49","242","89",
"1500000US250173702021","Block Group 1, Census Tract 3702.02, Middlesex County, Massachusetts","293","60","0","13","13","23","13","22","8","13","8","13","0","13","8","13","10","15","0","13","0","13","28","24","24","21","24","22","27","25","0","13","130","55",
"1500000US250173702022","Block Group 2, Census Tract 3702.02, Middlesex County, Massachusetts","348","83","27","29","29","45","0","13","0","13","14","16","0","13","22","34","0","13","0","13","16","18","27","25","79","48","54","41","6","9","36","34","38","24",
"1500000US250173702023","Block Group 3, Census Tract 3702.02, Middlesex County, Massachusetts","400","84","0","13","6","9","0","13","8","13","0","13","40","47","0","13","0","13","21","34","26","25","65","42","25","25","76","45","24","27","78","51","31","27",
"1500000US250173702024","Block Group 4, Census Tract 3702.02, Middlesex County, Massachusetts","620","148","0","13","31","35","0","13","13","16","0","13","8","12","8","13","20","21","17","26","65","50","11","17","156","138","44","34","26","23","77","45","144","67",
"1500000US250173703011","Block Group 1, Census Tract 3703.01, Middlesex County, Massachusetts","224","107","0","13","52","82","0","13","0","13","0","13","0","13","0","13","26","31","0","13","0","13","19","32","13","23","18","30","0","13","85","72","11","20",
"1500000US250173703012","Block Group 2, Census Tract 3703.01, Middlesex County, Massachusetts","429","119","13","22","43","48","0","13","13","21","0","13","14","24","0","13","0","13","0","13","13","21","42","40","34","52","110","85","76","52","13","21","58","47",
"1500000US250173703013","Block Group 3, Census Tract 3703.01, Middlesex County, Massachusetts","625","192","0","13","0","13","0","13","15","25","55","64","41","66","14","21","35","40","33","52","0","13","67","53","105","139","36","41","19","30","101","109","104","104",
"1500000US250173703014","Block Group 4, Census Tract 3703.01, Middlesex County, Massachusetts","275","121","0","13","37","61","11","20","0","13","42","66","0","13","0","13","15","26","0","13","14","23","28","34","57","55","0","13","39","41","32","28","0","13",
"1500000US250173703015","Block Group 5, Census Tract 3703.01, Middlesex County, Massachusetts","447","144","16","27","0","13","0","13","43","67","59","64","57","68","0","13","0","13","0","13","55","65","29","32","63","54","68","76","40","51","17","31","0","13",
"1500000US250173703021","Block Group 1, Census Tract 3703.02, Middlesex County, Massachusetts","142","72","37","31","0","13","74","70","0","13","0","13","19","32","0","13","0","13","0","13","0","13","0","13","12","20","0","13","0","13","0","13","0","13",
"1500000US250173703022","Block Group 2, Census Tract 3703.02, Middlesex County, Massachusetts","683","163","36","48","0","13","39","46","21","31","0","13","65","96","0","13","0","13","0","13","71","78","120","117","137","108","17","30","61","57","31","35","85","61",
"1500000US250173704011","Block Group 1, Census Tract 3704.01, Middlesex County, Massachusetts","804","306","56","52","28","29","197","274","0","13","0","13","0","13","0","13","17","29","0","13","54","53","64","52","102","78","51","49","51","56","89","61","95","57",
"1500000US250173704012","Block Group 2, Census Tract 3704.01, Middlesex County, Massachusetts","719","231","49","77","0","13","0","13","17","26","0","13","0","13","0","13","0","13","0","13","23","36","94","58","81","59","79","55","0","13","286","219","90","69",
"1500000US250173704021","Block Group 1, Census Tract 3704.02, Middlesex County, Massachusetts","263","99","0","13","2","19","0","13","0","13","0","13","0","13","0","13","0","13","0","13","15","25","0","13","49","69","96","76","0","13","0","13","101","77",
"1500000US250173704022","Block Group 2, Census Tract 3704.02, Middlesex County, Massachusetts","445","114","0","13","0","13","0","13","0","13","0","13","16","25","0","13","0","13","71","77","41","60","0","13","15","24","67","76","68","67","44","61","123","97",
"1500000US250173704031","Block Group 1, Census Tract 3704.03, Middlesex County, Massachusetts","364","104","16","26","19","30","14","25","89","77","0","13","0","13","0","13","0","13","0","13","39","59","40","37","33","37","50","42","9","14","12","19","43","40",
"1500000US250173704032","Block Group 2, Census Tract 3704.03, Middlesex County, Massachusetts","602","126","43","63","0","13","0","13","0","13","0","13","14","25","15","23","0","13","0","13","77","90","60","46","58","47","136","71","54","49","58","35","87","58",
"1500000US250173731001","Block Group 1, Census Tract 3731, Middlesex County, Massachusetts","217","62","13","22","0","13","0","13","0","13","0","13","14","23","0","13","0","13","0","13","0","13","12","20","14","22","26","30","31","36","22","26","85","56",
"1500000US250173731002","Block Group 2, Census Tract 3731, Middlesex County, Massachusetts","471","128","14","22","0","13","0","13","0","13","0","13","15","24","0","13","0","13","0","13","52","63","65","85","12","19","42","41","47","45","57","68","167","108",
"1500000US250173731003","Block Group 3, Census Tract 3731, Middlesex County, Massachusetts","474","109","0","13","0","13","0","13","51","53","0","13","0","13","14","22","0","13","39","64","39","61","141","109","100","72","14","22","18","29","0","13","58","46",
"1500000US250173731004","Block Group 4, Census Tract 3731, Middlesex County, Massachusetts","239","71","0","13","0","13","0","13","0","13","0","13","0","13","14","23","14","21","14","22","0","13","0","13","0","13","58","46","32","41","51","45","56","42",
"1500000US250173731005","Block Group 5, Census Tract 3731, Middlesex County, Massachusetts","461","123","0","13","9","13","0","13","0","13","0","13","0","13","0","13","0","13","0","13","17","26","28","31","25","39","90","56","48","45","49","37","195","124",
"1500000US250173732001","Block Group 1, Census Tract 3732, Middlesex County, Massachusetts","621","188","7","11","81","49","8","14","102","154","39","43","0","13","17","26","8","13","24","24","25","38","50","45","52","50","63","49","9","13","85","66","51","30",
"1500000US250173732002","Block Group 2, Census Tract 3732, Middlesex County, Massachusetts","370","69","11","17","7","10","16","20","0","13","0","13","0","13","0","13","0","13","11","17","31","36","45","40","47","34","29","28","26","23","46","38","101","55",
"1500000US250173732003","Block Group 3, Census Tract 3732, Middlesex County, Massachusetts","387","136","7","12","0","13","0","13","7","11","0","13","8","12","34","32","0","13","0","13","28","32","13","18","41","26","100","55","9","15","99","119","41","36",
"1500000US250173732004","Block Group 4, Census Tract 3732, Middlesex County, Massachusetts","729","160","9","16","17","26","126","152","0","13","0","13","23","40","14","22","31","45","24","36","14","22","59","44","115","66","62","52","12","19","100","55","123","68",
"1500000US250173733001","Block Group 1, Census Tract 3733, Middlesex County, Massachusetts","212","55","10","16","10","15","0","13","10","15","0","13","0","13","0","13","16","25","0","13","0","13","0","13","23","27","9","14","0","13","37","44","97","51",
"1500000US250173733002","Block Group 2, Census Tract 3733, Middlesex County, Massachusetts","626","107","10","17","32","28","76","73","32","50","0","13","0","13","0","13","10","16","20","21","19","21","62","42","59","38","66","51","94","58","69","56","77","42",
"1500000US250173733003","Block Group 3, Census Tract 3733, Middlesex County, Massachusetts","373","65","0","13","0","13","0","13","11","16","22","24","0","13","10","14","0","13","0","13","0","13","40","30","26","29","14","20","42","30","35","32","173","62",
"1500000US250173734001","Block Group 1, Census Tract 3734, Middlesex County, Massachusetts","729","138","8","14","0","13","45","47","9","14","19","26","8","13","33","41","17","18","26","27","4","6","13","15","68","37","123","133","25","22","108","52","223","72",
"1500000US250173734002","Block Group 2, Census Tract 3734, Middlesex County, Massachusetts","514","73","9","14","19","23","0","13","14","21","8","13","32","35","0","13","0","13","0","13","30","28","23","23","31","22","82","46","63","38","32","28","171","66",
"1500000US250173735001","Block Group 1, Census Tract 3735, Middlesex County, Massachusetts","328","64","8","13","10","16","0","13","0","13","0","13","0","13","0","13","8","14","9","13","8","13","31","38","16","17","43","31","6","9","49","41","140","55",
"1500000US250173735002","Block Group 2, Census Tract 3735, Middlesex County, Massachusetts","543","147","0","13","0","13","0","13","0","13","9","15","16","18","0","13","9","13","7","11","28","25","11","18","16","18","47","38","8","13","56","41","336","143",
"1500000US250173735003","Block Group 3, Census Tract 3735, Middlesex County, Massachusetts","947","170","7","10","0","13","0","13","9","15","17","18","0","13","0","13","38","38","38","44","51","47","28","25","77","43","84","88","38","32","138","76","422","115",
"1500000US250173736001","Block Group 1, Census Tract 3736, Middlesex County, Massachusetts","383","114","0","13","0","13","0","13","13","20","0","13","0","13","12","19","0","13","0","13","0","13","0","13","11","12","32","29","28","31","90","93","197","55",
"1500000US250173736002","Block Group 2, Census Tract 3736, Middlesex County, Massachusetts","0","13","0","13","0","13","0","13","0","13","0","13","0","13","0","13","0","13","0","13","0","13","0","13","0","13","0","13","0","13","0","13","0","13",
"1500000US250173736003","Block Group 3, Census Tract 3736, Middlesex County, Massachusetts","614","89","50","44","20","23","9","15","19","16","0","13","0","13","0","13","46","45","6","10","13","16","0","13","15","17","12","12","7","12","103","58","314","69",
"1500000US250173737001","Block Group 1, Census Tract 3737, Middlesex County, Massachusetts","295","56","0","13","0","13","0","13","0","13","0","13","0","13","0","13","0","13","0","13","7","12","26","25","7","11","43","34","51","55","20","23","141","44",
"1500000US250173737002","Block Group 2, Census Tract 3737, Middlesex County, Massachusetts","422","78","8","14","0","13","0","13","0","13","0","13","0","13","0","13","8","12","0","13","0","13","7","12","52","40","32","32","0","13","78","45","237","84",
"1500000US250173737003","Block Group 3, Census Tract 3737, Middlesex County, Massachusetts","486","140","0","13","0","13","0","13","8","12","0","13","0","13","11","17","7","11","26","26","0","13","12","20","7","12","13","20","27","22","43","38","332","131",
"1500000US250173737004","Block Group 4, Census Tract 3737, Middlesex County, Massachusetts","218","65","0","13","0","13","0","13","0","13","0","13","8","12","0","13","0","13","0","13","0","13","8","13","14","16","8","12","0","13","38","29","142","70",
"1500000US250173738001","Block Group 1, Census Tract 3738, Middlesex County, Massachusetts","637","115","0","13","0","13","0","13","0","13","14","22","0","13","0","13","0","13","0","13","0","13","48","44","50","47","31","49","100","73","162","80","232","88",
"1500000US250173738002","Block Group 2, Census Tract 3738, Middlesex County, Massachusetts","659","144","35","39","0","13","0","13","0","13","52","48","63","53","0","13","15","24","0","13","0","13","41","45","77","57","16","26","46","44","142","78","172","93",
"1500000US250173738003","Block Group 3, Census Tract 3738, Middlesex County, Massachusetts","587","118","0","13","18","28","16","28","15","23","0","13","0","13","17","27","42","66","0","13","16","25","43","41","47","44","41","33","49","45","118","71","165","96",
"1500000US250173738004","Block Group 4, Census Tract 3738, Middlesex County, Massachusetts","323","92","0","13","0","13","0","13","0","13","0","13","14","22","15","26","0","13","0","13","0","13","15","23","14","21","0","13","0","13","60","73","205","96",
"1500000US250173739011","Block Group 1, Census Tract 3739.01, Middlesex County, Massachusetts","607","72","27","38","0","13","0","13","0","13","0","13","0","13","0","13","20","32","0","13","17","27","0","13","98","66","16","25","55","53","38","40","336","91",
"1500000US250173739012","Block Group 2, Census Tract 3739.01, Middlesex County, Massachusetts","422","149","0","13","0","13","0","13","77","120","0","13","0","13","0","13","15","24","0","13","16","26","37","40","42","69","39","42","0","13","124","73","72","46",
"1500000US250173739021","Block Group 1, Census Tract 3739.02, Middlesex County, Massachusetts","449","170","77","122","11","17","0","13","39","60","0","13","49","66","0","13","0","13","14","24","14","23","0","13","11","18","61","52","30","36","80","76","63","55",
"1500000US250173739022","Block Group 2, Census Tract 3739.02, Middlesex County, Massachusetts","543","107","0","13","0","13","9","20","0","13","0","13","0","13","15","24","14","23","0","13","12","23","0","13","49","45","0","13","10","19","120","76","314","117",
"1500000US250173739023","Block Group 3, Census Tract 3739.02, Middlesex County, Massachusetts","527","107","12","19","0","13","12","23","14","23","0","13","32","38","0","13","19","29","0","13","14","22","25","30","61","67","45","48","22","27","85","57","186","111",
"1500000US250173740001","Block Group 1, Census Tract 3740, Middlesex County, Massachusetts","508","85","38","44","9","14","0","13","38","42","0","13","9","14","9","14","0","13","0","13","28","27","58","37","9","15","24","23","81","63","44","32","161","62",
"1500000US250173740002","Block Group 2, Census Tract 3740, Middlesex County, Massachusetts","604","92","18","19","28","22","14","12","8","13","9","13","25","26","37","41","16","18","38","48","17","23","8","13","36","28","24","23","28","25","55","33","243","74",
"1500000US250173740003","Block Group 3, Census Tract 3740, Middlesex County, Massachusetts","487","160","0","13","18","21","0","13","21","29","0","13","11","16","0","13","9","14","0","13","17","20","0","13","33","35","48","45","36","28","140","151","154","48",
"1500000US250173741001","Block Group 1, Census Tract 3741, Middlesex County, Massachusetts","845","143","25","30","0","13","30","21","8","12","25","23","9","14","28","36","44","72","26","24","53","78","47","40","76","58","70","41","19","18","154","58","231","71",
"1500000US250173741002","Block Group 2, Census Tract 3741, Middlesex County, Massachusetts","504","88","6","10","0","13","0","13","0","13","0","13","7","12","0","13","6","10","0","13","35","44","28","22","79","53","115","52","48","33","62","37","118","56",
"1500000US250173741003","Block Group 3, Census Tract 3741, Middlesex County, Massachusetts","561","94","7","11","23","35","22","20","7","11","0","13","0","13","7","12","0","13","0","13","43","49","37","33","74","45","23","20","80","50","61","41","177","85",
"1500000US250173742001","Block Group 1, Census Tract 3742, Middlesex County, Massachusetts","445","140","8","13","0","13","0","13","0","13","0","13","0","13","9","15","25","20","8","12","0","13","18","19","48","40","38","44","26","25","33","28","232","132",
"1500000US250173742002","Block Group 2, Census Tract 3742, Middlesex County, Massachusetts","630","93","8","12","7","12","0","13","22","35","0","13","33","41","0","13","11","17","0","13","0","13","19","22","39","30","90","50","39","29","40","31","322","88",
"1500000US250173742003","Block Group 3, Census Tract 3742, Middlesex County, Massachusetts","494","62","10","16","0","13","0","13","0","13","10","16","11","18","0","13","0","13","8","12","19","29","8","13","32","31","57","30","31","28","48","44","260","58",
"1500000US250173743001","Block Group 1, Census Tract 3743, Middlesex County, Massachusetts","415","84","0","13","0","13","0","13","0","13","7","12","11","16","18","20","0","13","7","11","8","13","41","42","0","13","0","13","9","15","23","17","291","81",
"1500000US250173743002","Block Group 2, Census Tract 3743, Middlesex County, Massachusetts","547","120","6","9","0","13","0","13","10","15","0","13","9","13","0","13","0","13","8","13","15","12","27","27","13","15","6","10","11","20","159","110","283","77",
"1500000US250173743003","Block Group 3, Census Tract 3743, Middlesex County, Massachusetts","293","52","0","13","10","15","0","13","0","13","0","13","0","13","0","13","8","13","10","15","6","8","0","13","19","20","10","15","0","13","66","43","164","60",
"1500000US250173744001","Block Group 1, Census Tract 3744, Middlesex County, Massachusetts","400","94","0","13","0","13","15","24","0","13","15","25","0","13","0","13","33","43","0","13","0","13","0","13","16","25","8","15","45","41","92","73","176","53",
"1500000US250173744002","Block Group 2, Census Tract 3744, Middlesex County, Massachusetts","314","89","0","13","0","13","0","13","0","13","0","13","0","13","0","13","0","13","0","13","0","13","0","13","34","33","53","67","63","74","23","25","141","57",
"1500000US250173744003","Block Group 3, Census Tract 3744, Middlesex County, Massachusetts","303","81","16","28","0","13","0","13","0","13","0","13","0","13","0","13","0","13","0","13","0","13","0","13","15","24","0","13","0","13","15","23","257","85",
"1500000US250173744004","Block Group 4, Census Tract 3744, Middlesex County, Massachusetts","729","148","57","73","42","65","61","59","15","24","30","36","0","13","16","25","0","13","0","13","0","13","0","13","26","33","28","43","40","32","101","69","313","96",
"1500000US250173744005","Block Group 5, Census Tract 3744, Middlesex County, Massachusetts","289","81","0","13","0","13","0","13","0","13","0","13","0","13","0","13","0","13","15","24","0","13","0","13","15","23","7","12","15","25","40","45","197","74",
"1500000US250173745001","Block Group 1, Census Tract 3745, Middlesex County, Massachusetts","253","52","10","15","9","14","7","11","0","13","0","13","8","12","0","13","10","15","0","13","17","19","8","12","7","12","21","31","15","17","10","15","131","48",
"1500000US250173745002","Block Group 2, Census Tract 3745, Middlesex County, Massachusetts","614","129","23","21","18","19","8","12","59","70","12","21","46","48","8","12","0","13","7","12","25","21","13","20","56","35","60","40","33","31","168","116","78","43",
"1500000US250173745003","Block Group 3, Census Tract 3745, Middlesex County, Massachusetts","239","97","3","6","10","15","0","13","7","12","0","13","22","35","0","13","0","13","0","13","18","20","0","13","37","32","70","91","0","13","0","13","72","42",
"1500000US250173745004","Block Group 4, Census Tract 3745, Middlesex County, Massachusetts","305","90","63","74","0","13","0","13","0","13","8","12","0","13","0","13","0","13","11","17","0","13","37","42","69","53","8","12","8","12","38","36","63","40",
"1500000US250173745005","Block Group 5, Census Tract 3745, Middlesex County, Massachusetts","282","59","7","11","0","13","0","13","8","13","0","13","0","13","0","13","0","13","0","13","0","13","16","18","20","22","25","18","8","13","25","22","173","63",
"1500000US250173746001","Block Group 1, Census Tract 3746, Middlesex County, Massachusetts","615","79","12","19","0","13","0","13","0","13","0","13","4","7","0","13","0","13","20","25","10","15","45","36","34","31","81","47","57","46","114","51","238","80",
"1500000US250173746002","Block Group 2, Census Tract 3746, Middlesex County, Massachusetts","609","254","0","13","18","15","8","13","7","11","0","13","30","38","0","13","5","9","11","17","0","13","6","11","24","38","226","238","93","84","54","31","127","58",
"1500000US250173746003","Block Group 3, Census Tract 3746, Middlesex County, Massachusetts","465","111","22","25","0","13","5","7","26","30","4","7","0","13","10","16","0","13","11","17","19","21","56","47","16","19","44","31","98","89","92","57","62","36",
"1500000US250173746004","Block Group 4, Census Tract 3746, Middlesex County, Massachusetts","348","59","15","18","0","13","0","13","0","13","0","13","0","13","0","13","0","13","27","23","4","8","32","31","19","15","35","30","10","16","83","54","123","53",
"1500000US250173747001","Block Group 1, Census Tract 3747, Middlesex County, Massachusetts","838","192","9","15","116","181","8","13","14","17","17","21","9","14","0","13","17","19","7","12","18","20","57","50","60","36","86","62","39","40","48","36","333","127",
"1500000US250173747002","Block Group 2, Census Tract 3747, Middlesex County, Massachusetts","239","51","21","32","0","13","9","15","0","13","0","13","0","13","0","13","7","11","10","17","0","13","0","13","13","20","25","22","10","15","64","36","80","50",
"1500000US250173747003","Block Group 3, Census Tract 3747, Middlesex County, Massachusetts","769","119","94","79","25","24","11","16","8","12","30","37","45","36","14","22","0","13","0","13","8","13","25","22","86","69","52","42","62","57","161","67","148","58",
"1500000US250173748001","Block Group 1, Census Tract 3748, Middlesex County, Massachusetts","358","69","9","15","0","13","0","13","0","13","8","14","10","14","49","47","9","14","0","13","9","14","8","12","38","35","71","44","22","26","17","19","108","45",
"1500000US250173748002","Block Group 2, Census Tract 3748, Middlesex County, Massachusetts","609","128","34","33","0","13","9","13","0","13","0","13","0","13","27","24","8","13","0","13","18","20","41","28","138","99","50","46","20","20","45","27","219","83",
"1500000US250173748003","Block Group 3, Census Tract 3748, Middlesex County, Massachusetts","432","74","20","22","17","20","19","22","27","22","8","12","8","12","0","13","0","13","0","13","47","50","54","44","8","13","32","29","13","17","38","33","141","53",
"1500000US250173821001","Block Group 1, Census Tract 3821, Middlesex County, Massachusetts","534","108","9","14","0","13","0","13","15","16","0","13","19","22","0","13","0","13","0","13","0","13","30","40","64","46","20","23","72","86","92","57","213","79",
"1500000US250173821002","Block Group 2, Census Tract 3821, Middlesex County, Massachusetts","386","61","0","13","0","13","8","13","32","53","0","13","8","13","11","16","21","22","0","13","0","13","28","25","50","43","54","33","36","37","87","56","51","36",
"1500000US250173821003","Block Group 3, Census Tract 3821, Middlesex County, Massachusetts","309","100","0","13","0","13","3","7","0","13","0","13","19","21","0","13","0","13","9","14","4","8","0","13","26","23","76","88","40","42","55","34","77","34",
"1500000US250173821004","Block Group 4, Census Tract 3821, Middlesex County, Massachusetts","274","65","0","13","10","16","0","13","0","13","10","16","9","13","0","13","0","13","0","13","7","11","26","25","26","23","55","55","34","28","47","28","50","32",
"1500000US250173821005","Block Group 5, Census Tract 3821, Middlesex County, Massachusetts","280","65","0","13","17","27","0","13","45","41","0","13","22","19","10","16","0","13","7","11","31","27","12","19","4","6","54","41","17","21","33","28","28","25",
"1500000US250173822001","Block Group 1, Census Tract 3822, Middlesex County, Massachusetts","632","130","21","25","48","69","0","13","0","13","19","31","0","13","0","13","0","13","0","13","40","38","39","50","84","56","145","92","52","49","51","53","133","60",
"1500000US250173822002","Block Group 2, Census Tract 3822, Middlesex County, Massachusetts","499","123","43","50","0","13","0","13","30","33","0","13","0","13","0","13","0","13","0","13","0","13","0","13","10","16","29","32","69","41","69","59","249","124",
"1500000US250173822003","Block Group 3, Census Tract 3822, Middlesex County, Massachusetts","541","188","0","13","0","13","50","79","31","36","7","12","0","13","25","32","0","13","0","13","0","13","5","10","105","77","122","90","10","17","160","172","26","31",
"1500000US250173822004","Block Group 4, Census Tract 3822, Middlesex County, Massachusetts","454","85","12","20","0","13","0","13","12","19","11","19","0","13","0","13","0","13","0","13","0","13","76","61","53","58","84","62","12","17","67","43","127","72",
"1500000US250173823001","Block Group 1, Census Tract 3823, Middlesex County, Massachusetts","490","219","0","13","19","30","0","13","0","13","0","13","0","13","0","13","0","13","0","13","58","52","97","68","0","13","33","37","16","26","66","53","201","198",
"1500000US250173823002","Block Group 2, Census Tract 3823, Middlesex County, Massachusetts","928","207","0","13","0","13","0","13","17","26","0","13","0","13","17","29","0","13","0","13","130","185","17","28","40","44","50","48","72","56","177","79","408","127",
"1500000US250173823003","Block Group 3, Census Tract 3823, Middlesex County, Massachusetts","300","89","0","13","0","13","0","13","0","13","0","13","0","13","33","38","0","13","0","13","0","13","0","13","33","37","41","52","0","13","16","26","177","77",
"1500000US250173823004","Block Group 4, Census Tract 3823, Middlesex County, Massachusetts","673","123","0","13","0","13","0","13","0","13","18","29","0","13","40","46","0","13","0","13","0","13","77","75","87","73","33","36","44","43","113","70","261","118",
"1500000US250173824001","Block Group 1, Census Tract 3824, Middlesex County, Massachusetts","653","189","0","13","0","13","19","26","45","51","9","14","49","53","0","13","52","46","0","13","27","29","127","177","32","35","48","60","28","33","80","61","137","57",
"1500000US250173824002","Block Group 2, Census Tract 3824, Middlesex County, Massachusetts","382","97","0","13","0","13","25","38","0","13","0","13","0","13","0","13","0","13","8","14","0","13","53","71","78","43","25","30","0","13","35","29","158","60",
"1500000US250173824003","Block Group 3, Census Tract 3824, Middlesex County, Massachusetts","765","126","0","13","84","80","15","23","0","13","0","13","27","43","26","30","60","59","0","13","8","14","37","40","0","13","75","70","82","67","111","66","240","89",
"1500000US250173824004","Block Group 4, Census Tract 3824, Middlesex County, Massachusetts","373","121","0","13","20","19","98","84","16","18","16","17","62","71","8","14","0","13","0","13","0","13","9","14","43","45","39","36","0","13","36","28","26","22",
"1500000US250173825001","Block Group 1, Census Tract 3825, Middlesex County, Massachusetts","429","112","14","24","0","13","31","36","15","23","0","13","20","30","0","13","20","30","0","13","16","25","33","50","118","95","24","27","11","20","91","55","36","35",
"1500000US250173825002","Block Group 2, Census Tract 3825, Middlesex County, Massachusetts","625","102","25","40","0","13","0","13","0","13","0","13","15","26","14","22","29","36","42","68","22","26","79","53","86","56","87","77","14","22","44","41","168","70",
"1500000US250173825003","Block Group 3, Census Tract 3825, Middlesex County, Massachusetts","422","200","0","13","0","13","3","5","28","32","0","13","0","13","0","13","0","13","0","13","32","35","49","48","16","27","30","33","29","29","38","45","197","202",
"1500000US250173825004","Block Group 4, Census Tract 3825, Middlesex County, Massachusetts","608","124","28","34","0","13","14","23","0","13","16","27","14","22","0","13","18","29","14","22","47","42","0","13","85","59","103","73","112","80","83","49","74","49",
"1500000US250173826011","Block Group 1, Census Tract 3826.01, Middlesex County, Massachusetts","465","113","0","13","0","13","0","13","0","13","0","13","0","13","29","33","0","13","82","102","32","38","14","22","19","29","67","56","19","29","92","62","111","64",
"1500000US250173826012","Block Group 2, Census Tract 3826.01, Middlesex County, Massachusetts","310","87","0","13","0","13","0","13","0","13","32","37","34","38","19","23","0","13","18","29","40","52","0","13","20","32","17","27","36","40","72","55","22","36",
"1500000US250173826013","Block Group 3, Census Tract 3826.01, Middlesex County, Massachusetts","536","149","0","13","0","13","0","13","62","84","18","29","0","13","24","38","19","31","0","13","19","32","36","42","121","105","85","74","60","60","73","76","19","30",
"1500000US250173826014","Block Group 4, Census Tract 3826.01, Middlesex County, Massachusetts","817","208","0","13","50","47","23","28","0","13","15","23","52","48","0","13","10","18","14","22","92","93","35","41","142","116","134","105","180","167","37","41","33","55",
"1500000US250173826021","Block Group 1, Census Tract 3826.02, Middlesex County, Massachusetts","314","69","0","13","26","40","10","17","25","38","0","13","9","14","0","13","8","12","0","13","0","13","0","13","0","13","5","10","32","36","108","57","91","52",
"1500000US250173826022","Block Group 2, Census Tract 3826.02, Middlesex County, Massachusetts","913","246","67","45","87","67","30","27","235","233","32","40","47","49","8","12","0","13","37","65","21","26","47","44","18","21","0","13","45","36","122","59","117","49",
"1500000US250173826023","Block Group 3, Census Tract 3826.02, Middlesex County, Massachusetts","468","106","16","23","0","13","42","45","0","13","7","11","0","13","0","13","85","61","27","25","16","26","25","24","20","22","27","25","34","28","61","65","108","48",
"1500000US250173826024","Block Group 4, Census Tract 3826.02, Middlesex County, Massachusetts","535","166","10","16","16","18","6","9","8","12","0","13","0","13","0","13","35","40","0","13","0","13","29","25","152","162","36","29","19","20","102","63","122","54",
"1500000US250173831011","Block Group 1, Census Tract 3831.01, Middlesex County, Massachusetts","539","110","86","55","27","25","8","12","23","26","9","15","63","44","32","39","19","22","18","22","38","33","58","44","94","69","7","13","47","47","2","10","8","11",
"1500000US250173831012","Block Group 2, Census Tract 3831.01, Middlesex County, Massachusetts","566","127","10","16","12","19","22","35","22","33","16","20","69","52","6","10","85","55","28","32","32","40","58","46","126","69","29","44","7","12","18","29","26","30",
"1500000US250173831021","Block Group 1, Census Tract 3831.02, Middlesex County, Massachusetts","857","181","57","50","23","28","53","45","14","21","70","55","16","19","41","42","103","64","0","13","90","63","166","149","123","77","22","21","20","24","28","35","31","39",
"1500000US250173831022","Block Group 2, Census Tract 3831.02, Middlesex County, Massachusetts","1137","211","52","49","117","85","231","150","40","37","51","53","23","37","132","85","52","40","34","37","76","43","71","52","154","74","51","78","34","50","19","28","0","13",
"1500000US250173832001","Block Group 1, Census Tract 3832, Middlesex County, Massachusetts","712","158","115","86","54","44","25","39","56","87","92","95","0","13","50","46","34","39","0","13","16","27","182","131","0","13","38","43","30","39","20","35","0","13",
"1500000US250173832002","Block Group 2, Census Tract 3832, Middlesex County, Massachusetts","404","107","0","13","0","13","0","13","0","13","0","13","17","28","0","13","0","13","0","13","0","13","9","19","57","53","103","85","80","48","118","76","20","34",
"1500000US250173832003","Block Group 3, Census Tract 3832, Middlesex County, Massachusetts","380","119","0","13","0","13","0","13","13","21","0","13","0","13","23","34","73","70","0","13","41","66","53","81","111","75","0","13","13","22","9","17","44","58",
"1500000US250173832004","Block Group 4, Census Tract 3832, Middlesex County, Massachusetts","549","135","20","32","0","13","0","13","20","33","0","13","0","13","27","39","0","13","37","52","115","79","0","13","113","97","37","44","15","23","125","99","40","40",
"1500000US250173833001","Block Group 1, Census Tract 3833, Middlesex County, Massachusetts","504","138","28","31","0","13","46","59","0","13","0","13","39","37","9","15","11","17","0","13","73","65","83","92","63","59","50","66","0","13","62","80","40","37",
"1500000US250173833002","Block Group 2, Census Tract 3833, Middlesex County, Massachusetts","813","184","19","22","0","13","24","29","10","12","19","21","23","34","6","9","0","13","41","54","41","29","96","83","147","92","41","32","10","15","160","69","176","155",
"1500000US250173834011","Block Group 1, Census Tract 3834.01, Middlesex County, Massachusetts","693","157","23","38","0","13","33","47","0","13","51","86","158","118","0","13","0","13","16","27","129","122","57","62","31","44","0","13","64","87","131","136","0","13",
"1500000US250173834012","Block Group 2, Census Tract 3834.01, Middlesex County, Massachusetts","382","107","0","13","0","13","31","36","33","51","17","29","0","13","0","13","0","13","0","13","76","104","0","13","58","58","69","47","0","13","64","47","34","32",
"1500000US250173834021","Block Group 1, Census Tract 3834.02, Middlesex County, Massachusetts","678","199","50","65","0","13","22","35","0","13","0","13","0","13","0","13","0","13","69","51","112","77","102","96","113","67","123","138","0","13","79","90","8","33",
"1500000US250173834022","Block Group 2, Census Tract 3834.02, Middlesex County, Massachusetts","788","284","4","6","0","13","126","202","34","47","28","52","29","50","0","13","0","13","37","47","122","133","0","13","154","160","102","107","49","65","103","87","0","13",
"1500000US250173835011","Block Group 1, Census Tract 3835.01, Middlesex County, Massachusetts","877","136","44","38","0","13","72","51","74","63","7","11","25","27","7","10","55","66","11","18","33","52","52","42","128","78","153","89","153","101","43","54","20","16",
"1500000US250173835012","Block Group 2, Census Tract 3835.01, Middlesex County, Massachusetts","805","160","129","79","143","93","121","78","73","61","31","31","13","20","12","19","56","54","60","65","0","13","11","16","29","39","39","31","23","14","35","43","30","32",
"1500000US250173835013","Block Group 3, Census Tract 3835.01, Middlesex County, Massachusetts","434","100","24","26","0","13","0","13","0","13","10","17","0","13","17","21","9","15","39","45","15","17","18","21","56","35","90","70","13","20","85","74","58","40",
"1500000US250173835021","Block Group 1, Census Tract 3835.02, Middlesex County, Massachusetts","525","158","21","23","11","16","17","21","0","13","12","20","14","22","29","38","0","13","34","55","26","31","178","145","39","29","61","50","0","13","18","19","65","35",
"1500000US250173835022","Block Group 2, Census Tract 3835.02, Middlesex County, Massachusetts","442","194","12","20","0","13","0","13","0","13","21","22","10","16","0","13","0","13","0","13","24","38","119","156","0","13","15","24","49","49","69","47","123","117",
"1500000US250173835023","Block Group 3, Census Tract 3835.02, Middlesex County, Massachusetts","175","50","11","18","16","18","15","23","20","21","0","13","12","18","0","13","0","13","11","18","8","13","6","10","21","28","18","21","0","13","8","13","29","31",
"1500000US250173836001","Block Group 1, Census Tract 3836, Middlesex County, Massachusetts","643","194","17","29","15","24","12","18","0","13","1","22","27","32","0","13","13","21","0","13","10","17","18","29","127","140","122","105","135","87","42","46","104","88",
"1500000US250173836002","Block Group 2, Census Tract 3836, Middlesex County, Massachusetts","280","144","19","29","0","13","0","13","8","16","0","13","0","13","28","47","0","13","0","13","0","13","57","66","87","97","81","104","0","13","0","13","0","13",
"1500000US250173836003","Block Group 3, Census Tract 3836, Middlesex County, Massachusetts","826","174","13","20","0","13","64","59","0","13","93","97","0","13","13","24","0","13","115","104","10","19","46","54","57","46","46","46","106","115","88","69","175","82",
"1500000US250173836004","Block Group 4, Census Tract 3836, Middlesex County, Massachusetts","789","190","21","34","0","13","0","13","0","13","0","13","34","39","35","40","8","14","0","13","19","33","139","125","122","101","59","65","48","45","78","71","226","148",
"1500000US250173837001","Block Group 1, Census Tract 3837, Middlesex County, Massachusetts","286","84","14","23","30","34","0","13","0","13","0","13","0","13","0","13","29","33","26","30","15","25","14","23","40","47","0","13","24","39","33","33","61","47",
"1500000US250173837002","Block Group 2, Census Tract 3837, Middlesex County, Massachusetts","314","127","0","13","0","13","0","13","0","13","0","13","14","23","22","39","0","13","0","13","0","13","15","26","0","13","0","13","72","60","114","118","77","60",
"1500000US250173837003","Block Group 3, Census Tract 3837, Middlesex County, Massachusetts","1121","158","60","49","69","76","16","25","25","41","27","43","0","13","76","90","0","13","69","61","29","34","126","118","103","94","156","92","126","69","84","64","155","87",
"1500000US250173837004","Block Group 4, Census Tract 3837, Middlesex County, Massachusetts","330","122","0","13","0","13","14","24","0","13","0","13","0","13","0","13","19","30","20","31","0","13","55","42","56","60","18","28","72","96","51","38","25","34",
"1500000US250173838001","Block Group 1, Census Tract 3838, Middlesex County, Massachusetts","864","289","0","13","16","27","0","13","0","13","0","13","16","25","15","25","0","13","0","13","24","28","0","13","81","63","39","46","109","71","336","275","228","87",
"1500000US250173838002","Block Group 2, Census Tract 3838, Middlesex County, Massachusetts","404","113","30","48","17","28","38","44","24","39","0","13","0","13","0","13","10","16","0","13","21","33","15","25","47","60","52","46","17","27","71","78","62","47",
"1500000US250173838003","Block Group 3, Census Tract 3838, Middlesex County, Massachusetts","376","106","0","13","0","13","0","13","0","13","0","13","15","24","0","13","0","13","0","13","0","13","56","75","55","44","87","62","0","13","36","41","127","99",
"1500000US250173838004","Block Group 4, Census Tract 3838, Middlesex County, Massachusetts","588","127","25","42","42","46","0","13","19","27","0","13","52","78","16","25","0","13","0","13","9","15","79","81","54","59","54","42","105","71","26","27","107","75",
"1500000US250173838005","Block Group 5, Census Tract 3838, Middlesex County, Massachusetts","456","89","0","13","0","13","0","13","0","13","11","19","20","31","26","42","0","13","34","39","46","43","36","40","15","23","98","87","20","36","74","72","76","59",
"1500000US250173839021","Block Group 1, Census Tract 3839.02, Middlesex County, Massachusetts","977","208","0","13","0","13","0","13","5","9","7","11","46","43","15","18","12","18","7","11","26","25","13","19","62","37","155","166","104","46","137","58","388","122",
"1500000US250173839022","Block Group 2, Census Tract 3839.02, Middlesex County, Massachusetts","558","91","0","13","0","13","0","13","0","13","7","11","14","25","7","10","10","15","6","9","78","64","42","30","55","36","14","18","35","30","72","42","218","86",
"1500000US250173839023","Block Group 3, Census Tract 3839.02, Middlesex County, Massachusetts","692","167","20","27","0","13","0","13","0","13","25","38","0","13","6","10","12","18","29","34","26","34","17","18","70","42","23","21","63","46","89","43","312","178",
"1500000US250173839031","Block Group 1, Census Tract 3839.03, Middlesex County, Massachusetts","416","109","34","48","0","13","9","16","0","13","11","19","0","13","0","13","0","13","36","59","0","13","38","44","0","13","112","94","0","13","65","48","111","79",
"1500000US250173839032","Block Group 2, Census Tract 3839.03, Middlesex County, Massachusetts","567","108","0","13","0","13","0","13","0","13","0","13","21","32","18","29","0","13","38","46","41","35","0","13","107","58","20","32","89","52","172","90","61","49",
"1500000US250173839041","Block Group 1, Census Tract 3839.04, Middlesex County, Massachusetts","466","150","13","22","0","13","0","13","0","13","0","13","0","13","0","13","0","13","65","74","0","13","86","91","68","53","30","35","0","13","146","155","58","50",
"1500000US250173839042","Block Group 2, Census Tract 3839.04, Middlesex County, Massachusetts","251","75","16","26","0","13","0","13","0","13","0","13","0","13","13","21","0","13","0","13","0","13","0","13","13","22","65","56","19","30","112","61","13","23",
"1500000US250173839043","Block Group 3, Census Tract 3839.04, Middlesex County, Massachusetts","716","205","30","36","0","13","0","13","0","13","42","44","15","25","14","24","89","85","0","13","12","21","230","192","58","48","41","37","109","97","76","54","0","13",
"1500000US250173839044","Block Group 4, Census Tract 3839.04, Middlesex County, Massachusetts","955","163","112","81","98","84","38","39","30","36","13","22","46","56","14","24","21","33","22","36","0","13","135","117","87","68","27","41","19","31","129","79","164","109",
"1500000US250173840031","Block Group 1, Census Tract 3840.03, Middlesex County, Massachusetts","0","13","0","13","0","13","0","13","0","13","0","13","0","13","0","13","0","13","0","13","0","13","0","13","0","13","0","13","0","13","0","13","0","13",
"1500000US250173840032","Block Group 2, Census Tract 3840.03, Middlesex County, Massachusetts","321","129","12","20","0","13","0","13","0","13","16","25","16","25","10","20","0","13","0","13","0","13","35","31","28","32","18","29","7","17","33","35","146","130",
"1500000US250173840033","Block Group 3, Census Tract 3840.03, Middlesex County, Massachusetts","1788","251","112","121","58","59","19","32","30","47","81","103","81","64","115","106","76","53","110","96","137","78","98","74","459","200","279","161","45","51","88","72","0","13",
"1500000US250173840034","Block Group 4, Census Tract 3840.03, Middlesex County, Massachusetts","614","122","37","43","0","13","0","13","0","13","12","20","15","26","0","13","14","26","20","32","0","13","31","34","36","44","100","78","22","27","66","52","261","71",
"1500000US250173840041","Block Group 1, Census Tract 3840.04, Middlesex County, Massachusetts","543","72","15","19","54","42","6","9","0","13","0","13","0","13","11","16","0","13","7","11","25","28","36","27","72","42","92","43","47","26","61","28","117","52",
"1500000US250173851011","Block Group 1, Census Tract 3851.01, Middlesex County, Massachusetts","1050","169","63","65","15","22","40","58","0","13","17","26","0","13","14","23","0","13","14","24","14","22","28","31","146","195","98","59","68","54","171","78","362","115",
"1500000US250173851021","Block Group 1, Census Tract 3851.02, Middlesex County, Massachusetts","546","135","0","13","25","41","0","13","0","13","0","13","0","13","0","13","0","13","0","13","0","13","49","53","26","32","108","103","91","75","174","104","73","54",
"1500000US250173851022","Block Group 2, Census Tract 3851.02, Middlesex County, Massachusetts","468","120","87","74","62","46","21","34","34","42","0","13","0","13","14","23","0","13","0","13","20","36","58","66","77","66","0","13","0","13","20","34","75","56",
"1500000US250173851023","Block Group 3, Census Tract 3851.02, Middlesex County, Massachusetts","708","165","0","13","0","13","0","13","0","13","14","21","7","15","0","13","14","25","0","13","11","20","32","40","32","35","150","144","153","92","109","66","186","82",
"1500000US250173852011","Block Group 1, Census Tract 3852.01, Middlesex County, Massachusetts","1195","164","0","13","21","24","16","17","39","53","3","8","8","12","33","31","6","9","8","14","87","50","165","103","271","126","36","29","136","60","171","94","195","64",
"1500000US250173852031","Block Group 1, Census Tract 3852.03, Middlesex County, Massachusetts","531","113","10","16","17","25","21","25","0","13","0","13","12","19","69","48","0","13","31","35","84","81","37","43","77","53","21","26","72","68","0","13","80","52",
"1500000US250173852032","Block Group 2, Census Tract 3852.03, Middlesex County, Massachusetts","801","175","26","43","29","34","32","24","11","17","0","13","0","13","0","13","14","23","0","13","87","137","93","67","111","86","76","58","34","39","176","85","112","62",
"1500000US250173852033","Block Group 3, Census Tract 3852.03, Middlesex County, Massachusetts","767","188","45","64","0","13","36","37","0","13","0","13","0","13","67","86","0","13","0","13","16","27","35","41","126","75","65","42","55","52","263","168","59","52",
"1500000US250173852041","Block Group 1, Census Tract 3852.04, Middlesex County, Massachusetts","1058","126","0","13","0","13","65","77","47","63","0","13","21","34","8","13","0","13","0","13","19","34","152","119","14","30","77","61","127","64","197","109","331","161",
"1500000US250173861001","Block Group 1, Census Tract 3861, Middlesex County, Massachusetts","336","77","0","13","12","19","0","13","0","13","0","13","0","13","0","13","12","20","10","16","9","19","9","16","0","13","34","31","11","18","27","42","212","84",
"1500000US250173861002","Block Group 2, Census Tract 3861, Middlesex County, Massachusetts","698","76","35","42","0","13","13","20","15","21","20","22","19","23","0","13","0","13","0","13","7","12","29","27","34","34","88","48","35","29","60","33","343","87",
"1500000US250173861003","Block Group 3, Census Tract 3861, Middlesex County, Massachusetts","444","77","0","13","10","16","12","18","10","15","9","15","0","13","0","13","0","13","11","17","0","13","21","24","28","27","32","26","35","32","31","30","245","78",
"1500000US250173871001","Block Group 1, Census Tract 3871, Middlesex County, Massachusetts","426","106","19","22","21","24","11","17","41","51","52","67","0","13","0","13","0","13","0","13","19","29","10","15","23","19","10","16","33","24","47","40","140","54",
"1500000US250173871002","Block Group 2, Census Tract 3871, Middlesex County, Massachusetts","751","155","0","13","0","13","0","13","0","13","32","48","0","13","40","46","0","13","10","15","28","25","0","13","74","42","95","48","111","135","170","72","191","64",
"1500000US250173871003","Block Group 3, Census Tract 3871, Middlesex County, Massachusetts","243","65","0","13","0","13","0","13","9","13","0","13","0","13","0","13","0","13","17","18","11","17","0","13","25","25","0","13","81","63","46","33","54","27",
"1500000US250173871004","Block Group 4, Census Tract 3871, Middlesex County, Massachusetts","311","63","0","13","22","23","0","13","3","7","0","13","0","13","10","16","30","45","0","13","36","32","36","35","56","39","11","17","0","13","0","13","107","47",
"1500000US250173872011","Block Group 1, Census Tract 3872.01, Middlesex County, Massachusetts","344","94","0","13","36","40","0","13","0","13","0","13","11","17","0","13","16","28","0","13","0","13","15","23","33","39","31","35","32","33","104","97","66","35",
"1500000US250173872012","Block Group 2, Census Tract 3872.01, Middlesex County, Massachusetts","253","89","19","29","0","13","0","13","0","13","0","13","0","13","0","13","0","13","16","26","0","13","0","13","35","39","21","32","51","46","0","13","111","84",
"1500000US250173872013","Block Group 3, Census Tract 3872.01, Middlesex County, Massachusetts","501","95","0","13","0","13","0","13","0","13","0","13","0","13","0","13","0","13","0","13","0","13","71","58","52","81","81","71","17","28","183","95","97","52",
"1500000US250173872014","Block Group 4, Census Tract 3872.01, Middlesex County, Massachusetts","698","135","0","13","13","22","17","28","19","31","0","13","0","13","0","13","69","113","0","13","34","38","43","30","68","46","65","55","96","62","122","71","152","72",
"1500000US250173872015","Block Group 5, Census Tract 3872.01, Middlesex County, Massachusetts","338","113","0","13","0","13","62","82","0","13","0","13","0","13","51","77","0","13","48","72","0","13","18","29","31","28","0","13","36","39","0","13","92","50",
"1500000US250173872021","Block Group 1, Census Tract 3872.02, Middlesex County, Massachusetts","481","78","0","13","0","13","9","13","0","13","0","13","0","13","0","13","10","16","11","16","0","13","27","26","29","26","69","44","41","30","114","69","171","59",
"1500000US250173872022","Block Group 2, Census Tract 3872.02, Middlesex County, Massachusetts","286","45","0","13","0","13","0","13","5","9","8","13","8","14","6","9","0","13","12","18","22","24","10","15","29","27","16","18","30","27","19","20","121","44",
"1500000US250173872023","Block Group 3, Census Tract 3872.02, Middlesex County, Massachusetts","820","164","47","39","0","13","0","13","0","13","0","13","20","22","8","13","0","13","10","17","17","25","64","43","14","16","179","161","34","23","120","45","307","92",
"1500000US250173881001","Block Group 1, Census Tract 3881, Middlesex County, Massachusetts","1001","185","21","23","50","54","0","13","19","22","19","21","0","13","0","13","46","45","21","22","47","58","26","25","102","68","84","42","87","56","132","67","347","113",
"1500000US250173881002","Block Group 2, Census Tract 3881, Middlesex County, Massachusetts","711","160","13","19","0","13","75","94","10","16","0","13","9","13","0","13","0","13","28","32","46","42","36","37","33","30","54","46","84","52","20","22","303","174",
"1500000US250173881003","Block Group 3, Census Tract 3881, Middlesex County, Massachusetts","547","121","35","41","12","20","0","13","0","13","15","25","56","55","30","39","61","63","46","34","29","33","21","22","43","33","31","29","27","31","80","60","61","52",
"1500000US250173882001","Block Group 1, Census Tract 3882, Middlesex County, Massachusetts","598","214","19","34","0","13","149","231","12","21","0","13","0","13","0","13","16","25","33","38","19","31","47","54","15","25","50","36","32","40","123","102","83","79",
"1500000US250173882002","Block Group 2, Census Tract 3882, Middlesex County, Massachusetts","994","184","18","28","27","43","69","81","63","62","0","13","74","91","18","30","108","111","9","14","39","47","145","114","171","127","48","43","72","77","24","33","109","73",
"1500000US250173882003","Block Group 3, Census Tract 3882, Middlesex County, Massachusetts","515","175","0","13","0","13","0","13","19","31","11","20","36","43","0","13","0","13","44","53","0","13","59","55","21","23","217","181","46","52","24","38","38","30",
"1500000US250173882004","Block Group 4, Census Tract 3882, Middlesex County, Massachusetts","471","122","17","29","0","13","0","13","15","24","0","13","17","28","0","13","0","13","14","22","0","13","37","41","82","59","30","41","105","91","86","60","68","47",
"1500000US250173883001","Block Group 1, Census Tract 3883, Middlesex County, Massachusetts","815","178","303","134","234","110","67","46","52","50","51","65","28","38","10","16","0","13","0","13","24","39","33","40","13","22","0","13","0","13","0","13","0","13",
"1500000US250173883002","Block Group 2, Census Tract 3883, Middlesex County, Massachusetts","701","201","96","72","110","81","162","130","13","20","12","19","0","13","0","13","9","14","0","13","12","19","68","57","136","103","55","48","9","14","19","26","0","13",
"1500000US250173883003","Block Group 3, Census Tract 3883, Middlesex County, Massachusetts","352","105","26","28","87","65","32","32","16","25","18","25","0","13","11","17","8","14","38","44","42","40","38","44","9","16","17","31","10","15","0","13","0","13",
"1500000US250179800001","Block Group 1, Census Tract 9800, Middlesex County, Massachusetts","0","13","0","13","0","13","0","13","0","13","0","13","0","13","0","13","0","13","0","13","0","13","0","13","0","13","0","13","0","13","0","13","0","13",
"1500000US250214001001","Block Group 1, Census Tract 4001, Norfolk County, Massachusetts","420","92","42","32","13","22","12","19","34","38","0","13","0","13","17","26","34","53","0","13","40","47","38","46","64","44","17","28","0","13","45","46","64","45",
"1500000US250214001002","Block Group 2, Census Tract 4001, Norfolk County, Massachusetts","705","163","85","87","0","13","9","14","0","13","0","13","14","22","0","13","47","78","0","13","36","42","27","31","178","149","98","62","93","103","17","28","101","81",
"1500000US250214001003","Block Group 3, Census Tract 4001, Norfolk County, Massachusetts","256","72","17","28","0","13","0","13","0","13","0","13","0","13","0","13","0","13","0","13","0","13","13","21","17","28","35","40","61","49","12","19","101","51",
"1500000US250214001004","Block Group 4, Census Tract 4001, Norfolk County, Massachusetts","234","101","101","82","0","13","0","13","0","13","0","13","0","13","0","13","0","13","0","13","0","13","26","41","0","13","0","13","12","19","15","23","80","62",
"1500000US250214001005","Block Group 5, Census Tract 4001, Norfolk County, Massachusetts","729","140","78","81","0","13","14","22","33","40","29","46","26","31","0","13","60","67","0","13","86","69","49","56","18","29","16","25","59","56","155","88","106","61",
"1500000US250214002011","Block Group 1, Census Tract 4002.01, Norfolk County, Massachusetts","1728","320","60","55","229","275","0","13","49","61","84","112","0","13","95","92","62","73","57","63","0","13","102","82","214","196","199","108","130","79","70","53","377","126",
"1500000US250214002021","Block Group 1, Census Tract 4002.02, Norfolk County, Massachusetts","557","150","124","84","93","118","34","56","0","13","0","13","64","72","0","13","76","63","21","36","18","29","37","45","47","69","26","43","0","13","17","31","0","13",
"1500000US250214002022","Block Group 2, Census Tract 4002.02, Norfolk County, Massachusetts","802","176","47","53","21","34","23","35","21","32","0","13","0","13","0","13","0","13","65","98","51","57","38","45","51","52","12","18","106","66","85","84","282","120",
"1500000US250214003001","Block Group 1, Census Tract 4003, Norfolk County, Massachusetts","375","70","0","13","0","13","0","13","0","13","0","13","0","13","10","15","0","13","0","13","19","30","69","53","10","15","35","38","40","28","53","33","139","55",
"1500000US250214003002","Block Group 2, Census Tract 4003, Norfolk County, Massachusetts","626","81","19","21","17","21","0","13","9","14","10","16","37","38","17","19","32","38","10","16","19","31","15","18","73","38","86","38","70","61","52","38","160","56",
"1500000US250214003003","Block Group 3, Census Tract 4003, Norfolk County, Massachusetts","577","172","0","13","0","13","0","13","0","13","6","11","0","13","124","169","0","13","9","15","20","20","8","12","103","48","43","30","37","39","47","32","180","59",
"1500000US250214004011","Block Group 1, Census Tract 4004.01, Norfolk County, Massachusetts","973","157","62","56","66","66","20","32","48","45","10","15","15","23","0","13","0","13","10","16","21","32","86","56","147","100","141","94","62","46","101","62","184","92",
"1500000US250214004012","Block Group 2, Census Tract 4004.01, Norfolk County, Massachusetts","1017","272","74","49","115","84","0","13","0","13","12","18","17","26","28","25","49","77","0","13","18","28","223","195","29","33","140","170","41","45","95","60","176","121",
"1500000US250214004021","Block Group 1, Census Tract 4004.02, Norfolk County, Massachusetts","303","74","0","13","0","13","0","13","0","13","0","13","0","13","31","37","0","13","0","13","0","13","0","13","37","43","76","49","35","39","35","40","89","47",
"1500000US250214004022","Block Group 2, Census Tract 4004.02, Norfolk County, Massachusetts","352","99","0","13","0","13","0","13","0","13","0","13","14","22","0","13","0","13","0","13","0","13","0","13","11","17","0","13","88","90","31","39","208","89",
"1500000US250214005001","Block Group 1, Census Tract 4005, Norfolk County, Massachusetts","656","179","0","13","0","13","0","13","0","13","0","13","13","21","0","13","16","27","0","13","31","38","83","93","0","13","50","46","104","67","109","84","250","154",
"1500000US250214005002","Block Group 2, Census Tract 4005, Norfolk County, Massachusetts","588","261","0","13","0","13","0","13","0","13","0","13","12","19","10","17","33","49","0","13","35","39","29","48","270","242","21","24","26","31","85","66","67","46",
"1500000US250214005003","Block Group 3, Census Tract 4005, Norfolk County, Massachusetts","283","92","0","13","0","13","0","13","16","27","0","13","0","13","0","13","19","30","0","13","0","13","33","38","0","13","50","60","36","56","45","44","84","50",
"1500000US250214005004","Block Group 4, Census Tract 4005, Norfolk County, Massachusetts","741","169","119","80","74","91","16","27","6","14","15","26","0","13","0","13","0","13","0","13","20","33","35","42","74","48","99","87","153","114","63","49","67","51",
"1500000US250214006001","Block Group 1, Census Tract 4006, Norfolk County, Massachusetts","693","108","31","35","14","21","25","28","18","30","0","13","0","13","17","26","0","13","0","13","17","28","122","74","112","62","34","39","0","13","109","78","194","94",
"1500000US250214006002","Block Group 2, Census Tract 4006, Norfolk County, Massachusetts","226","62","0","13","0","13","0","13","16","25","0","13","0","13","0","13","0","13","0","13","0","13","11","18","0","13","15","23","17","27","27","32","140","55",
"1500000US250214006003","Block Group 3, Census Tract 4006, Norfolk County, Massachusetts","716","214","9","16","14","22","0","13","0","13","0","13","20","33","34","37","0","13","0","13","56","45","157","203","16","26","31","35","139","93","83","86","157","80",
"1500000US250214006004","Block Group 4, Census Tract 4006, Norfolk County, Massachusetts","821","309","0","13","0","13","0","13","0","13","14","22","11","17","0","13","0","13","0","13","0","13","92","74","7","13","264","289","33","37","138","84","262","116",
"1500000US250214007001","Block Group 1, Census Tract 4007, Norfolk County, Massachusetts","458","84","16","18","8","12","8","13","6","10","0","13","9","15","7","12","7","10","16","19","35","31","35","26","33","32","27","18","41","35","30","23","180","65",
"1500000US250214007002","Block Group 2, Census Tract 4007, Norfolk County, Massachusetts","534","140","0","13","0","13","6","10","0","13","0","13","0","13","0","13","6","11","0","13","10","15","15","18","60","49","127","104","36","35","117","91","157","56",
"1500000US250214007003","Block Group 3, Census Tract 4007, Norfolk County, Massachusetts","375","84","24","29","0","13","0","13","0","13","7","10","0","13","5","10","5","8","32","37","16","17","0","13","54","63","41","40","25","25","53","39","113","42",
"1500000US250214008001","Block Group 1, Census Tract 4008, Norfolk County, Massachusetts","639","171","38","30","14","21","0","13","9","15","10","18","21","27","15","25","0","13","0","13","120","139","0","13","54","40","57","56","62","48","66","62","173","90",
"1500000US250214008002","Block Group 2, Census Tract 4008, Norfolk County, Massachusetts","336","95","47","54","0","13","0","13","11","18","0","13","0","13","0","13","13","21","0","13","12","20","35","39","12","19","64","41","30","34","43","42","69","75",
"1500000US250214008003","Block Group 3, Census Tract 4008, Norfolk County, Massachusetts","829","181","98","91","0","13","15","22","20","34","0","13","42","50","21","35","39","38","81","93","0","13","38","30","129","68","60","49","95","111","30","37","161","98",
"1500000US250214008004","Block Group 4, Census Tract 4008, Norfolk County, Massachusetts","483","108","70","81","121","88","11","17","0","13","21","34","10","19","25","44","0","13","0","13","0","13","13","21","48","38","11","17","35","39","34","40","84","54",
"1500000US250214009001","Block Group 1, Census Tract 4009, Norfolk County, Massachusetts","796","110","35","28","98","85","8","12","9","15","26","23","9","14","8","14","5","9","49","36","71","52","40","27","117","62","70","37","50","31","115","56","86","53",
"1500000US250214009002","Block Group 2, Census Tract 4009, Norfolk County, Massachusetts","308","67","7","12","152","69","26","39","32","41","7","13","8","13","0","13","0","13","9","14","0","13","10","15","0","13","57","50","0","13","0","13","0","13",
"1500000US250214009003","Block Group 3, Census Tract 4009, Norfolk County, Massachusetts","742","134","27","32","0","13","23","38","0","13","0","13","18","19","0","13","34","46","64","72","11","17","80","58","48","32","30","37","62","47","70","63","275","90",
"1500000US250214010001","Block Group 1, Census Tract 4010, Norfolk County, Massachusetts","276","62","0","13","0","13","0","13","0","13","0","13","8","13","10","15","0","13","0","13","20","33","0","13","24","20","5","8","44","39","39","38","126","47",
"1500000US250214010002","Block Group 2, Census Tract 4010, Norfolk County, Massachusetts","250","63","0","13","0","13","0","13","0","13","0","13","0","13","4","6","0","13","0","13","1","6","5","9","19","21","39","40","29","18","40","29","113","62",
"1500000US250214010003","Block Group 3, Census Tract 4010, Norfolk County, Massachusetts","704","118","32","28","71","62","30","25","25","23","45","43","21","23","5","8","42","46","4","7","0","13","66","38","15","17","101","112","57","30","82","66","108","41",
"1500000US250214011001","Block Group 1, Census Tract 4011, Norfolk County, Massachusetts","496","85","28","20","0","13","32","37","0","13","20","21","42","45","8","13","0","13","0","13","21","25","22","22","54","46","6","11","35","31","59","48","169","71",
"1500000US250214011002","Block Group 2, Census Tract 4011, Norfolk County, Massachusetts","343","90","0","13","0","13","0","13","0","13","0","13","0","13","0","13","0","13","0","13","0","13","0","13","23","29","77","66","10","14","59","53","174","47",
"1500000US250214011003","Block Group 3, Census Tract 4011, Norfolk County, Massachusetts","476","81","0","13","25","31","0","13","0","13","6","10","0","13","0","13","0","13","0","13","9","14","8","14","19","26","23","28","19","20","35","29","332","88",
"1500000US250214012011","Block Group 1, Census Tract 4012.01, Norfolk County, Massachusetts","819","119","106","79","50","77","0","13","0","13","17","26","0","13","27","32","0","13","43","67","63","63","36","40","0","13","105","74","28","37","102","87","242","74",
"1500000US250214012012","Block Group 2, Census Tract 4012.01, Norfolk County, Massachusetts","428","170","17","27","0","13","0","13","0","13","0","13","14","22","0","13","0","13","0","13","0","13","0","13","30","38","0","13","0","13","60","45","307","171",
"1500000US250214012013","Block Group 3, Census Tract 4012.01, Norfolk County, Massachusetts","323","65","0","13","0","13","0","13","0","13","0","13","0","13","0","13","0","13","0","13","29","40","15","23","15","23","15","25","15","24","47","48","187","85",
"1500000US250214012014","Block Group 4, Census Tract 4012.01, Norfolk County, Massachusetts","347","120","17","26","8","13","0","13","0","13","0","13","0","13","0","13","0","13","0","13","0","13","17","27","7","11","17","26","9","15","49","56","223","114",
"1500000US250214012021","Block Group 1, Census Tract 4012.02, Norfolk County, Massachusetts","620","62","39","48","0","13","0","13","0","13","16","26","80","92","0","13","0","13","13","21","0","13","38","42","98","87","85","59","0","13","77","59","174","70",
"1500000US250214021011","Block Group 1, Census Tract 4021.01, Norfolk County, Massachusetts","280","76","11","18","12","18","0","13","0","13","0","13","0","13","0","13","14","24","0","13","55","40","25","28","33","32","17","15","12","19","21","26","80","68",
"1500000US250214021012","Block Group 2, Census Tract 4021.01, Norfolk County, Massachusetts","535","100","12","19","11","18","1","3","12","21","13","20","0","13","0","13","56","57","9","13","34","51","40","31","22","26","53","41","94","57","62","43","116","55",
"1500000US250214021013","Block Group 3, Census Tract 4021.01, Norfolk County, Massachusetts","705","139","0","13","25","28","32","46","48","76","0","13","9","15","22","25","9","16","18","19","27","24","27","26","71","41","134","112","80","50","79","54","124","80",
"1500000US250214021021","Block Group 1, Census Tract 4021.02, Norfolk County, Massachusetts","537","139","12","15","79","97","16","19","0","13","0","13","0","13","5","8","13","15","19","23","64","70","71","50","40","30","27","27","54","37","58","43","79","53",
"1500000US250214021022","Block Group 2, Census Tract 4021.02, Norfolk County, Massachusetts","376","85","12","14","0","13","41","53","30","49","11","19","0","13","0","13","44","58","22","23","42","38","54","39","28","33","61","47","25","28","6","10","0","13",
"1500000US250214021023","Block Group 3, Census Tract 4021.02, Norfolk County, Massachusetts","895","201","66","55","49","48","17","19","33","29","16","17","0","13","60","45","9","15","21","24","10","14","125","125","142","118","43","39","67","58","104","49","133","60",
"1500000US250214022001","Block Group 1, Census Tract 4022, Norfolk County, Massachusetts","352","131","20","26","0","13","7","9","0","13","0","13","14","15","15","16","21","20","4","6","10","10","94","124","41","27","40","27","17","22","40","28","29","22",
"1500000US250214022002","Block Group 2, Census Tract 4022, Norfolk County, Massachusetts","512","66","0","13","3","6","7","8","26","22","0","13","14","18","4","7","0","13","13","19","44","29","19","21","61","35","30","20","84","39","65","34","142","52",
"1500000US250214023001","Block Group 1, Census Tract 4023, Norfolk County, Massachusetts","303","72","0","13","0","13","16","24","0","13","0","13","0","13","0","13","0","13","0","13","11","15","17","20","57","44","45","37","26","29","52","40","79","50",
"1500000US250214023002","Block Group 2, Census Tract 4023, Norfolk County, Massachusetts","526","81","0","13","0","13","24","35","19","22","0","13","0","13","12","18","12","18","11","17","55","48","9","14","43","28","34","30","23","25","134","56","150","53",
"1500000US250214023003","Block Group 3, Census Tract 4023, Norfolk County, Massachusetts","946","171","19","28","26","29","11","17","0","13","13","22","23","24","9","13","22","24","11","17","46","52","95","108","79","44","90","68","98","47","195","77","209","109",
"1500000US250214024001","Block Group 1, Census Tract 4024, Norfolk County, Massachusetts","555","204","0","13","0","13","49","46","50","83","57","67","0","13","0","13","0","13","91","84","0","13","45","51","147","150","36","55","22","33","35","48","23","36",
"1500000US250214024002","Block Group 2, Census Tract 4024, Norfolk County, Massachusetts","228","67","0","13","0","13","14","23","0","13","0","13","0","13","0","13","0","13","0","13","10","16","0","13","40","48","0","13","22","35","82","65","60","46",
"1500000US250214024003","Block Group 3, Census Tract 4024, Norfolk County, Massachusetts","258","87","0","13","0","13","17","26","0","13","0","13","0","13","0","13","0","13","0","13","0","13","30","33","54","59","31","39","17","27","91","66","18","28",
"1500000US250214024004","Block Group 4, Census Tract 4024, Norfolk County, Massachusetts","1254","197","78","60","28","44","0","13","134","98","57","83","0","13","67","76","28","32","42","49","56","57","37","43","182","120","206","117","108","89","96","83","135","92",
"1500000US250214024005","Block Group 5, Census Tract 4024, Norfolk County, Massachusetts","646","121","18","24","0","13","47","72","24","36","0","13","0","13","0","13","0","13","0","13","65","60","48","38","24","27","129","82","86","86","107","78","98","63",
"1500000US250214025001","Block Group 1, Census Tract 4025, Norfolk County, Massachusetts","569","106","109","76","0","13","0","13","0","13","0","13","0","13","20","23","0","13","17","33","19","21","0","13","74","51","36","39","43","49","14","22","237","77",
"1500000US250214025002","Block Group 2, Census Tract 4025, Norfolk County, Massachusetts","472","100","0","13","10","15","0","13","0","13","0","13","0","13","32","30","32","45","0","13","12","19","10","16","73","62","10","15","36","31","84","52","173","62",
"1500000US250214025003","Block Group 3, Census Tract 4025, Norfolk County, Massachusetts","549","145","10","15","0","13","65","109","31","34","0","13","67","48","20","16","28","32","30","49","30","35","16","25","23","27","0","13","15","25","95","44","119","52",
"1500000US250214031001","Block Group 1, Census Tract 4031, Norfolk County, Massachusetts","216","80","0","13","0","13","27","43","0","13","0","13","0","13","0","13","0","13","17","29","0","13","0","13","16","25","0","13","0","13","0","13","156","84",
"1500000US250214031002","Block Group 2, Census Tract 4031, Norfolk County, Massachusetts","326","66","0","13","0","13","0","13","0","13","0","13","0","13","0","13","0","13","5","8","15","24","28","40","0","13","18","27","0","13","79","46","181","75",
"1500000US250214031003","Block Group 3, Census Tract 4031, Norfolk County, Massachusetts","175","53","0","13","17","28","0","13","0","13","0","13","15","24","0","13","0","13","0","13","0","13","9","18","0","13","21","33","0","13","37","40","76","50",
"1500000US250214031004","Block Group 4, Census Tract 4031, Norfolk County, Massachusetts","460","122","39","63","0","13","0","13","0","13","0","13","0","13","0","13","0","13","0","13","0","13","31","39","35","37","54","41","27","31","117","113","157","88",
"1500000US250214031005","Block Group 5, Census Tract 4031, Norfolk County, Massachusetts","441","112","0","13","0","13","0","13","0","13","0","13","0","13","0","13","16","24","0","13","0","13","29","42","0","13","42","46","62","48","69","82","223","87",
"1500000US250214031006","Block Group 6, Census Tract 4031, Norfolk County, Massachusetts","242","69","0","13","0","13","0","13","0","13","0","13","0","13","0","13","7","11","0","13","0","13","18","29","33","36","26","39","10","20","50","44","98","55",
"1500000US250214031007","Block Group 7, Census Tract 4031, Norfolk County, Massachusetts","408","100","13","22","0","13","46","41","0","13","0","13","0","13","0","13","0","13","0","13","0","13","20","33","35","52","18","29","24","30","54","51","198","69",
"1500000US250214031008","Block Group 8, Census Tract 4031, Norfolk County, Massachusetts","0","13","0","13","0","13","0","13","0","13","0","13","0","13","0","13","0","13","0","13","0","13","0","13","0","13","0","13","0","13","0","13","0","13",
"1500000US250214033001","Block Group 1, Census Tract 4033, Norfolk County, Massachusetts","336","94","0","13","0","13","6","10","0","13","0","13","22","25","11","16","6","10","5","10","5","8","22","23","23","23","22","22","18","21","48","64","148","71",
"1500000US250214033002","Block Group 2, Census Tract 4033, Norfolk County, Massachusetts","452","90","0","13","0","13","0","13","0","13","0","13","38","47","0","13","0","13","0","13","22","24","26","31","11","17","17","19","15","16","65","40","258","92",
"1500000US250214033003","Block Group 3, Census Tract 4033, Norfolk County, Massachusetts","664","87","36","49","0","13","0","13","0","13","0","13","8","12","0","13","0","13","0","13","28","25","15","19","66","48","28","28","34","29","66","42","383","88",
"1500000US250214034001","Block Group 1, Census Tract 4034, Norfolk County, Massachusetts","1073","217","13","21","13","21","30","34","0","13","0","13","20","31","14","23","84","134","20","32","67","64","106","63","49","57","96","65","25","29","80","61","456","182",
"1500000US250214034002","Block Group 2, Census Tract 4034, Norfolk County, Massachusetts","441","92","0","13","0","13","0","13","0","13","0","13","0","13","0","13","0","13","0","13","63","79","0","13","80","53","68","66","37","31","65","50","128","69",
"1500000US250214034003","Block Group 3, Census Tract 4034, Norfolk County, Massachusetts","226","70","17","27","0","13","0","13","0","13","0","13","0","13","0","13","0","13","0","13","0","13","0","13","13","22","7","13","34","38","26","31","129","75",
"1500000US250214034004","Block Group 4, Census Tract 4034, Norfolk County, Massachusetts","500","144","0","13","30","36","54","47","0","13","0","13","44","71","0","13","85","88","0","13","0","13","19","30","35","39","18","29","0","13","72","51","143","62",
"1500000US250214034005","Block Group 5, Census Tract 4034, Norfolk County, Massachusetts","181","48","16","26","0","13","0","13","0","13","0","13","0","13","0","13","0","13","0","13","0","13","0","13","14","22","0","13","16","24","15","22","120","54",
"1500000US250214035011","Block Group 1, Census Tract 4035.01, Norfolk County, Massachusetts","800","180","22","27","14","23","20","33","0","13","53","84","0","13","19","33","20","33","16","25","34","40","37","41","69","56","162","154","107","76","66","53","161","130",
"1500000US250214035012","Block Group 2, Census Tract 4035.01, Norfolk County, Massachusetts","221","108","0","13","20","32","19","31","0","13","19","32","0","13","0","13","57","92","0","13","16","25","16","26","0","13","0","13","0","13","19","30","55","50",
"1500000US250214035021","Block Group 1, Census Tract 4035.02, Norfolk County, Massachusetts","631","233","0","13","45","37","16","25","0","13","0","13","188","189","0","13","0","13","10","18","2","10","20","31","0","13","43","53","73","40","59","46","175","141",
"1500000US250214035022","Block Group 2, Census Tract 4035.02, Norfolk County, Massachusetts","831","111","21","35","0","13","0","13","0","13","0","13","0","13","0","13","0","13","0","13","0","13","31","37","37","38","104","63","30","31","76","50","532","91",
"1500000US250214041001","Block Group 1, Census Tract 4041, Norfolk County, Massachusetts","599","89","49","53","0","13","27","30","3","5","0","13","0","13","5","9","30","36","7","10","34","33","44","49","49","29","46","31","17","21","31","22","257","84",
"1500000US250214041002","Block Group 2, Census Tract 4041, Norfolk County, Massachusetts","386","74","0","13","0","13","12","20","6","11","0","13","19","25","7","12","17","21","0","13","6","9","8","12","12","16","10","13","67","41","0","13","222","72",
"1500000US250214041003","Block Group 3, Census Tract 4041, Norfolk County, Massachusetts","322","134","0","13","0","13","0","13","7","11","0","13","0","13","0","13","0","13","0","13","0","13","0","13","0","13","7","10","19","15","55","51","234","124",
"1500000US250214042011","Block Group 1, Census Tract 4042.01, Norfolk County, Massachusetts","268","48","0","13","0","13","0","13","0","13","7","11","0","13","0","13","0","13","6","10","0","13","0","13","16","14","0","13","32","30","15","20","192","41",
"1500000US250214042012","Block Group 2, Census Tract 4042.01, Norfolk County, Massachusetts","262","53","0","13","0","13","0","13","0","13","0","13","0","13","0","13","0","13","0","13","0","13","9","14","38","39","9","14","19","18","14","17","173","45",
"1500000US250214042013","Block Group 3, Census Tract 4042.01, Norfolk County, Massachusetts","266","61","17","18","0","13","0","13","0","13","0","13","0","13","0","13","15","18","16","18","0","13","0","13","22","22","14","18","0","13","58","42","124","50",
"1500000US250214042014","Block Group 4, Census Tract 4042.01, Norfolk County, Massachusetts","310","55","40","35","8","13","0","13","0","13","6","11","8","14","0","13","15","17","0","13","8","13","15","16","38","37","6","11","36","30","8","12","122","49",
"1500000US250214042021","Block Group 1, Census Tract 4042.02, Norfolk County, Massachusetts","609","141","6","10","0","13","0","13","0","13","15","20","0","13","23","35","10","16","5","9","35","36","130","119","57","40","41","26","15","23","43","29","229","74",
"1500000US250214042022","Block Group 2, Census Tract 4042.02, Norfolk County, Massachusetts","429","107","18","19","7","11","0","13","8","13","8","12","0","13","14","16","0","13","0","13","0","13","24","19","7","11","77","89","5","9","67","39","194","59",
"1500000US250214042023","Block Group 3, Census Tract 4042.02, Norfolk County, Massachusetts","0","13","0","13","0","13","0","13","0","13","0","13","0","13","0","13","0","13","0","13","0","13","0","13","0","13","0","13","0","13","0","13","0","13",
"1500000US250214042024","Block Group 4, Census Tract 4042.02, Norfolk County, Massachusetts","234","86","34","50","0","13","0","13","19","28","0","13","0","13","0","13","0","13","0","13","0","13","28","45","0","13","0","13","10","15","33","33","110","48",
"1500000US250214043011","Block Group 1, Census Tract 4043.01, Norfolk County, Massachusetts","346","106","0","13","0","13","0","13","23","26","7","11","0","13","0","13","0","13","0","13","0","13","13","16","0","13","26","22","9","14","9","13","259","109",
"1500000US250214043012","Block Group 2, Census Tract 4043.01, Norfolk County, Massachusetts","256","54","0","13","0","13","0","13","0","13","0","13","0","13","0","13","0","13","0","13","29","23","0","13","0","13","0","13","0","13","32","26","195","51",
"1500000US250214043013","Block Group 3, Census Tract 4043.01, Norfolk County, Massachusetts","402","94","7","11","0","13","0","13","9","14","0","13","0","13","0","13","0","13","0","13","7","10","31","46","7","11","10","15","23","23","81","43","227","90",
"1500000US250214043014","Block Group 4, Census Tract 4043.01, Norfolk County, Massachusetts","346","66","0","13","0","13","9","13","9","13","0","13","22","23","0","13","0","13","0","13","13","16","8","12","15","16","34","42","0","13","62","51","174","46",
"1500000US250214043015","Block Group 5, Census Tract 4043.01, Norfolk County, Massachusetts","360","110","22","24","0","13","0","13","0","13","8","12","0","13","16","19","8","13","0","13","0","13","0","13","30","36","27","30","0","13","16","16","233","106",
"1500000US250214043021","Block Group 1, Census Tract 4043.02, Norfolk County, Massachusetts","647","83","10","16","10","17","0","13","11","16","0","13","21","22","0","13","0","13","0","13","12","19","44","58","28","31","76","39","9","15","108","60","318","75",
"1500000US250214043022","Block Group 2, Census Tract 4043.02, Norfolk County, Massachusetts","227","60","0","13","0","13","0","13","0","13","0","13","13","19","0","13","0","13","0","13","0","13","9","15","19","21","9","14","29","21","16","19","132","65",
"1500000US250214043023","Block Group 3, Census Tract 4043.02, Norfolk County, Massachusetts","409","91","0","13","0","13","0","13","10","16","0","13","0","13","0","13","9","14","0","13","10","16","46","46","21","23","24","23","72","77","44","32","173","59",
"1500000US250214044001","Block Group 1, Census Tract 4044, Norfolk County, Massachusetts","452","95","12","19","9","14","28","25","36","37","10","15","36","44","9","15","56","56","0","13","29","30","11","17","0","13","9","14","6","10","48","32","153","57",
"1500000US250214044002","Block Group 2, Census Tract 4044, Norfolk County, Massachusetts","415","102","32","45","0","13","0","13","8","13","7","10","0","13","0","13","0","13","0","13","0","13","46","47","8","12","22","21","17","19","9","14","266","89",
"1500000US250214044003","Block Group 3, Census Tract 4044, Norfolk County, Massachusetts","234","76","0","13","0","13","0","13","0","13","0","13","0","13","0","13","0","13","7","10","0","13","12","14","0","13","0","13","5","8","6","11","204","79",
"1500000US250214044004","Block Group 4, Census Tract 4044, Norfolk County, Massachusetts","0","13","0","13","0","13","0","13","0","13","0","13","0","13","0","13","0","13","0","13","0","13","0","13","0","13","0","13","0","13","0","13","0","13",
"1500000US250214044005","Block Group 5, Census Tract 4044, Norfolk County, Massachusetts","547","82","0","13","5","9","0","13","0","13","29","29","9","14","11","16","0","13","0","13","14","18","22","16","54","36","34","24","82","55","51","30","236","78",
"1500000US250214051001","Block Group 1, Census Tract 4051, Norfolk County, Massachusetts","809","98","0","13","0","13","10","16","0","13","46","73","10","16","0","13","19","22","0","13","0","13","18","21","38","31","16","16","38","31","86","52","528","121",
"1500000US250214051002","Block Group 2, Census Tract 4051, Norfolk County, Massachusetts","329","66","0","13","0","13","11","17","0","13","0","13","0","13","0","13","11","16","0","13","21","23","10","15","30","28","57","44","9","14","11","16","169","69",
"1500000US250214051003","Block Group 3, Census Tract 4051, Norfolk County, Massachusetts","303","69","0","13","0","13","0","13","10","15","3","5","0","13","0","13","0","13","4","6","10","17","3","4","23","36","10","15","20","22","31","29","189","65",
"1500000US250214051004","Block Group 4, Census Tract 4051, Norfolk County, Massachusetts","572","101","11","16","0","13","0","13","0","13","0","13","0","13","0","13","0","13","0","13","0","13","25","25","21","23","46","44","0","13","65","60","404","86",
"1500000US250214061011","Block Group 1, Census Tract 4061.01, Norfolk County, Massachusetts","942","100","56","49","19","21","35","28","42","28","36","44","20","22","9","15","0","13","0","13","60","47","90","59","57","35","77","48","60","41","127","54","254","81",
"1500000US250214061012","Block Group 2, Census Tract 4061.01, Norfolk County, Massachusetts","638","126","7","11","0","13","0","13","0","13","0","13","0","13","10","16","0","13","0","13","9","14","0","13","44","40","95","106","29","28","69","39","375","126",
"1500000US250214061013","Block Group 3, Census Tract 4061.01, Norfolk County, Massachusetts","546","77","23","26","0","13","16","25","13","20","0","13","15","23","15","22","15","24","0","13","9","13","9","14","41","28","44","47","45","32","93","49","208","65",
"1500000US250214061021","Block Group 1, Census Tract 4061.02, Norfolk County, Massachusetts","744","144","30","32","0","13","58","67","41","65","0","13","0","13","0","13","0","13","0","13","0","13","16","26","48","55","46","44","96","72","46","43","363","151",
"1500000US250214061022","Block Group 2, Census Tract 4061.02, Norfolk County, Massachusetts","433","104","14","24","0","13","0","13","24","39","0","13","0","13","36","39","0","13","0","13","36","39","50","46","19","30","0","13","32","39","90","62","132","74",
"1500000US250214061023","Block Group 3, Census Tract 4061.02, Norfolk County, Massachusetts","268","97","0","13","0","13","0","13","0","13","0","13","0","13","13","21","0","13","0","13","0","13","0","13","0","13","34","40","0","13","30","33","191","90",
"1500000US250214061024","Block Group 4, Census Tract 4061.02, Norfolk County, Massachusetts","791","157","0","13","0","13","0","13","0","13","16","27","0","13","0","13","0","13","9","17","27","33","0","13","28","33","66","53","47","45","184","97","414","158",
"1500000US250214071011","Block Group 1, Census Tract 4071.01, Norfolk County, Massachusetts","542","195","0","13","0","13","0","13","0","13","12","22","0","13","0","13","0","13","0","13","0","13","0","13","0","13","38","45","209","225","119","72","164","77",
"1500000US250214071012","Block Group 2, Census Tract 4071.01, Norfolk County, Massachusetts","617","128","0","13","0","13","0","13","37","29","0","13","18","30","62","66","0","13","34","52","0","13","0","13","179","99","67","56","63","57","56","53","101","67",
"1500000US250214071013","Block Group 3, Census Tract 4071.01, Norfolk County, Massachusetts","523","131","36","56","0","13","34","52","0","13","38","46","0","13","20","31","0","13","0","13","0","13","14","24","109","81","49","57","9","17","176","115","38","43",
"1500000US250214071021","Block Group 1, Census Tract 4071.02, Norfolk County, Massachusetts","814","153","14","23","0","13","10","17","9","18","11","20","19","29","0","13","29","33","46","56","139","98","125","78","28","44","171","82","54","52","46","40","113","100",
"1500000US250214071022","Block Group 2, Census Tract 4071.02, Norfolk County, Massachusetts","614","115","0","13","0","13","15","23","15","24","42","63","15","25","16","28","0","13","0","13","28","47","52","52","0","13","106","59","52","50","148","83","125","70",
"1500000US250214081021","Block Group 1, Census Tract 4081.02, Norfolk County, Massachusetts","467","84","0","13","0","13","17","27","7","12","0","13","0","13","8","12","26","25","10","17","29","25","52","46","48","29","112","68","73","58","40","28","45","31",
"1500000US250214081022","Block Group 2, Census Tract 4081.02, Norfolk County, Massachusetts","682","104","18","24","0","13","9","14","0","13","33","43","8","12","9","14","9","15","8","13","13","17","33","31","133","66","81","42","27","27","69","39","232","91",
"1500000US250214081023","Block Group 3, Census Tract 4081.02, Norfolk County, Massachusetts","362","64","40","39","10","16","19","20","21","24","0","13","0","13","19","23","41","49","0","13","0","13","8","12","50","37","45","32","18","21","46","35","45","32",
"1500000US250214081024","Block Group 4, Census Tract 4081.02, Norfolk County, Massachusetts","418","142","87","138","16","18","0","13","8","13","0","13","8","13","6","9","8","13","13","21","48","45","7","11","80","78","27","33","6","9","61","31","43","29",
"1500000US250214081031","Block Group 1, Census Tract 4081.03, Norfolk County, Massachusetts","524","135","17","28","0","13","0","13","0","13","17","26","0","13","0","13","0","13","0","13","0","13","16","25","56","69","31","26","57","71","44","41","286","146",
"1500000US250214081032","Block Group 2, Census Tract 4081.03, Norfolk County, Massachusetts","640","111","0","13","0","13","15","24","0","13","14","22","0","13","0","13","0","13","0","13","47","68","7","11","15","24","78","54","101","95","134","60","229","109",
"1500000US250214081041","Block Group 1, Census Tract 4081.04, Norfolk County, Massachusetts","700","138","0","13","33","39","0","13","30","37","0","13","0","13","10","17","15","24","16","26","50","45","94","95","23","35","51","50","67","52","169","131","142","84",
"1500000US250214081042","Block Group 2, Census Tract 4081.04, Norfolk County, Massachusetts","306","99","0","13","0","13","0","13","33","52","0","13","12","19","15","24","0","13","0","13","6","13","17","26","15","25","9","15","0","13","142","64","57","46",
"1500000US250214081043","Block Group 3, Census Tract 4081.04, Norfolk County, Massachusetts","613","117","0","13","11","17","24","31","25","28","0","13","11","20","18","29","14","22","0","13","0","13","0","13","5","9","28","34","79","61","181","108","217","118",
"1500000US250214091011","Block Group 1, Census Tract 4091.01, Norfolk County, Massachusetts","872","145","0","13","6","11","0","13","0","13","7","11","0","13","0","13","26","43","13","15","31","46","7","11","114","66","97","52","49","30","155","61","367","170",
"1500000US250214091012","Block Group 2, Census Tract 4091.01, Norfolk County, Massachusetts","295","68","0","13","0","13","0","13","0","13","7","10","12","19","7","10","15","24","15","17","46","38","26","32","34","33","15","17","29","29","52","31","37","27",
"1500000US250214091013","Block Group 3, Census Tract 4091.01, Norfolk County, Massachusetts","0","13","0","13","0","13","0","13","0","13","0","13","0","13","0","13","0","13","0","13","0","13","0","13","0","13","0","13","0","13","0","13","0","13",
"1500000US250214091014","Block Group 4, Census Tract 4091.01, Norfolk County, Massachusetts","226","50","0","13","7","12","9","15","0","13","0","13","0","13","7","10","8","12","0","13","6","10","0","13","34","27","39","34","44","28","12","14","60","36",
"1500000US250214091021","Block Group 1, Census Tract 4091.02, Norfolk County, Massachusetts","880","138","0","13","10","15","21","18","4","8","73","51","9","16","0","13","0","13","17","18","33","27","55","32","49","37","103","62","24","23","206","97","276","91",
"1500000US250214091022","Block Group 2, Census Tract 4091.02, Norfolk County, Massachusetts","843","128","10","17","0","13","0","13","0","13","0","13","0","13","11","18","0","13","10","16","26","23","95","53","44","37","41","31","107","49","136","52","363","89",
"1500000US250214101001","Block Group 1, Census Tract 4101, Norfolk County, Massachusetts","470","169","48","74","0","13","0","13","28","33","0","13","83","82","0","13","14","23","18","29","0","13","47","46","87","123","11","19","0","13","19","32","115","82",
"1500000US250214101002","Block Group 2, Census Tract 4101, Norfolk County, Massachusetts","404","143","0","13","0","13","56","79","0","13","0","13","12","19","0","13","0","13","17","28","0","13","0","13","138","111","68","59","34","39","0","13","79","78",
"1500000US250214101003","Block Group 3, Census Tract 4101, Norfolk County, Massachusetts","515","111","0","13","0","13","17","28","0","13","0","13","12","18","14","23","12","19","0","13","26","42","12","20","94","54","31","34","99","54","92","61","106","56",
"1500000US250214101004","Block Group 4, Census Tract 4101, Norfolk County, Massachusetts","0","13","0","13","0","13","0","13","0","13","0","13","0","13","0","13","0","13","0","13","0","13","0","13","0","13","0","13","0","13","0","13","0","13",
"1500000US250214101005","Block Group 5, Census Tract 4101, Norfolk County, Massachusetts","993","314","152","111","57","60","33","37","14","24","219","289","0","13","20","34","24","37","0","13","55","50","55","61","83","53","32","41","63","54","46","45","140","74",
"1500000US250214101006","Block Group 6, Census Tract 4101, Norfolk County, Massachusetts","342","73","0","13","0","13","0","13","0","13","0","13","0","13","0","13","0","13","0","13","0","13","36","42","104","77","29","36","0","13","55","54","118","52",
"1500000US250214103001","Block Group 1, Census Tract 4103, Norfolk County, Massachusetts","766","115","0","13","0","13","0","13","11","17","11","17","35","49","8","12","9","13","21","24","72","98","92","51","143","67","88","54","68","40","67","40","141","56",
"1500000US250214103002","Block Group 2, Census Tract 4103, Norfolk County, Massachusetts","669","120","12","19","51","38","30","46","0","13","11","17","0","13","36","54","22","18","0","13","20","21","34","31","111","70","106","57","18","20","107","80","111","97",
"1500000US250214103003","Block Group 3, Census Tract 4103, Norfolk County, Massachusetts","419","75","10","16","29","43","8","13","9","15","0","13","0","13","0","13","10","16","0","13","9","16","48","33","61","33","51","36","28","27","37","28","119","53",
"1500000US250214104001","Block Group 1, Census Tract 4104, Norfolk County, Massachusetts","475","132","13","23","10","15","0","13","15","26","0","13","0","13","0","13","0","13","0","13","0","13","0","13","102","60","102","112","23","39","64","68","146","80",
"1500000US250214104002","Block Group 2, Census Tract 4104, Norfolk County, Massachusetts","419","111","0","13","24","37","13","22","13","20","15","25","0","13","57","73","23","27","8","17","0","13","31","36","68","53","32","38","72","71","48","45","15","25",
"1500000US250214104003","Block Group 3, Census Tract 4104, Norfolk County, Massachusetts","1019","156","38","57","0","13","41","64","160","132","15","23","82","77","25","30","29","35","36","30","82","98","197","109","135","77","113","98","24","28","42","40","0","13",
"1500000US250214104004","Block Group 4, Census Tract 4104, Norfolk County, Massachusetts","590","116","0","13","0","13","0","13","0","13","24","37","14","22","0","13","0","13","0","13","0","13","34","37","66","57","78","51","131","69","102","80","141","60",
"1500000US250214111011","Block Group 1, Census Tract 4111.01, Norfolk County, Massachusetts","516","122","8","22","37","44","0","13","19","28","0","13","0","13","40","65","0","13","40","61","0","13","0","13","71","60","23","32","72","70","79","113","127","72",
"1500000US250214111012","Block Group 2, Census Tract 4111.01, Norfolk County, Massachusetts","822","247","0","13","0","13","0","13","0","13","16","26","0","13","0","13","78","70","0","13","90","149","51","48","51","58","119","86","34","38","281","217","102","71",
"1500000US250214111021","Block Group 1, Census Tract 4111.02, Norfolk County, Massachusetts","561","119","0","13","0","13","0","13","0","13","29","32","14","24","40","61","0","13","14","23","29","44","17","20","40","65","58","41","54","59","75","57","191","110",
"1500000US250214111022","Block Group 2, Census Tract 4111.02, Norfolk County, Massachusetts","717","159","14","22","91","85","0","13","3","5","17","26","13","20","60","78","15","24","0","13","14","24","30","34","89","58","72","52","77","56","86","79","136","88",
"1500000US250214111023","Block Group 3, Census Tract 4111.02, Norfolk County, Massachusetts","442","134","0","13","0","13","0","13","0","13","14","23","15","23","14","21","0","13","35","53","28","31","26","31","45","42","33","26","10","18","38","37","184","127",
"1500000US250214112001","Block Group 1, Census Tract 4112, Norfolk County, Massachusetts","430","117","0","13","0","13","0","13","0","13","0","13","0","13","0","13","0","13","0","13","80","62","13","21","27","35","76","86","11","17","86","67","137","85",
"1500000US250214112002","Block Group 2, Census Tract 4112, Norfolk County, Massachusetts","1162","171","26","33","0","13","21","25","0","13","91","94","0","13","41","50","24","30","12","22","35","52","66","71","204","150","140","111","135","110","97","75","270","125",
"1500000US250214112003","Block Group 3, Census Tract 4112, Norfolk County, Massachusetts","479","107","0","13","0","13","0","13","0","13","14","22","12","20","0","13","0","13","0","13","13","22","13","21","23","38","61","42","22","34","138","81","183","96",
"1500000US250214112004","Block Group 4, Census Tract 4112, Norfolk County, Massachusetts","342","123","0","13","14","24","0","13","0","13","0","13","0","13","0","13","0","13","0","13","0","13","61","52","50","61","55","60","0","13","31","45","131","105",
"1500000US250214113011","Block Group 1, Census Tract 4113.01, Norfolk County, Massachusetts","1038","175","0","13","0","13","68","66","16","26","16","25","0","13","18","29","0","13","41","45","0","13","16","27","31","34","70","55","120","82","185","89","457","172",
"1500000US250214113012","Block Group 2, Census Tract 4113.01, Norfolk County, Massachusetts","491","128","0","13","0","13","0","13","15","24","13","21","27","32","18","24","16","25","16","26","0","13","0","13","78","59","67","64","79","90","39","37","123","62",
"1500000US250214113013","Block Group 3, Census Tract 4113.01, Norfolk County, Massachusetts","411","119","0","13","0","13","27","40","0","13","36","35","0","13","8","13","0","13","0","13","13","19","15","23","26","32","146","92","9","15","87","62","44","40",
"1500000US250214113021","Block Group 1, Census Tract 4113.02, Norfolk County, Massachusetts","0","13","0","13","0","13","0","13","0","13","0","13","0","13","0","13","0","13","0","13","0","13","0","13","0","13","0","13","0","13","0","13","0","13",
"1500000US250214113022","Block Group 2, Census Tract 4113.02, Norfolk County, Massachusetts","543","102","0","13","76","65","10","15","25","23","3","6","30","26","27","23","40","35","0","13","30","27","86","50","26","43","73","34","62","87","12","13","43","35",
"1500000US250214113023","Block Group 3, Census Tract 4113.02, Norfolk County, Massachusetts","280","71","9","15","0","13","7","12","17","19","0","13","0","13","52","36","0","13","0","13","0","13","0","13","0","13","95","55","16","18","33","40","51","32",
"1500000US250214113024","Block Group 4, Census Tract 4113.02, Norfolk County, Massachusetts","483","73","59","59","0","13","0","13","0","13","0","13","0","13","0","13","0","13","12","17","20","23","40","36","60","43","40","31","40","33","84","48","128","47",
"1500000US250214121001","Block Group 1, Census Tract 4121, Norfolk County, Massachusetts","690","118","49","49","0","13","37","42","16","25","45","50","65","60","28","34","0","13","0","13","35","34","14","23","34","38","17","26","14","18","100","65","236","96",
"1500000US250214121002","Block Group 2, Census Tract 4121, Norfolk County, Massachusetts","345","97","0","13","0","13","0","13","0","13","0","13","0","13","0","13","39","61","0","13","34","49","10","17","0","13","55","59","10","17","76","67","121","60",
"1500000US250214121003","Block Group 3, Census Tract 4121, Norfolk County, Massachusetts","718","210","55","59","12","21","0","13","0","13","0","13","26","28","0","13","13","21","0","13","19","23","13","20","34","34","56","35","25","31","70","58","395","220",
"1500000US250214121004","Block Group 4, Census Tract 4121, Norfolk County, Massachusetts","416","82","0","13","0","13","0","13","0","13","0","13","0","13","0","13","0","13","18","29","0","13","20","25","29","35","36","33","19","29","111","85","183","85",
"1500000US250214122001","Block Group 1, Census Tract 4122, Norfolk County, Massachusetts","575","82","8","13","17","24","8","13","0","13","9","14","23","35","45","32","6","9","10","16","33","32","39","26","27","26","47","36","60","38","48","28","195","58",
"1500000US250214122002","Block Group 2, Census Tract 4122, Norfolk County, Massachusetts","800","159","0","13","11","17","5","8","9","13","16","23","7","10","35","56","12","18","25","29","31","28","18","16","42","35","148","75","81","55","72","44","288","157",
"1500000US250214123001","Block Group 1, Census Tract 4123, Norfolk County, Massachusetts","635","144","32","30","11","16","10","16","41","50","11","17","0","13","0","13","0","13","12","19","0","13","9","15","33","27","28","31","100","118","181","71","167","70",
"1500000US250214123002","Block Group 2, Census Tract 4123, Norfolk County, Massachusetts","415","97","0","13","0","13","0","13","0","13","0","13","0","13","0","13","0","13","0","13","0","13","26","23","57","73","9","14","72","66","59","50","192","82",
"1500000US250214123003","Block Group 3, Census Tract 4123, Norfolk County, Massachusetts","231","64","0","13","0","13","0","13","0","13","10","16","0","13","0","13","0","13","8","13","11","16","12","18","12","18","0","13","54","51","16","19","108","59",
"1500000US250214123004","Block Group 4, Census Tract 4123, Norfolk County, Massachusetts","542","103","17","26","0","13","0","13","10","16","0","13","8","14","0","13","43","43","0","13","16","19","34","40","63","47","51","38","55","39","76","45","169","68",
"1500000US250214131001","Block Group 1, Census Tract 4131, Norfolk County, Massachusetts","0","13","0","13","0","13","0","13","0","13","0","13","0","13","0","13","0","13","0","13","0","13","0","13","0","13","0","13","0","13","0","13","0","13",
"1500000US250214131002","Block Group 2, Census Tract 4131, Norfolk County, Massachusetts","338","120","0","13","0","13","0","13","0","13","0","13","7","11","46","73","0","13","0","13","48","75","16","26","19","23","31","35","0","13","88","69","83","58",
"1500000US250214131003","Block Group 3, Census Tract 4131, Norfolk County, Massachusetts","391","73","0","13","30","36","0","13","0","13","0","13","30","33","0","13","14","23","15","22","0","13","29","31","44","38","39","42","28","34","48","44","114","68",
"1500000US250214131004","Block Group 4, Census Tract 4131, Norfolk County, Massachusetts","300","120","0","13","15","25","0","13","0","13","0","13","0","13","0","13","26","33","15","24","54","70","80","105","12","20","35","40","0","13","41","38","22","29",
"1500000US250214131005","Block Group 5, Census Tract 4131, Norfolk County, Massachusetts","0","13","0","13","0","13","0","13","0","13","0","13","0","13","0","13","0","13","0","13","0","13","0","13","0","13","0","13","0","13","0","13","0","13",
"1500000US250214131006","Block Group 6, Census Tract 4131, Norfolk County, Massachusetts","540","105","54","58","0","13","0","13","0","13","8","13","0","13","0","13","0","13","26","42","14","22","0","13","89","69","75","66","32","41","93","56","149","68",
"1500000US250214131007","Block Group 7, Census Tract 4131, Norfolk County, Massachusetts","381","102","27","33","0","13","46","44","33","38","14","21","0","13","19","29","0","13","16","27","32","36","29","35","99","60","29","34","0","13","25","32","12","20",
"1500000US250214132011","Block Group 1, Census Tract 4132.01, Norfolk County, Massachusetts","524","133","0","13","114","123","15","24","31","35","15","24","14","22","43","42","0","13","36","43","10","16","74","78","71","50","0","13","34","35","67","57","0","13",
"1500000US250214132012","Block Group 2, Census Tract 4132.01, Norfolk County, Massachusetts","500","148","14","23","42","66","3","12","50","41","0","13","15","24","28","51","0","13","34","39","0","13","23","35","81","101","44","54","26","31","48","58","92","54",
"1500000US250214132013","Block Group 3, Census Tract 4132.01, Norfolk County, Massachusetts","1085","196","152","106","68","72","18","28","107","92","0","13","32","40","15","24","18","27","69","62","38","45","151","84","136","75","98","74","106","158","19","33","58","46",
"1500000US250214132021","Block Group 1, Census Tract 4132.02, Norfolk County, Massachusetts","858","146","47","74","72","80","0","13","0","13","16","28","36","43","0","13","17","27","20","31","0","13","35","39","106","89","72","90","171","131","150","91","116","88",
"1500000US250214133001","Block Group 1, Census Tract 4133, Norfolk County, Massachusetts","1171","224","38","34","6","10","5","10","22","31","24","19","31","30","49","44","16","26","43","32","25","19","156","174","91","56","128","58","126","70","154","116","257","125",
"1500000US250214133002","Block Group 2, Census Tract 4133, Norfolk County, Massachusetts","495","95","0","13","0","13","0","13","9","15","13","14","0","13","6","9","10","16","8","15","33","44","47","45","27","27","89","63","80","60","167","73","6","10",
"1500000US250214133003","Block Group 3, Census Tract 4133, Norfolk County, Massachusetts","448","85","17","24","0","13","9","15","23","22","0","13","0","13","23","21","0","13","0","13","5","9","29","30","46","32","55","38","55","40","80","47","106","50",
"1500000US250214134011","Block Group 1, Census Tract 4134.01, Norfolk County, Massachusetts","480","142","14","13","7","11","32","41","19","21","10","16","87","121","0","13","0","13","0","13","92","69","25","23","34","34","51","45","36","30","60","54","13","20",
"1500000US250214134012","Block Group 2, Census Tract 4134.01, Norfolk County, Massachusetts","624","119","0","13","46","50","10","16","16","19","0","13","0","13","30","47","33","38","26","25","17","21","24","24","84","55","119","74","43","36","43","32","133","78",
"1500000US250214134013","Block Group 3, Census Tract 4134.01, Norfolk County, Massachusetts","385","117","0","13","0","13","19","21","9","15","6","10","15","17","4","7","34","41","18","21","28","35","18","20","114","96","37","25","18","19","27","26","38","26",
"1500000US250214134021","Block Group 1, Census Tract 4134.02, Norfolk County, Massachusetts","424","92","55","48","8","12","0","13","0","13","73","58","27","39","0","13","0","13","0","13","11","17","27","39","83","48","55","39","10","16","56","37","19","21",
"1500000US250214134022","Block Group 2, Census Tract 4134.02, Norfolk County, Massachusetts","932","136","19","23","7","11","0","13","9","14","10","15","0","13","6","11","7","12","16","19","28","27","180","93","238","110","182","92","113","59","53","34","64","53",
"1500000US250214134023","Block Group 3, Census Tract 4134.02, Norfolk County, Massachusetts","434","147","6","9","0","13","0","13","0","13","12","19","27","25","20","23","21","27","10","16","8","12","14","16","89","40","101","137","34","34","49","40","43","38",
"1500000US250214135001","Block Group 1, Census Tract 4135, Norfolk County, Massachusetts","646","144","17","26","0","13","49","61","0","13","0","13","0","13","12","17","21","26","16","18","74","74","92","62","70","52","49","35","63","38","72","53","111","112",
"1500000US250214135002","Block Group 2, Census Tract 4135, Norfolk County, Massachusetts","490","106","0","13","44","58","45","36","0","13","11","18","10","15","0","13","21","25","17","20","68","58","10","15","78","56","43","35","33","52","76","50","34","26",
"1500000US250214135003","Block Group 3, Census Tract 4135, Norfolk County, Massachusetts","711","232","0","13","11","17","26","43","6","10","76","67","19","21","150","211","10","15","0","13","37","44","86","39","89","43","29","27","45","43","42","34","85","57",
"1500000US250214141001","Block Group 1, Census Tract 4141, Norfolk County, Massachusetts","387","73","0","13","0","13","0","13","0","13","0","13","0","13","0","13","0","13","29","44","24","35","15","25","77","50","31","35","37","43","123","62","51","46",
"1500000US250214141002","Block Group 2, Census Tract 4141, Norfolk County, Massachusetts","216","107","11","19","0","13","0","13","0","13","12","19","0","13","0","13","0","13","13","20","12","19","0","13","61","79","0","13","51","61","44","56","12","21",
"1500000US250214141003","Block Group 3, Census Tract 4141, Norfolk County, Massachusetts","834","312","0","13","0","13","0","13","0","13","0","13","130","203","13","20","0","13","12","20","0","13","260","275","39","37","45","40","56","47","96","72","183","76",
"1500000US250214141004","Block Group 4, Census Tract 4141, Norfolk County, Massachusetts","600","111","18","29","32","38","0","13","0","13","0","13","25","27","0","13","18","30","32","48","0","13","0","13","25","29","55","57","76","64","116","74","203","87",
"1500000US250214141005","Block Group 5, Census Tract 4141, Norfolk County, Massachusetts","174","57","0","13","0","13","0","13","0","13","0","13","0","13","38","61","0","13","19","30","0","13","0","13","0","13","34","54","31","34","0","13","52","37",
"1500000US250214142001","Block Group 1, Census Tract 4142, Norfolk County, Massachusetts","227","60","0","13","0","13","0","13","0","13","0","13","0","13","15","25","0","13","0","13","0","13","0","13","33","36","30","37","60","47","27","30","62","47",
"1500000US250214142002","Block Group 2, Census Tract 4142, Norfolk County, Massachusetts","943","156","0","13","0","13","0","13","0","13","0","13","0","13","17","26","0","13","14","23","48","52","31","34","73","54","104","93","51","47","98","66","507","171",
"1500000US250214142003","Block Group 3, Census Tract 4142, Norfolk County, Massachusetts","367","98","0","13","0","13","0","13","0","13","0","13","0","13","24","36","0","13","0","13","0","13","0","13","36","39","16","26","53","60","75","52","163","74",
"1500000US250214142004","Block Group 4, Census Tract 4142, Norfolk County, Massachusetts","791","128","0","13","0","13","0","13","0","13","17","28","0","13","50","76","0","13","0","13","15","25","28","31","39","36","46","33","161","88","73","64","362","114",
"1500000US250214143001","Block Group 1, Census Tract 4143, Norfolk County, Massachusetts","326","75","20","33","17","17","0","13","0","13","0","13","7","11","11","16","19","31","0","13","22","27","25","24","23","21","0","13","37","37","77","33","68","46",
"1500000US250214143002","Block Group 2, Census Tract 4143, Norfolk County, Massachusetts","334","80","8","12","0","13","0","13","0","13","14","16","0","13","7","12","0","13","7","12","25","32","22","19","32","34","41","25","20","18","75","46","83","44",
"1500000US250214143003","Block Group 3, Census Tract 4143, Norfolk County, Massachusetts","524","115","0","13","0","13","0","13","6","11","0","13","0","13","0","13","8","12","0","13","4","9","7","11","59","41","101","67","95","100","118","45","126","61",
"1500000US250214143004","Block Group 4, Census Tract 4143, Norfolk County, Massachusetts","726","143","37","29","31","24","22","26","35","26","8","12","30","30","16","27","7","12","22","19","43","41","32","42","71","51","41","29","34","39","71","91","226","80",
"1500000US250214151011","Block Group 1, Census Tract 4151.01, Norfolk County, Massachusetts","499","82","0","13","0","13","18","22","0","13","10","16","9","14","0","13","9","13","18","22","7","13","23","24","87","49","65","49","13","19","64","57","176","57",
"1500000US250214151012","Block Group 2, Census Tract 4151.01, Norfolk County, Massachusetts","726","273","0","13","8","14","0","13","164","263","17","27","0","13","11","17","0","13","25","25","76","61","10","18","33","31","109","79","43","37","57","26","173","71",
"1500000US250214151013","Block Group 3, Census Tract 4151.01, Norfolk County, Massachusetts","632","118","0","13","9","15","0","13","9","15","8","14","9","14","0","13","36","53","0","13","9","15","16","18","27","31","176","111","61","53","68","48","204","69",
"1500000US250214151031","Block Group 1, Census Tract 4151.03, Norfolk County, Massachusetts","511","166","12","19","0","13","0","13","0","13","0","13","12","20","14","22","73","85","17","27","0","13","114","132","84","58","52","60","42","37","30","37","61","61",
"1500000US250214151032","Block Group 2, Census Tract 4151.03, Norfolk County, Massachusetts","957","163","51","81","48","40","11","19","0","13","0","13","0","13","0","13","0","13","0","13","15","24","171","101","112","74","140","105","48","43","79","62","282","114",
"1500000US250214151033","Block Group 3, Census Tract 4151.03, Norfolk County, Massachusetts","552","127","0","13","112","106","17","28","10","16","17","27","6","27","0","13","64","90","0","13","64","55","26","41","53","43","47","76","70","61","54","67","12","20",
"1500000US250214151041","Block Group 1, Census Tract 4151.04, Norfolk County, Massachusetts","778","198","20","32","28","45","0","13","0","13","0","13","0","13","0","13","17","28","63","91","130","177","12","19","118","105","38","41","45","41","131","70","176","124",
"1500000US250214151042","Block Group 2, Census Tract 4151.04, Norfolk County, Massachusetts","604","114","0","13","12","20","20","34","18","29","72","93","17","28","0","13","21","33","0","13","23","35","50","58","42","66","107","95","34","39","104","68","84","46",
"1500000US250214152011","Block Group 1, Census Tract 4152.01, Norfolk County, Massachusetts","587","210","8","19","0","13","0","13","0","13","0","13","36","60","0","13","9","18","12","23","0","13","0","13","108","73","123","81","35","31","147","151","109","115",
"1500000US250214152012","Block Group 2, Census Tract 4152.01, Norfolk County, Massachusetts","773","195","75","78","70","76","17","28","30","26","0","13","0","13","0","13","0","13","0","13","0","13","125","121","44","37","108","78","21","34","32","38","251","138",
"1500000US250214152021","Block Group 1, Census Tract 4152.02, Norfolk County, Massachusetts","844","130","0","13","60","48","28","32","39","64","0","13","15","24","77","63","50","75","29","34","132","90","65","61","100","64","13","22","27","30","106","105","103","72",
"1500000US250214152022","Block Group 2, Census Tract 4152.02, Norfolk County, Massachusetts","314","92","0","13","0","13","0","13","15","27","0","13","0","13","0","13","0","13","0","13","0","13","121","99","39","37","39","36","0","13","49","47","51","37",
"1500000US250214153001","Block Group 1, Census Tract 4153, Norfolk County, Massachusetts","950","127","10","15","20","21","9","14","39","47","9","14","20","20","9","15","10","15","38","35","9","14","39","31","120","61","104","57","98","64","134","99","282","94",
"1500000US250214153002","Block Group 2, Census Tract 4153, Norfolk County, Massachusetts","511","91","21","22","0","13","0","13","22","26","17","27","0","13","0","13","10","15","38","59","42","38","36","43","57","34","44","41","29","28","44","32","151","60",
"1500000US250214161011","Block Group 1, Census Tract 4161.01, Norfolk County, Massachusetts","540","100","17","27","0","13","39","46","0","13","0","13","0","13","0","13","28","34","0","13","21","28","10","15","38","37","49","37","53","57","71","49","214","78",
"1500000US250214161012","Block Group 2, Census Tract 4161.01, Norfolk County, Massachusetts","507","124","15","23","0","13","0","13","0","13","0","13","19","30","0","13","0","13","0","13","0","13","16","26","50","44","15","16","0","13","84","47","308","134",
"1500000US250214161013","Block Group 3, Census Tract 4161.01, Norfolk County, Massachusetts","159","60","0","13","0","13","0","13","0","13","0","13","0","13","0","13","0","13","0","13","0","13","0","13","21","32","70","49","14","23","23","21","31","36",
"1500000US250214161014","Block Group 4, Census Tract 4161.01, Norfolk County, Massachusetts","510","121","72","91","49","53","18","29","0","13","0","13","0","13","17","27","42","43","47","66","31","33","27","34","4","21","0","13","18","29","45","40","140","69",
"1500000US250214161021","Block Group 1, Census Tract 4161.02, Norfolk County, Massachusetts","771","181","0","13","0","13","8","11","13","12","36","25","23","16","77","65","10","12","76","105","33","23","37","27","11","13","19","16","38","25","24","20","366","157",
"1500000US250214161022","Block Group 2, Census Tract 4161.02, Norfolk County, Massachusetts","217","48","4","7","3","6","0","13","5","7","0","13","5","8","0","13","0","13","0","13","0","13","9","10","16","18","0","13","12","12","52","29","111","42",
"1500000US250214162001","Block Group 1, Census Tract 4162, Norfolk County, Massachusetts","479","270","0","13","0","13","0","13","0","13","0","13","0","13","193","268","0","13","0","13","0","13","47","47","53","50","34","45","30","33","35","43","87","72",
"1500000US250214162002","Block Group 2, Census Tract 4162, Norfolk County, Massachusetts","168","55","8","13","0","13","0","13","0","13","0","13","0","13","0","13","0","13","0","13","0","13","13","22","12","21","28","32","15","24","47","44","45","37",
"1500000US250214162003","Block Group 3, Census Tract 4162, Norfolk County, Massachusetts","237","87","12","18","0","13","0","13","13","22","0","13","0","13","0","13","0","13","0","13","39","59","0","13","13","20","13","23","10","17","22","28","115","61",
"1500000US250214162004","Block Group 4, Census Tract 4162, Norfolk County, Massachusetts","330","206","0","13","13","19","0","13","0","13","0","13","147","204","0","13","12","20","11","20","0","13","30","47","22","24","0","13","50","50","12","19","33","46",
"1500000US250214162005","Block Group 5, Census Tract 4162, Norfolk County, Massachusetts","200","74","2","5","0","13","0","13","0","13","0","13","0","13","12","18","11","18","0","13","18","28","17","29","34","39","32","38","0","13","0","13","74","57",
"1500000US250214162006","Block Group 6, Census Tract 4162, Norfolk County, Massachusetts","395","138","17","29","0","13","13","25","17","28","12","19","0","13","12","19","0","13","12","19","0","13","0","13","65","57","21","41","49","65","0","13","177","120",
"1500000US250214162007","Block Group 7, Census Tract 4162, Norfolk County, Massachusetts","571","144","1","5","0","13","84","93","0","13","28","47","0","13","0","13","14","22","39","59","0","13","64","73","9","16","163","125","29","37","94","100","46","55",
"1500000US250214163001","Block Group 1, Census Tract 4163, Norfolk County, Massachusetts","445","99","22","32","4","8","0","13","0","13","0","13","8","12","6","9","0","13","0","13","36","56","15","18","6","10","38","30","41","27","44","40","225","66",
"1500000US250214163002","Block Group 2, Census Tract 4163, Norfolk County, Massachusetts","327","123","6","10","5","9","0","13","0","13","5","9","0","13","0","13","0","13","0","13","20","30","13","15","52","42","7","10","54","54","70","65","95","91",
"1500000US250214163003","Block Group 3, Census Tract 4163, Norfolk County, Massachusetts","239","52","0","13","0","13","0","13","0","13","0","13","0","13","0","13","0","13","0","13","8","13","32","38","9","14","35","42","5","9","40","28","110","48",
"1500000US250214163004","Block Group 4, Census Tract 4163, Norfolk County, Massachusetts","286","71","0","13","6","9","0","13","0","13","0","13","0","13","0","13","0","13","0","13","6","10","6","10","45","47","0","13","16","18","82","54","125","52",
"1500000US250214163005","Block Group 5, Census Tract 4163, Norfolk County, Massachusetts","409","83","29","40","9","15","55","46","116","81","0","13","0","13","0","13","28","47","0","13","0","13","8","16","11","16","26","32","16","17","14","17","97","51",
"1500000US250214164001","Block Group 1, Census Tract 4164, Norfolk County, Massachusetts","266","87","11","18","0","13","0","13","11","18","15","25","0","13","0","13","14","23","10","16","0","13","0","13","27","30","15","25","0","13","32","36","131","93",
"1500000US250214164002","Block Group 2, Census Tract 4164, Norfolk County, Massachusetts","348","96","15","23","0","13","0","13","0","13","0","13","0","13","0","13","0","13","0","13","0","13","0","13","0","13","101","66","64","68","98","72","70","51",
"1500000US250214164003","Block Group 3, Census Tract 4164, Norfolk County, Massachusetts","300","123","15","23","0","13","0","13","0","13","29","33","0","13","0","13","0","13","0","13","0","13","0","13","48","48","99","114","15","23","56","45","38","41",
"1500000US250214164004","Block Group 4, Census Tract 4164, Norfolk County, Massachusetts","221","80","0","13","40","62","0","13","14","23","0","13","0","13","0","13","13","21","0","13","0","13","0","13","52","49","0","13","12","19","12","20","78","65",
"1500000US250214164005","Block Group 5, Census Tract 4164, Norfolk County, Massachusetts","236","87","0","13","0","13","0","13","0","13","15","24","0","13","0","13","0","13","0","13","29","38","16","30","50","69","0","13","32","36","11","20","83","42",
"1500000US250214164006","Block Group 6, Census Tract 4164, Norfolk County, Massachusetts","338","91","14","23","0","13","0","13","0","13","0","13","0","13","7","13","0","13","0","13","0","13","15","24","19","32","31","35","41","34","0","13","211","102",
"1500000US250214164007","Block Group 7, Census Tract 4164, Norfolk County, Massachusetts","160","64","0","13","0","13","0","13","0","13","0","13","0","13","15","23","11","18","0","13","0","13","0","13","8","15","28","32","8","14","13","21","77","68",
"1500000US250214171001","Block Group 1, Census Tract 4171, Norfolk County, Massachusetts","280","82","0","13","22","20","16","26","0","13","0","13","0","13","8","12","0","13","0","13","37","57","0","13","65","65","7","12","12","19","0","13","113","62",
"1500000US250214171002","Block Group 2, Census Tract 4171, Norfolk County, Massachusetts","318","107","0","13","0","13","12","20","0","13","0","13","0","13","0","13","0","13","16","25","14","17","8","13","97","64","40","39","4","7","84","76","43","21",
"1500000US250214171003","Block Group 3, Census Tract 4171, Norfolk County, Massachusetts","409","196","0","13","0","13","0","13","0","13","71","113","0","13","21","23","0","13","0","13","0","13","113","137","106","78","9","14","7","13","65","63","17","18",
"1500000US250214171004","Block Group 4, Census Tract 4171, Norfolk County, Massachusetts","355","106","8","13","0","13","19","21","9","13","0","13","0","13","0","13","0","13","35","47","10","16","9","14","44","33","30","22","55","62","62","43","74","70",
"1500000US250214171005","Block Group 5, Census Tract 4171, Norfolk County, Massachusetts","314","101","0","13","9","15","0","13","0","13","9","15","0","13","0","13","12","18","0","13","37","41","31","34","59","60","41","39","67","70","35","45","14","18",
"1500000US250214171006","Block Group 6, Census Tract 4171, Norfolk County, Massachusetts","705","176","193","155","0","13","0","13","18","28","0","13","12","20","53","57","0","13","68","79","65","55","86","66","58","38","26","27","23","28","69","48","34","36",
"1500000US250214172011","Block Group 1, Census Tract 4172.01, Norfolk County, Massachusetts","372","119","0","13","6","10","22","35","30","45","28","32","6","17","0","13","38","31","0","13","71","99","34","40","0","13","17","28","29","44","47","53","44","45",
"1500000US250214172012","Block Group 2, Census Tract 4172.01, Norfolk County, Massachusetts","158","67","0","13","30","33","0","13","32","37","0","13","0","13","23","37","0","13","0","13","11","20","0","13","0","13","41","47","0","13","21","30","0","13",
"1500000US250214172013","Block Group 3, Census Tract 4172.01, Norfolk County, Massachusetts","802","184","13","21","20","35","0","13","17","21","0","13","47","45","53","55","6","10","0","13","55","83","63","59","254","137","80","93","43","49","51","52","100","78",
"1500000US250214172014","Block Group 4, Census Tract 4172.01, Norfolk County, Massachusetts","528","149","37","59","0","13","0","13","0","13","24","31","0","13","0","13","0","13","44","53","71","71","22","34","19","31","82","90","170","122","21","34","38","45",
"1500000US250214172021","Block Group 1, Census Tract 4172.02, Norfolk County, Massachusetts","237","96","35","41","0","13","47","75","0","13","11","20","0","13","0","13","0","13","0","13","15","24","0","13","26","40","62","80","0","13","0","13","41","35",
"1500000US250214172022","Block Group 2, Census Tract 4172.02, Norfolk County, Massachusetts","285","143","19","31","0","13","0","13","0","13","17","26","23","36","0","13","15","24","0","13","18","28","92","122","18","29","0","13","0","13","63","60","20","23",
"1500000US250214172023","Block Group 3, Census Tract 4172.02, Norfolk County, Massachusetts","444","151","15","25","0","13","15","24","39","59","0","13","0","13","0","13","15","24","12","20","0","13","59","40","54","68","91","86","12","20","84","105","48","70",
"1500000US250214172024","Block Group 4, Census Tract 4172.02, Norfolk County, Massachusetts","519","182","77","127","0","13","0","13","46","73","0","13","18","29","47","74","20","33","0","13","42","63","78","77","67","55","0","13","58","59","25","31","41","43",
"1500000US250214173001","Block Group 1, Census Tract 4173, Norfolk County, Massachusetts","1783","195","81","47","98","55","31","30","54","36","67","65","41","35","40","29","30","43","22","21","85","86","122","69","120","59","253","90","140","87","184","74","415","162",
"1500000US250214174001","Block Group 1, Census Tract 4174, Norfolk County, Massachusetts","366","87","8","13","10","16","0","13","0","13","0","13","0","13","16","23","0","13","14","21","41","50","24","25","86","64","45","37","14","16","31","34","77","41",
"1500000US250214174002","Block Group 2, Census Tract 4174, Norfolk County, Massachusetts","505","136","35","42","0","13","0","13","9","13","0","13","18","19","19","30","0","13","4","10","22","33","18","23","57","56","68","52","76","62","122","120","57","36",
"1500000US250214174003","Block Group 3, Census Tract 4174, Norfolk County, Massachusetts","209","68","0","13","0","13","0","13","39","60","0","13","6","9","10","17","8","13","0","13","10","15","7","11","37","30","40","39","0","13","21","24","31","25",
"1500000US250214175011","Block Group 1, Census Tract 4175.01, Norfolk County, Massachusetts","322","156","0","13","0","13","0","13","0","13","0","13","0","13","0","13","17","28","0","13","0","13","98","130","55","53","97","103","0","13","9","16","46","49",
"1500000US250214175012","Block Group 2, Census Tract 4175.01, Norfolk County, Massachusetts","534","140","0","13","23","37","46","39","17","27","0","13","0","13","17","27","0","13","16","24","34","39","70","82","27","33","57","61","81","82","47","43","99","96",
"1500000US250214175013","Block Group 3, Census Tract 4175.01, Norfolk County, Massachusetts","840","144","44","48","35","40","42","46","0","13","0","13","0","13","19","33","18","29","34","38","114","107","185","118","174","98","33","40","32","36","85","85","25","33",
"1500000US250214175014","Block Group 4, Census Tract 4175.01, Norfolk County, Massachusetts","334","123","20","33","0","13","17","28","11","21","0","13","0","13","0","13","0","13","0","13","61","73","48","38","0","13","66","65","34","41","47","74","30","34",
"1500000US250214175021","Block Group 1, Census Tract 4175.02, Norfolk County, Massachusetts","533","151","67","56","68","106","39","43","39","41","29","25","0","13","0","13","0","13","31","49","11","17","23","28","30","38","85","66","22","21","49","33","40","30",
"1500000US250214175022","Block Group 2, Census Tract 4175.02, Norfolk County, Massachusetts","439","153","0","13","8","12","0","13","11","17","21","34","0","13","8","12","9","15","0","13","146","134","37","41","6","12","59","50","51","42","35","26","48","39",
"1500000US250214175023","Block Group 3, Census Tract 4175.02, Norfolk County, Massachusetts","235","79","17","26","35","41","22","33","12","18","0","13","0","13","0","13","0","13","0","13","34","34","17","20","10","16","46","32","25","26","9","16","8","15",
"1500000US250214175024","Block Group 4, Census Tract 4175.02, Norfolk County, Massachusetts","580","117","30","30","24","16","0","13","37","31","11","17","0","13","0","13","5","9","0","13","16","18","62","45","143","71","109","81","10","18","50","43","83","47",
"1500000US250214176011","Block Group 1, Census Tract 4176.01, Norfolk County, Massachusetts","275","114","0","13","0","13","0","13","6","43","16","24","4","6","0","13","0","13","0","13","0","13","40","37","98","76","16","26","41","38","54","34","0","13",
"1500000US250214176012","Block Group 2, Census Tract 4176.01, Norfolk County, Massachusetts","354","84","11","20","0","13","0","13","9","15","0","13","12","19","0","13","0","13","0","13","19","27","39","40","41","40","57","53","59","45","79","64","28","30",
"1500000US250214176013","Block Group 3, Census Tract 4176.01, Norfolk County, Massachusetts","670","217","30","32","53","51","28","46","13","20","10","16","0","13","12","21","103","107","117","157","0","13","31","36","122","86","55","59","81","70","0","13","15","24",
"1500000US250214176014","Block Group 4, Census Tract 4176.01, Norfolk County, Massachusetts","671","151","0","13","62","55","33","33","37","39","35","34","7","13","44","45","46","52","29","35","40","36","90","81","72","48","35","39","57","57","28","34","56","64",
"1500000US250214176021","Block Group 1, Census Tract 4176.02, Norfolk County, Massachusetts","468","104","28","32","0","13","0","13","0","13","0","13","0","13","14","21","16","25","0","13","35","48","31","35","131","72","83","76","0","13","57","42","73","61",
"1500000US250214176022","Block Group 2, Census Tract 4176.02, Norfolk County, Massachusetts","728","216","54","85","24","40","0","13","22","33","11","19","39","54","12","21","40","42","15","22","21","33","0","13","170","111","202","183","16","23","76","64","26","32",
"1500000US250214176023","Block Group 3, Census Tract 4176.02, Norfolk County, Massachusetts","921","199","4","7","244","119","97","63","17","26","0","13","69","61","19","26","0","13","35","42","0","13","62","53","103","77","75","95","0","13","168","120","28","34",
"1500000US250214177021","Block Group 1, Census Tract 4177.02, Norfolk County, Massachusetts","211","70","0","13","0","13","0","13","0","13","0","13","0","13","0","13","9","14","0","13","0","13","48","44","53","46","9","13","41","47","21","23","30","25",
"1500000US250214177022","Block Group 2, Census Tract 4177.02, Norfolk County, Massachusetts","437","102","75","82","0","13","7","12","11","18","0","13","0","13","7","12","9","15","21","25","56","38","44","31","69","50","29","24","21","29","44","54","44","32",
"1500000US250214177023","Block Group 3, Census Tract 4177.02, Norfolk County, Massachusetts","367","92","0","13","6","11","0","13","15","23","21","20","41","46","12","19","0","13","0","13","12","16","23","27","36","24","11","13","40","38","80","86","70","38",
"1500000US250214177031","Block Group 1, Census Tract 4177.03, Norfolk County, Massachusetts","426","113","85","74","90","77","23","27","17","29","73","76","17","27","24","39","14","23","0","13","27","30","15","25","28","32","13","20","0","13","0","13","0","13",
"1500000US250214177032","Block Group 2, Census Tract 4177.03, Norfolk County, Massachusetts","293","119","20","33","29","47","0","13","17","27","27","32","16","26","0","13","48","70","18","28","51","80","18","28","20","26","18","28","0","13","11","18","0","13",
"1500000US250214177033","Block Group 3, Census Tract 4177.03, Norfolk County, Massachusetts","412","125","16","22","112","63","96","98","15","24","0","13","0","13","17","27","0","13","49","61","7","12","29","34","0","13","34","53","23","37","14","23","0","13",
"1500000US250214177041","Block Group 1, Census Tract 4177.04, Norfolk County, Massachusetts","821","173","7","11","37","38","0","13","0","13","23","28","0","13","0","13","13","22","0","13","85","82","187","115","124","89","165","125","24","26","87","80","69","61",
"1500000US250214177042","Block Group 2, Census Tract 4177.04, Norfolk County, Massachusetts","880","265","20","30","0","13","12","19","0","13","12","19","47","58","25","41","0","13","20","38","35","55","48","46","321","252","64","76","31","35","205","114","40","38",
"1500000US250214178011","Block Group 1, Census Tract 4178.01, Norfolk County, Massachusetts","269","141","14","23","0","13","0","13","14","22","0","13","0","13","0","13","0","13","15","25","0","13","16","26","89","115","12","21","61","75","14","20","34","34",
"1500000US250214178012","Block Group 2, Census Tract 4178.01, Norfolk County, Massachusetts","365","91","0","13","0","13","0","13","0","13","0","13","25","41","0","13","0","13","15","24","0","13","23","37","29","31","173","79","69","65","5","12","26","30",
"1500000US250214178013","Block Group 3, Census Tract 4178.01, Norfolk County, Massachusetts","540","207","13","20","0","13","0","13","0","13","0","13","0","13","71","109","23","30","0","13","107","129","81","96","0","13","43","68","136","85","15","21","51","37",
"1500000US250214178014","Block Group 4, Census Tract 4178.01, Norfolk County, Massachusetts","290","112","14","22","0","13","18","38","0","13","0","13","0","13","0","13","0","13","0","13","0","13","28","45","95","75","0","13","52","58","13","24","70","63",
"1500000US250214178015","Block Group 5, Census Tract 4178.01, Norfolk County, Massachusetts","620","136","22","41","0","13","87","73","38","61","14","23","0","13","23","30","58","60","34","51","14","23","55","62","36","44","27","32","0","13","95","72","117","78",
"1500000US250214178021","Block Group 1, Census Tract 4178.02, Norfolk County, Massachusetts","586","108","26","31","0","13","51","45","34","34","81","57","0","13","15","22","35","31","25","26","53","37","34","34","101","64","31","36","58","38","0","13","42","41",
"1500000US250214178022","Block Group 2, Census Tract 4178.02, Norfolk County, Massachusetts","642","125","51","38","82","54","144","85","67","53","27","25","33","28","16","17","0","13","5","10","0","13","56","51","28","26","24","33","44","44","13","24","52","62",
"1500000US250214179011","Block Group 1, Census Tract 4179.01, Norfolk County, Massachusetts","944","229","98","86","0","13","46","74","14","21","18","23","11","18","0","13","11","16","11","18","160","109","157","98","157","162","20","31","40","54","152","94","49","50",
"1500000US250214179012","Block Group 2, Census Tract 4179.01, Norfolk County, Massachusetts","559","208","0","13","18","30","47","58","33","52","130","160","12","21","0","13","0","13","51","66","8","14","12","19","101","89","66","66","0","13","62","73","19","31",
"1500000US250214179013","Block Group 3, Census Tract 4179.01, Norfolk County, Massachusetts","394","146","0","13","39","58","14","26","163","153","0","13","41","40","0","13","15","26","14","22","22","36","9","14","23","25","30","28","24","29","0","13","0","13",
"1500000US250214179014","Block Group 4, Census Tract 4179.01, Norfolk County, Massachusetts","304","116","13","23","78","100","9","15","9","14","0","13","0","13","0","13","15","27","0","13","0","13","47","45","56","63","0","13","10","16","45","41","22","26",
"1500000US250214179015","Block Group 5, Census Tract 4179.01, Norfolk County, Massachusetts","1067","324","54","42","76","48","107","75","40","38","95","76","66","52","53","44","101","129","125","199","137","121","7","12","58","57","126","79","22","34","0","13","0","13",
"1500000US250214179016","Block Group 6, Census Tract 4179.01, Norfolk County, Massachusetts","327","131","0","13","30","34","14","24","0","13","16","26","36","54","0","13","7","15","31","50","0","13","44","72","16","20","64","86","0","13","69","70","0","13",
"1500000US250214179021","Block Group 1, Census Tract 4179.02, Norfolk County, Massachusetts","434","104","48","45","0","13","0","13","0","13","0","13","7","11","23","26","0","13","22","31","22","24","76","43","48","36","63","45","31","31","26","30","68","77",
"1500000US250214179022","Block Group 2, Census Tract 4179.02, Norfolk County, Massachusetts","629","128","46","31","19","15","37","33","16","18","19","22","12","18","48","39","31","36","0","13","33","30","99","74","55","36","32","30","42","44","78","46","62","81",
"1500000US250214179023","Block Group 3, Census Tract 4179.02, Norfolk County, Massachusetts","380","104","0","13","0","13","28","34","0","13","44","30","0","13","20","21","9","15","0","13","34","43","38","34","117","86","31","26","6","12","36","30","17","26",
"1500000US250214180021","Block Group 1, Census Tract 4180.02, Norfolk County, Massachusetts","664","150","15","23","12","20","0","13","36","45","0","13","13","22","0","13","25","30","0","13","0","13","172","84","98","69","44","57","122","100","93","68","34","34",
"1500000US250214180022","Block Group 2, Census Tract 4180.02, Norfolk County, Massachusetts","244","84","0","13","0","13","0","13","0","13","0","13","0","13","0","13","33","53","0","13","19","30","56","63","28","31","40","43","0","13","52","38","16","25",
"1500000US250214180023","Block Group 3, Census Tract 4180.02, Norfolk County, Massachusetts","589","168","28","32","0","13","0","13","0","13","0","13","36","58","0","13","0","13","35","57","15","25","155","143","148","109","22","25","58","52","22","37","70","58",
"1500000US250214180024","Block Group 4, Census Tract 4180.02, Norfolk County, Massachusetts","1540","207","22","25","74","78","34","40","83","71","47","60","89","72","34","36","24","21","13","20","70","57","70","69","512","199","146","111","176","91","110","103","36","59",
"1500000US250214180031","Block Group 1, Census Tract 4180.03, Norfolk County, Massachusetts","737","193","30","30","35","58","0","13","0","13","58","62","37","31","0","13","13","22","33","50","13","20","83","67","58","40","140","101","140","134","79","60","18","22",
"1500000US250214180032","Block Group 2, Census Tract 4180.03, Norfolk County, Massachusetts","370","83","0","13","0","13","0","13","0","13","0","13","10","15","10","15","15","17","2","9","23","35","0","13","53","42","71","56","19","17","101","53","66","54",
"1500000US250214180041","Block Group 1, Census Tract 4180.04, Norfolk County, Massachusetts","508","110","44","32","0","13","0","13","20","22","56","41","0","13","9","14","58","65","34","38","73","40","45","54","78","49","43","43","0","13","40","44","8","13",
"1500000US250214180042","Block Group 2, Census Tract 4180.04, Norfolk County, Massachusetts","539","132","53","50","33","40","9","14","0","13","0","13","10","16","28","35","0","13","11","17","35","42","88","82","61","46","67","45","55","45","56","56","33","38",
"1500000US250214180043","Block Group 3, Census Tract 4180.04, Norfolk County, Massachusetts","825","138","49","43","82","53","39","38","8","12","12","18","64","51","17","18","36","31","57","54","41","44","100","64","67","42","120","66","48","41","43","28","42","35",
"1500000US250214181011","Block Group 1, Census Tract 4181.01, Norfolk County, Massachusetts","734","319","0","13","100","120","40","63","0","13","16","27","0","13","0","13","15","24","0","13","0","13","36","43","88","84","90","66","238","282","38","36","73","55",
"1500000US250214181012","Block Group 2, Census Tract 4181.01, Norfolk County, Massachusetts","258","119","0","13","85","92","16","25","0","13","0","13","0","13","0","13","0","13","23","27","0","13","13","22","64","76","0","13","27","43","14","24","16","26",
"1500000US250214181013","Block Group 3, Census Tract 4181.01, Norfolk County, Massachusetts","586","131","45","38","101","93","29","32","58","54","47","35","26","37","16","27","19","27","0","13","30","36","49","68","17","25","58","56","13","24","0","13","78","54",
"1500000US250214181014","Block Group 4, Census Tract 4181.01, Norfolk County, Massachusetts","709","151","51","56","0","13","0","13","22","35","0","13","0","13","0","13","28","43","37","43","33","40","34","40","131","89","107","74","133","112","110","82","23","34",
"1500000US250214181021","Block Group 1, Census Tract 4181.02, Norfolk County, Massachusetts","363","108","0","13","5","10","10","16","47","48","51","52","50","65","9","14","34","53","0","13","35","31","0","13","8","13","21","18","13","15","35","28","45","29",
"1500000US250214181022","Block Group 2, Census Tract 4181.02, Norfolk County, Massachusetts","810","340","21","26","10","19","37","34","32","29","11","18","11","17","16","21","26","43","48","37","0","13","110","78","101","53","51","39","24","24","297","324","15","23",
"1500000US250214181023","Block Group 3, Census Tract 4181.02, Norfolk County, Massachusetts","581","110","28","34","0","13","82","68","0","13","9","14","43","43","20","25","10","17","0","13","27","30","28","34","153","72","26","29","54","52","45","50","56","48",
"1500000US250214182011","Block Group 1, Census Tract 4182.01, Norfolk County, Massachusetts","722","188","56","78","0","13","46","50","36","41","10","18","89","73","0","13","61","76","51","54","45","45","23","32","72","97","61","74","45","44","109","117","18","30",
"1500000US250214182012","Block Group 2, Census Tract 4182.01, Norfolk County, Massachusetts","1022","185","10","16","0","13","66","76","18","21","19","31","20","34","10","15","14","15","28","42","78","61","56","36","251","102","165","92","52","41","161","98","74","57",
"1500000US250214182013","Block Group 3, Census Tract 4182.01, Norfolk County, Massachusetts","828","166","75","96","0","13","0","13","0","13","0","13","0","13","31","37","0","13","49","47","0","13","32","40","177","110","114","71","76","76","146","91","128","84",
"1500000US250214191001","Block Group 1, Census Tract 4191, Norfolk County, Massachusetts","502","134","0","13","31","37","14","24","44","41","0","13","15","25","0","13","47","77","0","13","74","75","16","26","43","33","16","21","49","35","121","87","32","53",
"1500000US250214191002","Block Group 2, Census Tract 4191, Norfolk County, Massachusetts","0","13","0","13","0","13","0","13","0","13","0","13","0","13","0","13","0","13","0","13","0","13","0","13","0","13","0","13","0","13","0","13","0","13",
"1500000US250214191003","Block Group 3, Census Tract 4191, Norfolk County, Massachusetts","306","133","0","13","0","13","0","13","0","13","0","13","0","13","0","13","0","13","49","73","28","33","0","13","145","124","18","27","0","13","0","13","66","61",
"1500000US250214191004","Block Group 4, Census Tract 4191, Norfolk County, Massachusetts","561","144","0","13","0","13","0","13","17","26","0","13","16","25","33","37","0","13","0","13","0","13","32","36","85","67","79","58","91","70","75","52","133","102",
"1500000US250214191005","Block Group 5, Census Tract 4191, Norfolk County, Massachusetts","632","167","0","13","0","13","3","6","17","28","16","25","0","13","16","24","17","26","0","13","14","21","16","25","118","73","110","76","24","28","163","131","118","77",
"1500000US250214192001","Block Group 1, Census Tract 4192, Norfolk County, Massachusetts","859","110","15","24","58","52","48","37","28","21","42","41","7","11","16","21","0","13","8","14","79","44","40","60","117","66","62","45","80","51","158","86","101","55",
"1500000US250214192002","Block Group 2, Census Tract 4192, Norfolk County, Massachusetts","280","75","8","13","7","11","6","11","52","46","10","12","12","13","21","20","0","13","0","13","19","21","13","15","23","19","9","13","13","15","25","28","62","50",
"1500000US250214192003","Block Group 3, Census Tract 4192, Norfolk County, Massachusetts","431","89","0","13","0","13","0","13","0","13","6","10","0","13","0","13","0","13","0","13","50","43","8","13","30","24","63","50","47","54","52","51","175","77",
"1500000US250214192004","Block Group 4, Census Tract 4192, Norfolk County, Massachusetts","211","63","0","13","6","11","0","13","0","13","15","23","0","13","0","13","9","15","0","13","5","8","14","21","9","13","35","28","21","26","57","52","40","35",
"1500000US250214193001","Block Group 1, Census Tract 4193, Norfolk County, Massachusetts","498","119","17","20","7","12","0","13","78","81","10","15","0","13","27","25","0","13","11","17","14","16","55","49","71","39","58","47","48","34","22","21","80","63",
"1500000US250214193002","Block Group 2, Census Tract 4193, Norfolk County, Massachusetts","318","74","13","21","0","13","32","35","14","23","28","45","10","16","0","13","22","32","8","13","10","18","26","30","48","46","30","36","19","21","40","28","18","21",
"1500000US250214193003","Block Group 3, Census Tract 4193, Norfolk County, Massachusetts","266","85","28","42","39","63","47","50","9","18","17","19","0","13","7","12","19","21","0","13","0","13","48","42","33","36","8","12","0","13","0","13","11","12",
"1500000US250214193004","Block Group 4, Census Tract 4193, Norfolk County, Massachusetts","415","112","7","10","0","13","0","13","0","13","16","24","0","13","1","2","0","13","0","13","0","13","104","125","45","37","47","38","17","22","65","33","113","56",
"1500000US250214194001","Block Group 1, Census Tract 4194, Norfolk County, Massachusetts","259","95","0","13","7","13","0","13","0","13","0","13","0","13","0","13","7","11","0","13","48","61","0","13","86","65","37","26","36","41","5","8","33","41",
"1500000US250214194002","Block Group 2, Census Tract 4194, Norfolk County, Massachusetts","432","79","0","13","14","16","0","13","17","22","26","44","0","13","14","15","43","46","47","40","41","41","17","16","13","15","67","34","44","29","35","33","54","43",
"1500000US250214194003","Block Group 3, Census Tract 4194, Norfolk County, Massachusetts","573","117","68","53","11","19","124","102","0","13","8","13","0","13","9","14","0","13","29","34","14","18","13","15","70","50","33","34","55","45","12","15","127","63",
"1500000US250214195001","Block Group 1, Census Tract 4195, Norfolk County, Massachusetts","336","98","5","8","0","13","0","13","9","14","0","13","9","15","29","41","0","13","10","17","42","39","52","55","24","21","36","30","26","37","33","35","61","58",
"1500000US250214195002","Block Group 2, Census Tract 4195, Norfolk County, Massachusetts","734","105","13","16","40","31","0","13","34","39","0","13","0","13","9","14","37","41","9","14","25","24","55","31","46","29","51","33","101","50","124","62","190","105",
"1500000US250214196011","Block Group 1, Census Tract 4196.01, Norfolk County, Massachusetts","595","100","15","25","0","13","0","13","0","13","0","13","0","13","0","13","0","13","0","13","0","13","89","79","95","96","34","41","42","43","142","78","178","103",
"1500000US250214196021","Block Group 1, Census Tract 4196.02, Norfolk County, Massachusetts","503","130","27","32","46","50","24","34","24","39","0","13","31","37","0","13","9","17","16","24","0","13","0","13","158","108","28","20","33","40","53","48","54","50",
"1500000US250214196022","Block Group 2, Census Tract 4196.02, Norfolk County, Massachusetts","711","133","0","13","32","44","36","38","19","23","15","24","0","13","0","13","24","39","16","25","32","35","14","24","72","58","148","96","75","73","128","75","100","58",
"1500000US250214196023","Block Group 3, Census Tract 4196.02, Norfolk County, Massachusetts","786","139","14","24","0","13","14","22","0","13","15","24","26","29","15","25","41","38","21","35","11","20","59","43","72","54","67","52","121","73","143","73","167","80",
"1500000US250214197001","Block Group 1, Census Tract 4197, Norfolk County, Massachusetts","662","95","10","16","0","13","37","42","16","19","0","13","17","19","8","14","0","13","7","12","41","41","55","48","100","43","78","49","62","57","91","49","140","63",
"1500000US250214197002","Block Group 2, Census Tract 4197, Norfolk County, Massachusetts","1097","256","65","64","22","17","51","41","28","24","15","20","21","26","29","28","25","24","7","11","13","23","39","28","104","67","42","40","77","42","382","261","177","90",
"1500000US250214198001","Block Group 1, Census Tract 4198, Norfolk County, Massachusetts","553","100","24","25","25","24","0","13","0","13","10","15","20","22","8","14","0","13","71","58","22","24","51","35","47","34","63","49","28","26","45","31","139","73",
"1500000US250214198002","Block Group 2, Census Tract 4198, Norfolk County, Massachusetts","552","113","9","15","14","21","0","13","0","13","68","56","9","14","40","52","65","78","88","61","29","25","48","29","32","26","92","64","29","27","0","13","29","32",
"1500000US250214198003","Block Group 3, Census Tract 4198, Norfolk County, Massachusetts","679","165","27","27","0","13","0","13","9","14","0","13","0","13","20","22","0","13","11","18","79","53","125","96","180","135","104","50","24","22","41","35","59","46",
"1500000US250214201011","Block Group 1, Census Tract 4201.01, Norfolk County, Massachusetts","235","127","0","13","12","20","0","13","0","13","3","20","0","13","0","13","0","13","0","13","0","13","10","18","35","50","91","86","0","13","51","56","33","83",
"1500000US250214201012","Block Group 2, Census Tract 4201.01, Norfolk County, Massachusetts","928","259","0","13","38","57","43","40","0","13","10","16","0","13","30","68","8","17","14","29","75","89","136","178","127","91","304","89","82","92","30","44","31","40",
"1500000US250214201013","Block Group 3, Census Tract 4201.01, Norfolk County, Massachusetts","570","247","0","13","0","13","0","13","0","13","16","27","120","179","15","26","27","37","31","37","0","13","13","23","83","104","134","179","24","46","0","13","107","132",
"1500000US250214201021","Block Group 1, Census Tract 4201.02, Norfolk County, Massachusetts","463","151","92","105","14","24","0","13","0","13","12","20","0","13","7","17","0","13","37","49","17","24","72","59","75","71","30","31","34","39","31","34","42","40",
"1500000US250214201022","Block Group 2, Census Tract 4201.02, Norfolk County, Massachusetts","981","210","20","31","0","13","116","98","35","42","0","13","17","25","13","21","68","80","0","13","58","55","12","37","344","197","77","81","102","82","67","72","52","79",
"1500000US250214202011","Block Group 1, Census Tract 4202.01, Norfolk County, Massachusetts","263","73","0","13","0","13","8","14","0","13","0","13","0","13","0","13","0","13","0","13","25","29","11","16","33","28","26","29","52","31","9","14","99","64",
"1500000US250214202012","Block Group 2, Census Tract 4202.01, Norfolk County, Massachusetts","804","145","45","40","36","29","13","22","26","31","41","45","7","11","9","14","30","33","22","28","106","68","74","69","101","95","35","28","144","68","60","67","55","44",
"1500000US250214202021","Block Group 1, Census Tract 4202.02, Norfolk County, Massachusetts","525","166","0","13","13","22","25","34","11","18","24","28","0","13","0","13","29","34","53","55","15","25","35","45","57","57","60","62","14","23","103","93","86","102",
"1500000US250214202022","Block Group 2, Census Tract 4202.02, Norfolk County, Massachusetts","932","209","15","27","114","101","29","47","0","13","0","13","57","66","13","22","0","13","23","27","131","147","287","198","49","49","130","71","29","32","24","28","31","45",
"1500000US250214202023","Block Group 3, Census Tract 4202.02, Norfolk County, Massachusetts","678","141","17","28","0","13","17","27","13","22","0","13","0","13","51","75","0","13","0","13","32","49","64","76","107","85","105","74","139","104","47","44","86","83",
"1500000US250214202024","Block Group 4, Census Tract 4202.02, Norfolk County, Massachusetts","0","13","0","13","0","13","0","13","0","13","0","13","0","13","0","13","0","13","0","13","0","13","0","13","0","13","0","13","0","13","0","13","0","13",
"1500000US250214202025","Block Group 5, Census Tract 4202.02, Norfolk County, Massachusetts","387","97","31","50","0","13","0","13","0","13","0","13","0","13","0","13","0","13","10","17","31","26","29","33","93","72","55","47","62","54","53","49","23","26",
"1500000US250214203011","Block Group 1, Census Tract 4203.01, Norfolk County, Massachusetts","302","112","0","13","0","13","38","43","43","50","17","27","0","13","16","26","16","29","0","13","0","13","37","63","60","62","10","16","37","57","11","17","17","26",
"1500000US250214203012","Block Group 2, Census Tract 4203.01, Norfolk County, Massachusetts","666","195","0","13","0","13","14","22","17","29","50","54","20","34","38","55","0","13","0","13","0","13","27","31","208","181","163","115","42","58","55","66","32","37",
"1500000US250214203013","Block Group 3, Census Tract 4203.01, Norfolk County, Massachusetts","1062","219","69","79","79","91","23","26","27","30","56","77","7","16","81","85","19","31","20","33","112","89","103","74","157","77","64","56","197","175","0","13","48","49",
"1500000US250214203014","Block Group 4, Census Tract 4203.01, Norfolk County, Massachusetts","406","127","13","21","10","17","0","13","0","13","0","13","0","13","26","49","0","13","0","13","13","22","14","21","80","74","74","53","71","52","17","31","88","78",
"1500000US250214203021","Block Group 1, Census Tract 4203.02, Norfolk County, Massachusetts","618","171","18","29","18","30","5","14","18","30","19","31","35","39","0","13","0","13","31","46","0","13","61","74","27","31","76","94","33","40","85","78","192","137",
"1500000US250214203022","Block Group 2, Census Tract 4203.02, Norfolk County, Massachusetts","247","118","0","13","17","25","0","13","14","21","0","13","0","13","78","78","0","13","0","13","40","65","48","45","0","13","30","50","13","21","7","13","0","13",
"1500000US250214203023","Block Group 3, Census Tract 4203.02, Norfolk County, Massachusetts","259","92","0","13","21","34","0","13","0","13","9","12","0","13","40","64","0","13","13","21","34","41","27","40","39","44","0","13","15","23","36","41","25","36",
"1500000US250214203024","Block Group 4, Census Tract 4203.02, Norfolk County, Massachusetts","650","177","64","58","0","13","39","42","15","23","0","13","55","56","0","13","0","13","0","13","0","13","30","34","59","59","147","81","81","106","97","89","63","60",
"1500000US250214203025","Block Group 5, Census Tract 4203.02, Norfolk County, Massachusetts","751","249","136","199","18","31","56","85","13","20","30","36","57","72","0","13","61","86","21","44","31","48","82","99","29","44","78","83","79","80","40","49","20","29",
"1500000US250214211001","Block Group 1, Census Tract 4211, Norfolk County, Massachusetts","718","175","0","13","66","76","13","21","52","75","102","86","0","13","35","43","0","13","41","40","41","37","137","134","79","71","33","41","89","104","19","29","11","19",
"1500000US250214211002","Block Group 2, Census Tract 4211, Norfolk County, Massachusetts","242","112","0","13","0","13","0","13","15","25","15","24","0","13","11","21","0","13","12","21","14","24","56","61","0","13","0","13","34","42","19","30","66","102",
"1500000US250214211003","Block Group 3, Census Tract 4211, Norfolk County, Massachusetts","474","159","42","53","0","13","0","13","0","13","0","13","15","24","76","123","0","13","0","13","0","13","67","57","74","85","98","96","15","27","53","69","34","56",
"1500000US250214211004","Block Group 4, Census Tract 4211, Norfolk County, Massachusetts","811","186","85","96","25","23","15","24","33","52","43","56","37","59","0","13","11","18","0","13","100","100","0","13","78","72","115","98","46","46","191","144","32","36",
"1500000US250214212001","Block Group 1, Census Tract 4212, Norfolk County, Massachusetts","553","163","21","34","36","57","0","13","15","23","0","13","0","13","133","96","34","39","0","13","51","81","0","13","40","57","95","85","0","13","116","83","12","20",
"1500000US250214212002","Block Group 2, Census Tract 4212, Norfolk County, Massachusetts","379","98","0","13","0","13","0","13","0","13","0","13","0","13","0","13","0","13","0","13","20","33","44","51","61","50","65","77","59","44","69","64","61","54",
"1500000US250214212003","Block Group 3, Census Tract 4212, Norfolk County, Massachusetts","406","112","0","13","0","13","17","27","0","13","17","27","14","23","0","13","0","13","0","13","12","21","40","29","121","95","30","36","30","49","74","71","51","57",
"1500000US250214212004","Block Group 4, Census Tract 4212, Norfolk County, Massachusetts","423","132","0","13","0","13","0","13","28","43","18","30","17","26","49","54","0","13","0","13","14","23","34","38","52","51","41","34","72","88","54","58","44","68",
"1500000US250214212005","Block Group 5, Census Tract 4212, Norfolk County, Massachusetts","346","124","18","30","15","25","0","13","28","33","0","13","11","17","0","13","38","43","0","13","19","30","97","94","14","23","49","59","57","70","0","13","0","13",
"1500000US250214221001","Block Group 1, Census Tract 4221, Norfolk County, Massachusetts","505","178","27","40","16","19","8","14","0","13","0","13","0","13","102","154","0","13","7","12","31","38","24","36","62","36","38","34","18","21","105","65","67","49",
"1500000US250214221002","Block Group 2, Census Tract 4221, Norfolk County, Massachusetts","564","89","44","51","17","19","1","2","23","37","24","36","24","22","9","13","9","14","0","13","0","13","28","26","49","30","66","63","96","50","96","50","78","37",
"1500000US250214221003","Block Group 3, Census Tract 4221, Norfolk County, Massachusetts","638","137","0","13","0","13","0","13","14","21","15","15","9","14","17","19","0","13","0","13","89","81","55","39","75","53","8","12","36","28","122","66","198","93",
"1500000US250214221004","Block Group 4, Census Tract 4221, Norfolk County, Massachusetts","357","93","21","23","0","13","0","13","40","46","0","13","17","20","0","13","0","13","9","15","14","16","56","67","70","50","8","14","31","28","51","33","40","32",
"1500000US250214222011","Block Group 1, Census Tract 4222.01, Norfolk County, Massachusetts","210","152","0","13","0","13","0","13","0","13","0","13","0","13","0","13","0","13","0","13","18","28","0","13","0","13","91","92","0","13","75","116","26","31",
"1500000US250214222012","Block Group 2, Census Tract 4222.01, Norfolk County, Massachusetts","456","98","0","13","0","13","0","13","16","25","0","13","0","13","103","113","0","13","0","13","32","36","33","38","33","41","33","38","64","75","47","48","95","82",
"1500000US250214222021","Block Group 1, Census Tract 4222.02, Norfolk County, Massachusetts","410","105","0","13","0","13","14","22","0","13","0","13","16","25","7","12","0","13","36","35","14","23","30","34","27","31","72","74","20","32","93","77","81","54",
"1500000US250214222022","Block Group 2, Census Tract 4222.02, Norfolk County, Massachusetts","343","153","0","13","0","13","23","34","0","13","0","13","0","13","0","13","0","13","18","28","25","40","94","128","23","38","34","39","46","53","58","53","22","35",
"1500000US250214222023","Block Group 3, Census Tract 4222.02, Norfolk County, Massachusetts","1585","252","121","102","84","85","0","13","37","34","68","58","10","18","181","166","19","31","32","56","144","138","169","127","335","292","253","137","113","106","19","30","0","13",
"1500000US250214222024","Block Group 4, Census Tract 4222.02, Norfolk County, Massachusetts","367","133","0","13","0","13","0","13","14","23","20","31","17","27","43","68","0","13","23","36","35","51","0","13","66","75","0","13","46","44","28","45","75","52",
"1500000US250214222025","Block Group 5, Census Tract 4222.02, Norfolk County, Massachusetts","526","102","0","13","25","40","10","16","0","13","0","13","19","23","16","25","17","26","45","42","38","31","0","13","71","71","29","34","39","50","102","66","115","81",
"1500000US250214223011","Block Group 1, Census Tract 4223.01, Norfolk County, Massachusetts","411","107","12","20","9","15","7","11","11","18","0","13","0","13","0","13","25","37","48","63","30","27","11","18","47","41","76","60","35","37","57","35","43","36",
"1500000US250214223012","Block Group 2, Census Tract 4223.01, Norfolk County, Massachusetts","842","149","8","13","0","13","9","15","29","28","8","13","19","23","21","24","0","13","15","18","17","18","87","65","43","43","145","89","128","112","167","93","146","68",
"1500000US250214223031","Block Group 1, Census Tract 4223.03, Norfolk County, Massachusetts","483","145","0","13","14","24","0","13","66","56","28","41","11","18","0","13","27","32","0","13","52","60","43","43","83","79","17","23","118","86","9","16","15","28",
"1500000US250214223032","Block Group 2, Census Tract 4223.03, Norfolk County, Massachusetts","1090","222","92","100","13","21","23","21","45","54","13","22","42","39","0","13","111","73","26","45","53","51","41","48","260","158","63","61","234","181","61","73","13","21",
"1500000US250214223033","Block Group 3, Census Tract 4223.03, Norfolk County, Massachusetts","791","184","10","17","0","13","10","16","139","125","0","13","0","13","36","37","39","64","67","89","97","63","172","136","96","91","38","55","12","22","27","44","48","60",
"1500000US250214223041","Block Group 1, Census Tract 4223.04, Norfolk County, Massachusetts","365","79","0","13","0","13","16","26","0","13","0","13","0","13","9","19","0","13","47","59","0","13","13","22","88","96","57","54","0","13","28","37","107","97",
"1500000US250214223042","Block Group 2, Census Tract 4223.04, Norfolk County, Massachusetts","459","175","13","20","0","13","19","30","0","13","0","13","0","13","0","13","8","14","0","13","0","13","13","22","79","64","26","33","99","79","66","68","136","172",
"1500000US250214224011","Block Group 1, Census Tract 4224.01, Norfolk County, Massachusetts","230","99","0","13","0","13","0","13","0","13","16","27","0","13","0","13","15","25","0","13","0","13","43","68","85","59","0","13","7","15","44","48","20","33",
"1500000US250214224012","Block Group 2, Census Tract 4224.01, Norfolk County, Massachusetts","553","160","54","87","0","13","43","46","25","35","58","88","154","127","52","61","12","22","34","51","0","13","22","34","18","29","43","47","21","32","0","13","17","37",
"1500000US250214224013","Block Group 3, Census Tract 4224.01, Norfolk County, Massachusetts","895","229","38","44","19","31","16","25","126","180","16","26","0","13","0","13","67","108","20","31","0","13","41","48","33","40","174","107","153","117","137","98","55","50",
"1500000US250214224021","Block Group 1, Census Tract 4224.02, Norfolk County, Massachusetts","810","274","0","13","14","22","29","33","0","13","0","13","0","13","0","13","14","22","0","13","67","70","226","276","49","46","145","112","75","79","121","80","70","70",
"1500000US250214224022","Block Group 2, Census Tract 4224.02, Norfolk County, Massachusetts","529","217","32","35","57","73","30","36","75","88","30","33","15","27","18","29","0","13","40","62","30","24","11","18","45","42","114","186","0","13","16","24","16","26",
"1500000US250214224023","Block Group 3, Census Tract 4224.02, Norfolk County, Massachusetts","468","99","31","37","14","23","16","25","0","13","0","13","14","24","47","36","0","13","0","13","0","13","58","48","49","47","78","75","71","68","52","76","38","38",
"1500000US250214225011","Block Group 1, Census Tract 4225.01, Norfolk County, Massachusetts","464","117","12","20","0","13","0","13","39","60","25","28","0","13","15","24","35","42","50","57","15","25","42","43","82","76","79","75","9","16","35","37","26","39",
"1500000US250214225012","Block Group 2, Census Tract 4225.01, Norfolk County, Massachusetts","1078","193","84","76","78","65","76","85","58","55","45","42","0","13","55","67","12","19","72","118","60","34","82","90","202","103","47","61","119","92","39","41","49","57",
"1500000US250214225013","Block Group 3, Census Tract 4225.01, Norfolk County, Massachusetts","277","129","16","26","0","13","0","13","13","21","0","13","0","13","0","13","0","13","0","13","17","28","44","43","0","13","147","120","20","27","20","33","0","13",
"1500000US250214225014","Block Group 4, Census Tract 4225.01, Norfolk County, Massachusetts","252","103","0","13","0","13","0","13","0","13","0","13","0","13","0","13","0","13","0","13","28","44","69","55","27","33","0","13","38","57","5","19","85","64",
"1500000US250214225021","Block Group 1, Census Tract 4225.02, Norfolk County, Massachusetts","467","183","34","47","79","125","0","13","32","34","0","13","0","13","65","104","36","58","0","13","13","22","92","113","0","13","49","48","17","27","33","29","17","27",
"1500000US250214225022","Block Group 2, Census Tract 4225.02, Norfolk County, Massachusetts","579","163","28","33","44","41","12","19","34","40","0","13","0","13","15","24","29","48","0","13","0","13","76","85","97","84","47","56","133","128","26","30","38","49",
"1500000US250214225023","Block Group 3, Census Tract 4225.02, Norfolk County, Massachusetts","1039","355","31","35","14","23","76","67","29","34","29","33","0","13","0","13","62","56","31","52","127","82","54","50","162","102","231","259","48","57","129","212","16","28",
"1500000US250214225024","Block Group 4, Census Tract 4225.02, Norfolk County, Massachusetts","481","137","18","28","0","13","0","13","98","110","16","27","0","13","0","13","20","33","20","31","63","54","64","69","48","38","63","63","35","55","27","51","9","17",
"1500000US250214226001","Block Group 1, Census Tract 4226, Norfolk County, Massachusetts","420","116","0","13","14","23","0","13","0","13","0","13","37","59","0","13","0","13","0","13","18","27","90","100","0","13","20","37","120","91","85","59","36","43",
"1500000US250214226002","Block Group 2, Census Tract 4226, Norfolk County, Massachusetts","434","117","0","13","0","13","17","28","0","13","0","13","41","61","17","27","0","13","15","24","50","78","35","29","146","113","25","30","49","40","15","24","24","24",
"1500000US250214226003","Block Group 3, Census Tract 4226, Norfolk County, Massachusetts","288","73","17","27","0","13","14","24","20","28","11","20","0","13","0","13","13","21","8","15","34","39","37","35","49","46","21","34","35","31","6","10","23","34",
"1500000US250214226004","Block Group 4, Census Tract 4226, Norfolk County, Massachusetts","461","102","15","24","0","13","14","22","0","13","0","13","23","38","17","27","31","46","0","13","14","23","0","13","55","62","14","22","27","26","123","99","128","83",
"1500000US250214226005","Block Group 5, Census Tract 4226, Norfolk County, Massachusetts","352","94","0","13","72","68","22","35","0","13","0","13","16","27","14","21","0","13","14","23","0","13","17","27","28","31","45","42","45","50","43","38","36","36",
"1500000US250214226006","Block Group 6, Census Tract 4226, Norfolk County, Massachusetts","504","183","20","32","0","13","0","13","0","13","0","13","14","21","18","28","0","13","0","13","12","18","0","13","55","49","103","124","60","56","148","128","74","56",
"1500000US250214227001","Block Group 1, Census Tract 4227, Norfolk County, Massachusetts","646","91","16","18","0","13","32","31","0","13","19","23","9","15","14","21","8","13","27","30","39","42","131","79","100","48","99","54","30","42","84","48","38","32",
"1500000US250214227002","Block Group 2, Census Tract 4227, Norfolk County, Massachusetts","246","65","0","13","0","13","8","12","10","16","0","13","6","10","9","15","9","14","6","8","12","21","9","15","28","24","29","24","20","20","79","49","21","25",
"1500000US250214227003","Block Group 3, Census Tract 4227, Norfolk County, Massachusetts","329","96","0","13","9","14","0","13","0","13","0","13","19","22","0","13","12","20","0","13","31","38","15","24","81","49","68","67","13","18","57","42","24","29",
"1500000US250214227004","Block Group 4, Census Tract 4227, Norfolk County, Massachusetts","277","83","0","13","0","13","0","13","9","15","19","22","0","13","0","13","4","6","0","13","0","13","29","24","146","85","14","16","24","38","24","27","8","13",
"1500000US250214228001","Block Group 1, Census Tract 4228, Norfolk County, Massachusetts","953","151","47","49","10","15","11","17","146","127","22","23","20","23","28","26","0","13","28","27","84","48","92","68","107","51","117","71","59","43","74","62","108","63",
"1500000US250214228002","Block Group 2, Census Tract 4228, Norfolk County, Massachusetts","339","59","0","13","24","26","10","15","0","13","0","13","0","13","29","26","0","13","10","16","7","11","20","21","51","33","40","32","40","32","32","25","76","53",
"1500000US250214228003","Block Group 3, Census Tract 4228, Norfolk County, Massachusetts","349","80","21","32","0","13","10","15","0","13","0","13","37","42","21","32","28","33","8","13","9","15","45","46","55","36","37","38","42","40","3","7","33","32",
"1500000US250214228004","Block Group 4, Census Tract 4228, Norfolk County, Massachusetts","270","118","0","13","0","13","0","13","0","13","0","13","10","15","0","13","0","13","19","15","0","13","34","27","74","43","0","13","81","118","37","30","15","17",
"1500000US250214231011","Block Group 1, Census Tract 4231.01, Norfolk County, Massachusetts","533","136","78","72","32","42","33","40","16","26","0","13","0","13","0","13","0","13","20","32","0","13","0","13","35","41","43","51","70","88","42","39","164","83",
"1500000US250214231012","Block Group 2, Census Tract 4231.01, Norfolk County, Massachusetts","595","135","30","36","35","50","41","64","16","28","0","13","0","13","15","26","0","13","0","13","16","27","20","31","72","62","31","37","84","59","18","28","217","93",
"1500000US250214231013","Block Group 3, Census Tract 4231.01, Norfolk County, Massachusetts","322","108","0","13","0","13","0","13","0","13","83","101","0","13","0","13","16","26","0","13","0","13","23","36","17","27","19","29","16","28","7","18","141","85",
"1500000US250214231021","Block Group 1, Census Tract 4231.02, Norfolk County, Massachusetts","557","145","64","102","13","20","0","13","7","15","0","13","0","13","0","13","0","13","0","13","51","77","18","29","13","21","62","37","16","27","42","38","271","106",
"1500000US250214231022","Block Group 2, Census Tract 4231.02, Norfolk County, Massachusetts","710","194","0","13","15","26","17","27","30","37","17","26","36","55","43","54","20","31","17","29","90","68","0","13","70","58","0","13","25","29","86","72","244","174",
"1500000US250214231023","Block Group 3, Census Tract 4231.02, Norfolk County, Massachusetts","514","104","15","26","0","13","20","27","0","13","0","13","0","13","0","13","0","13","0","13","0","13","33","38","26","28","55","62","40","47","85","67","240","110",
"1500000US250214401011","Block Group 1, Census Tract 4401.01, Norfolk County, Massachusetts","555","105","15","25","17","26","17","27","0","13","44","70","97","86","32","32","11","18","18","29","17","19","0","13","61","50","33","37","46","39","96","59","51","41",
"1500000US250214401012","Block Group 2, Census Tract 4401.01, Norfolk County, Massachusetts","1218","250","0","13","0","13","30","35","61","35","34","41","31","35","30","47","35","38","170","246","150","119","134","93","122","75","183","104","56","68","119","71","63","52",
"1500000US250214401013","Block Group 3, Census Tract 4401.01, Norfolk County, Massachusetts","889","160","60","70","6","11","7","14","68","70","0","13","0","13","20","33","8","13","18","29","62","55","53","41","192","143","61","57","82","91","91","73","161","79",
"1500000US250214401021","Block Group 1, Census Tract 4401.02, Norfolk County, Massachusetts","519","140","0","13","0","13","0","13","0","13","0","13","8","15","0","13","0","13","0","13","42","45","43","63","77","62","84","58","11","19","81","60","173","87",
"1500000US250214401022","Block Group 2, Census Tract 4401.02, Norfolk County, Massachusetts","546","165","0","13","0","13","3","11","0","13","13","23","0","13","21","26","0","13","0","13","158","151","7","11","35","38","158","105","96","71","25","38","30","34",
"1500000US250214412021","Block Group 1, Census Tract 4412.02, Norfolk County, Massachusetts","961","78","10","12","6","10","0","13","33","26","12","12","9","14","0","13","6","9","6","9","6","9","22","16","83","41","130","59","69","31","178","51","391","75",
"1500000US250214412031","Block Group 1, Census Tract 4412.03, Norfolk County, Massachusetts","1042","131","22","25","33","35","14","20","57","57","0","13","11","18","34","34","0","13","20","31","38","32","86","52","73","42","142","81","72","67","244","97","196","62",
"1500000US250214412032","Block Group 2, Census Tract 4412.03, Norfolk County, Massachusetts","450","97","11","18","29","26","21","23","25","24","8","12","0","13","19","20","26","25","8","13","0","13","17","20","25","24","73","43","0","13","18","19","170","95",
"1500000US250214412041","Block Group 1, Census Tract 4412.04, Norfolk County, Massachusetts","764","103","36","31","0","13","0","13","0","13","14","20","19","30","23","25","6","10","6","9","45","26","88","48","57","36","108","76","63","37","106","61","193","80",
"1500000US250214412042","Block Group 2, Census Tract 4412.04, Norfolk County, Massachusetts","1073","164","25","25","25","28","21","25","20","22","11","18","41","29","6","11","23","25","25","39","12","14","241","148","57","55","28","26","160","64","155","89","223","81",
"1500000US250214421011","Block Group 1, Census Tract 4421.01, Norfolk County, Massachusetts","371","88","0","13","8","12","0","13","0","13","10","15","0","13","11","17","13","19","0","13","11","17","14","15","70","59","8","13","50","55","20","22","156","66",
"1500000US250214421012","Block Group 2, Census Tract 4421.01, Norfolk County, Massachusetts","744","156","0","13","0","13","7","11","0","13","0","13","10","15","11","18","0","13","32","29","18","23","22","25","101","60","182","132","85","42","83","47","193","71",
"1500000US250214421013","Block Group 3, Census Tract 4421.01, Norfolk County, Massachusetts","336","77","0","13","0","13","9","15","0","13","28","34","10","15","0","13","0","13","11","18","53","39","15","25","58","39","23","20","26","25","50","40","53","43",
"1500000US250214421014","Block Group 4, Census Tract 4421.01, Norfolk County, Massachusetts","295","69","10","16","10","16","0","13","11","17","0","13","0","13","13","20","0","13","0","13","0","13","23","25","119","56","39","32","21","23","8","14","41","40",
"1500000US250214421031","Block Group 1, Census Tract 4421.03, Norfolk County, Massachusetts","748","127","0","13","0","13","13","21","0","13","0","13","8","13","9","14","45","50","0","13","0","13","39","43","103","70","45","54","47","46","124","69","315","121",
"1500000US250214421032","Block Group 2, Census Tract 4421.03, Norfolk County, Massachusetts","437","98","9","14","0","13","0","13","11","18","0","13","22","26","0","13","0","13","11","18","14","22","0","13","25","31","45","39","80","54","131","86","89","72",
"1500000US250214421033","Block Group 3, Census Tract 4421.03, Norfolk County, Massachusetts","199","120","8","14","0","13","0","13","0","13","0","13","0","13","0","13","0","13","0","13","0","13","0","13","10","18","0","13","7","16","59","48","115","114",
"1500000US250214421034","Block Group 4, Census Tract 4421.03, Norfolk County, Massachusetts","1010","182","35","35","50","75","11","18","0","13","22","24","0","13","0","13","11","18","9","15","56","58","160","150","67","62","71","47","50","54","170","107","298","121",
"1500000US250214421041","Block Group 1, Census Tract 4421.04, Norfolk County, Massachusetts","983","207","0","13","37","57","0","13","14","24","12","19","0","13","110","126","18","23","26","35","8","13","97","64","95","66","188","95","23","35","193","120","162","123",
"1500000US250214421042","Block Group 2, Census Tract 4421.04, Norfolk County, Massachusetts","714","145","0","13","0","13","0","13","11","19","0","13","0","13","13","21","0","13","0","13","40","43","0","13","84","62","78","55","112","76","173","109","203","92",
"1500000US250214421043","Block Group 3, Census Tract 4421.04, Norfolk County, Massachusetts","425","285","0","13","0","13","20","34","10","15","0","13","0","13","0","13","0","13","195","273","0","13","0","13","0","13","57","43","55","62","16","26","72","57",
"1500000US250214421051","Block Group 1, Census Tract 4421.05, Norfolk County, Massachusetts","835","163","21","34","0","13","90","68","20","33","35","56","0","13","0","13","13","22","18","29","34","37","0","13","89","76","81","66","31","34","184","110","219","158",
"1500000US250214422011","Block Group 1, Census Tract 4422.01, Norfolk County, Massachusetts","769","139","34","40","18","20","66","99","0","13","23","21","0","13","12","18","29","28","7","12","63","51","20","22","121","71","121","51","51","44","44","31","160","74",
"1500000US250214422012","Block Group 2, Census Tract 4422.01, Norfolk County, Massachusetts","888","138","0","13","9","14","37","56","0","13","0","13","22","24","6","9","0","13","0","13","79","70","54","46","34","29","34","27","91","68","105","61","417","100",
"1500000US250214422031","Block Group 1, Census Tract 4422.03, Norfolk County, Massachusetts","721","273","37","46","17","27","0","13","0","13","0","13","24","32","0","13","0","13","0","13","123","193","45","44","186","192","34","36","22","33","98","67","135","69",
"1500000US250214422032","Block Group 2, Census Tract 4422.03, Norfolk County, Massachusetts","960","156","18","28","32","35","60","59","47","63","106","89","53","59","25","39","0","13","0","13","45","38","75","83","85","84","116","81","102","68","51","48","145","95",
"1500000US250214422041","Block Group 1, Census Tract 4422.04, Norfolk County, Massachusetts","636","154","16","26","50","43","44","72","80","75","16","25","47","74","0","13","0","13","17","28","30","34","31","25","104","93","44","34","64","76","93","72","0","13",
"1500000US250214422042","Block Group 2, Census Tract 4422.04, Norfolk County, Massachusetts","363","112","17","28","0","13","17","27","0","13","0","13","16","25","0","13","0","13","16","26","68","72","37","56","42","40","34","39","0","13","50","43","66","73",
"1500000US250214422043","Block Group 3, Census Tract 4422.04, Norfolk County, Massachusetts","980","267","82","97","90","103","0","13","0","13","16","25","70","85","32","37","0","13","0","13","110","107","78","90","31","37","97","59","32","38","105","66","237","245",
"1500000US250214431031","Block Group 1, Census Tract 4431.03, Norfolk County, Massachusetts","456","126","12","19","0","13","14","22","0","13","20","33","0","13","0","13","9","14","26","29","38","40","18","27","14","25","77","78","122","93","62","60","44","49",
"1500000US250214431032","Block Group 2, Census Tract 4431.03, Norfolk County, Massachusetts","292","117","14","23","0","13","0","13","0","13","0","13","11","19","82","99","0","13","10","17","25","34","25","43","62","54","21","33","0","13","14","23","28","43",
"1500000US250214431033","Block Group 3, Census Tract 4431.03, Norfolk County, Massachusetts","824","169","22","27","9","14","14","23","15","25","0","13","0","13","85","95","39","46","0","13","21","26","60","56","149","90","15","24","126","67","223","121","46","44",
"1500000US250214431041","Block Group 1, Census Tract 4431.04, Norfolk County, Massachusetts","879","165","15","24","0","13","0","13","0","13","0","13","32","36","16","27","75","52","42","45","11","18","16","27","167","104","214","105","144","83","45","46","102","61",
"1500000US250214431042","Block Group 2, Census Tract 4431.04, Norfolk County, Massachusetts","552","185","18","30","0","13","0","13","19","29","0","13","0","13","0","13","0","13","0","13","56","44","19","30","86","56","179","190","44","42","69","54","62","55",
"1500000US250214431043","Block Group 3, Census Tract 4431.04, Norfolk County, Massachusetts","309","94","25","32","0","13","0","13","0","13","0","13","0","13","15","25","0","13","0","13","14","22","0","13","0","13","39","39","75","97","105","68","36","37",
"1500000US250214431051","Block Group 1, Census Tract 4431.05, Norfolk County, Massachusetts","785","109","43","41","84","77","17","31","18","27","32","39","33","30","0","13","23","28","20","31","58","54","87","61","68","54","87","50","71","64","96","74","48","43",
"1500000US250214431061","Block Group 1, Census Tract 4431.06, Norfolk County, Massachusetts","522","108","40","32","0","13","13","21","12","21","26","24","0","13","14","20","0","13","14","23","0","13","47","41","56","56","115","70","50","45","69","53","66","41",
"1500000US250214431062","Block Group 2, Census Tract 4431.06, Norfolk County, Massachusetts","1034","311","0","13","36","58","65","64","209","246","84","100","36","58","13","21","28","33","39","37","86","118","61","73","132","67","47","44","83","66","68","47","47","44",
"1500000US250214431063","Block Group 3, Census Tract 4431.06, Norfolk County, Massachusetts","895","190","13","23","0","13","0","13","0","13","29","35","0","13","0","13","0","13","0","13","20","31","30","35","126","115","67","58","236","154","95","75","279","253",
"1500000US250214561011","Block Group 1, Census Tract 4561.01, Norfolk County, Massachusetts","620","105","12","18","0","13","11","16","0","13","0","13","33","30","9","14","20","22","6","10","5","10","55","59","105","75","77","67","46","34","153","72","88","50",
"1500000US250214561012","Block Group 2, Census Tract 4561.01, Norfolk County, Massachusetts","592","126","8","13","16","19","0","13","20","23","0","13","18","19","5","8","21","24","21","24","24","26","61","57","80","61","42","35","68","43","120","63","88","75",
"1500000US250214561021","Block Group 1, Census Tract 4561.02, Norfolk County, Massachusetts","888","185","18","21","47","35","27","30","10","17","53","56","65","71","26","24","9","14","28","44","19","22","200","148","148","82","41","42","55","42","99","107","43","46",
"1500000US250214561022","Block Group 2, Census Tract 4561.02, Norfolk County, Massachusetts","813","178","40","32","0","13","33","53","30","36","14","22","19","15","18","20","92","89","9","14","35","31","80","69","105","68","170","130","70","59","59","38","39","27",
"1500000US250214561023","Block Group 3, Census Tract 4561.02, Norfolk County, Massachusetts","338","95","0","13","0","13","0","13","11","18","0","13","0","13","8","13","14","16","25","28","101","65","25","23","57","45","48","44","13","14","13","16","23","26",
"1500000US250214562001","Block Group 1, Census Tract 4562, Norfolk County, Massachusetts","723","145","13","22","41","50","0","13","50","52","22","25","13","20","0","13","8","12","43","33","53","56","60","38","181","140","113","90","21","26","27","34","78","44",
"1500000US250214562002","Block Group 2, Census Tract 4562, Norfolk County, Massachusetts","874","156","0","13","42","65","11","17","17","19","9","14","63","69","63","90","0","13","17","19","55","47","20","22","59","51","128","85","128","67","120","60","142","81",
"1500000US250214563011","Block Group 1, Census Tract 4563.01, Norfolk County, Massachusetts","381","72","43","32","24","32","4","7","18","21","11","14","34","34","22","27","0","13","19","21","29","19","12","15","79","43","32","26","28","23","0","13","26","26",
"1500000US250214563012","Block Group 2, Census Tract 4563.01, Norfolk County, Massachusetts","549","158","6","9","33","30","18","22","32","44","15","22","47","69","0","13","0","13","12","19","50","35","90","131","81","58","23","28","15","16","93","55","34","25",
"1500000US250214563021","Block Group 1, Census Tract 4563.02, Norfolk County, Massachusetts","1238","227","76","78","42","48","87","69","0","13","59","67","0","13","55","52","94","89","170","158","15","25","63","61","135","72","206","126","75","60","84","85","77","74",
"1500000US250214563022","Block Group 2, Census Tract 4563.02, Norfolk County, Massachusetts","334","102","0","13","37","43","0","13","0","13","0","13","0","13","35","41","18","27","55","66","19","30","0","13","55","52","44","41","0","13","26","38","45","64",
"1500000US250214563023","Block Group 3, Census Tract 4563.02, Norfolk County, Massachusetts","260","82","0","13","0","13","0","13","0","13","11","19","0","13","0","13","20","30","51","72","17","28","45","53","18","29","37","40","27","42","13","24","21","32",
"1500000US250214563024","Block Group 4, Census Tract 4563.02, Norfolk County, Massachusetts","530","179","47","42","0","13","0","13","79","95","19","31","0","13","0","13","10","17","41","48","0","13","23","37","130","109","0","13","55","64","70","107","56","52",
"1500000US250214564011","Block Group 1, Census Tract 4564.01, Norfolk County, Massachusetts","386","98","22","33","0","13","0","13","13","19","14","16","18","26","0","13","0","13","31","41","24","26","65","53","58","50","31","29","21","21","10","17","79","83",
"1500000US250214564012","Block Group 2, Census Tract 4564.01, Norfolk County, Massachusetts","538","77","0","13","15","17","0","13","21","26","6","8","17","20","38","35","9","15","20","32","36","29","30","24","27","21","75","43","94","53","67","33","83","45",
"1500000US250214564021","Block Group 1, Census Tract 4564.02, Norfolk County, Massachusetts","295","80","0","13","0","13","0","13","24","37","0","13","0","13","0","13","12","18","0","13","8","12","4","8","15","18","54","38","63","54","23","19","92","58",
"1500000US250214564022","Block Group 2, Census Tract 4564.02, Norfolk County, Massachusetts","375","79","0","13","9","13","0","13","7","11","19","17","0","13","11","17","0","13","42","45","24","22","15","18","38","32","53","36","33","28","67","49","57","35",
"1500000US250214564023","Block Group 3, Census Tract 4564.02, Norfolk County, Massachusetts","960","264","0","13","8","12","15","17","0","13","8","12","32","31","0","13","44","29","37","36","7","12","46","34","151","104","76","54","116","51","128","81","292","242",
"1500000US250214564024","Block Group 4, Census Tract 4564.02, Norfolk County, Massachusetts","358","107","0","13","40","47","0","13","0","13","0","13","0","13","8","13","20","32","0","13","21","24","42","41","42","47","104","64","19","24","21","34","41","41",
"1500000US250214571001","Block Group 1, Census Tract 4571, Norfolk County, Massachusetts","298","75","27","38","9","13","0","13","0","13","0","13","0","13","0","13","27","48","7","11","15","18","19","20","41","40","55","41","29","25","44","52","25","26",
"1500000US250214571002","Block Group 2, Census Tract 4571, Norfolk County, Massachusetts","444","112","0","13","18","21","0","13","0","13","35","56","0","13","0","13","7","11","36","42","12","14","51","43","33","23","10","15","121","80","103","67","18","24",
"1500000US250214571003","Block Group 3, Census Tract 4571, Norfolk County, Massachusetts","404","106","26","40","10","14","0","13","26","28","0","13","8","13","6","9","0","13","0","13","29","25","82","52","50","69","40","34","69","51","35","27","23","30",
"1500000US250214571004","Block Group 4, Census Tract 4571, Norfolk County, Massachusetts","488","205","7","11","21","27","8","12","17","19","8","13","22","36","0","13","25","38","10","15","78","89","44","37","15","23","28","35","34","22","171","195","0","13",
"1500000US250214572001","Block Group 1, Census Tract 4572, Norfolk County, Massachusetts","292","90","0","13","30","32","0","13","0","13","0","13","0","13","0","13","17","27","15","24","15","24","0","13","0","13","30","35","19","30","16","25","150","87",
"1500000US250214572002","Block Group 2, Census Tract 4572, Norfolk County, Massachusetts","266","59","0","13","0","13","0","13","0","13","0","13","0","13","0","13","0","13","0","13","29","33","0","13","0","13","34","37","27","32","0","13","176","62",
"1500000US250214572003","Block Group 3, Census Tract 4572, Norfolk County, Massachusetts","915","185","19","31","10","17","17","27","0","13","23","27","87","83","0","13","0","13","24","39","14","22","41","39","232","181","16","26","113","83","60","55","259","122",
"1500000US250214572004","Block Group 4, Census Tract 4572, Norfolk County, Massachusetts","476","133","0","13","0","13","0","13","15","25","0","13","15","24","0","13","11","20","17","26","17","26","20","30","49","50","35","39","0","13","46","42","251","138",
"1500000US250214572005","Block Group 5, Census Tract 4572, Norfolk County, Massachusetts","192","54","0","13","0","13","0","13","0","13","0","13","0","13","0","13","0","13","0","13","0","13","0","13","36","41","0","13","11","21","19","29","126","59",
"1500000US250219800001","Block Group 1, Census Tract 9800, Norfolk County, Massachusetts","0","13","0","13","0","13","0","13","0","13","0","13","0","13","0","13","0","13","0","13","0","13","0","13","0","13","0","13","0","13","0","13","0","13",
"1500000US250235001011","Block Group 1, Census Tract 5001.01, Plymouth County, Massachusetts","639","126","0","13","10","16","52","54","45","47","0","13","10","15","8","12","0","13","0","13","0","13","33","26","85","81","117","60","76","40","75","42","128","56",
"1500000US250235001012","Block Group 2, Census Tract 5001.01, Plymouth County, Massachusetts","336","67","20","23","0","13","0","13","0","13","10","15","44","34","13","20","6","10","0","13","0","13","50","33","20","22","36","32","49","40","5","8","83","43",
"1500000US250235001013","Block Group 3, Census Tract 5001.01, Plymouth County, Massachusetts","618","131","25","23","18","20","34","44","18","19","8","12","21","23","14","17","10","16","11","16","79","92","5","9","81","55","37","29","78","49","77","39","102","58",
"1500000US250235001031","Block Group 1, Census Tract 5001.03, Plymouth County, Massachusetts","697","134","73","53","0","13","9","14","0","13","27","27","47","55","10","15","16","18","25","25","27","30","41","32","67","40","135","59","53","39","66","41","101","83",
"1500000US250235001032","Block Group 2, Census Tract 5001.03, Plymouth County, Massachusetts","486","174","30","29","0","13","14","21","12","19","10","15","0","13","0","13","6","9","18","27","0","13","60","36","47","47","35","30","6","9","69","43","179","194",
"1500000US250235001041","Block Group 1, Census Tract 5001.04, Plymouth County, Massachusetts","374","102","13","15","0","13","10","15","14","16","0","13","9","14","0","13","8","14","9","14","15","24","19","19","29","34","93","82","35","23","64","41","56","38",
"1500000US250235001042","Block Group 2, Census Tract 5001.04, Plymouth County, Massachusetts","364","92","6","9","9","14","0","13","0","13","0","13","0","13","0","13","8","13","35","36","13","15","32","28","93","56","30","30","6","10","55","30","77","61",
"1500000US250235001043","Block Group 3, Census Tract 5001.04, Plymouth County, Massachusetts","431","97","7","12","0","13","0","13","44","68","29","26","9","14","11","13","0","13","25","38","94","56","29","30","37","26","0","13","51","58","30","30","65","50",
"1500000US250235001044","Block Group 4, Census Tract 5001.04, Plymouth County, Massachusetts","528","126","0","13","12","19","11","15","21","25","0","13","0","13","10","15","20","32","13","16","6","11","60","48","95","71","70","56","90","66","66","49","54","34",
"1500000US250235011011","Block Group 1, Census Tract 5011.01, Plymouth County, Massachusetts","430","114","12","14","12","19","21","20","56","94","0","13","0","13","5","9","10","16","9","14","0","13","50","31","12","14","34","45","24","24","56","45","129","48",
"1500000US250235011012","Block Group 2, Census Tract 5011.01, Plymouth County, Massachusetts","489","141","0","13","13","17","9","14","0","13","5","9","27","42","8","13","14","16","0","13","14","13","29","25","6","9","72","115","64","42","19","21","209","61",
"1500000US250235011013","Block Group 3, Census Tract 5011.01, Plymouth County, Massachusetts","342","66","10","15","0","13","0","13","24","38","0","13","17","19","18","15","5","8","14","16","0","13","0","13","0","13","62","36","0","13","3","5","189","59",
"1500000US250235011021","Block Group 1, Census Tract 5011.02, Plymouth County, Massachusetts","382","91","18","29","16","28","0","13","0","13","0","13","0","13","37","58","0","13","47","64","13","21","15","24","0","13","27","33","25","30","55","34","129","65",
"1500000US250235011022","Block Group 2, Census Tract 5011.02, Plymouth County, Massachusetts","874","204","58","97","33","39","51","48","13","22","13","21","11","17","15","24","0","13","0","13","14","23","25","29","26","32","56","45","48","35","120","80","391","172",
"1500000US250235011023","Block Group 3, Census Tract 5011.02, Plymouth County, Massachusetts","789","209","0","13","0","13","0","13","15","24","0","13","33","40","0","13","0","13","14","23","0","13","20","31","82","110","24","28","34","26","94","70","473","193",
"1500000US250235011024","Block Group 4, Census Tract 5011.02, Plymouth County, Massachusetts","1280","188","16","24","14","21","14","23","49","46","0","13","46","49","87","87","15","24","0","13","67","54","128","105","88","61","125","85","91","63","61","43","479","149",
"1500000US250235012011","Block Group 1, Census Tract 5012.01, Plymouth County, Massachusetts","426","106","0","13","59","94","0","13","0","13","0","13","0","13","8","12","7","12","21","20","7","11","9","14","18","21","52","31","34","29","64","38","147","72",
"1500000US250235012012","Block Group 2, Census Tract 5012.01, Plymouth County, Massachusetts","943","176","11","16","14","16","38","37","42","40","7","10","0","13","7","11","6","10","8","13","0","13","36","37","14","16","69","46","90","66","109","53","492","166",
"1500000US250235012031","Block Group 1, Census Tract 5012.03, Plymouth County, Massachusetts","261","79","0","13","0","13","0","13","61","51","0","13","0","13","0","13","0","13","0","13","0","13","0","13","21","33","35","41","31","29","0","13","113","45",
"1500000US250235012032","Block Group 2, Census Tract 5012.03, Plymouth County, Massachusetts","511","95","42","29","0","13","0","13","0","13","0","13","0","13","0","13","15","28","24","37","0","13","7","21","0","13","24","39","39","47","77","64","283","90",
"1500000US250235012041","Block Group 1, Census Tract 5012.04, Plymouth County, Massachusetts","865","105","42","49","0","13","0","13","0","13","0","13","19","30","10","15","0","13","0","13","18","29","44","73","29","38","86","70","120","81","155","67","342","95",
"1500000US250235012042","Block Group 2, Census Tract 5012.04, Plymouth County, Massachusetts","331","107","0","13","0","13","0","13","0","13","0","13","0","13","0","13","0","13","0","13","18","29","0","13","37","41","0","13","20","31","115","115","141","74",
"1500000US250235012043","Block Group 3, Census Tract 5012.04, Plymouth County, Massachusetts","1198","350","128","64","103","117","35","41","111","106","53","53","239","313","35","39","54","50","16","25","174","129","103","95","53","51","0","13","41","31","18","29","35","40",
"1500000US250235021011","Block Group 1, Census Tract 5021.01, Plymouth County, Massachusetts","642","170","0","13","0","13","45","52","30","33","22","37","0","13","0","13","0","13","0","13","106","71","19","23","48","46","164","139","50","49","116","91","42","53",
"1500000US250235021012","Block Group 2, Census Tract 5021.01, Plymouth County, Massachusetts","281","126","0","13","0","13","0","13","0","13","0","13","0","13","14","26","0","13","33","52","56","73","0","13","0","13","40","50","37","38","44","52","57","46",
"1500000US250235021013","Block Group 3, Census Tract 5021.01, Plymouth County, Massachusetts","507","184","0","13","0","13","18","21","0","13","0","13","0","13","61","83","17","29","0","13","47","58","0","13","188","176","29","39","27","31","81","69","39","33",
"1500000US250235021014","Block Group 4, Census Tract 5021.01, Plymouth County, Massachusetts","919","220","0","13","70","74","0","13","0","13","0","13","113","111","74","92","59","95","20","30","149","122","110","70","153","180","75","62","14","23","75","63","7","13",
"1500000US250235021021","Block Group 1, Census Tract 5021.02, Plymouth County, Massachusetts","723","139","0","13","0","13","37","59","0","13","36","34","43","39","16","27","0","13","0","13","0","13","110","87","142","92","110","63","68","86","147","86","14","23",
"1500000US250235021022","Block Group 2, Census Tract 5021.02, Plymouth County, Massachusetts","717","154","35","39","31","39","0","13","0","13","0","13","59","77","13","20","10","16","45","61","30","42","11","17","122","109","124","100","62","48","155","92","20","28",
"1500000US250235021023","Block Group 3, Census Tract 5021.02, Plymouth County, Massachusetts","533","153","45","60","64","59","22","36","0","13","34","44","26","44","14","22","0","13","34","42","74","72","14","26","65","49","49","47","17","27","65","59","10","17",
"1500000US250235022001","Block Group 1, Census Tract 5022, Plymouth County, Massachusetts","649","239","86","140","0","13","15","24","0","13","0","13","0","13","0","13","33","38","54","70","7","12","117","132","54","57","42","41","13","20","72","55","156","225",
"1500000US250235022002","Block Group 2, Census Tract 5022, Plymouth County, Massachusetts","677","150","108","101","0","13","27","32","10","16","17","27","0","13","46","67","75","78","0","13","114","95","30","31","27","33","107","95","36","43","45","38","35","38",
"1500000US250235022003","Block Group 3, Census Tract 5022, Plymouth County, Massachusetts","862","155","57","72","12","19","103","71","55","39","46","47","15","25","14","22","24","28","47","45","47","41","79","51","52","43","49","72","83","68","48","44","131","96",
"1500000US250235022004","Block Group 4, Census Tract 5022, Plymouth County, Massachusetts","296","92","19","28","16","25","0","13","0","13","0","13","0","13","44","44","13","21","0","13","20","33","20","31","43","48","55","47","0","13","43","47","23","37",
"1500000US250235031011","Block Group 1, Census Tract 5031.01, Plymouth County, Massachusetts","681","161","0","13","54","74","13","20","16","26","0","13","53","66","0","13","0","13","0","13","0","13","50","48","150","102","67","60","100","75","56","42","122","90",
"1500000US250235031012","Block Group 2, Census Tract 5031.01, Plymouth County, Massachusetts","535","166","0","13","0","13","0","13","0","13","0","13","0","13","29","36","6","10","11","22","0","13","36","33","51","41","43","41","34","40","30","37","295","173",
"1500000US250235031013","Block Group 3, Census Tract 5031.01, Plymouth County, Massachusetts","510","113","66","83","0","13","0","13","0","13","15","25","0","13","0","13","0","13","0","13","14","22","57","61","22","27","96","76","71","57","74","53","95","66",
"1500000US250235031014","Block Group 4, Census Tract 5031.01, Plymouth County, Massachusetts","540","124","0","13","0","13","0","13","14","22","0","13","33","38","8","13","15","27","13","20","14","22","0","13","30","34","59","44","27","34","137","128","190","83",
"1500000US250235031021","Block Group 1, Census Tract 5031.02, Plymouth County, Massachusetts","442","113","20","32","0","13","0","13","19","30","0","13","0","13","0","13","0","13","0","13","52","79","0","13","34","38","0","13","55","60","132","89","130","74",
"1500000US250235031022","Block Group 2, Census Tract 5031.02, Plymouth County, Massachusetts","502","95","0","13","16","25","0","13","0","13","0","13","0","13","18","28","0","13","16","27","18","29","19","31","42","40","45","45","69","59","58","36","201","83",
"1500000US250235031023","Block Group 3, Census Tract 5031.02, Plymouth County, Massachusetts","252","97","0","13","0","13","0","13","39","58","0","13","0","13","0","13","0","13","12","19","0","13","0","13","31","34","19","32","12","20","36","41","103","88",
"1500000US250235031024","Block Group 4, Census Tract 5031.02, Plymouth County, Massachusetts","459","107","90","96","8","13","88","96","18","29","0","13","0","13","0","13","0","13","0","13","53","59","0","13","31","37","19","34","96","72","0","13","56","43",
"1500000US250235031025","Block Group 5, Census Tract 5031.02, Plymouth County, Massachusetts","742","173","40","25","37","42","19","32","17","28","19","31","0","13","0","13","30","36","31","48","0","13","48","44","62","45","49","47","76","53","76","56","238","145",
"1500000US250235041011","Block Group 1, Census Tract 5041.01, Plymouth County, Massachusetts","750","101","0","13","0","13","7","11","19","29","25","22","7","11","6","11","7","12","22","23","30","32","44","38","65","36","36","27","64","46","90","36","328","80",
"1500000US250235041012","Block Group 2, Census Tract 5041.01, Plymouth County, Massachusetts","748","154","15","18","70","47","25","38","22","19","7","12","7","10","8","12","6","11","18","20","41","34","34","40","82","83","41","28","115","105","80","51","177","57",
"1500000US250235041013","Block Group 3, Census Tract 5041.01, Plymouth County, Massachusetts","311","53","0","13","0","13","0","13","17","18","15","16","8","13","8","13","0","13","0","13","7","11","19","16","17","16","28","26","18","19","94","44","80","46",
"1500000US250235041021","Block Group 1, Census Tract 5041.02, Plymouth County, Massachusetts","482","82","18","28","0","13","22","22","0","13","10","16","11","15","11","17","0","13","13","19","0","13","28","26","24","27","18","22","19","21","66","44","242","84",
"1500000US250235041022","Block Group 2, Census Tract 5041.02, Plymouth County, Massachusetts","282","55","0","13","0","13","9","15","0","13","0","13","0","13","0","13","0","13","0","13","0","13","23","27","0","13","22","25","10","14","105","50","113","48",
"1500000US250235041023","Block Group 3, Census Tract 5041.02, Plymouth County, Massachusetts","532","93","0","13","0","13","0","13","0","13","0","13","0","13","0","13","18","19","0","13","0","13","49","59","24","22","16","18","53","49","169","67","203","62",
"1500000US250235041024","Block Group 4, Census Tract 5041.02, Plymouth County, Massachusetts","414","96","0","13","0","13","0","13","0","13","10","15","0","13","10","15","0","13","0","13","53","81","0","13","9","13","36","32","85","55","77","48","134","60",
"1500000US250235051021","Block Group 1, Census Tract 5051.02, Plymouth County, Massachusetts","417","112","0","13","0","13","13","20","0","13","0","13","0","13","0","13","7","12","18","21","0","13","10","15","16","19","84","73","24","18","121","89","124","51",
"1500000US250235051022","Block Group 2, Census Tract 5051.02, Plymouth County, Massachusetts","617","113","33","28","11","16","0","13","0","13","11","17","19","21","46","52","12","18","20","22","42","53","57","38","44","32","64","42","33","31","39","31","186","110",
"1500000US250235051023","Block Group 3, Census Tract 5051.02, Plymouth County, Massachusetts","492","80","0","13","0","13","0","13","11","18","0","13","42","34","0","13","0","13","0","13","38","31","27","24","81","52","18","20","65","48","53","36","157","54",
"1500000US250235051024","Block Group 4, Census Tract 5051.02, Plymouth County, Massachusetts","314","65","0","13","0","13","0","13","0","13","0","13","0","13","0","13","0","13","0","13","12","19","0","13","26","28","10","16","43","37","11","16","212","71",
"1500000US250235051031","Block Group 1, Census Tract 5051.03, Plymouth County, Massachusetts","801","244","0","13","0","13","0","13","0","13","0","13","19","31","0","13","19","31","0","13","0","13","0","13","233","253","64","95","33","37","51","47","382","134",
"1500000US250235051032","Block Group 2, Census Tract 5051.03, Plymouth County, Massachusetts","479","140","38","44","43","50","0","13","0","13","0","13","37","43","0","13","0","13","0","13","44","48","19","31","16","27","122","139","0","13","63","56","97","60",
"1500000US250235051041","Block Group 1, Census Tract 5051.04, Plymouth County, Massachusetts","366","88","27","43","0","13","0","13","20","32","0","13","0","13","0","13","0","13","0","13","30","47","36","41","0","13","48","46","74","62","29","32","102","65",
"1500000US250235051042","Block Group 2, Census Tract 5051.04, Plymouth County, Massachusetts","421","187","0","13","0","13","0","13","0","13","0","13","0","13","104","164","20","32","0","13","36","28","40","48","0","13","66","59","49","78","75","53","31","36",
"1500000US250235051043","Block Group 3, Census Tract 5051.04, Plymouth County, Massachusetts","715","180","0","13","34","40","56","90","18","29","0","13","0","13","27","33","78","76","0","13","75","77","26","29","24","29","85","64","90","51","19","31","183","81",
"1500000US250235052011","Block Group 1, Census Tract 5052.01, Plymouth County, Massachusetts","181","126","0","13","0","13","0","13","0","13","16","27","0","13","0","13","46","76","0","13","0","13","0","13","86","88","0","13","15","24","0","13","18","30",
"1500000US250235052012","Block Group 2, Census Tract 5052.01, Plymouth County, Massachusetts","625","114","27","33","17","28","58","72","0","13","0","13","15","25","0","13","14","24","0","13","0","13","28","34","70","74","66","61","55","44","93","67","182","82",
"1500000US250235052021","Block Group 1, Census Tract 5052.02, Plymouth County, Massachusetts","197","81","0","13","23","39","0","13","0","13","0","13","0","13","0","13","0","13","0","13","0","13","50","49","0","13","42","42","10","18","57","55","15","24",
"1500000US250235052022","Block Group 2, Census Tract 5052.02, Plymouth County, Massachusetts","1300","326","16","26","23","40","159","159","0","13","23","37","46","54","13","21","0","13","0","13","69","55","57","66","217","242","149","138","115","80","132","71","281","124",
"1500000US250235052023","Block Group 3, Census Tract 5052.02, Plymouth County, Massachusetts","717","154","0","13","0","13","0","13","24","39","0","13","0","13","28","32","0","13","15","24","46","51","17","28","72","88","42","70","86","73","192","131","195","89",
"1500000US250235061021","Block Group 1, Census Tract 5061.02, Plymouth County, Massachusetts","319","107","59","80","0","13","0","13","0","13","0","13","0","13","0","13","0","13","21","33","0","13","0","13","14","23","15","25","6","13","55","42","149","89",
"1500000US250235061022","Block Group 2, Census Tract 5061.02, Plymouth County, Massachusetts","368","141","0","13","0","13","0","13","3","7","0","13","0","13","0","13","0","13","15","25","0","13","12","18","61","71","136","95","9","16","15","26","117","88",
"1500000US250235061023","Block Group 3, Census Tract 5061.02, Plymouth County, Massachusetts","451","120","0","13","0","13","0","13","0","13","93","83","0","13","11","17","0","13","13","23","0","13","0","13","0","13","65","58","71","65","75","59","123","75",
"1500000US250235061024","Block Group 4, Census Tract 5061.02, Plymouth County, Massachusetts","167","97","0","13","9","14","0","13","0","13","0","13","0","13","0","13","0","13","11","20","0","13","11","17","13","22","15","24","16","28","14","22","78","93",
"1500000US250235061025","Block Group 5, Census Tract 5061.02, Plymouth County, Massachusetts","350","111","27","31","0","13","13","22","0","13","0","13","86","86","25","29","37","50","16","26","41","55","10","18","37","58","13","21","0","13","45","56","0","13",
"1500000US250235061026","Block Group 6, Census Tract 5061.02, Plymouth County, Massachusetts","658","237","0","13","19","33","13","21","30","34","13","20","38","38","0","13","112","174","14","17","63","66","0","13","177","143","104","96","9","15","42","50","24","36",
"1500000US250235061031","Block Group 1, Census Tract 5061.03, Plymouth County, Massachusetts","316","72","0","13","0","13","0","13","0","13","19","33","0","13","0","13","18","30","0","13","16","28","35","42","60","51","67","61","0","13","21","35","80","47",
"1500000US250235061032","Block Group 2, Census Tract 5061.03, Plymouth County, Massachusetts","637","155","0","13","15","24","77","114","0","13","18","30","0","13","0","13","0","13","32","34","0","13","30","36","130","98","69","49","60","53","68","46","138","60",
"1500000US250235061041","Block Group 1, Census Tract 5061.04, Plymouth County, Massachusetts","558","160","27","42","0","13","0","13","0","13","0","13","0","13","0","13","19","31","0","13","95","93","0","13","68","109","35","57","77","74","141","91","96","75",
"1500000US250235061042","Block Group 2, Census Tract 5061.04, Plymouth County, Massachusetts","934","206","0","13","17","30","0","13","0","13","27","39","28","46","92","144","0","13","18","31","10","19","47","51","84","89","110","67","106","102","215","84","180","109",
"1500000US250235062021","Block Group 1, Census Tract 5062.02, Plymouth County, Massachusetts","1030","138","40","28","16","16","7","11","41","29","8","12","5","8","33","23","52","50","17","12","63","45","41","26","99","39","184","106","56","32","142","46","226","60",
"1500000US250235062031","Block Group 1, Census Tract 5062.03, Plymouth County, Massachusetts","816","179","94","88","17","29","44","53","22","36","0","13","28","46","55","60","43","48","0","13","23","26","88","92","57","65","131","105","69","68","119","67","26","27",
"1500000US250235062032","Block Group 2, Census Tract 5062.03, Plymouth County, Massachusetts","685","240","0","13","16","27","0","13","0","13","124","176","0","13","11","18","13","23","0","13","16","28","0","13","27","30","90","100","166","173","111","83","111","83",
"1500000US250235062033","Block Group 3, Census Tract 5062.03, Plymouth County, Massachusetts","606","153","37","59","12","20","0","13","63","68","0","13","13","22","13","22","0","13","0","13","13","20","0","13","94","64","36","57","55","68","184","111","86","66",
"1500000US250235062051","Block Group 1, Census Tract 5062.05, Plymouth County, Massachusetts","679","255","0","13","18","30","0","13","0","13","19","31","0","13","0","13","0","13","54","56","74","68","63","89","54","50","108","98","26","26","212","232","51","51",
"1500000US250235062052","Block Group 2, Census Tract 5062.05, Plymouth County, Massachusetts","119","72","0","13","0","13","0","13","0","13","0","13","0","13","0","13","22","36","0","13","15","25","0","13","0","13","16","26","40","44","26","38","0","13",
"1500000US250235062061","Block Group 1, Census Tract 5062.06, Plymouth County, Massachusetts","257","155","52","82","47","75","0","13","0","13","0","13","0","13","0","13","42","70","0","13","0","13","0","13","0","13","65","83","0","13","51","59","0","13",
"1500000US250235062062","Block Group 2, Census Tract 5062.06, Plymouth County, Massachusetts","593","150","84","87","14","23","18","28","0","13","0","13","0","13","72","91","10","18","0","13","51","61","88","97","82","54","59","56","17","28","43","40","55","42",
"1500000US250235062063","Block Group 3, Census Tract 5062.06, Plymouth County, Massachusetts","340","120","0","13","11","22","43","68","0","13","0","13","29","32","0","13","0","13","0","13","12","19","68","74","26","31","66","61","0","13","75","68","10","15",
"1500000US250235071011","Block Group 1, Census Tract 5071.01, Plymouth County, Massachusetts","886","168","28","26","10","15","0","13","11","17","49","51","0","13","0","13","6","10","49","51","67","80","63","53","49","34","93","63","71","42","69","38","321","121",
"1500000US250235071012","Block Group 2, Census Tract 5071.01, Plymouth County, Massachusetts","568","124","77","67","0","13","9","13","0","13","35","56","0","13","0","13","0","13","0","13","24","27","42","30","83","60","40","31","41","32","67","59","150","75",
"1500000US250235071013","Block Group 3, Census Tract 5071.01, Plymouth County, Massachusetts","510","101","0","13","21","30","0","13","0","13","31","47","11","16","0","13","0","13","11","13","28","25","0","13","36","28","33","25","77","59","125","71","137","50",
"1500000US250235071031","Block Group 1, Census Tract 5071.03, Plymouth County, Massachusetts","397","88","18","19","0","13","12","21","0","13","11","17","0","13","11","16","0","13","0","13","0","13","39","39","57","49","8","14","15","18","113","78","113","50",
"1500000US250235071032","Block Group 2, Census Tract 5071.03, Plymouth County, Massachusetts","398","80","11","13","25","40","8","13","8","12","0","13","0","13","0","13","0","13","0","13","0","13","24","23","19","22","91","63","13","20","40","30","159","51",
"1500000US250235071033","Block Group 3, Census Tract 5071.03, Plymouth County, Massachusetts","414","212","0","13","0","13","0","13","0","13","8","12","0","13","8","13","0","13","0","13","0","13","29","33","148","209","36","33","50","45","45","45","90","43",
"1500000US250235071034","Block Group 4, Census Tract 5071.03, Plymouth County, Massachusetts","420","99","10","16","0","13","0","13","12","18","37","47","0","13","17","20","0","13","0","13","44","50","9","13","30","33","17","20","17","20","74","52","153","69",
"1500000US250235071041","Block Group 1, Census Tract 5071.04, Plymouth County, Massachusetts","595","141","9","14","8","13","0","13","0","13","0","13","0","13","11","17","0","13","8","15","0","13","39","36","19","21","95","67","98","107","70","49","238","76",
"1500000US250235071042","Block Group 2, Census Tract 5071.04, Plymouth County, Massachusetts","594","211","37","55","0","13","0","13","0","13","0","13","9","15","0","13","0","13","0","13","90","73","44","67","0","13","64","70","14","21","40","37","296","218",
"1500000US250235071043","Block Group 3, Census Tract 5071.04, Plymouth County, Massachusetts","673","169","7","11","37","36","19","26","37","34","51","64","32","33","0","13","0","13","5","10","72","72","41","39","96","55","147","137","15","25","29","28","85","61",
"1500000US250235071044","Block Group 4, Census Tract 5071.04, Plymouth County, Massachusetts","345","107","0","13","0","13","0","13","13","20","0","13","16","26","0","13","7","11","0","13","14","16","45","57","73","59","0","13","41","40","34","37","102","59",
"1500000US250235081011","Block Group 1, Census Tract 5081.01, Plymouth County, Massachusetts","506","129","16","27","0","13","0","13","0","13","0","13","15","25","0","13","0","13","11","18","44","37","0","13","106","87","31","33","131","77","13","22","139","99",
"1500000US250235081012","Block Group 2, Census Tract 5081.01, Plymouth County, Massachusetts","377","126","0","13","0","13","0","13","0","13","0","13","17","27","0","13","13","20","0","13","0","13","0","13","16","25","24","27","57","49","76","51","174","138",
"1500000US250235081013","Block Group 3, Census Tract 5081.01, Plymouth County, Massachusetts","221","96","0","13","0","13","0","13","37","61","0","13","0","13","0","13","50","59","0","13","0","13","0","13","33","37","64","67","0","13","20","17","17","26",
"1500000US250235081014","Block Group 4, Census Tract 5081.01, Plymouth County, Massachusetts","1271","511","42","58","0","13","0","13","0","13","15","24","84","89","0","13","10","16","13","20","57","39","50","40","72","52","43","44","104","71","491","565","290","138",
"1500000US250235081015","Block Group 5, Census Tract 5081.01, Plymouth County, Massachusetts","348","101","13","21","0","13","0","13","0","13","0","13","28","35","36","56","0","13","0","13","38","62","61","49","47","57","74","62","38","39","0","13","13","21",
"1500000US250235081021","Block Group 1, Census Tract 5081.02, Plymouth County, Massachusetts","725","119","11","17","4","8","4","7","0","13","8","12","0","13","15","24","20","28","6","13","25","24","117","83","93","71","120","67","73","62","87","47","142","85",
"1500000US250235081022","Block Group 2, Census Tract 5081.02, Plymouth County, Massachusetts","664","119","36","41","0","13","34","54","9","15","32","28","0","13","0","13","0","13","26","26","45","42","77","52","38","27","72","55","73","53","141","83","81","60",
"1500000US250235081023","Block Group 3, Census Tract 5081.02, Plymouth County, Massachusetts","415","101","0","13","26","42","0","13","73","46","0","13","53","38","7","11","0","13","15","16","13","21","49","34","9","10","43","43","29","28","60","35","38","32",
"1500000US250235082001","Block Group 1, Census Tract 5082, Plymouth County, Massachusetts","426","132","13","20","0","13","0","13","0","13","0","13","33","39","27","39","18","30","0","13","20","31","0","13","38","40","106","75","29","27","49","54","93","98",
"1500000US250235082002","Block Group 2, Census Tract 5082, Plymouth County, Massachusetts","1129","163","30","47","49","74","13","20","26","32","93","88","13","20","43","39","19","31","18","27","20","31","91","87","47","47","136","82","149","89","120","67","262","127",
"1500000US250235082003","Block Group 3, Census Tract 5082, Plymouth County, Massachusetts","561","137","0","13","0","13","0","13","0","13","15","24","0","13","18","30","0","13","10","16","28","35","87","58","0","13","168","112","103","72","81","52","51","35",
"1500000US250235091011","Block Group 1, Census Tract 5091.01, Plymouth County, Massachusetts","960","301","0","13","12","21","0","13","0","13","132","206","121","180","56","64","92","152","0","13","41","41","26","35","49","47","73","60","34","33","221","101","103","71",
"1500000US250235091012","Block Group 2, Census Tract 5091.01, Plymouth County, Massachusetts","479","126","30","49","14","22","14","24","0","13","0","13","28","30","10","16","0","13","38","62","0","13","27","33","33","37","77","58","63","76","30","28","115","108",
"1500000US250235091013","Block Group 3, Census Tract 5091.01, Plymouth County, Massachusetts","578","131","0","13","41","47","98","114","10","17","0","13","0","13","15","26","0","13","0","13","0","13","98","90","117","115","56","68","59","56","18","28","66","70",
"1500000US250235091014","Block Group 4, Census Tract 5091.01, Plymouth County, Massachusetts","686","123","28","33","14","23","14","23","0","13","0","13","14","22","0","13","0","13","15","23","28","31","20","33","142","93","46","45","103","77","148","89","114","77",
"1500000US250235091021","Block Group 1, Census Tract 5091.02, Plymouth County, Massachusetts","620","118","0","13","0","13","34","40","28","36","37","43","49","77","93","88","48","54","0","13","48","42","15","24","105","60","73","61","25","29","65","55","0","13",
"1500000US250235091022","Block Group 2, Census Tract 5091.02, Plymouth County, Massachusetts","515","259","0","13","0","13","0","13","0","13","0","13","16","25","18","28","0","13","160","239","0","13","46","40","53","69","66","61","53","45","29","26","74","116",
"1500000US250235091023","Block Group 3, Census Tract 5091.02, Plymouth County, Massachusetts","317","149","0","13","0","13","0","13","22","33","0","13","0","13","0","13","0","13","0","13","0","13","85","117","44","33","73","83","0","13","16","26","77","78",
"1500000US250235091024","Block Group 4, Census Tract 5091.02, Plymouth County, Massachusetts","722","191","0","13","0","13","0","13","0","13","14","24","44","62","18","27","0","13","34","36","16","26","16","26","110","88","66","56","136","106","127","177","141","80",
"1500000US250235091025","Block Group 5, Census Tract 5091.02, Plymouth County, Massachusetts","357","154","25","37","0","13","0","13","0","13","46","77","0","13","73","87","0","13","43","66","0","13","0","13","0","13","67","54","69","59","34","40","0","13",
"1500000US250235101001","Block Group 1, Census Tract 5101, Plymouth County, Massachusetts","455","93","27","31","9","15","33","32","27","38","20","19","32","24","0","13","19","19","9","14","25","28","36","41","48","39","21","32","60","51","60","53","29","31",
"1500000US250235101002","Block Group 2, Census Tract 5101, Plymouth County, Massachusetts","338","89","0","13","0","13","0","13","0","13","0","13","25","31","8","15","15","24","12","19","8","14","39","41","85","64","61","43","55","44","18","18","12","20",
"1500000US250235101003","Block Group 3, Census Tract 5101, Plymouth County, Massachusetts","236","67","0","13","0","13","0","13","0","13","0","13","0","13","0","13","0","13","8","13","33","42","11","16","8","14","125","59","20","32","9","14","22","32",
"1500000US250235101004","Block Group 4, Census Tract 5101, Plymouth County, Massachusetts","346","93","0","13","8","12","36","42","0","13","0","13","5","9","0","13","26","36","0","13","23","21","69","48","40","33","43","33","11","17","66","58","19","19",
"1500000US250235102001","Block Group 1, Census Tract 5102, Plymouth County, Massachusetts","616","129","0","13","0","13","20","32","0","13","0","13","22","54","0","13","15","24","16","26","90","56","101","88","51","50","85","72","54","51","123","91","39","53",
"1500000US250235102002","Block Group 2, Census Tract 5102, Plymouth County, Massachusetts","386","149","0","13","0","13","0","13","0","13","0","13","0","13","22","38","22","38","0","13","119","130","18","28","50","52","66","57","23","27","32","40","34","36",
"1500000US250235102003","Block Group 3, Census Tract 5102, Plymouth County, Massachusetts","131","77","0","13","3","31","0","13","0","13","0","13","0","13","0","13","0","13","0","13","0","13","12","21","17","30","70","52","29","33","0","13","0","13",
"1500000US250235102004","Block Group 4, Census Tract 5102, Plymouth County, Massachusetts","861","197","0","13","75","67","13","22","28","33","15","24","49","61","68","110","0","13","0","13","42","39","58","76","131","102","86","76","181","94","14","28","101","76",
"1500000US250235103001","Block Group 1, Census Tract 5103, Plymouth County, Massachusetts","663","150","32","32","105","56","46","47","67","49","17","28","6","9","8","14","6","8","7","11","9","13","128","120","67","57","43","47","115","66","7","14","0","13",
"1500000US250235103002","Block Group 2, Census Tract 5103, Plymouth County, Massachusetts","684","143","96","83","5","10","88","68","18","29","10","13","29","28","17","24","25","31","80","87","109","81","28","30","58","50","7","13","57","49","57","52","0","13",
"1500000US250235104001","Block Group 1, Census Tract 5104, Plymouth County, Massachusetts","261","88","0","13","8","13","21","36","27","29","0","13","24","27","30","36","27","29","13","19","0","13","34","35","44","47","0","13","15","22","0","13","18","25",
"1500000US250235104002","Block Group 2, Census Tract 5104, Plymouth County, Massachusetts","369","175","82","101","108","135","0","13","9","14","23","22","28","30","0","13","0","13","10","17","41","44","13","22","30","34","25","39","0","13","0","13","0","13",
"1500000US250235104003","Block Group 3, Census Tract 5104, Plymouth County, Massachusetts","360","126","40","43","0","13","14","23","0","13","89","102","0","13","19","30","30","35","18","27","39","44","7","11","0","13","10","16","0","13","77","52","17","27",
"1500000US250235104004","Block Group 4, Census Tract 5104, Plymouth County, Massachusetts","251","78","0","13","0","13","0","13","42","42","9","16","16","24","22","34","0","13","11","18","33","26","18","29","9","15","14","19","0","13","25","32","52","46",
"1500000US250235105011","Block Group 1, Census Tract 5105.01, Plymouth County, Massachusetts","218","66","8","14","0","13","0","13","7","11","7","11","0","13","40","46","6","11","0","13","44","32","14","17","48","45","5","8","8","13","16","19","15","22",
"1500000US250235105012","Block Group 2, Census Tract 5105.01, Plymouth County, Massachusetts","387","101","36","46","41","44","23","28","13","22","18","33","9","14","30","32","0","13","13","22","9","15","22","32","70","46","0","13","71","77","32","23","0","13",
"1500000US250235105013","Block Group 3, Census Tract 5105.01, Plymouth County, Massachusetts","595","131","23","32","0","13","22","21","23","35","0","13","69","48","0","13","11","17","47","45","30","44","29","25","76","81","83","55","125","82","57","52","0","13",
"1500000US250235105031","Block Group 1, Census Tract 5105.03, Plymouth County, Massachusetts","751","148","69","48","109","74","61","49","21","21","45","38","58","51","0","13","21","23","67","62","113","78","116","74","30","37","41","69","0","13","0","13","0","13",
"1500000US250235105032","Block Group 2, Census Tract 5105.03, Plymouth County, Massachusetts","360","98","0","13","16","27","36","34","33","38","14","20","45","54","0","13","9","15","37","56","25","29","45","46","31","32","0","13","21","31","8","15","40","43",
"1500000US250235105033","Block Group 3, Census Tract 5105.03, Plymouth County, Massachusetts","395","114","6","10","4","9","55","86","0","13","0","13","0","13","36","37","0","13","28","26","19","23","38","26","36","32","57","35","54","37","14","17","48","31",
"1500000US250235105041","Block Group 1, Census Tract 5105.04, Plymouth County, Massachusetts","241","86","0","13","0","13","0","13","10","16","52","64","29","43","0","13","10","16","0","13","0","13","35","56","66","60","39","45","0","13","0","13","0","13",
"1500000US250235105042","Block Group 2, Census Tract 5105.04, Plymouth County, Massachusetts","586","107","95","94","72","55","113","81","9","16","41","62","36","44","45","54","0","13","30","48","11","19","36","42","35","38","44","45","14","21","0","13","5","13",
"1500000US250235105051","Block Group 1, Census Tract 5105.05, Plymouth County, Massachusetts","881","169","132","92","105","106","62","82","23","36","0","13","0","13","38","60","63","76","15","24","43","51","12","19","124","69","26","21","137","130","71","79","30","33",
"1500000US250235105052","Block Group 2, Census Tract 5105.05, Plymouth County, Massachusetts","824","172","47","40","119","92","54","57","95","67","82","71","57","53","42","40","42","64","29","36","103","113","14","23","22","33","46","57","39","50","33","51","0","13",
"1500000US250235106001","Block Group 1, Census Tract 5106, Plymouth County, Massachusetts","271","99","6","10","0","13","6","9","3","9","0","13","0","13","0","13","0","13","3","12","0","13","6","11","40","43","23","24","52","60","75","54","57","50",
"1500000US250235106002","Block Group 2, Census Tract 5106, Plymouth County, Massachusetts","245","74","15","13","0","13","0","13","0","13","6","11","0","13","0","13","0","13","0","13","12","14","14","22","56","38","38","38","7","12","81","61","16","18",
"1500000US250235106003","Block Group 3, Census Tract 5106, Plymouth County, Massachusetts","471","159","0","13","0","13","0","13","0","13","15","24","0","13","0","13","7","11","6","9","73","63","58","53","0","13","86","54","112","125","51","38","63","53",
"1500000US250235107001","Block Group 1, Census Tract 5107, Plymouth County, Massachusetts","329","112","0","13","0","13","0","13","36","52","36","58","45","56","0","13","33","52","42","65","0","13","15","29","13","33","0","13","0","13","24","28","85","60",
"1500000US250235107002","Block Group 2, Census Tract 5107, Plymouth County, Massachusetts","379","108","0","13","0","13","15","30","0","13","8","17","18","26","11","17","14","23","7","13","30","52","40","54","61","48","60","53","31","41","84","79","0","13",
"1500000US250235107003","Block Group 3, Census Tract 5107, Plymouth County, Massachusetts","283","113","0","13","10","17","32","44","46","72","31","48","0","13","37","55","0","13","17","29","27","42","0","13","15","20","18","29","43","66","7","12","0","13",
"1500000US250235107004","Block Group 4, Census Tract 5107, Plymouth County, Massachusetts","380","162","12","23","28","50","0","13","0","13","0","13","0","13","0","13","11","17","11","18","0","13","0","13","109","74","50","56","0","13","159","132","0","13",
"1500000US250235107005","Block Group 5, Census Tract 5107, Plymouth County, Massachusetts","409","129","15","38","41","59","0","13","0","13","11","18","33","49","10","20","10","17","5","8","18","16","0","13","95","63","48","51","13","21","11","18","99","90",
"1500000US250235108001","Block Group 1, Census Tract 5108, Plymouth County, Massachusetts","129","95","51","58","0","13","0","13","0","13","0","13","0","13","0","13","32","52","0","13","0","13","0","13","9","23","0","13","9","16","28","47","0","13",
"1500000US250235108002","Block Group 2, Census Tract 5108, Plymouth County, Massachusetts","320","130","37","56","0","13","42","69","48","75","0","13","0","13","0","13","0","13","0","13","10","16","39","41","96","71","0","13","0","13","48","66","0","13",
"1500000US250235108003","Block Group 3, Census Tract 5108, Plymouth County, Massachusetts","438","152","76","55","183","102","31","50","0","13","6","18","0","13","72","74","0","13","34","51","0","13","0","13","36","48","0","13","0","13","0","13","0","13",
"1500000US250235108004","Block Group 4, Census Tract 5108, Plymouth County, Massachusetts","464","178","28","47","32","48","0","13","0","13","24","45","41","63","12","28","0","13","89","94","75","104","68","50","27","35","17","28","30","37","21","35","0","13",
"1500000US250235108005","Block Group 5, Census Tract 5108, Plymouth County, Massachusetts","143","134","0","13","0","13","0","13","86","124","0","13","0","13","2","16","0","13","0","13","0","13","8","21","21","36","26","43","0","13","0","13","0","13",
"1500000US250235108006","Block Group 6, Census Tract 5108, Plymouth County, Massachusetts","542","147","0","13","8","16","3","11","0","13","21","32","37","42","14","23","21","29","0","13","0","13","22","32","272","115","18","27","0","13","57","60","69","73",
"1500000US250235109001","Block Group 1, Census Tract 5109, Plymouth County, Massachusetts","476","148","92","61","68","35","10","16","49","42","0","13","102","117","0","13","0","13","48","48","18","29","22","35","58","76","9","13","0","13","0","13","0","13",
"1500000US250235109002","Block Group 2, Census Tract 5109, Plymouth County, Massachusetts","445","83","128","57","84","52","0","13","14","21","38","55","9","14","0","13","10","17","54","44","0","13","108","50","0","13","0","13","0","13","0","13","0","13",
"1500000US250235110001","Block Group 1, Census Tract 5110, Plymouth County, Massachusetts","586","99","12","16","33","41","0","13","32","47","29","35","14","26","8","13","0","13","0","13","84","60","175","80","48","50","116","74","8","18","9","15","18","33",
"1500000US250235110002","Block Group 2, Census Tract 5110, Plymouth County, Massachusetts","549","192","26","34","58","54","70","116","0","13","49","46","67","58","0","13","63","49","6","11","30","31","119","103","29","33","14","22","0","13","18","22","0","13",
"1500000US250235111001","Block Group 1, Census Tract 5111, Plymouth County, Massachusetts","880","149","25","30","20","29","37","48","0","13","0","13","19","18","31","29","57","47","5","8","80","61","173","94","179","92","67","47","42","59","53","60","92","86",
"1500000US250235111002","Block Group 2, Census Tract 5111, Plymouth County, Massachusetts","374","100","6","10","11","17","7","12","6","10","15","19","0","13","0","13","0","13","11","18","33","31","36","35","76","58","49","33","37","27","42","47","45","50",
"1500000US250235111003","Block Group 3, Census Tract 5111, Plymouth County, Massachusetts","379","102","0","13","9","15","8","12","21","26","7","11","0","13","6","10","0","13","24","33","15","23","34","30","58","57","91","62","0","13","13","22","93","96",
"1500000US250235112001","Block Group 1, Census Tract 5112, Plymouth County, Massachusetts","840","200","98","50","141","78","64","65","26","22","3","5","7","10","44","37","9","11","0","13","94","56","24","27","176","161","25","31","37","35","61","47","31","45",
"1500000US250235112002","Block Group 2, Census Tract 5112, Plymouth County, Massachusetts","343","111","16","28","15","24","57","55","0","13","7","11","8","12","0","13","27","42","7","14","9","14","17","22","140","75","23","24","0","13","0","13","17","27",
"1500000US250235112003","Block Group 3, Census Tract 5112, Plymouth County, Massachusetts","566","162","47","33","114","123","43","41","23","35","51","48","31","40","0","13","40","65","19","33","73","60","16","23","15","18","0","13","56","52","38","42","0","13",
"1500000US250235113011","Block Group 1, Census Tract 5113.01, Plymouth County, Massachusetts","1049","202","18","20","53","55","135","92","7","12","43","44","81","97","20","19","179","161","6","10","70","55","65","64","75","52","106","65","39","33","103","60","49","53",
"1500000US250235113012","Block Group 2, Census Tract 5113.01, Plymouth County, Massachusetts","139","79","13","15","0","13","0","13","0","13","0","13","0","13","0","13","21","37","13","16","33","43","0","13","22","42","4","10","6","10","27","37","0","13",
"1500000US250235113013","Block Group 3, Census Tract 5113.01, Plymouth County, Massachusetts","688","279","6","12","5","9","44","37","0","13","32","37","51","70","35","37","26","35","57","91","43","57","72","42","36","30","199","231","36","47","35","41","11","17",
"1500000US250235113021","Block Group 1, Census Tract 5113.02, Plymouth County, Massachusetts","137","58","5","10","6","10","0","13","0","13","2","7","0","13","0","13","6","10","0","13","5","9","13","16","44","47","15","17","4","17","8","15","29","34",
"1500000US250235113022","Block Group 2, Census Tract 5113.02, Plymouth County, Massachusetts","272","87","20","31","32","37","0","13","64","57","12","14","6","10","0","13","25","43","0","13","6","9","11","22","4","9","11","16","37","52","22","32","22","29",
"1500000US250235113023","Block Group 3, Census Tract 5113.02, Plymouth County, Massachusetts","613","110","77","55","14","21","16","17","25","33","5","9","0","13","22","25","22","25","0","13","65","61","93","61","92","51","63","41","31","28","73","43","15","17",
"1500000US250235114001","Block Group 1, Census Tract 5114, Plymouth County, Massachusetts","217","83","19","25","0","13","14","23","5","9","0","13","35","43","0","13","0","13","0","13","27","29","54","44","46","49","17","29","0","13","0","13","0","13",
"1500000US250235114002","Block Group 2, Census Tract 5114, Plymouth County, Massachusetts","170","92","0","13","6","10","0","13","13","19","16","27","0","13","0","13","15","24","0","13","18","26","15","24","73","76","5","10","9","18","0","13","0","13",
"1500000US250235114003","Block Group 3, Census Tract 5114, Plymouth County, Massachusetts","392","125","11","18","9","14","10","16","68","66","4","7","32","38","0","13","53","69","4","20","11","18","64","64","40","49","24","25","21","26","8","13","33","40",
"1500000US250235114004","Block Group 4, Census Tract 5114, Plymouth County, Massachusetts","314","89","33","40","7","11","38","39","0","13","18","24","33","42","0","13","8","13","0","13","40","49","47","53","40","35","28","28","0","13","22","32","0","13",
"1500000US250235115001","Block Group 1, Census Tract 5115, Plymouth County, Massachusetts","278","70","14","26","17","26","17","29","0","13","0","13","0","13","0","13","20","21","16","26","20","26","16","25","24","27","96","53","24","34","14","23","0","13",
"1500000US250235115002","Block Group 2, Census Tract 5115, Plymouth County, Massachusetts","375","140","27","32","0","13","17","27","30","33","30","35","15","18","0","13","45","46","3","11","110","137","45","43","33","37","10","16","10","17","0","13","0","13",
"1500000US250235115003","Block Group 3, Census Tract 5115, Plymouth County, Massachusetts","436","98","14","26","20","21","0","13","27","30","15","18","0","13","38","40","0","13","3","7","31","29","39","43","109","69","86","60","0","13","49","48","5","8",
"1500000US250235115004","Block Group 4, Census Tract 5115, Plymouth County, Massachusetts","341","115","21","23","33","36","0","13","0","13","74","84","13","22","3","6","53","40","0","13","39","39","0","13","23","29","35","36","40","32","7","15","0","13",
"1500000US250235116011","Block Group 1, Census Tract 5116.01, Plymouth County, Massachusetts","476","187","13","43","46","58","39","61","0","13","0","13","80","79","0","13","0","13","0","13","22","38","52","49","134","108","0","13","12","29","0","13","78","106",
"1500000US250235116012","Block Group 2, Census Tract 5116.01, Plymouth County, Massachusetts","170","89","0","13","25","43","5","39","0","13","36","58","0","13","0","13","0","13","0","13","0","13","0","13","57","61","47","77","0","13","0","13","0","13",
"1500000US250235116013","Block Group 3, Census Tract 5116.01, Plymouth County, Massachusetts","504","144","38","60","31","54","13","21","0","13","76","76","0","13","0","13","30","51","0","13","66","66","15","29","107","84","34","44","0","13","80","74","14","25",
"1500000US250235116021","Block Group 1, Census Tract 5116.02, Plymouth County, Massachusetts","430","107","15","25","0","13","0","13","18","31","0","13","16","28","13","20","56","47","30","35","8","14","15","32","91","59","24","28","33","36","51","53","60","63",
"1500000US250235116022","Block Group 2, Census Tract 5116.02, Plymouth County, Massachusetts","565","147","54","51","187","95","18","19","15","25","17","27","0","13","17","27","22","33","0","13","0","13","0","13","15","29","93","68","31","38","21","34","75","92",
"1500000US250235116023","Block Group 3, Census Tract 5116.02, Plymouth County, Massachusetts","236","110","10","17","0","13","13","21","0","13","13","21","30","49","0","13","56","82","0","13","14","22","9","15","0","13","12","14","18","30","61","70","0","13",
"1500000US250235117011","Block Group 1, Census Tract 5117.01, Plymouth County, Massachusetts","207","69","18","20","0","13","0","13","4","6","0","13","0","13","14","24","0","13","0","13","0","13","0","13","45","34","104","66","0","13","22","34","0","13",
"1500000US250235117012","Block Group 2, Census Tract 5117.01, Plymouth County, Massachusetts","438","98","19","31","25","41","16","15","0","13","6","9","18","22","10","14","79","60","16","18","28","29","42","42","52","37","58","48","19","23","31","31","19","28",
"1500000US250235117013","Block Group 3, Census Tract 5117.01, Plymouth County, Massachusetts","241","71","0","13","0","13","0","13","0","13","6","10","0","13","0","13","0","13","33","31","13","15","42","42","18","29","43","44","37","35","0","13","49","50",
"1500000US250235117014","Block Group 4, Census Tract 5117.01, Plymouth County, Massachusetts","499","95","5","9","10","17","5","9","11","13","0","13","5","9","0","13","12","16","55","61","0","13","34","23","104","62","62","46","93","63","52","41","51","32",
"1500000US250235117021","Block Group 1, Census Tract 5117.02, Plymouth County, Massachusetts","836","82","9","11","2","8","21","21","6","9","36","30","11","10","15","14","9","10","43","25","95","61","87","40","152","52","132","70","67","35","100","40","51","34",
"1500000US250235201001","Block Group 1, Census Tract 5201, Plymouth County, Massachusetts","730","144","0","13","34","51","13","21","70","56","48","53","0","13","66","87","0","13","0","13","42","47","55","47","84","91","74","61","13","20","130","57","101","97",
"1500000US250235201002","Block Group 2, Census Tract 5201, Plymouth County, Massachusetts","444","140","0","13","0","13","0","13","24","38","0","13","0","13","0","13","0","13","0","13","10","15","30","37","40","31","55","52","144","115","92","88","49","58",
"1500000US250235201003","Block Group 3, Census Tract 5201, Plymouth County, Massachusetts","844","202","36","39","89","93","10","17","22","37","0","13","28","32","14","22","0","13","13","23","28","32","40","49","19","32","132","175","226","121","83","71","104","68",
"1500000US250235201004","Block Group 4, Census Tract 5201, Plymouth County, Massachusetts","485","135","0","13","0","13","14","23","0","13","28","27","0","13","4","11","63","103","21","29","0","13","36","43","22","26","51","53","56","73","111","87","79","67",
"1500000US250235202011","Block Group 1, Census Tract 5202.01, Plymouth County, Massachusetts","251","71","0","13","0","13","12","18","39","43","7","12","0","13","0","13","9","14","0","13","16","19","51","26","31","28","18","15","10","16","11","20","47","44",
"1500000US250235202012","Block Group 2, Census Tract 5202.01, Plymouth County, Massachusetts","614","131","37","45","31","30","11","18","0","13","22","24","21","26","10","14","51","49","10","16","49","44","120","70","93","87","84","44","21","23","28","24","26","41",
"1500000US250235202013","Block Group 3, Census Tract 5202.01, Plymouth County, Massachusetts","504","105","10","15","10","17","5","7","0","13","0","13","20","22","33","30","0","13","10","16","47","34","21","25","51","35","50","36","75","40","80","50","92","45",
"1500000US250235202021","Block Group 1, Census Tract 5202.02, Plymouth County, Massachusetts","567","179","14","25","73","75","9","15","0","13","7","11","14","24","15","23","82","130","14","23","16","27","75","59","0","13","83","81","57","57","38","46","70","94",
"1500000US250235202022","Block Group 2, Census Tract 5202.02, Plymouth County, Massachusetts","760","167","0","13","17","31","0","13","16","27","16","27","0","13","0","13","0","13","0","13","0","13","45","48","108","82","100","56","148","102","164","111","146","75",
"1500000US250235202023","Block Group 3, Census Tract 5202.02, Plymouth County, Massachusetts","882","187","40","62","93","91","56","49","0","13","0","13","17","26","4","7","34","38","30","39","25","30","80","83","80","71","91","63","112","76","174","127","46","46",
"1500000US250235211011","Block Group 1, Census Tract 5211.01, Plymouth County, Massachusetts","530","100","0","13","11","17","46","73","11","16","17","19","19","21","9","15","9","14","13","15","36","35","46","30","71","46","61","34","72","42","91","58","18","19",
"1500000US250235211012","Block Group 2, Census Tract 5211.01, Plymouth County, Massachusetts","359","66","7","11","0","13","0","13","0","13","9","14","13","20","9","14","8","12","7","12","39","41","43","43","93","50","40","32","54","48","17","28","20","20",
"1500000US250235211013","Block Group 3, Census Tract 5211.01, Plymouth County, Massachusetts","770","155","16","17","19","23","24","27","39","44","8","13","26","28","50","70","11","17","36","41","40","33","70","45","110","74","42","29","172","159","48","44","59","39",
"1500000US250235211021","Block Group 1, Census Tract 5211.02, Plymouth County, Massachusetts","535","113","21","23","37","46","8","14","31","41","14","17","27","35","15","17","7","12","18","20","73","64","64","56","71","46","77","61","33","32","24","22","15","25",
"1500000US250235211022","Block Group 2, Census Tract 5211.02, Plymouth County, Massachusetts","813","209","132","156","8","12","0","13","15","18","14","21","0","13","25","35","17","20","19","21","69","53","37","37","125","84","182","143","54","39","94","52","22","25",
"1500000US250235212011","Block Group 1, Census Tract 5212.01, Plymouth County, Massachusetts","543","105","49","40","28","42","19","29","26","32","0","13","43","53","0","13","41","33","27","33","26","23","95","57","74","44","48","38","29","34","22","20","16","17",
"1500000US250235212012","Block Group 2, Census Tract 5212.01, Plymouth County, Massachusetts","623","87","23","30","0","13","12","18","34","37","0","13","0","13","9","10","10","18","0","13","14","17","22","20","101","51","104","44","106","68","137","61","51","61",
"1500000US250235212021","Block Group 1, Census Tract 5212.02, Plymouth County, Massachusetts","329","87","11","18","0","13","23","26","9","14","0","13","0","13","14","22","0","13","0","13","0","13","0","13","36","28","68","54","34","26","52","37","82","66",
"1500000US250235212022","Block Group 2, Census Tract 5212.02, Plymouth County, Massachusetts","358","83","0","13","0","13","9","15","0","13","0","13","0","13","7","11","76","68","12","20","0","13","69","34","29","36","33","27","48","47","42","48","33","50",
"1500000US250235212023","Block Group 3, Census Tract 5212.02, Plymouth County, Massachusetts","736","124","0","13","11","17","40","48","24","26","11","18","5","9","65","58","0","13","18","20","36","46","99","77","136","84","73","53","77","44","56","53","85","63",
"1500000US250235221011","Block Group 1, Census Tract 5221.01, Plymouth County, Massachusetts","636","164","36","53","0","13","0","13","0","13","0","13","9","14","11","16","15","17","13","19","23","33","138","109","140","84","65","39","51","74","78","51","57","44",
"1500000US250235221012","Block Group 2, Census Tract 5221.01, Plymouth County, Massachusetts","349","126","0","13","0","13","0","13","47","71","0","13","0","13","0","13","0","13","0","13","20","21","0","13","20","20","84","104","27","25","74","50","77","57",
"1500000US250235221013","Block Group 3, Census Tract 5221.01, Plymouth County, Massachusetts","623","99","18","20","0","13","34","34","9","14","0","13","24","33","24","39","28","27","0","13","62","41","15","19","87","67","51","39","85","50","149","59","37","33",
"1500000US250235221021","Block Group 1, Census Tract 5221.02, Plymouth County, Massachusetts","914","182","40","57","20","33","0","13","20","32","0","13","74","59","80","120","0","13","36","28","20","22","155","139","108","87","110","73","89","65","67","46","95","57",
"1500000US250235221022","Block Group 2, Census Tract 5221.02, Plymouth County, Massachusetts","591","130","0","13","19","31","0","13","0","13","21","33","29","35","43","39","38","44","0","13","19","29","69","51","143","105","45","60","36","39","119","92","10","20",
"1500000US250235221023","Block Group 3, Census Tract 5221.02, Plymouth County, Massachusetts","759","132","16","27","31","37","0","13","20","33","0","13","21","36","0","13","0","13","14","23","60","67","15","25","42","36","108","68","49","46","208","102","175","77",
"1500000US250235231001","Block Group 1, Census Tract 5231, Plymouth County, Massachusetts","784","152","13","20","9","16","0","13","41","45","22","34","117","128","6","9","14","16","35","30","29","28","64","36","103","55","163","85","46","39","90","48","32","33",
"1500000US250235231002","Block Group 2, Census Tract 5231, Plymouth County, Massachusetts","332","77","13","20","0","13","9","14","0","13","6","9","10","16","9","11","0","13","10","17","20","21","38","46","14","17","60","47","18","22","68","61","57","34",
"1500000US250235232011","Block Group 1, Census Tract 5232.01, Plymouth County, Massachusetts","518","102","0","13","19","18","5","8","27","24","6","8","6","9","20","28","35","31","9","10","13","18","65","48","64","34","42","37","78","34","93","72","36","24",
"1500000US250235232012","Block Group 2, Census Tract 5232.01, Plymouth County, Massachusetts","443","81","0","13","0","13","0","13","12","13","9","11","0","13","8","11","0","13","18","21","18","14","65","35","45","26","61","34","52","32","96","53","59","29",
"1500000US250235232031","Block Group 1, Census Tract 5232.03, Plymouth County, Massachusetts","629","186","12","22","0","13","11","18","17","28","13","24","12","21","34","51","0","13","32","46","53","46","18","24","45","44","34","33","60","51","105","74","183","198",
"1500000US250235232032","Block Group 2, Census Tract 5232.03, Plymouth County, Massachusetts","848","159","0","13","12","22","27","32","15","24","0","13","0","13","0","13","37","42","46","72","0","13","96","71","76","76","114","73","84","78","114","88","227","123",
"1500000US250235232041","Block Group 1, Census Tract 5232.04, Plymouth County, Massachusetts","774","159","28","32","19","25","71","58","58","85","0","13","25","28","13","21","52","49","13","23","44","52","121","83","56","42","78","110","77","57","42","42","77","57",
"1500000US250235232042","Block Group 2, Census Tract 5232.04, Plymouth County, Massachusetts","571","109","14","23","0","13","0","13","0","13","0","13","90","74","20","24","0","13","87","96","28","32","26","34","71","57","71","59","70","65","27","29","67","57",
"1500000US250235241011","Block Group 1, Census Tract 5241.01, Plymouth County, Massachusetts","288","87","0","13","0","13","0","13","0","13","32","37","0","13","0","13","0","13","6","10","19","30","61","49","79","69","26","23","25","25","18","19","22","20",
"1500000US250235241012","Block Group 2, Census Tract 5241.01, Plymouth County, Massachusetts","693","103","0","13","28","44","0","13","10","17","18","21","19","20","8","13","6","14","14","18","9","15","53","40","105","51","62","43","104","56","129","60","128","64",
"1500000US250235241021","Block Group 1, Census Tract 5241.02, Plymouth County, Massachusetts","580","93","41","34","11","18","4","6","51","47","19","24","31","34","8","13","19","23","14","21","77","59","20","22","41","42","120","71","102","64","22","21","0","13",
"1500000US250235241022","Block Group 2, Census Tract 5241.02, Plymouth County, Massachusetts","534","135","36","57","6","11","13","21","7","12","17","19","7","11","14","15","11","18","6","9","30","26","21","21","37","51","16","21","113","111","105","71","95","50",
"1500000US250235241023","Block Group 3, Census Tract 5241.02, Plymouth County, Massachusetts","408","145","15","22","0","13","0","13","6","11","5","9","7","12","9","15","0","13","0","13","17","19","56","52","52","43","148","175","20","24","42","55","31","22",
"1500000US250235251011","Block Group 1, Census Tract 5251.01, Plymouth County, Massachusetts","743","208","0","13","0","13","15","24","37","63","0","13","26","31","39","61","13","19","20","19","54","55","79","59","116","107","167","153","102","69","24","27","51","41",
"1500000US250235251012","Block Group 2, Census Tract 5251.01, Plymouth County, Massachusetts","838","154","55","70","37","58","26","29","0","13","0","13","52","66","13","20","13","20","0","13","95","79","25","27","117","80","62","43","95","80","104","75","144","79",
"1500000US250235251013","Block Group 3, Census Tract 5251.01, Plymouth County, Massachusetts","946","172","21","27","13","22","41","40","125","97","4","7","0","13","0","13","0","13","137","111","56","57","61","61","248","105","95","56","70","62","38","36","37","31",
"1500000US250235251041","Block Group 1, Census Tract 5251.04, Plymouth County, Massachusetts","576","121","0","13","0","13","0","13","14","22","11","19","0","13","16","26","0","13","0","13","18","25","42","35","80","53","119","60","105","54","97","81","74","70",
"1500000US250235251042","Block Group 2, Census Tract 5251.04, Plymouth County, Massachusetts","281","74","0","13","0","13","0","13","16","25","0","13","0","13","32","35","0","13","0","13","17","27","27","31","17","26","42","51","38","39","41","41","51","49",
"1500000US250235251043","Block Group 3, Census Tract 5251.04, Plymouth County, Massachusetts","938","182","51","74","12","18","0","13","0","13","17","27","20","30","0","13","0","13","0","13","18","28","48","44","82","53","119","66","159","93","145","122","267","159",
"1500000US250235251044","Block Group 4, Census Tract 5251.04, Plymouth County, Massachusetts","380","111","0","13","0","13","0","13","17","27","5","7","4","7","29","41","0","13","5","11","36","41","8","10","97","86","27","29","4","7","57","67","91","79",
"1500000US250235252041","Block Group 1, Census Tract 5252.04, Plymouth County, Massachusetts","624","136","0","13","0","13","0","13","0","13","0","13","0","13","0","13","0","13","44","57","19","22","28","33","25","25","124","97","55","42","184","116","145","61",
"1500000US250235252042","Block Group 2, Census Tract 5252.04, Plymouth County, Massachusetts","488","81","0","13","0","13","0","13","0","13","0","13","12","19","0","13","7","10","6","9","22","19","52","38","105","58","68","31","60","41","59","39","97","46",
"1500000US250235261001","Block Group 1, Census Tract 5261, Plymouth County, Massachusetts","580","190","0","13","0","13","0","13","0","13","35","40","49","67","0","13","6","9","0","13","0","13","62","72","53","49","65","70","38","36","223","169","49","47",
"1500000US250235261002","Block Group 2, Census Tract 5261, Plymouth County, Massachusetts","172","68","12","19","0","13","15","23","0","13","0","13","0","13","16","25","12","18","16","26","0","13","0","13","32","27","39","39","0","13","30","36","0","13",
"1500000US250235261003","Block Group 3, Census Tract 5261, Plymouth County, Massachusetts","757","184","14","22","58","92","0","13","10","16","19","29","0","13","0","13","26","42","19","30","137","103","72","70","137","112","58","48","123","83","84","52","0","13",
"1500000US250235261004","Block Group 4, Census Tract 5261, Plymouth County, Massachusetts","711","158","0","13","19","30","21","32","136","125","54","50","51","39","18","28","0","13","20","32","64","58","51","48","95","70","66","56","36","41","23","29","57","50",
"1500000US250235261005","Block Group 5, Census Tract 5261, Plymouth County, Massachusetts","681","185","0","13","0","13","0","13","0","13","0","13","6","12","0","13","9","17","0","13","5","13","90","67","71","79","321","183","39","45","41","42","99","83",
"1500000US250235301001","Block Group 1, Census Tract 5301, Plymouth County, Massachusetts","734","156","12","19","17","20","0","13","31","31","19","22","12","18","17","20","7","11","24","42","32","30","42","23","81","50","84","45","102","63","124","45","130","129",
"1500000US250235301002","Block Group 2, Census Tract 5301, Plymouth County, Massachusetts","1162","167","34","40","114","70","35","26","47","47","62","85","34","33","34","33","68","67","15","25","64","48","64","72","203","110","174","109","133","101","32","36","49","38",
"1500000US250235302001","Block Group 1, Census Tract 5302, Plymouth County, Massachusetts","971","283","179","242","0","13","66","63","93","57","33","29","11","17","16","19","6","10","93","64","86","95","50","40","137","107","78","51","67","49","38","32","18","22",
"1500000US250235302002","Block Group 2, Census Tract 5302, Plymouth County, Massachusetts","827","141","12","16","41","27","65","38","8","12","18","20","73","60","24","23","47","46","39","47","66","46","108","75","106","64","114","60","34","41","60","52","12","17",
"1500000US250235303001","Block Group 1, Census Tract 5303, Plymouth County, Massachusetts","485","107","8","13","31","36","29","32","0","13","61","46","61","61","0","13","36","53","0","13","43","48","45","43","30","28","10","16","41","32","55","52","35","33",
"1500000US250235303002","Block Group 2, Census Tract 5303, Plymouth County, Massachusetts","578","285","0","13","67","53","0","13","28","39","0","13","174","268","0","13","12","20","32","38","17","26","50","27","60","52","18","28","25","28","64","43","31","30",
"1500000US250235303003","Block Group 3, Census Tract 5303, Plymouth County, Massachusetts","463","135","0","13","0","13","4","18","0","13","0","13","50","63","19","24","17","27","10","14","21","24","163","133","35","36","74","49","20","22","50","43","0","13",
"1500000US250235303004","Block Group 4, Census Tract 5303, Plymouth County, Massachusetts","420","136","0","13","19","31","11","18","0","13","13","20","0","13","16","20","0","13","54","63","94","106","62","51","74","54","36","35","0","13","23","26","18","21",
"1500000US250235304001","Block Group 1, Census Tract 5304, Plymouth County, Massachusetts","755","131","16","26","30","35","33","33","40","38","113","69","56","54","26","29","14","24","0","13","24","29","31","33","148","96","8","12","89","82","91","78","36","35",
"1500000US250235304002","Block Group 2, Census Tract 5304, Plymouth County, Massachusetts","323","93","0","13","10","15","0","13","0","13","0","13","0","13","16","24","37","58","0","13","10","17","28","34","22","27","25","41","82","87","45","41","48","46",
"1500000US250235304003","Block Group 3, Census Tract 5304, Plymouth County, Massachusetts","813","225","18","30","0","13","0","13","0","13","0","13","21","24","16","25","0","13","58","46","0","13","16","25","107","100","151","136","59","60","177","115","190","162",
"1500000US250235304004","Block Group 4, Census Tract 5304, Plymouth County, Massachusetts","311","93","0","13","0","13","0","13","0","13","0","13","0","13","0","13","14","24","0","13","31","34","28","31","0","13","87","78","32","36","38","39","81","58",
"1500000US250235305001","Block Group 1, Census Tract 5305, Plymouth County, Massachusetts","443","251","0","13","0","13","24","36","0","13","0","13","44","62","75","90","22","35","0","13","0","13","22","35","35","42","173","235","20","32","7","13","21","34",
"1500000US250235305002","Block Group 2, Census Tract 5305, Plymouth County, Massachusetts","420","185","34","52","19","32","0","13","128","144","13","23","0","13","22","36","0","13","0","13","0","13","78","71","89","92","0","13","18","30","0","13","19","26",
"1500000US250235305003","Block Group 3, Census Tract 5305, Plymouth County, Massachusetts","332","99","54","51","0","13","47","54","12","19","0","13","32","38","0","13","15","28","0","13","16","21","0","13","23","29","0","13","52","52","13","21","68","53",
"1500000US250235305004","Block Group 4, Census Tract 5305, Plymouth County, Massachusetts","323","132","22","36","0","13","0","13","0","13","0","13","0","13","0","13","0","13","0","13","75","76","75","95","31","39","30","31","0","13","45","52","45","48",
"1500000US250235305005","Block Group 5, Census Tract 5305, Plymouth County, Massachusetts","662","154","34","40","0","13","0","13","0","13","0","13","27","35","36","41","0","13","8","13","109","93","41","47","105","86","87","68","0","13","25","35","190","108",
"1500000US250235306001","Block Group 1, Census Tract 5306, Plymouth County, Massachusetts","270","81","0","13","0","13","0","13","3","4","0","13","0","13","25","35","0","13","0","13","0","13","10","15","60","37","50","33","0","13","94","81","28","27",
"1500000US250235306002","Block Group 2, Census Tract 5306, Plymouth County, Massachusetts","363","69","0","13","0","13","0","13","0","13","0","13","0","13","10","16","0","13","9","14","9","14","20","22","56","38","54","38","53","35","46","28","106","54",
"1500000US250235306003","Block Group 3, Census Tract 5306, Plymouth County, Massachusetts","347","84","0","13","0","13","0","13","0","13","42","49","0","13","0","13","0","13","11","17","12","21","26","28","35","39","99","68","12","14","65","32","45","43",
"1500000US250235306004","Block Group 4, Census Tract 5306, Plymouth County, Massachusetts","630","108","7","11","0","13","0","13","31","48","29","28","0","13","11","16","4","6","48","47","27","26","15","19","179","90","41","43","73","43","88","45","77","55",
"1500000US250235306005","Block Group 5, Census Tract 5306, Plymouth County, Massachusetts","356","101","0","13","0","13","0","13","11","17","0","13","0","13","0","13","0","13","0","13","43","50","52","58","29","33","0","13","88","61","61","59","72","47",
"1500000US250235307001","Block Group 1, Census Tract 5307, Plymouth County, Massachusetts","807","344","0","13","0","13","14","24","21","34","0","13","67","78","31","46","14","23","0","13","44","52","12","20","348","331","82","62","67","49","14","23","93","101",
"1500000US250235307002","Block Group 2, Census Tract 5307, Plymouth County, Massachusetts","1250","229","39","63","68","73","0","13","30","37","45","42","0","13","0","13","58","74","23","37","22","28","90","65","201","163","186","122","40","39","66","47","382","154",
"1500000US250235307003","Block Group 3, Census Tract 5307, Plymouth County, Massachusetts","995","211","14","23","51","80","44","45","28","34","26","29","23","37","15","25","0","13","13","20","125","92","95","100","46","56","60","51","26","29","191","106","238","131",
"1500000US250235308011","Block Group 1, Census Tract 5308.01, Plymouth County, Massachusetts","1638","227","26","33","15","25","49","39","0","13","15","26","34","42","137","112","31","35","82","88","62","51","193","144","70","56","164","108","173","105","203","142","384","153",
"1500000US250235308012","Block Group 2, Census Tract 5308.01, Plymouth County, Massachusetts","808","159","0","13","0","13","29","38","13","21","0","13","0","13","15","24","18","28","0","13","20","33","0","13","135","112","190","134","103","79","146","78","139","103",
"1500000US250235308021","Block Group 1, Census Tract 5308.02, Plymouth County, Massachusetts","201","81","0","13","0","13","28","45","0","13","11","18","0","13","0","13","0","13","9","14","0","13","61","61","51","31","10","17","0","13","31","27","0","13",
"1500000US250235308022","Block Group 2, Census Tract 5308.02, Plymouth County, Massachusetts","313","104","0","13","0","13","34","50","32","51","0","13","0","13","0","13","0","13","7","12","0","13","78","69","5","9","55","36","7","11","40","31","55","42",
"1500000US250235308023","Block Group 3, Census Tract 5308.02, Plymouth County, Massachusetts","514","133","0","13","10","15","27","43","0","13","28","46","39","51","0","13","11","17","0","13","78","65","31","50","75","56","61","46","80","84","48","43","26","25",
"1500000US250235308024","Block Group 4, Census Tract 5308.02, Plymouth County, Massachusetts","497","114","16","27","10","16","0","13","19","21","0","13","11","17","0","13","10","17","11","17","87","70","10","15","99","75","58","28","17","19","86","54","63","51",
"1500000US250235308025","Block Group 5, Census Tract 5308.02, Plymouth County, Massachusetts","317","99","0","13","0","13","9","14","0","13","28","46","18","30","0","13","16","19","0","13","0","13","28","42","56","61","52","47","19","20","38","27","53","46",
"1500000US250235309021","Block Group 1, Census Tract 5309.02, Plymouth County, Massachusetts","800","123","29","35","55","42","0","13","0","13","14","20","0","13","0","13","16","17","19","28","24","21","50","36","126","69","106","55","87","53","198","87","76","52",
"1500000US250235309022","Block Group 2, Census Tract 5309.02, Plymouth County, Massachusetts","886","167","0","13","6","10","4","8","3","4","38","36","21","24","15","18","32","30","20","22","45","29","136","116","187","121","105","54","56","32","76","41","142","54",
"1500000US250235309031","Block Group 1, Census Tract 5309.03, Plymouth County, Massachusetts","440","103","18","29","0","13","8","18","16","26","0","13","0","13","0","13","0","13","35","40","0","13","57","61","94","90","61","50","61","52","74","53","16","20",
"1500000US250235309032","Block Group 2, Census Tract 5309.03, Plymouth County, Massachusetts","967","276","29","45","0","13","0","13","29","44","0","13","126","198","17","31","46","41","95","107","58","71","0","13","183","102","110","66","0","13","101","89","173","134",
"1500000US250235309033","Block Group 3, Census Tract 5309.03, Plymouth County, Massachusetts","610","175","0","13","0","13","15","23","17","26","0","13","0","13","0","13","0","13","0","13","74","96","20","35","83","78","77","64","67","73","85","60","172","108",
"1500000US250235309041","Block Group 1, Census Tract 5309.04, Plymouth County, Massachusetts","1174","197","0","13","0","13","0","13","47","64","0","13","12","19","75","83","0","13","15","24","82","55","106","75","227","159","172","101","164","180","189","167","85","66",
"1500000US250235309042","Block Group 2, Census Tract 5309.04, Plymouth County, Massachusetts","207","109","0","13","32","38","0","13","0","13","10","19","0","13","0","13","0","13","0","13","22","28","45","66","13","23","67","66","0","13","18","28","0","13",
"1500000US250235401011","Block Group 1, Census Tract 5401.01, Plymouth County, Massachusetts","392","87","8","12","0","13","0","13","25","24","38","48","0","13","11","17","9","15","38","41","16","20","55","37","20","23","80","41","28","25","14","16","50","42",
"1500000US250235401012","Block Group 2, Census Tract 5401.01, Plymouth County, Massachusetts","614","122","46","58","14","23","13","21","13","21","21","23","11","17","13","21","50","37","0","13","60","63","58","38","166","70","26","24","12","14","38","28","73","80",
"1500000US250235401013","Block Group 3, Census Tract 5401.01, Plymouth County, Massachusetts","624","99","21","23","87","60","11","16","12","18","25","28","34","28","10","14","0","13","37","44","40","41","63","42","77","42","12","17","70","58","48","34","77","48",
"1500000US250235401021","Block Group 1, Census Tract 5401.02, Plymouth County, Massachusetts","964","112","0","13","26","27","13","15","5","6","16","17","6","9","7","13","64","45","43","39","60","38","73","30","95","37","188","58","102","40","207","65","59","32",
"1500000US250235401031","Block Group 1, Census Tract 5401.03, Plymouth County, Massachusetts","919","118","16","18","12","18","0","13","9","15","0","13","9","13","24","21","13","19","0","13","19","23","46","44","137","79","103","49","198","75","171","68","162","66",
"1500000US250235401032","Block Group 2, Census Tract 5401.03, Plymouth County, Massachusetts","567","179","8","13","0","13","11","18","0","13","0","13","0","13","9","14","0","13","0","13","5","7","14","16","17","17","55","32","41","40","242","185","165","61",
"1500000US250235411001","Block Group 1, Census Tract 5411, Plymouth County, Massachusetts","728","110","8","13","8","13","0","13","9","13","16","20","23","35","10","14","6","10","16","17","76","39","97","61","76","65","85","53","120","75","46","40","132","68",
"1500000US250235411002","Block Group 2, Census Tract 5411, Plymouth County, Massachusetts","774","178","28","25","0","13","16","18","0","13","0","13","8","13","52","46","0","13","8","13","53","35","11","15","213","179","66","46","74","83","64","39","181","80",
"1500000US250235411003","Block Group 3, Census Tract 5411, Plymouth County, Massachusetts","453","89","2","3","8","13","0","13","8","13","0","13","0","13","20","22","0","13","0","13","0","13","64","58","66","51","45","38","68","48","80","43","92","58",
"1500000US250235421011","Block Group 1, Census Tract 5421.01, Plymouth County, Massachusetts","556","140","14","22","0","13","0","13","38","58","0","13","13","22","52","62","15","26","0","13","0","13","56","59","127","85","82","70","14","23","94","85","51","47",
"1500000US250235421012","Block Group 2, Census Tract 5421.01, Plymouth County, Massachusetts","1223","384","0","13","0","13","16","25","0","13","28","31","190","260","0","13","75","99","22","39","29","34","240","330","164","101","105","88","130","92","172","133","52","54",
"1500000US250235421013","Block Group 3, Census Tract 5421.01, Plymouth County, Massachusetts","700","128","16","25","0","13","20","34","0","13","0","13","40","39","0","13","0","13","27","31","15","23","83","69","123","84","167","111","34","41","43","43","132","72",
"1500000US250235421014","Block Group 4, Census Tract 5421.01, Plymouth County, Massachusetts","425","123","0","13","38","62","0","13","0","13","0","13","0","13","0","13","0","13","0","13","93","105","54","66","13","22","65","75","51","67","35","42","76","75",
"1500000US250235421021","Block Group 1, Census Tract 5421.02, Plymouth County, Massachusetts","1060","152","24","19","25","27","92","110","42","27","7","10","15","14","67","53","14","17","33","29","74","42","100","47","195","77","80","35","130","58","76","36","86","43",
"1500000US250235422001","Block Group 1, Census Tract 5422, Plymouth County, Massachusetts","859","145","0","13","0","13","20","30","0","13","16","25","40","63","81","80","80","80","0","13","91","81","73","82","35","42","50","71","55","48","200","101","118","80",
"1500000US250235422002","Block Group 2, Census Tract 5422, Plymouth County, Massachusetts","1361","203","54","44","31","36","37","59","72","54","27","33","29","34","13","21","125","111","54","44","66","52","136","75","192","82","153","77","156","118","100","89","116","93",
"1500000US250235422003","Block Group 3, Census Tract 5422, Plymouth County, Massachusetts","617","172","0","13","0","13","0","13","16","26","19","31","45","71","8","13","18","30","17","31","123","119","29","47","138","84","77","85","78","65","35","41","14","24",
"1500000US250235423011","Block Group 1, Census Tract 5423.01, Plymouth County, Massachusetts","632","158","0","13","95","114","43","55","0","13","46","62","0","13","67","78","0","13","0","13","0","13","142","112","95","83","71","120","0","13","62","68","11","18",
"1500000US250235423012","Block Group 2, Census Tract 5423.01, Plymouth County, Massachusetts","551","161","101","75","43","69","0","13","15","26","0","13","22","35","0","13","71","75","0","13","12","19","88","96","0","13","137","104","44","55","18","37","0","13",
"1500000US250235423013","Block Group 3, Census Tract 5423.01, Plymouth County, Massachusetts","414","276","0","13","0","13","0","13","0","13","0","13","13","25","0","13","0","13","55","76","50","67","0","13","50","50","0","13","209","263","37","60","0","13",
"1500000US250235423021","Block Group 1, Census Tract 5423.02, Plymouth County, Massachusetts","201","73","32","51","0","13","34","41","0","13","0","13","0","13","0","13","0","13","16","23","0","13","14","24","24","40","0","13","36","46","45","43","0","13",
"1500000US250235423022","Block Group 2, Census Tract 5423.02, Plymouth County, Massachusetts","773","169","34","42","87","109","35","45","26","41","0","13","29","48","36","43","17","27","0","13","29","34","83","86","117","90","64","46","29","43","130","94","57","59",
"1500000US250235423023","Block Group 3, Census Tract 5423.02, Plymouth County, Massachusetts","561","163","24","37","60","46","16","28","51","62","18","27","40","40","22","36","31","37","0","13","73","116","39","59","83","66","74","55","0","13","10","16","20","34",
"1500000US250235431001","Block Group 1, Census Tract 5431, Plymouth County, Massachusetts","993","70","27","23","27","42","20","26","33","25","4","7","23","27","9","10","38","36","14","20","34","26","96","44","132","82","141","60","81","38","180","58","134","46",
"1500000US250235441001","Block Group 1, Census Tract 5441, Plymouth County, Massachusetts","362","83","0","13","0","13","29","34","0","13","54","59","7","11","0","13","9","14","25","38","13","15","38","27","41","37","77","43","10","16","35","24","24","21",
"1500000US250235441002","Block Group 2, Census Tract 5441, Plymouth County, Massachusetts","673","167","0","13","0","13","9","15","10","16","9","14","0","13","32","38","9","15","29","23","217","159","36","28","36","28","68","44","116","93","49","47","53","33",
"1500000US250235441003","Block Group 3, Census Tract 5441, Plymouth County, Massachusetts","652","119","15","16","0","13","0","13","27","41","20","26","40","41","0","13","10","15","0","13","47","33","74","63","119","56","126","87","72","51","75","53","27","22",
"1500000US250235441004","Block Group 4, Census Tract 5441, Plymouth County, Massachusetts","354","92","28","43","0","13","0","13","8","12","0","13","17","19","26","31","0","13","7","12","64","47","0","13","93","76","32","28","56","35","15","17","8","12",
"1500000US250235442001","Block Group 1, Census Tract 5442, Plymouth County, Massachusetts","875","154","42","57","58","64","97","86","31","34","107","88","41","38","0","13","48","59","78","75","42","39","44","42","113","75","60","71","31","36","62","52","21","32",
"1500000US250235442002","Block Group 2, Census Tract 5442, Plymouth County, Massachusetts","651","241","0","13","13","22","0","13","27","43","0","13","0","13","93","146","14","24","0","13","242","211","83","80","17","28","0","13","28","30","30","35","104","95",
"1500000US250235442003","Block Group 3, Census Tract 5442, Plymouth County, Massachusetts","406","114","13","20","0","13","57","59","12","20","94","82","12","19","0","13","25","28","44","54","11","19","61","50","20","38","19","28","23","32","15","24","0","13",
"1500000US250235442004","Block Group 4, Census Tract 5442, Plymouth County, Massachusetts","636","130","44","40","0","13","38","58","26","29","0","13","24","28","24","28","60","40","23","27","37","60","15","24","65","71","53","54","107","76","94","64","26","29",
"1500000US250235451001","Block Group 1, Census Tract 5451, Plymouth County, Massachusetts","1015","250","75","72","33","38","108","85","63","68","14","22","23","27","156","182","53","65","120","147","83","79","105","83","28","31","132","114","10","31","0","13","12","21",
"1500000US250235451002","Block Group 2, Census Tract 5451, Plymouth County, Massachusetts","291","97","0","13","0","13","0","13","16","24","12","20","0","13","33","51","0","13","0","13","16","24","31","49","26","28","53","50","0","13","87","69","17","27",
"1500000US250235451003","Block Group 3, Census Tract 5451, Plymouth County, Massachusetts","1200","588","0","13","0","13","0","13","0","13","0","13","14","22","7","15","0","13","33","38","28","30","106","98","193","123","159","116","78","79","497","603","85","81",
"1500000US250235451004","Block Group 4, Census Tract 5451, Plymouth County, Massachusetts","423","104","10","18","15","22","14","22","29","33","0","13","0","13","28","33","13","22","12","20","10","16","106","78","8","13","57","45","32","39","57","34","32","37",
"1500000US250235452001","Block Group 1, Census Tract 5452, Plymouth County, Massachusetts","295","122","0","13","28","45","0","13","0","13","0","13","0","13","0","13","15","25","61","88","0","13","45","33","0","13","0","13","128","131","0","13","18","32",
"1500000US250235452002","Block Group 2, Census Tract 5452, Plymouth County, Massachusetts","678","147","13","23","0","13","33","31","0","13","0","13","0","13","23","36","15","24","10","21","68","71","70","73","181","115","139","88","48","53","44","62","34","47",
"1500000US250235452003","Block Group 3, Census Tract 5452, Plymouth County, Massachusetts","707","181","27","30","29","47","41","46","0","13","0","13","66","64","32","37","71","63","56","76","18","27","53","47","102","82","132","129","51","48","0","13","29","45",
"1500000US250235452004","Block Group 4, Census Tract 5452, Plymouth County, Massachusetts","879","218","72","72","85","75","0","13","14","23","14","22","46","67","36","57","60","60","17","22","63","62","193","149","60","56","75","68","47","44","97","137","0","13",
"1500000US250235453001","Block Group 1, Census Tract 5453, Plymouth County, Massachusetts","631","218","140","133","35","57","0","13","14","23","59","64","98","79","44","70","43","70","37","61","6","11","29","46","49","79","0","13","0","13","77","109","0","13",
"1500000US250235453002","Block Group 2, Census Tract 5453, Plymouth County, Massachusetts","484","173","0","13","10","16","29","47","0","13","10","18","0","13","29","21","16","19","6","10","160","155","34","39","29","28","54","53","0","13","36","55","71","73",
"1500000US250235453003","Block Group 3, Census Tract 5453, Plymouth County, Massachusetts","358","157","0","13","27","23","0","13","0","13","9","15","0","13","0","13","6","13","17","29","36","45","43","62","60","54","16","21","86","94","53","74","5","12",
"1500000US250235453004","Block Group 4, Census Tract 5453, Plymouth County, Massachusetts","534","206","0","13","79","90","44","68","18","29","0","13","0","13","37","59","0","13","17","27","27","47","96","101","86","99","42","67","78","91","0","13","10","16",
"1500000US250235454001","Block Group 1, Census Tract 5454, Plymouth County, Massachusetts","624","376","0","13","41","66","10","16","14","22","0","13","0","13","0","13","0","13","14","22","44","58","86","85","294","379","58","57","5","19","46","47","12","22",
"1500000US250235454002","Block Group 2, Census Tract 5454, Plymouth County, Massachusetts","697","266","65","88","0","13","0","13","0","13","0","13","91","102","0","13","14","23","119","184","12","23","59","73","116","105","91","86","75","57","38","43","17","32",
"1500000US250235454003","Block Group 3, Census Tract 5454, Plymouth County, Massachusetts","226","90","0","13","0","13","0","13","25","32","15","27","0","13","0","13","23","37","38","46","0","13","46","47","37","30","25","33","17","30","0","13","0","13",
"1500000US250235454004","Block Group 4, Census Tract 5454, Plymouth County, Massachusetts","384","133","37","56","31","38","13","21","25","38","0","13","17","29","65","88","0","13","17","30","73","90","0","13","52","85","42","44","0","13","0","13","12","17",
"1500000US250235454005","Block Group 5, Census Tract 5454, Plymouth County, Massachusetts","644","227","14","24","34","39","81","127","65","100","81","64","122","192","0","13","15","24","7","16","17","27","101","79","28","46","44","51","0","13","35","38","0","13",
"1500000US250235601001","Block Group 1, Census Tract 5601, Plymouth County, Massachusetts","550","122","19","31","0","13","0","13","0","13","21","27","0","13","34","40","45","72","0","13","64","62","24","31","56","51","26","33","47","42","100","64","114","75",
"1500000US250235601002","Block Group 2, Census Tract 5601, Plymouth County, Massachusetts","238","151","0","13","0","13","0","13","0","13","0","13","0","13","0","13","0","13","0","13","0","13","53","63","143","134","14","24","0","13","0","13","28","46",
"1500000US250235601003","Block Group 3, Census Tract 5601, Plymouth County, Massachusetts","638","185","0","13","0","13","12","21","19","32","0","13","35","39","0","13","39","44","79","123","24","30","57","56","77","63","169","169","0","13","88","63","39","40",
"1500000US250235601004","Block Group 4, Census Tract 5601, Plymouth County, Massachusetts","629","137","0","13","17","27","0","13","16","25","20","33","0","13","0","13","22","36","12","21","48","44","142","123","49","47","89","68","53","49","26","35","135","84",
"1500000US250235601005","Block Group 5, Census Tract 5601, Plymouth County, Massachusetts","313","101","32","38","0","13","0","13","0","13","0","13","16","25","0","13","0","13","12","19","0","13","15","23","50","47","19","30","32","32","30","27","107","83",
"1500000US250235601006","Block Group 6, Census Tract 5601, Plymouth County, Massachusetts","527","275","0","13","0","13","0","13","12","19","16","27","0","13","0","13","20","30","0","13","203","284","33","51","47","59","49","60","0","13","93","81","54","65",
"1500000US250235611001","Block Group 1, Census Tract 5611, Plymouth County, Massachusetts","479","112","6","10","0","13","0","13","31","47","0","13","19","22","18","21","0","13","18","27","45","57","17","19","50","42","45","39","19","22","47","44","164","83",
"1500000US250235611002","Block Group 2, Census Tract 5611, Plymouth County, Massachusetts","297","76","8","13","6","11","6","11","0","13","14","23","0","13","10","16","0","13","25","28","50","42","5","9","54","35","24","37","0","13","9","13","86","57",
"1500000US250235611003","Block Group 3, Census Tract 5611, Plymouth County, Massachusetts","311","78","0","13","25","23","0","13","24","35","9","13","0","13","0","13","7","12","0","13","30","27","30","28","55","42","33","37","44","44","27","23","27","25",
"1500000US250235611004","Block Group 4, Census Tract 5611, Plymouth County, Massachusetts","435","100","0","13","26","23","19","25","48","48","8","14","4","8","0","13","30","34","17","30","12","18","16","17","65","66","35","43","68","57","54","48","33","28",
"1500000US250235611005","Block Group 5, Census Tract 5611, Plymouth County, Massachusetts","424","140","0","13","0","13","0","13","19","24","19","29","5","10","0","13","115","76","28","29","31","48","16","26","29","34","10","16","22","25","9","14","121","131",
"1500000US250235614001","Block Group 1, Census Tract 5614, Plymouth County, Massachusetts","994","174","26","29","69","64","0","13","36","45","42","51","53","71","31","35","38","36","43","53","117","76","13","21","233","143","106","54","52","51","83","87","52","49",
"1500000US250235614002","Block Group 2, Census Tract 5614, Plymouth County, Massachusetts","998","218","83","69","0","13","14","22","0","13","39","43","53","49","36","46","176","178","19","30","0","13","140","120","124","83","74","64","75","87","78","66","87","69",
"1500000US250235614003","Block Group 3, Census Tract 5614, Plymouth County, Massachusetts","457","234","0","13","0","13","0","13","13","22","0","13","16","26","0","13","0","13","0","13","0","13","13","21","72","54","29","37","202","208","30","39","82","103",
"1500000US250239802001","Block Group 1, Census Tract 9802, Plymouth County, Massachusetts","74","60","8","12","0","13","0","13","0","13","0","13","0","13","0","13","0","13","0","13","0","13","25","38","0","13","37","57","0","13","0","13","4","5",
"1500000US250239803001","Block Group 1, Census Tract 9803, Plymouth County, Massachusetts","30","30","0","13","0","13","12","18","15","23","0","13","0","13","0","13","0","13","0","13","0","13","0","13","0","13","0","13","0","13","3","6","0","13",
"1500000US250239900030","Block Group 0, Census Tract 9900.03, Plymouth County, Massachusetts","0","13","0","13","0","13","0","13","0","13","0","13","0","13","0","13","0","13","0","13","0","13","0","13","0","13","0","13","0","13","0","13","0","13",
"1500000US250250001011","Block Group 1, Census Tract 1.01, Suffolk County, Massachusetts","365","72","0","13","12","19","0","13","0","13","8","13","4","7","5","8","34","41","0","13","0","13","32","39","82","74","83","47","28","23","63","46","14","16",
"1500000US250250001012","Block Group 2, Census Tract 1.01, Suffolk County, Massachusetts","262","62","0","13","0","13","0","13","0","13","0","13","0","13","0","13","0","13","0","13","13","16","16","19","56","44","31","27","43","36","18","23","85","46",
"1500000US250250001021","Block Group 1, Census Tract 1.02, Suffolk County, Massachusetts","404","91","4","6","0","13","0","13","20","29","7","10","0","13","9","15","0","13","0","13","23","26","10","17","54","41","128","99","75","61","61","45","13","22",
"1500000US250250001022","Block Group 2, Census Tract 1.02, Suffolk County, Massachusetts","918","267","40","48","25","31","16","17","139","78","32","35","11","18","8","12","49","71","59","56","31","37","35","30","54","52","230","251","85","45","34","30","70","86",
"1500000US250250002011","Block Group 1, Census Tract 2.01, Suffolk County, Massachusetts","414","87","20","31","0","13","20","26","9","14","17","26","9","14","18","28","0","13","18","22","9","14","31","20","80","64","13","16","91","77","65","37","14","19",
"1500000US250250002012","Block Group 2, Census Tract 2.01, Suffolk County, Massachusetts","412","224","0","13","0","13","0","13","21","33","23","33","12","18","7","10","6","10","0","13","0","13","8","13","40","32","184","227","17","20","57","36","37","32",
"1500000US250250002013","Block Group 3, Census Tract 2.01, Suffolk County, Massachusetts","577","149","30","48","0","13","81","106","8","12","26","27","7","12","0","13","20","31","4","6","25","26","47","46","53","39","148","103","68","45","23","22","37","30",
"1500000US250250002014","Block Group 4, Census Tract 2.01, Suffolk County, Massachusetts","402","112","15","17","0","13","0","13","0","13","0","13","37","49","38","42","7","11","7","11","0","13","27","21","54","43","40","36","93","95","61","48","23","28",
"1500000US250250002021","Block Group 1, Census Tract 2.02, Suffolk County, Massachusetts","288","60","0","13","0","13","6","8","41","40","9","13","8","13","0","13","0","13","0","13","34","28","0","13","49","34","15","19","55","38","25","19","46","44",
"1500000US250250002022","Block Group 2, Census Tract 2.02, Suffolk County, Massachusetts","389","154","0","13","0","13","0","13","10","16","9","14","9","14","11","12","95","134","0","13","0","13","46","44","0","13","51","51","35","53","69","63","54","47",
"1500000US250250002023","Block Group 3, Census Tract 2.02, Suffolk County, Massachusetts","827","118","57","61","24","37","72","76","32","36","30","45","12","22","28","34","0","13","25","29","40","44","113","79","76","51","71","43","94","60","88","35","65","37",
"1500000US250250003011","Block Group 1, Census Tract 3.01, Suffolk County, Massachusetts","272","121","0","13","0","13","0","13","0","13","0","13","0","13","19","25","11","19","5","8","12","22","0","13","10","17","97","121","50","52","50","37","18","25",
"1500000US250250003012","Block Group 2, Census Tract 3.01, Suffolk County, Massachusetts","293","124","5","8","0","13","0","13","0","13","0","13","0","13","0","13","0","13","0","13","17","20","7","13","29","31","79","103","69","50","58","50","29","33",
"1500000US250250003013","Block Group 3, Census Tract 3.01, Suffolk County, Massachusetts","298","75","0","13","19","30","8","13","0","13","0","13","0","13","0","13","7","13","0","13","0","13","5","8","19","21","98","69","92","55","34","32","16","14",
"1500000US250250003014","Block Group 4, Census Tract 3.01, Suffolk County, Massachusetts","287","72","0","13","0","13","0","13","7","11","33","46","0","13","0","13","12","19","0","13","10","17","35","29","14","18","59","42","35","26","71","41","11","14",
"1500000US250250003021","Block Group 1, Census Tract 3.02, Suffolk County, Massachusetts","543","154","17","27","9","16","0","13","0","13","0","13","24","34","26","41","0","13","6","9","16","19","55","78","76","73","177","90","44","39","47","46","46","34",
"1500000US250250003022","Block Group 2, Census Tract 3.02, Suffolk County, Massachusetts","805","236","9","14","10","16","13","20","10","15","0","13","4","7","12","22","0","13","35","33","40","43","108","63","171","103","70","66","34","35","203","207","86","56",
"1500000US250250004011","Block Group 1, Census Tract 4.01, Suffolk County, Massachusetts","714","280","0","13","0","13","0","13","0","13","0","13","0","13","0","13","0","13","14","22","57","69","291","252","136","90","64","47","71","56","67","73","14","24",
"1500000US250250004012","Block Group 2, Census Tract 4.01, Suffolk County, Massachusetts","475","118","22","33","28","39","0","13","33","52","0","13","62","76","17","27","0","13","15","25","0","13","48","46","91","86","38","38","23","26","59","45","39","62",
"1500000US250250004013","Block Group 3, Census Tract 4.01, Suffolk County, Massachusetts","466","220","94","143","0","13","7","11","0","13","0","13","0","13","28","33","0","13","6","12","0","13","0","13","109","150","71","60","103","84","20","30","28","33",
"1500000US250250004014","Block Group 4, Census Tract 4.01, Suffolk County, Massachusetts","1203","295","549","304","152","119","0","13","9","15","0","13","0","13","0","13","8","14","16","24","60","49","116","93","31","34","35","40","118","106","69","60","40","42",
"1500000US250250004021","Block Group 1, Census Tract 4.02, Suffolk County, Massachusetts","550","97","25","24","11","14","36","29","29","39","8","14","22","21","43","51","9","14","8","13","27","24","65","41","79","49","90","42","14","20","66","54","18","19",
"1500000US250250004022","Block Group 2, Census Tract 4.02, Suffolk County, Massachusetts","337","83","4","6","0","13","4","6","0","13","0","13","7","11","0","13","0","13","0","13","40","35","18","22","80","58","37","35","35","27","55","51","57","38",
"1500000US250250004023","Block Group 3, Census Tract 4.02, Suffolk County, Massachusetts","546","169","0","13","26","28","0","13","0","13","0","13","8","13","0","13","0","13","60","91","15","21","46","36","65","57","23","26","84","51","52","45","167","137",
"1500000US250250005021","Block Group 1, Census Tract 5.02, Suffolk County, Massachusetts","532","126","36","36","17","24","7","11","15","16","3","6","43","59","0","13","23","35","5","8","10","14","49","44","99","50","12","20","103","103","34","31","76","23",
"1500000US250250005022","Block Group 2, Census Tract 5.02, Suffolk County, Massachusetts","350","67","18","21","11","17","10","13","0","13","16","16","24","22","22","36","19","27","0","13","20","19","39","28","29","19","57","37","33","39","38","28","14","18",
"1500000US250250005023","Block Group 3, Census Tract 5.02, Suffolk County, Massachusetts","738","95","82","45","126","52","41","41","27","22","26","22","16","17","24","22","19","17","11","14","38","29","57","32","69","36","111","45","19","18","55","47","17","19",
"1500000US250250005024","Block Group 4, Census Tract 5.02, Suffolk County, Massachusetts","0","13","0","13","0","13","0","13","0","13","0","13","0","13","0","13","0","13","0","13","0","13","0","13","0","13","0","13","0","13","0","13","0","13",
"1500000US250250005031","Block Group 1, Census Tract 5.03, Suffolk County, Massachusetts","387","76","21","21","3","5","28","37","11","18","13","23","0","13","0","13","6","10","0","13","31","24","15","17","52","30","100","33","23","24","58","59","26","39",
"1500000US250250005032","Block Group 2, Census Tract 5.03, Suffolk County, Massachusetts","769","124","37","31","7","12","18","17","24","27","0","13","45","37","16","18","16","20","19","25","31","24","175","73","134","78","111","59","95","41","18","20","23","25",
"1500000US250250005051","Block Group 1, Census Tract 5.05, Suffolk County, Massachusetts","374","122","12","20","0","13","10","17","0","13","0","13","22","38","0","13","53","85","0","13","41","50","16","27","22","25","61","75","25","27","112","66","0","13",
"1500000US250250005052","Block Group 2, Census Tract 5.05, Suffolk County, Massachusetts","452","116","21","35","126","130","0","13","23","40","0","13","29","45","0","13","89","92","0","13","18","15","0","13","72","65","9","14","25","30","29","34","11","17",
"1500000US250250005053","Block Group 3, Census Tract 5.05, Suffolk County, Massachusetts","214","103","0","13","19","31","53","80","0","13","0","13","38","45","0","13","0","13","0","13","0","13","0","13","16","27","19","31","0","13","35","41","34","41",
"1500000US250250005061","Block Group 1, Census Tract 5.06, Suffolk County, Massachusetts","768","148","203","116","62","65","63","88","14","20","0","13","15","24","0","13","21","34","0","13","26","26","113","71","92","67","23","25","21","23","98","60","17","26",
"1500000US250250005062","Block Group 2, Census Tract 5.06, Suffolk County, Massachusetts","686","150","22","25","13","27","0","13","30","31","7","12","57","57","46","58","0","13","0","13","24","29","32","38","132","79","157","90","81","54","85","72","0","13",
"1500000US250250006011","Block Group 1, Census Tract 6.01, Suffolk County, Massachusetts","252","46","9","15","0","13","0","13","2","5","0","13","0","13","8","12","0","13","0","13","0","13","0","13","42","29","18","21","77","34","69","26","27","36",
"1500000US250250006012","Block Group 2, Census Tract 6.01, Suffolk County, Massachusetts","487","82","29","23","21","26","13","21","0","13","39","35","13","25","26","41","8","12","9","13","17","20","18","19","103","66","0","13","100","60","48","32","43","35",
"1500000US250250006013","Block Group 3, Census Tract 6.01, Suffolk County, Massachusetts","229","65","9","13","8","14","0","13","0","13","0","13","0","13","0","13","0","13","15","23","22","26","0","13","36","32","33","25","16","18","64","52","26","22",
"1500000US250250006014","Block Group 4, Census Tract 6.01, Suffolk County, Massachusetts","398","100","15","23","0","13","6","11","33","29","0","13","9","15","16","20","0","13","0","13","8","14","60","42","43","32","86","53","49","63","45","35","28","24",
"1500000US250250006031","Block Group 1, Census Tract 6.03, Suffolk County, Massachusetts","783","154","114","103","143","87","29","32","105","113","32","35","11","18","18","29","15","27","16","26","21","32","118","83","43","43","100","78","0","13","0","13","18","30",
"1500000US250250006041","Block Group 1, Census Tract 6.04, Suffolk County, Massachusetts","591","132","125","106","34","39","0","13","55","55","39","61","8","13","0","13","14","23","0","13","82","77","71","57","19","20","45","51","50","70","39","41","10","15",
"1500000US250250006042","Block Group 2, Census Tract 6.04, Suffolk County, Massachusetts","538","126","14","24","33","41","14","22","51","55","14","22","0","13","16","26","65","53","30","33","34","38","37","42","111","81","20","32","0","13","61","84","38","42",
"1500000US250250007011","Block Group 1, Census Tract 7.01, Suffolk County, Massachusetts","293","121","0","13","18","28","0","13","0","13","0","13","17","25","0","13","0","13","9","17","60","55","16","24","33","29","29","34","111","131","0","13","0","13",
"1500000US250250007012","Block Group 2, Census Tract 7.01, Suffolk County, Massachusetts","367","100","14","20","34","42","19","29","22","35","18","27","0","13","15","15","18","28","5","7","30","26","32","37","141","86","19","31","0","13","0","13","0","13",
"1500000US250250007013","Block Group 3, Census Tract 7.01, Suffolk County, Massachusetts","829","135","41","45","0","13","31","33","58","50","0","13","21","34","32","38","19","31","15","24","17","25","92","84","153","72","153","96","9","15","143","61","45","51",
"1500000US250250007014","Block Group 4, Census Tract 7.01, Suffolk County, Massachusetts","674","226","56","63","0","13","29","35","67","99","43","41","0","13","0","13","38","42","0","13","59","52","81","56","184","185","77","48","11","18","18","30","11","18",
"1500000US250250007031","Block Group 1, Census Tract 7.03, Suffolk County, Massachusetts","501","85","130","62","6","9","49","34","7","11","11","17","49","44","9","13","102","57","10","15","20","21","15","18","27","32","23","30","19","21","15","23","9","14",
"1500000US250250007032","Block Group 2, Census Tract 7.03, Suffolk County, Massachusetts","472","73","95","39","8","13","9","9","18","17","6","11","17","26","26","31","39","40","16","17","38","28","41","30","51","33","20","22","24","18","26","24","38","36",
"1500000US250250007041","Block Group 1, Census Tract 7.04, Suffolk County, Massachusetts","557","110","50","35","12","18","0","13","6","11","11","22","40","40","12","19","0","13","42","60","105","71","31","32","62","44","49","42","49","54","88","72","0","13",
"1500000US250250007042","Block Group 2, Census Tract 7.04, Suffolk County, Massachusetts","468","109","82","67","0","13","0","13","0","13","0","13","19","23","0","13","23","27","14","22","44","46","25","30","66","54","38","33","86","62","54","53","17","28",
"1500000US250250007043","Block Group 3, Census Tract 7.04, Suffolk County, Massachusetts","492","133","75","40","0","13","0","13","0","13","0","13","0","13","31","34","75","97","7","12","17","19","70","59","36","36","43","35","42","50","33","38","63","47",
"1500000US250250007044","Block Group 4, Census Tract 7.04, Suffolk County, Massachusetts","534","109","30","34","41","44","29","44","84","66","0","13","0","13","0","13","85","116","18","23","0","13","158","118","23","33","25","33","0","13","41","42","0","13",
"1500000US250250008041","Block Group 1, Census Tract 8.04, Suffolk County, Massachusetts","646","188","19","28","31","48","67","78","32","47","16","25","0","13","0","13","90","141","0","13","65","62","31","43","22","38","127","81","71","55","12","24","63","54",
"1500000US250250008042","Block Group 2, Census Tract 8.04, Suffolk County, Massachusetts","584","133","0","13","0","13","0","13","37","50","0","13","36","44","12","20","3","27","9","19","58","70","0","13","137","74","20","25","120","94","57","73","95","52",
"1500000US250250008051","Block Group 1, Census Tract 8.05, Suffolk County, Massachusetts","587","114","110","81","61","54","0","13","22","34","18","27","15","10","0","13","34","52","0","13","36","37","24","31","37","35","52","43","111","73","33","32","34","52",
"1500000US250250008052","Block Group 2, Census Tract 8.05, Suffolk County, Massachusetts","310","84","48","41","23","29","14","27","0","13","18","27","28","45","0","13","28","45","31","50","0","13","7","12","43","43","0","13","23","28","17","27","30","34",
"1500000US250250008053","Block Group 3, Census Tract 8.05, Suffolk County, Massachusetts","461","131","107","56","21","23","0","13","59","47","64","53","12","21","58","91","16","27","0","13","17","28","0","13","24","38","9","15","0","13","40","38","34","53",
"1500000US250250008061","Block Group 1, Census Tract 8.06, Suffolk County, Massachusetts","57","66","0","13","0","13","0","13","0","13","0","13","0","13","0","13","0","13","0","13","0","13","0","13","45","68","0","13","12","9","0","13","0","13",
"1500000US250250008062","Block Group 2, Census Tract 8.06, Suffolk County, Massachusetts","615","71","122","57","18","16","46","38","19","25","29","23","16","18","15","18","0","13","26","21","57","37","42","23","69","38","50","34","18","19","27","23","61","46",
"1500000US250250008063","Block Group 3, Census Tract 8.06, Suffolk County, Massachusetts","0","13","0","13","0","13","0","13","0","13","0","13","0","13","0","13","0","13","0","13","0","13","0","13","0","13","0","13","0","13","0","13","0","13",
"1500000US250250008071","Block Group 1, Census Tract 8.07, Suffolk County, Massachusetts","0","13","0","13","0","13","0","13","0","13","0","13","0","13","0","13","0","13","0","13","0","13","0","13","0","13","0","13","0","13","0","13","0","13",
"1500000US250250101031","Block Group 1, Census Tract 101.03, Suffolk County, Massachusetts","297","67","64","32","26","24","6","9","15","24","10","15","78","57","7","12","16","18","0","13","0","13","3","5","15","18","3","5","2","3","14","17","38","30",
"1500000US250250101032","Block Group 2, Census Tract 101.03, Suffolk County, Massachusetts","51","36","0","13","0","13","0","13","0","13","0","13","0","13","0","13","0","13","0","13","0","13","0","13","4","6","12","18","3","5","5","8","27","39",
"1500000US250250101033","Block Group 3, Census Tract 101.03, Suffolk County, Massachusetts","64","25","30","19","3","5","0","13","10","11","0","13","3","4","11","18","0","13","0","13","5","8","0","13","2","4","0","13","0","13","0","13","0","13",
"1500000US250250101041","Block Group 1, Census Tract 101.04, Suffolk County, Massachusetts","705","151","108","115","19","18","21","30","8","12","20","19","19","23","7","8","62","51","0","13","71","58","8","14","26","28","63","52","22","27","78","48","173","85",
"1500000US250250101042","Block Group 2, Census Tract 101.04, Suffolk County, Massachusetts","469","95","68","32","0","13","0","13","7","18","8","10","15","18","0","13","17","18","8","12","59","59","43","45","29","22","83","54","33","27","25","23","74","38",
"1500000US250250101043","Block Group 3, Census Tract 101.04, Suffolk County, Massachusetts","529","115","194","85","43","44","19","15","13","15","22","31","0","13","0","13","0","13","21","22","27","35","17","27","52","42","21","32","8","14","83","55","9","15",
"1500000US250250102041","Block Group 1, Census Tract 102.04, Suffolk County, Massachusetts","201","84","48","48","31","49","9","14","0","13","0","13","27","42","0","13","42","48","0","13","0","13","17","24","0","13","13","20","0","13","14","21","0","13",
"1500000US250250102042","Block Group 2, Census Tract 102.04, Suffolk County, Massachusetts","444","108","66","32","0","13","33","45","27","26","0","13","25","40","4","7","0","13","9","14","7","11","18","20","48","31","31","27","45","22","102","98","29","26",
"1500000US250250102043","Block Group 3, Census Tract 102.04, Suffolk County, Massachusetts","392","88","137","72","11","10","5","7","0","13","9","15","36","30","37","44","0","13","3","5","19","23","34","45","20","18","10","16","29","22","34","44","8","14",
"1500000US250250102051","Block Group 1, Census Tract 102.05, Suffolk County, Massachusetts","765","206","231","168","126","97","20","31","16","27","0","13","0","13","0","13","0","13","11","19","0","13","24","32","110","101","29","35","8","14","46","64","144","109",
"1500000US250250102052","Block Group 2, Census Tract 102.05, Suffolk County, Massachusetts","663","368","48","44","3","14","0","13","0","13","0","13","0","13","22","28","23","36","16","25","37","42","44","35","319","376","26","44","21","34","22","28","82","84",
"1500000US250250102053","Block Group 3, Census Tract 102.05, Suffolk County, Massachusetts","430","120","55","38","21","25","16","26","17","19","18","30","0","13","28","40","43","51","33","46","0","13","0","13","55","45","38","31","32","47","57","46","17","27",
"1500000US250250102054","Block Group 4, Census Tract 102.05, Suffolk County, Massachusetts","458","155","145","127","63","75","0","13","22","35","59","46","26","43","0","13","0","13","0","13","0","13","0","13","15","30","24","23","0","13","15","23","89","88",
"1500000US250250102061","Block Group 1, Census Tract 102.06, Suffolk County, Massachusetts","785","367","13","21","88","104","36","41","22","33","0","13","0","13","0","13","123","186","0","13","37","54","16","25","40","42","101","89","205","322","104","98","0","13",
"1500000US250250102062","Block Group 2, Census Tract 102.06, Suffolk County, Massachusetts","362","98","161","68","30","23","12","18","0","13","0","13","0","13","54","49","0","13","0","13","0","13","90","85","0","13","0","13","15","24","0","13","0","13",
"1500000US250250103001","Block Group 1, Census Tract 103, Suffolk County, Massachusetts","95","32","26","20","25","21","5","6","6","6","14","14","0","13","0","13","4","6","0","13","0","13","0","13","4","7","0","13","11","16","0","13","0","13",
"1500000US250250103002","Block Group 2, Census Tract 103, Suffolk County, Massachusetts","168","47","5","5","0","13","3","4","0","13","17","27","2","3","0","13","0","13","3","4","27","23","37","28","27","31","30","17","17","12","0","13","0","13",
"1500000US250250104031","Block Group 1, Census Tract 104.03, Suffolk County, Massachusetts","728","166","189","89","53","64","53","47","69","69","77","81","6","11","24","30","69","81","36","12","14","23","36","41","12","19","59","93","7","11","5","17","19","33",
"1500000US250250104032","Block Group 2, Census Tract 104.03, Suffolk County, Massachusetts","603","165","112","96","30","47","86","59","0","13","0","13","91","63","69","114","0","13","16","26","34","39","53","34","56","47","39","39","17","27","0","13","0","13",
"1500000US250250104033","Block Group 3, Census Tract 104.03, Suffolk County, Massachusetts","369","86","41","34","21","28","0","13","12","20","0","13","18","28","7","11","16","26","0","13","32","31","38","44","0","13","32","43","59","48","54","53","39","35",
"1500000US250250104041","Block Group 1, Census Tract 104.04, Suffolk County, Massachusetts","149","63","20","20","0","13","13","17","4","6","9","15","11","12","0","13","4","6","0","13","27","35","5","7","35","43","0","13","0","13","0","13","21","20",
"1500000US250250104042","Block Group 2, Census Tract 104.04, Suffolk County, Massachusetts","247","63","73","34","19","18","7","8","13","14","15","18","11","13","0","13","3","6","35","41","3","6","8","12","14","14","39","20","0","13","0","13","7","11",
"1500000US250250104043","Block Group 3, Census Tract 104.04, Suffolk County, Massachusetts","526","139","192","99","45","30","28","29","49","47","18","21","9","17","0","13","8","9","0","13","68","66","59","32","15","23","22","20","8","13","0","13","5","7",
"1500000US250250104044","Block Group 4, Census Tract 104.04, Suffolk County, Massachusetts","278","55","52","29","20","17","7","12","49","42","0","13","0","13","14","18","12","20","0","13","7","8","11","12","16","15","35","29","19","20","21","21","15","21",
"1500000US250250104051","Block Group 1, Census Tract 104.05, Suffolk County, Massachusetts","50","59","0","13","50","59","0","13","0","13","0","13","0","13","0","13","0","13","0","13","0","13","0","13","0","13","0","13","0","13","0","13","0","13",
"1500000US250250104052","Block Group 2, Census Tract 104.05, Suffolk County, Massachusetts","535","116","127","47","52","33","54","45","30","23","22","20","14","22","16","13","9","10","73","97","22","17","33","28","16","15","37","30","6","9","13","12","11","12",
"1500000US250250104053","Block Group 3, Census Tract 104.05, Suffolk County, Massachusetts","292","47","73","32","63","31","59","31","31","24","13","13","10","12","6","9","0","13","11","15","6","9","3","5","11","11","6","8","0","13","0","13","0","13",
"1500000US250250104081","Block Group 1, Census Tract 104.08, Suffolk County, Massachusetts","832","87","113","41","31","31","19","14","24","26","14","22","21","20","31","35","10","11","33","30","56","29","159","64","95","34","79","35","52","32","70","32","25","18",
"1500000US250250105001","Block Group 1, Census Tract 105, Suffolk County, Massachusetts","390","143","75","34","13","15","7","11","6","11","27","32","7","10","0","13","13","18","0","13","95","125","0","13","7","12","48","50","0","13","70","43","22","20",
"1500000US250250105002","Block Group 2, Census Tract 105, Suffolk County, Massachusetts","767","392","131","58","43","49","36","32","14","16","24","25","0","13","17","24","0","13","294","391","0","13","14","17","42","29","39","36","21","21","38","40","54","41",
"1500000US250250105003","Block Group 3, Census Tract 105, Suffolk County, Massachusetts","593","118","81","62","33","37","23","36","0","13","26","36","7","12","0","13","21","27","25","29","20","19","65","64","83","38","27","21","0","13","79","51","103","55",
"1500000US250250106001","Block Group 1, Census Tract 106, Suffolk County, Massachusetts","707","169","70","79","18","29","31","33","21","20","8","12","0","13","40","36","0","13","19","34","0","13","77","81","43","47","10","16","17","20","192","109","161","68",
"1500000US250250106002","Block Group 2, Census Tract 106, Suffolk County, Massachusetts","914","176","155","116","42","49","32","50","0","13","29","30","51","69","0","13","0","13","10","17","27","31","27","35","80","67","31","32","19","21","66","47","345","120",
"1500000US250250106003","Block Group 3, Census Tract 106, Suffolk County, Massachusetts","537","154","91","73","10","15","0","13","0","13","0","13","9","14","0","13","27","31","25","40","53","57","0","13","145","116","26","19","14","24","12","21","125","91",
"1500000US250250107011","Block Group 1, Census Tract 107.01, Suffolk County, Massachusetts","409","94","81","75","8","12","3","5","16","19","5","8","0","13","0","13","7","12","9","14","38","42","14","17","33","27","30","37","46","34","25","23","94","33",
"1500000US250250107012","Block Group 2, Census Tract 107.01, Suffolk County, Massachusetts","402","87","0","13","4","6","0","13","0","13","0","13","0","13","0","13","11","15","21","33","0","13","6","9","70","64","77","52","67","35","53","38","93","49",
"1500000US250250107013","Block Group 3, Census Tract 107.01, Suffolk County, Massachusetts","463","109","13","15","12","19","0","13","5","7","9","14","7","11","0","13","0","13","32","32","36","38","13","15","22","34","141","101","9","14","34","26","130","63",
"1500000US250250107021","Block Group 1, Census Tract 107.02, Suffolk County, Massachusetts","499","121","4","7","0","13","6","11","0","13","0","13","16","24","0","13","6","9","0","13","8","13","3","6","69","44","106","94","17","17","106","81","158","55",
"1500000US250250107022","Block Group 2, Census Tract 107.02, Suffolk County, Massachusetts","381","76","30","38","0","13","0","13","7","11","4","7","0","13","0","13","0","13","0","13","14","23","40","32","78","55","47","35","7","10","14","20","140","47",
"1500000US250250107023","Block Group 3, Census Tract 107.02, Suffolk County, Massachusetts","589","115","41","29","0","13","3","5","3","5","0","13","14","20","0","13","5","9","28","31","0","13","63","50","48","44","13","20","37","25","75","65","259","79",
"1500000US250250108011","Block Group 1, Census Tract 108.01, Suffolk County, Massachusetts","302","82","18","21","0","13","9","15","12","10","19","21","0","13","14","15","0","13","13","20","0","13","19","29","37","51","82","69","20","27","27","24","32","25",
"1500000US250250108012","Block Group 2, Census Tract 108.01, Suffolk County, Massachusetts","578","161","15","17","10","15","0","13","33","47","0","13","0","13","14","15","72","117","0","13","18","20","65","54","20","21","42","31","24","21","47","34","218","65",
"1500000US250250108013","Block Group 3, Census Tract 108.01, Suffolk County, Massachusetts","723","139","101","94","51","54","0","13","10","15","6","11","9","14","0","13","0","13","15","17","24","38","46","49","26","26","16","11","54","36","144","60","221","68",
"1500000US250250108021","Block Group 1, Census Tract 108.02, Suffolk County, Massachusetts","688","156","45","43","4","7","28","35","22","34","3","6","0","13","4","7","0","13","7","10","0","13","35","36","85","50","132","82","13","16","89","100","221","89",
"1500000US250250108022","Block Group 2, Census Tract 108.02, Suffolk County, Massachusetts","728","114","38","29","13","15","9","11","0","13","0","13","0","13","0","13","23","37","27","23","12","15","54","27","27","18","43","39","80","62","132","66","270","86",
"1500000US250250108023","Block Group 3, Census Tract 108.02, Suffolk County, Massachusetts","441","93","9","11","23","36","0","13","0","13","11","18","0","13","0","13","0","13","9","15","17","19","51","46","39","37","56","36","14","16","23","22","189","83",
"1500000US250250201011","Block Group 1, Census Tract 201.01, Suffolk County, Massachusetts","343","164","0","13","0","13","0","13","0","13","0","13","0","13","0","13","0","13","0","13","61","103","17","27","0","13","17","27","0","13","30","38","218","125",
"1500000US250250201012","Block Group 2, Census Tract 201.01, Suffolk County, Massachusetts","802","235","8","13","0","13","32","36","0","13","0","13","19","30","49","76","0","13","30","34","0","13","15","24","154","142","102","75","36","43","82","67","275","202",
"1500000US250250201013","Block Group 3, Census Tract 201.01, Suffolk County, Massachusetts","962","221","50","48","8","13","0","13","0","13","48","76","0","13","0","13","0","13","10","15","0","13","86","116","104","58","92","87","51","45","200","140","313","162",
"1500000US250250201014","Block Group 4, Census Tract 201.01, Suffolk County, Massachusetts","653","164","0","13","16","25","0","13","0","13","0","13","0","13","0","13","17","27","13","20","113","86","75","59","64","58","100","100","36","41","123","91","96","53",
"1500000US250250202001","Block Group 1, Census Tract 202, Suffolk County, Massachusetts","749","147","64","48","54","44","73","65","0","13","6","10","7","11","0","13","5","7","7","11","33","37","129","98","71","68","57","55","107","100","39","36","97","55",
"1500000US250250202002","Block Group 2, Census Tract 202, Suffolk County, Massachusetts","608","142","54","57","8","12","0","13","15","24","0","13","0","13","12","20","16","25","33","54","18","21","21","26","146","92","92","78","33","34","79","56","81","65",
"1500000US250250202003","Block Group 3, Census Tract 202, Suffolk County, Massachusetts","699","156","0","13","0","13","0","13","53","86","0","13","0","13","0","13","11","17","17","26","20","31","66","53","74","49","192","103","29","28","29","34","208","89",
"1500000US250250203011","Block Group 1, Census Tract 203.01, Suffolk County, Massachusetts","1245","198","135","67","74","48","31","30","35","38","11","12","0","13","63","61","7","12","45","31","76","62","61","38","104","52","76","44","37","31","189","125","301","135",
"1500000US250250203021","Block Group 1, Census Tract 203.02, Suffolk County, Massachusetts","526","46","23","23","8","12","0","13","7","9","29","25","0","13","21","25","2","4","3","5","21","18","55","31","55","36","22","20","35","24","77","40","168","52",
"1500000US250250203041","Block Group 1, Census Tract 203.04, Suffolk County, Massachusetts","494","94","67","67","19","27","0","13","0","13","0","13","0","13","0","13","10","16","0","13","8","13","26","30","8","14","24","16","35","35","133","79","164","69",
"1500000US250250203042","Block Group 2, Census Tract 203.04, Suffolk County, Massachusetts","119","66","28","26","0","13","0","13","0","13","0","13","0","13","0","13","0","13","0","13","0","13","0","13","0","13","0","13","0","13","48","49","43","46",
"1500000US250250203051","Block Group 1, Census Tract 203.05, Suffolk County, Massachusetts","174","84","0","13","0","13","0","13","0","13","0","13","0","13","0","13","0","13","20","32","0","13","15","24","43","64","11","17","0","13","48","46","37","20",
"1500000US250250203052","Block Group 2, Census Tract 203.05, Suffolk County, Massachusetts","1418","187","77","69","136","148","21","31","65","73","38","33","64","70","37","45","13","19","37","50","42","44","77","72","158","88","125","87","82","58","109","75","337","119",
"1500000US250250301001","Block Group 1, Census Tract 301, Suffolk County, Massachusetts","670","110","28","40","9","15","61","49","0","13","52","65","15","25","9","16","0","13","0","13","45","49","91","64","74","65","131","69","33","41","54","42","68","50",
"1500000US250250301002","Block Group 2, Census Tract 301, Suffolk County, Massachusetts","553","151","8","13","0","13","24","22","16","18","0","13","9","16","10","15","0","13","0","13","13","17","95","132","38","30","111","64","74","52","107","65","48","32",
"1500000US250250302001","Block Group 1, Census Tract 302, Suffolk County, Massachusetts","510","137","29","35","24","38","8","13","0","13","0","13","7","15","0","13","0","13","0","13","0","13","45","50","150","115","70","85","70","52","25","23","82","63",
"1500000US250250302002","Block Group 2, Census Tract 302, Suffolk County, Massachusetts","456","98","0","13","0","13","0","13","0","13","14","26","0","13","10","16","74","62","0","13","4","8","47","33","80","47","50","48","90","61","42","37","45","31",
"1500000US250250303011","Block Group 1, Census Tract 303.01, Suffolk County, Massachusetts","829","201","13","21","28","31","0","13","15","25","16","24","14","23","14","22","28","31","0","13","54","53","59","47","65","51","168","182","44","33","111","74","200","80",
"1500000US250250303012","Block Group 2, Census Tract 303.01, Suffolk County, Massachusetts","92","45","0","13","0","13","0","13","0","13","0","13","0","13","0","13","0","13","0","13","0","13","0","13","39","46","0","13","0","13","0","13","53","33",
"1500000US250250303021","Block Group 1, Census Tract 303.02, Suffolk County, Massachusetts","887","149","18","28","46","35","0","13","0","13","0","13","0","13","0","13","0","13","5","9","36","40","106","78","103","82","78","69","66","63","127","86","302","115",
"1500000US250250304001","Block Group 1, Census Tract 304, Suffolk County, Massachusetts","171","61","0","13","7","13","0","13","0","13","0","13","0","13","23","33","0","13","16","24","16","19","0","13","35","32","34","24","0","13","19","17","21","19",
"1500000US250250304002","Block Group 2, Census Tract 304, Suffolk County, Massachusetts","673","148","4","6","20","31","0","13","15","18","22","37","17","27","1","2","26","23","0","13","8","12","153","111","83","61","101","61","32","26","28","25","163","96",
"1500000US250250304003","Block Group 3, Census Tract 304, Suffolk County, Massachusetts","765","294","10","10","36","36","21","33","0","13","0","13","0","13","35","40","19","31","18","28","46","44","211","262","69","65","56","33","43","37","72","44","129","130",
"1500000US250250304004","Block Group 4, Census Tract 304, Suffolk County, Massachusetts","736","184","83","70","29","32","13","20","0","13","0","13","0","13","13","21","0","13","13","21","55","63","56","71","38","49","37","34","10","18","183","133","206","79",
"1500000US250250305001","Block Group 1, Census Tract 305, Suffolk County, Massachusetts","342","67","17","25","0","13","25","24","0","13","0","13","7","12","0","13","0","13","0","13","26","30","13","15","52","33","17","25","14","16","29","22","142","49",
"1500000US250250305002","Block Group 2, Census Tract 305, Suffolk County, Massachusetts","583","97","8","13","20","22","0","13","0","13","21","22","24","34","0","13","25","28","4","6","38","35","49","40","71","50","71","39","64","69","88","40","100","54",
"1500000US250250305003","Block Group 3, Census Tract 305, Suffolk County, Massachusetts","424","93","43","43","0","13","0","13","3","5","0","13","0","13","0","13","17","23","6","10","48","42","39","31","56","35","23","22","25","21","80","48","84","47",
"1500000US250250401001","Block Group 1, Census Tract 401, Suffolk County, Massachusetts","431","103","30","48","50","30","34","54","9","14","0","13","10","15","0","13","0","13","0","13","0","13","0","13","9","13","4","6","73","59","68","42","144","65",
"1500000US250250401002","Block Group 2, Census Tract 401, Suffolk County, Massachusetts","841","130","7","11","37","46","0","13","0","13","25","25","36","44","34","52","5","7","0","13","18","20","45","44","86","56","44","45","43","41","227","107","234","94",
"1500000US250250402001","Block Group 1, Census Tract 402, Suffolk County, Massachusetts","253","57","66","42","50","38","21","33","13","14","21","17","18","12","12","18","0","13","0","13","31","32","7","13","14","13","0","13","0","13","0","13","0","13",
"1500000US250250402002","Block Group 2, Census Tract 402, Suffolk County, Massachusetts","461","107","23","26","0","13","7","10","0","13","0","13","0","13","3","6","6","9","7","10","0","13","16","26","18","15","24","19","19","17","145","97","193","44",
"1500000US250250403001","Block Group 1, Census Tract 403, Suffolk County, Massachusetts","347","113","93","69","32","50","0","13","51","72","27","41","0","13","0","13","0","13","15","24","37","48","48","56","0","13","19","21","25","36","0","13","0","13",
"1500000US250250403002","Block Group 2, Census Tract 403, Suffolk County, Massachusetts","801","159","0","13","0","13","8","13","0","13","0","13","18","22","0","13","9","14","0","13","0","13","106","98","22","21","41","28","100","66","111","66","386","129",
"1500000US250250403003","Block Group 3, Census Tract 403, Suffolk County, Massachusetts","341","80","0","13","8","13","0","13","0","13","0","13","0","13","0","13","0","13","0","13","18","20","25","39","19","30","90","46","55","44","25","24","101","55",
"1500000US250250403004","Block Group 4, Census Tract 403, Suffolk County, Massachusetts","386","124","0","13","0","13","0","13","0","13","0","13","0","13","0","13","37","60","0","13","9","14","7","11","93","73","51","58","37","46","54","34","98","51",
"1500000US250250403005","Block Group 5, Census Tract 403, Suffolk County, Massachusetts","313","98","9","15","0","13","0","13","0","13","0","13","0","13","0","13","34","43","0","13","0","13","0","13","46","49","20","26","15","17","79","71","110","59",
"1500000US250250404011","Block Group 1, Census Tract 404.01, Suffolk County, Massachusetts","933","131","72","66","10","17","75","69","43","51","70","87","9","15","28","41","5","8","29","26","21","24","34","37","92","61","113","67","97","65","76","57","159","72",
"1500000US250250404012","Block Group 2, Census Tract 404.01, Suffolk County, Massachusetts","397","74","9","14","9","14","0","13","0","13","10","15","0","13","0","13","18","28","9","15","0","13","32","46","78","49","8","14","26","25","100","65","98","52",
"1500000US250250406001","Block Group 1, Census Tract 406, Suffolk County, Massachusetts","741","194","0","13","0","13","6","9","111","156","9","14","5","8","0","13","15","14","21","30","23","26","45","33","23","20","105","56","106","80","100","71","172","79",
"1500000US250250406002","Block Group 2, Census Tract 406, Suffolk County, Massachusetts","866","88","21","23","11","17","3","5","18","20","6","9","0","13","0","13","0","13","11","17","9","16","4","9","66","51","39","34","118","58","202","83","358","75",
"1500000US250250408011","Block Group 1, Census Tract 408.01, Suffolk County, Massachusetts","557","204","72","49","264","183","17","20","68","75","7","11","26","31","34","53","10","18","0","13","0","13","0","13","0","13","47","75","0","13","0","13","12","21",
"1500000US250250408012","Block Group 2, Census Tract 408.01, Suffolk County, Massachusetts","325","114","54","65","11","21","69","48","0","13","11","18","55","54","5","11","0","13","10","15","4","10","11","16","79","91","0","13","16","26","0","13","0","13",
"1500000US250250408013","Block Group 3, Census Tract 408.01, Suffolk County, Massachusetts","1397","183","38","35","12","20","88","82","6","10","10","15","10","16","22","24","16","18","0","13","74","59","36","28","72","45","131","114","100","66","148","61","634","106",
"1500000US250250501011","Block Group 1, Census Tract 501.01, Suffolk County, Massachusetts","642","176","71","107","22","29","0","13","40","34","4","7","18","30","38","39","42","45","0","13","39","53","15","25","181","130","38","34","13","20","76","74","45","43",
"1500000US250250501012","Block Group 2, Census Tract 501.01, Suffolk County, Massachusetts","616","145","110","70","126","70","39","35","89","73","59","57","34","37","0","13","0","13","20","31","42","43","30","30","0","13","18","18","0","13","14","22","35","44",
"1500000US250250501013","Block Group 3, Census Tract 501.01, Suffolk County, Massachusetts","592","113","54","46","0","13","0","13","14","24","10","15","10","16","27","44","38","34","41","46","50","38","63","50","88","55","64","49","48","52","39","31","46","36",
"1500000US250250502001","Block Group 1, Census Tract 502, Suffolk County, Massachusetts","674","139","0","13","41","46","62","64","61","66","0","13","0","13","18","28","0","13","41","44","59","52","131","96","79","56","63","48","34","29","23","29","62","44",
"1500000US250250502002","Block Group 2, Census Tract 502, Suffolk County, Massachusetts","653","214","13","16","44","44","16","26","76","70","22","36","38","51","0","13","0","13","68","60","0","13","24","28","84","58","84","91","8","12","64","57","112","175",
"1500000US250250502003","Block Group 3, Census Tract 502, Suffolk County, Massachusetts","177","77","0","13","0","13","0","13","0","13","50","51","0","13","8","14","17","30","0","13","44","44","0","13","11","17","0","13","0","13","13","17","34","32",
"1500000US250250502004","Block Group 4, Census Tract 502, Suffolk County, Massachusetts","307","125","0","13","0","13","5","7","0","13","14","21","0","13","78","94","0","13","40","61","0","13","44","61","108","85","8","15","3","15","0","13","7","13",
"1500000US250250503001","Block Group 1, Census Tract 503, Suffolk County, Massachusetts","444","109","4","6","7","10","0","13","43","35","17","27","9","15","0","13","0","13","22","26","59","57","88","61","24","22","19","30","23","20","58","40","71","37",
"1500000US250250503002","Block Group 2, Census Tract 503, Suffolk County, Massachusetts","251","54","55","50","0","13","12","13","14","22","11","19","0","13","0","13","35","30","0","13","8","15","69","48","25","22","22","25","0","13","0","13","0","13",
"1500000US250250503003","Block Group 3, Census Tract 503, Suffolk County, Massachusetts","724","155","209","82","211","155","75","51","19","19","8","12","23","23","23","35","3","5","0","13","0","13","14","25","41","42","33","31","0","13","51","36","14","23",
"1500000US250250504001","Block Group 1, Census Tract 504, Suffolk County, Massachusetts","214","121","77","112","23","30","0","13","0","13","0","13","0","13","0","13","5","14","0","13","4","7","46","43","24","19","0","13","0","13","11","17","24","38",
"1500000US250250504002","Block Group 2, Census Tract 504, Suffolk County, Massachusetts","837","101","64","40","39","37","68","48","45","37","26","21","11","9","10","17","9","13","14","22","49","34","76","63","89","58","108","50","101","39","80","35","48","32",
"1500000US250250505001","Block Group 1, Census Tract 505, Suffolk County, Massachusetts","1019","122","15","16","16","18","23","24","10","13","21","27","29","28","105","95","32","17","52","27","91","55","93","60","138","53","158","59","103","54","47","26","86","46",
"1500000US250250505002","Block Group 2, Census Tract 505, Suffolk County, Massachusetts","0","13","0","13","0","13","0","13","0","13","0","13","0","13","0","13","0","13","0","13","0","13","0","13","0","13","0","13","0","13","0","13","0","13",
"1500000US250250506001","Block Group 1, Census Tract 506, Suffolk County, Massachusetts","469","115","5","10","51","43","6","9","19","13","0","13","35","44","15","18","0","13","21","27","72","67","16","18","66","52","40","46","18","26","45","46","60","64",
"1500000US250250506002","Block Group 2, Census Tract 506, Suffolk County, Massachusetts","346","96","9","14","0","13","0","13","16","17","0","13","19","27","4","6","26","35","9","15","2","3","64","49","15","20","30","28","29","24","18","24","105","65",
"1500000US250250507001","Block Group 1, Census Tract 507, Suffolk County, Massachusetts","638","173","0","13","20","22","29","32","23","40","39","45","40","62","0","13","85","81","15","25","38","43","104","87","119","82","26","36","79","90","21","30","0","13",
"1500000US250250507002","Block Group 2, Census Tract 507, Suffolk County, Massachusetts","545","255","20","32","0","13","10","15","0","13","6","9","23","37","43","52","27","34","0","13","178","222","115","89","24","22","38","44","16","23","28","24","17","27",
"1500000US250250507003","Block Group 3, Census Tract 507, Suffolk County, Massachusetts","506","160","0","13","0","13","54","53","0","13","29","45","44","39","50","78","26","33","0","13","10","15","18","20","140","93","58","72","6","10","32","43","39","33",
"1500000US250250509011","Block Group 1, Census Tract 509.01, Suffolk County, Massachusetts","560","182","0","13","31","40","9","14","0","13","11","20","5","8","0","13","0","13","110","93","74","66","33","55","36","43","56","65","0","13","88","67","107","125",
"1500000US250250509012","Block Group 2, Census Tract 509.01, Suffolk County, Massachusetts","520","141","0","13","0","13","21","34","0","13","14","23","0","13","0","13","8","14","12","19","101","82","65","71","66","60","31","34","9","14","161","97","32","30",
"1500000US250250509013","Block Group 3, Census Tract 509.01, Suffolk County, Massachusetts","364","121","25","40","0","13","69","69","0","13","60","66","0","13","30","45","14","25","0","13","51","53","0","13","28","28","23","34","38","51","26","40","0","13",
"1500000US250250510001","Block Group 1, Census Tract 510, Suffolk County, Massachusetts","993","188","39","31","10","16","10","17","11","17","27","30","43","40","47","56","38","44","61","55","126","72","167","145","47","35","32","30","128","71","112","53","95","114",
"1500000US250250510002","Block Group 2, Census Tract 510, Suffolk County, Massachusetts","476","122","96","87","49","34","47","38","80","62","0","13","0","13","28","43","40","40","25","38","40","48","13","19","15","23","6","10","0","13","15","24","22","23",
"1500000US250250510003","Block Group 3, Census Tract 510, Suffolk County, Massachusetts","423","107","26","41","23","26","10","17","0","13","13","20","0","13","0","13","33","52","38","40","22","27","20","24","68","56","41","48","27","30","65","57","37","32",
"1500000US250250511011","Block Group 1, Census Tract 511.01, Suffolk County, Massachusetts","769","198","0","13","15","24","0","13","17","27","13","23","59","91","17","27","54","68","19","32","142","129","75","77","18","30","68","69","93","67","110","111","69","52",
"1500000US250250511012","Block Group 2, Census Tract 511.01, Suffolk County, Massachusetts","1075","457","183","221","110","174","51","56","0","13","0","13","54","48","48","60","40","65","97","82","186","259","26","38","154","211","39","46","33","53","23","38","31","27",
"1500000US250250511013","Block Group 3, Census Tract 511.01, Suffolk County, Massachusetts","498","141","40","49","0","13","0","13","0","13","0","13","0","13","14","23","72","77","0","13","25","32","11","20","19","31","77","88","163","100","46","35","31","36",
"1500000US250250511014","Block Group 4, Census Tract 511.01, Suffolk County, Massachusetts","335","141","15","24","0","13","17","28","8","12","18","29","0","13","15","24","0","13","0","13","19","30","65","77","105","105","18","30","16","27","22","36","17","25",
"1500000US250250512001","Block Group 1, Census Tract 512, Suffolk County, Massachusetts","327","173","71","99","0","13","0","13","9","15","0","13","0","13","12","14","0","13","0","13","0","13","21","23","23","35","9","15","17","19","111","136","54","44",
"1500000US250250512002","Block Group 2, Census Tract 512, Suffolk County, Massachusetts","658","116","51","47","15","24","58","54","50","47","15","25","0","13","21","23","0","13","16","19","69","63","48","54","124","78","46","30","67","63","37","45","41","31",
"1500000US250250512003","Block Group 3, Census Tract 512, Suffolk County, Massachusetts","466","94","0","13","22","23","0","13","0","13","25","39","18","21","0","13","0","13","19","22","48","47","28","45","125","75","52","46","50","40","30","27","49","32",
"1500000US250250601011","Block Group 1, Census Tract 601.01, Suffolk County, Massachusetts","383","102","8","13","0","13","0","13","0","13","0","13","0","13","0","13","24","23","0","13","4","8","6","11","60","43","34","47","8","12","73","54","166","74",
"1500000US250250601012","Block Group 2, Census Tract 601.01, Suffolk County, Massachusetts","340","110","0","13","0","13","0","13","0","13","0","13","0","13","9","13","0","13","21","30","0","13","20","22","43","41","51","48","65","42","81","93","50","44",
"1500000US250250601013","Block Group 3, Census Tract 601.01, Suffolk County, Massachusetts","432","99","10","15","0","13","0","13","0","13","0","13","5","7","7","12","0","13","45","44","31","27","51","34","41","38","41","28","28","26","33","26","140","87",
"1500000US250250601014","Block Group 4, Census Tract 601.01, Suffolk County, Massachusetts","444","86","24","38","21","23","0","13","8","14","0","13","0","13","0","13","32","50","12","19","5","8","44","37","63","51","29","27","37","37","61","50","108","55",
"1500000US250250602001","Block Group 1, Census Tract 602, Suffolk County, Massachusetts","409","78","20","22","0","13","4","7","34","39","6","8","14","17","0","13","0","13","0","13","0","13","14","12","56","32","34","20","6","8","78","39","143","58",
"1500000US250250602002","Block Group 2, Census Tract 602, Suffolk County, Massachusetts","500","74","2","4","14","22","18","19","0","13","12","13","0","13","0","13","6","12","24","18","7","10","66","46","37","28","48","28","94","45","78","35","94","36",
"1500000US250250603011","Block Group 1, Census Tract 603.01, Suffolk County, Massachusetts","599","102","51","46","18","19","0","13","40","54","9","13","0","13","10","16","0","13","14","24","15","18","0","13","50","45","46","38","68","66","163","81","115","59",
"1500000US250250603012","Block Group 2, Census Tract 603.01, Suffolk County, Massachusetts","434","164","10","15","0","13","0","13","10","15","10","15","0","13","0","13","0","13","0","13","24","33","0","13","31","29","30","22","5","8","93","71","221","160",
"1500000US250250603013","Block Group 3, Census Tract 603.01, Suffolk County, Massachusetts","673","149","45","59","0","13","9","15","9","17","0","13","0","13","0","13","0","13","2","5","68","90","19","23","63","52","78","45","21","21","191","91","168","76",
"1500000US250250604001","Block Group 1, Census Tract 604, Suffolk County, Massachusetts","588","201","0","13","0","13","55","70","0","13","19","36","0","13","0","13","0","13","14","24","0","13","14","22","54","40","54","62","24","29","135","113","219","195",
"1500000US250250604002","Block Group 2, Census Tract 604, Suffolk County, Massachusetts","536","181","0","13","0","13","0","13","0","13","14","24","0","13","0","13","0","13","26","43","0","13","94","96","22","25","0","13","137","128","131","93","112","75",
"1500000US250250604003","Block Group 3, Census Tract 604, Suffolk County, Massachusetts","519","157","22","36","0","13","0","13","0","13","0","13","16","27","15","26","0","13","0","13","80","60","0","13","48","62","16","28","101","82","152","112","69","63",
"1500000US250250604004","Block Group 4, Census Tract 604, Suffolk County, Massachusetts","483","139","17","31","39","48","0","13","0","13","51","82","0","13","0","13","0","13","0","13","0","13","0","13","47","61","28","34","7","11","156","85","138","100",
"1500000US250250604005","Block Group 5, Census Tract 604, Suffolk County, Massachusetts","229","106","0","13","0","13","0","13","0","13","0","13","0","13","0","13","32","48","0","13","0","13","0","13","27","43","40","30","46","58","44","59","40","30",
"1500000US250250605011","Block Group 1, Census Tract 605.01, Suffolk County, Massachusetts","286","105","14","23","0","13","0","13","0","13","0","13","20","31","0","13","0","13","26","46","0","13","19","29","37","42","13","21","52","60","34","53","71","51",
"1500000US250250605012","Block Group 2, Census Tract 605.01, Suffolk County, Massachusetts","484","131","0","13","0","13","35","55","0","13","0","13","0","13","0","13","0","13","0","13","0","13","34","42","79","70","69","87","61","54","86","62","120","74",
"1500000US250250605013","Block Group 3, Census Tract 605.01, Suffolk County, Massachusetts","414","118","0","13","0","13","0","13","0","13","0","13","0","13","0","13","0","13","0","13","0","13","51","57","36","38","62","45","22","36","67","54","176","98",
"1500000US250250605014","Block Group 4, Census Tract 605.01, Suffolk County, Massachusetts","404","168","13","22","0","13","0","13","59","70","0","13","0","13","30","48","0","13","0","13","0","13","0","13","47","59","65","89","50","60","61","93","79","66",
"1500000US250250605015","Block Group 5, Census Tract 605.01, Suffolk County, Massachusetts","398","116","0","13","0","13","0","13","20","32","0","13","0","13","31","43","0","13","0","13","0","13","43","66","38","49","14","18","76","66","86","77","90","68",
"1500000US250250606011","Block Group 1, Census Tract 606.01, Suffolk County, Massachusetts","1043","266","79","62","28","25","26","41","34","44","17","28","0","13","84","92","0","13","0","13","30","32","9","16","87","58","73","58","16","18","123","68","437","231",
"1500000US250250606021","Block Group 1, Census Tract 606.02, Suffolk County, Massachusetts","227","81","12","19","9","14","0","13","27","42","5","9","0","13","21","23","3","5","0","13","0","13","0","13","36","37","9","13","26","42","54","48","25","24",
"1500000US250250606031","Block Group 1, Census Tract 606.03, Suffolk County, Massachusetts","559","117","0","13","0","13","0","13","0","13","0","13","17","27","0","13","0","13","0","13","28","41","27","40","88","66","19","24","59","49","112","56","209","79",
"1500000US250250606041","Block Group 1, Census Tract 606.04, Suffolk County, Massachusetts","541","119","4","7","8","12","8","13","0","13","0","13","10","15","11","16","13","22","0","13","0","13","28","33","25","29","20","19","18","20","31","31","365","112",
"1500000US250250606042","Block Group 2, Census Tract 606.04, Suffolk County, Massachusetts","544","172","0","13","23","27","9","14","0","13","0","13","10","15","0","13","15","22","0","13","5","7","9","15","53","30","39","31","27","26","108","51","246","148",
"1500000US250250607001","Block Group 1, Census Tract 607, Suffolk County, Massachusetts","412","179","33","31","13","20","9","14","173","181","26","21","23","26","12","12","0","13","0","13","29","32","48","34","39","30","4","6","0","13","0","13","3","5",
"1500000US250250607002","Block Group 2, Census Tract 607, Suffolk County, Massachusetts","662","178","217","78","130","70","183","164","5","7","0","13","32","24","32","30","33","32","0","13","18","19","5","11","0","13","7","11","0","13","0","13","0","13",
"1500000US250250608001","Block Group 1, Census Tract 608, Suffolk County, Massachusetts","326","135","0","13","0","13","0","13","0","13","0","13","19","34","0","13","0","13","0","13","0","13","0","13","64","73","69","58","31","36","143","96","0","13",
"1500000US250250608002","Block Group 2, Census Tract 608, Suffolk County, Massachusetts","353","117","0","13","8","12","0","13","0","13","0","13","0","13","15","24","0","13","0","13","0","13","17","27","17","27","17","28","81","83","59","77","139","103",
"1500000US250250608003","Block Group 3, Census Tract 608, Suffolk County, Massachusetts","622","218","12","19","0","13","0","13","0","13","0","13","0","13","0","13","0","13","0","13","18","22","17","26","64","50","90","115","130","112","47","37","244","158",
"1500000US250250608004","Block Group 4, Census Tract 608, Suffolk County, Massachusetts","685","143","82","56","11","18","0","13","11","17","0","13","22","35","0","13","8","15","16","25","15","20","14","22","80","91","137","103","117","96","68","48","104","67",
"1500000US250250610001","Block Group 1, Census Tract 610, Suffolk County, Massachusetts","752","206","0","13","10","16","0","13","40","43","0","13","4","7","9","14","5","10","0","13","19","22","89","71","82","61","80","59","51","48","85","47","278","186",
"1500000US250250610002","Block Group 2, Census Tract 610, Suffolk County, Massachusetts","378","118","106","77","55","63","0","13","46","46","0","13","36","58","24","27","85","87","11","23","0","13","0","13","12","23","0","13","3","9","0","13","0","13",
"1500000US250250610003","Block Group 3, Census Tract 610, Suffolk County, Massachusetts","294","102","41","45","81","65","7","15","43","45","42","52","0","13","9","15","8","16","13","21","25","39","16","27","0","13","9","16","0","13","0","13","0","13",
"1500000US250250611011","Block Group 1, Census Tract 611.01, Suffolk County, Massachusetts","360","110","59","37","76","75","14","17","9","12","17","20","7","10","17","26","64","76","5","9","0","13","0","13","11","17","11","17","0","13","43","33","27","28",
"1500000US250250611012","Block Group 2, Census Tract 611.01, Suffolk County, Massachusetts","799","114","303","105","168","67","51","34","73","51","14","12","76","62","23","25","31","41","5","7","31","32","8","11","0","13","0","13","0","13","16","23","0","13",
"1500000US250250612011","Block Group 1, Census Tract 612.01, Suffolk County, Massachusetts","862","198","34","40","141","170","39","49","15","18","24","33","38","44","17","20","0","13","0","13","26","3","0","13","110","66","107","73","118","96","86","56","107","70",
"1500000US250250612021","Block Group 1, Census Tract 612.02, Suffolk County, Massachusetts","0","13","0","13","0","13","0","13","0","13","0","13","0","13","0","13","0","13","0","13","0","13","0","13","0","13","0","13","0","13","0","13","0","13",
"1500000US250250612031","Block Group 1, Census Tract 612.03, Suffolk County, Massachusetts","1006","245","0","13","0","13","0","13","0","13","0","13","0","13","0","13","12","18","0","13","16","26","12","20","75","57","56","49","0","13","189","79","646","259",
"1500000US250250612041","Block Group 1, Census Tract 612.04, Suffolk County, Massachusetts","701","224","0","13","0","13","0","13","0","13","0","13","0","13","0","13","63","69","0","13","16","25","38","46","61","81","46","35","175","211","95","77","207","91",
"1500000US250250701021","Block Group 1, Census Tract 701.02, Suffolk County, Massachusetts","374","148","143","102","23","37","62","51","0","13","0","13","0","13","42","64","0","13","36","60","0","13","0","13","0","13","0","13","0","13","0","13","68","47",
"1500000US250250701022","Block Group 2, Census Tract 701.02, Suffolk County, Massachusetts","604","132","29","36","46","73","34","25","19","30","0","13","18","29","16","26","16","26","0","13","38","39","15","25","43","34","20","29","0","13","27","27","283","115",
"1500000US250250701023","Block Group 3, Census Tract 701.02, Suffolk County, Massachusetts","136","77","0","13","0","13","0","13","0","13","0","13","45","70","0","13","0","13","18","29","0","13","15","24","12","21","0","13","15","24","12","18","19","31",
"1500000US250250701031","Block Group 1, Census Tract 701.03, Suffolk County, Massachusetts","209","58","0","13","32","36","8","15","0","13","0","13","0","13","29","29","0","13","0","13","54","55","0","13","15","26","4","7","14","24","45","35","8","14",
"1500000US250250701041","Block Group 1, Census Tract 701.04, Suffolk County, Massachusetts","499","121","46","43","0","13","0","13","21","36","0","13","0","13","0","13","0","13","0","13","0","13","0","13","72","54","72","89","42","59","82","63","164","74",
"1500000US250250701042","Block Group 2, Census Tract 701.04, Suffolk County, Massachusetts","209","95","0","13","0","13","0","13","0","13","19","31","0","13","0","13","0","13","0","13","0","13","44","68","0","13","8","12","0","13","11","18","127","77",
"1500000US250250701043","Block Group 3, Census Tract 701.04, Suffolk County, Massachusetts","438","144","135","104","0","13","18","29","26","37","0","13","19","30","0","13","0","13","0","13","0","13","18","29","0","13","0","13","0","13","0","13","222","112",
"1500000US250250702011","Block Group 1, Census Tract 702.01, Suffolk County, Massachusetts","382","122","29","31","133","109","83","39","10","15","8","16","0","13","75","56","0","13","41","51","0","13","0","13","3","7","0","13","0","13","0","13","0","13",
"1500000US250250702012","Block Group 2, Census Tract 702.01, Suffolk County, Massachusetts","569","125","105","68","32","38","0","13","0","13","0","13","10","11","0","13","0","13","8","13","20","18","24","23","31","26","18","18","12","13","40","40","269","91",
"1500000US250250702021","Block Group 1, Census Tract 702.02, Suffolk County, Massachusetts","1531","267","316","149","183","112","83","74","63","87","9","18","93","69","46","51","28","32","7","14","28","31","78","66","57","59","50","46","75","54","92","66","323","179",
"1500000US250250702022","Block Group 2, Census Tract 702.02, Suffolk County, Massachusetts","350","98","35","32","82","44","49","42","31","36","96","88","13","19","17","32","0","13","0","13","14","17","13","16","0","13","0","13","0","13","0","13","0","13",
"1500000US250250703011","Block Group 1, Census Tract 703.01, Suffolk County, Massachusetts","766","238","95","151","33","39","0","13","0","13","0","13","56","82","27","22","0","13","14","22","20","25","5","11","27","33","237","151","0","13","103","81","149","93",
"1500000US250250703012","Block Group 2, Census Tract 703.01, Suffolk County, Massachusetts","679","138","0","13","0","13","0","13","0","13","0","13","13","20","32","37","0","13","0","13","47","72","19","25","72","55","13","21","27","40","35","39","421","146",
"1500000US250250703021","Block Group 1, Census Tract 703.02, Suffolk County, Massachusetts","455","105","0","13","17","30","0","13","0","13","0","13","20","32","0","13","21","33","0","13","17","27","16","27","21","36","47","53","12","22","129","80","155","85",
"1500000US250250703022","Block Group 2, Census Tract 703.02, Suffolk County, Massachusetts","299","79","66","66","0","13","0","13","0","13","0","13","0","13","0","13","0","13","0","13","0","13","0","13","0","13","4","6","18","29","33","42","178","86",
"1500000US250250703023","Block Group 3, Census Tract 703.02, Suffolk County, Massachusetts","414","152","73","62","123","126","9","16","0","13","0","13","0","13","0","13","0","13","0","13","0","13","31","37","21","34","21","33","18","30","20","32","98","66",
"1500000US250250704021","Block Group 1, Census Tract 704.02, Suffolk County, Massachusetts","877","156","72","51","0","13","30","26","33","26","0","13","5","7","34","37","17","17","0","13","26","24","90","110","49","30","72","40","74","27","107","36","268","98",
"1500000US250250704022","Block Group 2, Census Tract 704.02, Suffolk County, Massachusetts","675","78","137","55","146","47","99","57","31","27","60","37","43","29","49","37","14","12","5","7","20","17","18","14","14","12","19","25","15","14","0","13","5","9",
"1500000US250250705011","Block Group 1, Census Tract 705.01, Suffolk County, Massachusetts","432","98","0","13","0","13","0","13","0","13","0","13","0","13","0","13","0","13","11","18","35","43","14","24","20","25","0","13","27","40","84","62","241","107",
"1500000US250250705012","Block Group 2, Census Tract 705.01, Suffolk County, Massachusetts","458","99","41","35","17","28","0","13","130","96","0","13","0","13","0","13","16","27","0","13","4","7","43","66","9","17","0","13","26","37","64","43","108","75",
"1500000US250250705021","Block Group 1, Census Tract 705.02, Suffolk County, Massachusetts","570","132","35","38","0","13","38","60","0","13","60","96","0","13","0","13","18","28","0","13","0","13","19","30","6","11","54","53","0","13","94","82","246","103",
"1500000US250250705022","Block Group 2, Census Tract 705.02, Suffolk County, Massachusetts","1391","382","204","138","412","365","208","164","105","137","61","96","57","88","71","84","0","13","18","30","16","25","34","38","16","26","41","64","33","37","44","50","71","57",
"1500000US250250706001","Block Group 1, Census Tract 706, Suffolk County, Massachusetts","527","85","38","36","0","13","37","40","0","13","7","12","12","20","0","13","10","15","0","13","8","14","8","12","34","27","76","43","54","36","23","22","220","75",
"1500000US250250706002","Block Group 2, Census Tract 706, Suffolk County, Massachusetts","623","91","0","13","0","13","18","23","0","13","0","13","0","13","0","13","0","13","0","13","9","15","5","8","23","17","22","19","115","61","105","57","326","94",
"1500000US250250707001","Block Group 1, Census Tract 707, Suffolk County, Massachusetts","581","150","23","22","38","41","112","130","36","35","18","29","51","58","13","17","0","13","45","47","0","13","26","23","7","10","0","13","24","23","64","48","124","67",
"1500000US250250707002","Block Group 2, Census Tract 707, Suffolk County, Massachusetts","884","189","0","13","9","16","0","13","0","13","25","23","28","46","8","12","25","40","139","166","7","11","50","44","97","70","35","27","81","54","70","45","310","102",
"1500000US250250708011","Block Group 1, Census Tract 708.01, Suffolk County, Massachusetts","531","186","109","124","0","13","15","23","45","43","0","13","37","64","54","88","0","13","0","13","24","39","13","16","32","37","31","37","13","21","34","36","124","89",
"1500000US250250708021","Block Group 1, Census Tract 708.02, Suffolk County, Massachusetts","990","279","219","212","80","69","0","13","63","89","0","13","0","13","0","13","0","13","13","22","33","57","116","115","33","49","23","31","39","33","173","118","198","102",
"1500000US250250708022","Block Group 2, Census Tract 708.02, Suffolk County, Massachusetts","550","150","52","76","38","68","13","21","0","13","20","29","0","13","15","25","48","66","22","28","20","51","31","48","27","31","14","24","3","15","155","93","92","43",
"1500000US250250709011","Block Group 1, Census Tract 709.01, Suffolk County, Massachusetts","718","198","27","26","176","166","75","74","27","38","16","19","9","14","69","113","81","76","0","13","37","35","17","26","68","71","30","41","20","22","30","46","36","28",
"1500000US250250709021","Block Group 1, Census Tract 709.02, Suffolk County, Massachusetts","523","120","81","53","61","66","11","17","0","13","10","17","0","13","7","13","9","15","0","13","15","23","46","38","12","18","7","11","13","16","27","21","224","79",
"1500000US250250709022","Block Group 2, Census Tract 709.02, Suffolk County, Massachusetts","476","128","0","13","10","17","8","13","21","26","7","11","0","13","25","40","0","13","12","21","49","48","0","13","11","17","30","28","71","83","51","34","181","75",
"1500000US250250711011","Block Group 1, Census Tract 711.01, Suffolk County, Massachusetts","537","174","13","14","0","13","13","20","0","13","0","13","17","35","14","23","0","13","0","13","13","21","29","44","108","101","125","124","35","40","27","30","143","74",
"1500000US250250711012","Block Group 2, Census Tract 711.01, Suffolk County, Massachusetts","537","171","142","108","29","46","30","35","86","97","0","13","0","13","0","13","10","18","99","89","0","13","0","13","134","102","7","12","0","13","0","13","0","13",
"1500000US250250711013","Block Group 3, Census Tract 711.01, Suffolk County, Massachusetts","790","205","115","100","62","77","19","31","13","20","43","71","16","26","0","13","36","55","0","13","59","70","72","86","22","26","44","47","63","72","32","39","194","137",
"1500000US250250711014","Block Group 4, Census Tract 711.01, Suffolk County, Massachusetts","331","143","8","12","21","33","0","13","0","13","0","13","0","13","0","13","11","17","0","13","32","38","49","64","60","59","19","32","0","13","94","107","37","35",
"1500000US250250712011","Block Group 1, Census Tract 712.01, Suffolk County, Massachusetts","506","91","0","13","10","15","50","70","16","19","0","13","9","14","0","13","0","13","0","13","0","13","23","22","53","36","20","23","39","33","100","52","186","53",
"1500000US250250712012","Block Group 2, Census Tract 712.01, Suffolk County, Massachusetts","355","91","76","42","37","26","35","65","9","17","0","13","0","13","0","13","12","19","29","43","5","9","7","12","11","16","0","13","29","28","61","34","44","33",
"1500000US250250712013","Block Group 3, Census Tract 712.01, Suffolk County, Massachusetts","86","41","8","12","0","13","8","13","0","13","0","13","0","13","0","13","0","13","0","13","0","13","0","13","9","14","0","13","13","20","21","34","27","33",
"1500000US250250712014","Block Group 4, Census Tract 712.01, Suffolk County, Massachusetts","662","143","226","87","103","63","31","49","29","27","0","13","0","13","95","122","0","13","6","10","29","43","106","76","0","13","0","13","0","13","0","13","37","51",
"1500000US250250801001","Block Group 1, Census Tract 801, Suffolk County, Massachusetts","418","80","71","47","21","18","43","32","14","22","7","11","28","27","23","29","36","31","43","31","30","32","14","12","38","41","36","28","0","13","13","15","1","3",
"1500000US250250801002","Block Group 2, Census Tract 801, Suffolk County, Massachusetts","293","83","49","31","23","23","16","26","10","16","0","13","26","39","1","3","13","19","6","10","23","39","26","26","24","22","7","9","0","13","69","54","0","13",
"1500000US250250803001","Block Group 1, Census Tract 803, Suffolk County, Massachusetts","318","97","92","84","48","39","11","16","12","20","0","13","6","11","25","35","0","13","21","19","9","13","44","53","0","13","8","12","0","13","9","16","33","52",
"1500000US250250803002","Block Group 2, Census Tract 803, Suffolk County, Massachusetts","621","90","104","73","87","52","29","34","0","13","0","13","8","11","47","63","47","47","14","20","36","34","57","51","63","52","31","44","36","38","43","42","19","29",
"1500000US250250804011","Block Group 1, Census Tract 804.01, Suffolk County, Massachusetts","710","182","123","75","61","56","83","65","70","107","8","14","22","35","40","42","88","112","0","13","73","53","25","28","58","44","16","24","18","22","25","30","0","13",
"1500000US250250804012","Block Group 2, Census Tract 804.01, Suffolk County, Massachusetts","634","166","161","81","141","73","68","52","0","13","36","40","86","114","7","10","5","12","21","23","16","25","41","37","33","36","0","13","11","17","8","13","0","13",
"1500000US250250805001","Block Group 1, Census Tract 805, Suffolk County, Massachusetts","485","123","86","56","36","38","0","13","9","14","9","14","21","23","36","39","0","13","44","41","3","6","107","71","71","82","31","34","32","32","0","13","0","13",
"1500000US250250805002","Block Group 2, Census Tract 805, Suffolk County, Massachusetts","1041","221","209","84","108","76","127","94","91","61","59","70","49","64","27","34","21","25","173","191","52","42","34","40","35","39","28","42","0","13","28","33","0","13",
"1500000US250250806011","Block Group 1, Census Tract 806.01, Suffolk County, Massachusetts","363","95","77","36","51","42","3","5","43","58","26","31","32","30","8","13","4","6","8","9","25","26","13","11","15","21","3","5","35","33","6","9","14","18",
"1500000US250250806012","Block Group 2, Census Tract 806.01, Suffolk County, Massachusetts","187","62","48","37","50","40","7","10","10","12","19","21","0","13","16","23","0","13","0","13","4","8","0","13","17","26","16","22","0","13","0","13","0","13",
"1500000US250250806013","Block Group 3, Census Tract 806.01, Suffolk County, Massachusetts","251","57","149","61","41","30","0","13","12","17","7","11","14","12","0","13","0","13","13","15","0","13","0","13","4","8","6","9","5","7","0","13","0","13",
"1500000US250250808011","Block Group 1, Census Tract 808.01, Suffolk County, Massachusetts","493","173","185","96","97","57","14","17","7","11","8","13","25","27","0","13","0","13","36","35","0","13","90","146","24","25","7","11","0","13","0","13","0","13",
"1500000US250250808012","Block Group 2, Census Tract 808.01, Suffolk County, Massachusetts","648","157","86","46","135","105","31","25","39","30","8","13","42","43","27","28","0","13","0","13","48","38","51","67","106","72","51","46","5","7","19","29","0","13",
"1500000US250250809001","Block Group 1, Census Tract 809, Suffolk County, Massachusetts","809","136","79","38","21","24","10","17","29","27","0","13","26","28","28","41","74","68","87","63","68","56","62","74","119","83","65","39","29","28","112","69","0","13",
"1500000US250250809002","Block Group 2, Census Tract 809, Suffolk County, Massachusetts","398","84","4","7","9","10","4","8","35","34","5","9","8","13","19","21","15","23","13","20","64","49","43","42","53","51","17","26","33","30","35","45","41","33",
"1500000US250250809003","Block Group 3, Census Tract 809, Suffolk County, Massachusetts","297","83","26","34","35","44","0","13","0","13","0","13","26","38","0","13","5","8","7","11","5","8","0","13","58","52","67","48","25","38","35","34","8","13",
"1500000US250250810011","Block Group 1, Census Tract 810.01, Suffolk County, Massachusetts","260","116","0","13","0","13","0","13","17","27","0","13","23","29","10","13","0","13","4","8","15","23","11","17","68","38","11","13","74","116","8","21","19","28",
"1500000US250250810012","Block Group 2, Census Tract 810.01, Suffolk County, Massachusetts","556","214","87","75","20","29","80","83","0","13","9","15","0","13","16","23","63","58","19","29","143","167","45","44","25","28","49","65","0","13","0","13","0","13",
"1500000US250250810013","Block Group 3, Census Tract 810.01, Suffolk County, Massachusetts","609","188","189","111","89","73","14","24","47","63","70","95","0","13","0","13","100","154","25","39","0","13","50","51","0","13","0","13","21","32","0","13","4","7",
"1500000US250250810014","Block Group 4, Census Tract 810.01, Suffolk County, Massachusetts","683","172","47","39","280","140","22","37","59","59","0","13","0","13","25","37","0","13","26","39","78","65","62","56","52","45","11","18","0","13","21","19","0","13",
"1500000US250250810015","Block Group 5, Census Tract 810.01, Suffolk County, Massachusetts","314","183","84","72","68","67","0","13","0","13","8","14","0","13","0","13","39","64","0","13","8","16","0","13","0","13","0","13","15","25","92","148","0","13",
"1500000US250250811011","Block Group 1, Census Tract 811.01, Suffolk County, Massachusetts","273","94","56","53","12","13","45","56","9","16","0","13","0","13","8","15","0","13","0","13","47","70","52","62","19","31","0","13","13","21","12","19","0","13",
"1500000US250250811012","Block Group 2, Census Tract 811.01, Suffolk County, Massachusetts","355","78","13","22","0","13","0","13","0","13","0","13","0","13","8","11","0","13","0","13","40","40","19","31","140","79","22","30","10","17","70","72","33","31",
"1500000US250250811021","Block Group 1, Census Tract 811.02, Suffolk County, Massachusetts","395","125","83","81","26","43","0","13","31","35","43","44","6","10","0","13","7","11","0","13","7","11","106","84","26","26","15","22","3","18","25","35","17","26",
"1500000US250250811022","Block Group 2, Census Tract 811.02, Suffolk County, Massachusetts","850","260","78","47","120","108","18","26","26","24","38","36","15","22","10","19","10","16","0","13","40","38","81","61","120","82","166","224","10","16","71","60","47","48",
"1500000US250250812001","Block Group 1, Census Tract 812, Suffolk County, Massachusetts","526","113","40","45","38","34","33","47","10","16","0","13","0","13","62","55","0","13","10","17","26","34","65","52","52","36","47","51","51","42","47","30","45","41",
"1500000US250250812002","Block Group 2, Census Tract 812, Suffolk County, Massachusetts","625","146","108","70","115","71","41","42","46","35","35","29","35","31","9","15","22","36","0","13","9","20","35","36","82","83","32","51","13","21","26","26","17","17",
"1500000US250250812003","Block Group 3, Census Tract 812, Suffolk County, Massachusetts","174","82","72","82","23","24","49","37","22","33","0","13","0","13","8","13","0","13","0","13","0","13","0","13","0","13","0","13","0","13","0","13","0","13",
"1500000US250250813011","Block Group 1, Census Tract 813.01, Suffolk County, Massachusetts","222","91","57","65","45","52","0","13","16","24","8","13","33","39","23","45","0","13","0","13","23","39","0","13","17","31","0","13","0","13","0","13","0","13",
"1500000US250250813012","Block Group 2, Census Tract 813.01, Suffolk County, Massachusetts","826","216","165","97","155","107","65","78","24","40","0","13","0","13","0","13","59","89","46","61","92","139","24","28","0","13","117","66","45","74","19","35","15","21",
"1500000US250250813021","Block Group 1, Census Tract 813.02, Suffolk County, Massachusetts","532","178","157","107","108","97","0","13","105","118","61","76","69","132","0","13","0","13","9","57","0","13","0","13","0","13","23","36","0","13","0","13","0","13",
"1500000US250250813022","Block Group 2, Census Tract 813.02, Suffolk County, Massachusetts","614","128","250","182","84","79","6","11","185","195","0","13","0","13","0","13","0","13","11","18","21","34","9","17","42","61","0","13","6","27","0","13","0","13",
"1500000US250250814001","Block Group 1, Census Tract 814, Suffolk County, Massachusetts","207","82","23","26","0","13","38","50","0","13","22","35","0","13","0","13","13","21","11","18","33","34","14","17","12","16","19","18","0","13","0","13","22","25",
"1500000US250250814002","Block Group 2, Census Tract 814, Suffolk County, Massachusetts","334","86","29","33","0","13","5","8","7","11","4","6","0","13","9","14","0","13","20","31","3","12","40","40","51","42","62","53","42","35","0","13","62","64",
"1500000US250250814003","Block Group 3, Census Tract 814, Suffolk County, Massachusetts","567","136","129","79","53","50","44","49","0","13","9","15","0","13","36","28","48","74","28","37","22","22","15","21","31","40","20","22","46","42","75","65","11","18",
"1500000US250250814004","Block Group 4, Census Tract 814, Suffolk County, Massachusetts","151","61","7","15","0","13","0","13","10","15","12","19","4","7","50","47","13","21","11","18","5","8","23","23","0","13","6","9","0","13","10","16","0","13",
"1500000US250250815001","Block Group 1, Census Tract 815, Suffolk County, Massachusetts","377","94","54","58","54","45","2","5","14","22","12","17","34","39","8","14","9","13","37","38","13","15","18","17","55","40","5","10","15","16","35","31","12","14",
"1500000US250250815002","Block Group 2, Census Tract 815, Suffolk County, Massachusetts","637","248","99","75","10","17","0","13","47","49","46","39","38","36","28","25","20","28","26","39","19","28","30","44","156","185","75","59","7","11","11","17","25","22",
"1500000US250250817001","Block Group 1, Census Tract 817, Suffolk County, Massachusetts","343","170","128","158","9","14","0","13","27","40","35","43","0","13","0","13","8","14","92","145","9","20","16","24","19","34","0","13","0","13","0","13","0","13",
"1500000US250250817002","Block Group 2, Census Tract 817, Suffolk County, Massachusetts","737","247","156","108","55","60","36","33","175","204","12","17","0","13","25","39","54","53","21","35","20","19","63","65","23","28","51","49","24","38","22","34","0","13",
"1500000US250250817003","Block Group 3, Census Tract 817, Suffolk County, Massachusetts","247","88","85","72","11","17","0","13","0","13","40","45","32","31","20","31","0","13","0","13","0","13","0","13","35","32","12","20","12","19","0","13","0","13",
"1500000US250250817004","Block Group 4, Census Tract 817, Suffolk County, Massachusetts","479","202","45","44","92","126","17","22","23","25","14","28","0","13","60","60","93","134","43","51","30","47","25","29","10","17","0","13","0","13","27","44","0","13",
"1500000US250250817005","Block Group 5, Census Tract 817, Suffolk County, Massachusetts","258","115","18","30","25","36","11","18","22","35","39","67","14","29","0","13","0","13","0","13","0","13","33","53","52","55","12","18","16","21","0","13","16","18",
"1500000US250250818001","Block Group 1, Census Tract 818, Suffolk County, Massachusetts","538","180","101","101","77","71","73","56","90","89","0","13","41","41","32","58","11","19","0","13","0","13","39","46","10","17","15","24","24","22","10","15","15","26",
"1500000US250250818002","Block Group 2, Census Tract 818, Suffolk County, Massachusetts","572","181","140","93","28","42","0","13","0","13","0","13","40","47","11","16","18","31","23","37","40","49","35","43","50","58","115","126","25","39","22","24","25","35",
"1500000US250250818003","Block Group 3, Census Tract 818, Suffolk County, Massachusetts","263","105","66","66","31","29","14","22","32","33","0","13","23","38","12","20","0","13","35","52","31","51","0","13","9","16","0","13","10","15","0","13","0","13",
"1500000US250250819001","Block Group 1, Census Tract 819, Suffolk County, Massachusetts","391","120","115","87","0","13","14","18","4","7","4","8","32","52","29","43","10","15","0","13","0","13","19","23","24","38","49","46","0","13","61","71","30","33",
"1500000US250250819002","Block Group 2, Census Tract 819, Suffolk County, Massachusetts","525","253","122","98","12","20","84","80","0","13","0","13","0","13","0","13","0","13","0","13","39","45","32","50","0","13","13","22","23","25","25","39","175","263",
"1500000US250250819003","Block Group 3, Census Tract 819, Suffolk County, Massachusetts","295","170","11","17","87","84","0","13","0","13","14","22","0","13","0","13","0","13","0","13","42","48","0","13","32","52","15","22","0","13","0","13","94","128",
"1500000US250250819004","Block Group 4, Census Tract 819, Suffolk County, Massachusetts","318","103","38","62","36","43","9","13","0","13","51","45","67","65","0","13","13","20","16","25","0","13","35","48","19","27","0","13","0","13","0","13","34","40",
"1500000US250250820001","Block Group 1, Census Tract 820, Suffolk County, Massachusetts","635","195","82","64","28","44","24","39","0","13","36","32","0","13","7","13","18","42","0","13","0","13","50","69","101","80","59","45","46","60","83","69","101","132",
"1500000US250250820002","Block Group 2, Census Tract 820, Suffolk County, Massachusetts","343","127","36","36","0","13","0","13","0","13","124","100","12","21","0","13","10","17","0","13","22","33","18","27","51","55","39","51","0","13","0","13","31","36",
"1500000US250250820003","Block Group 3, Census Tract 820, Suffolk County, Massachusetts","307","102","26","42","34","40","0","13","41","44","12","20","24","37","17","26","0","13","0","13","31","36","28","41","9","25","51","47","0","13","34","46","0","13",
"1500000US250250821001","Block Group 1, Census Tract 821, Suffolk County, Massachusetts","499","240","56","88","107","88","0","13","117","190","57","91","0","13","24","41","17","26","47","75","0","13","0","13","54","84","20","33","0","13","0","13","0","13",
"1500000US250250821002","Block Group 2, Census Tract 821, Suffolk County, Massachusetts","723","182","96","108","122","114","15","25","67","77","68","81","0","13","0","13","41","66","0","13","0","13","66","81","34","55","85","78","32","51","97","114","0","13",
"1500000US250250821003","Block Group 3, Census Tract 821, Suffolk County, Massachusetts","979","253","116","92","72","80","87","90","273","196","18","28","17","26","63","97","0","13","23","37","0","13","91","90","47","59","0","13","97","156","19","30","56","65",
"1500000US250250901001","Block Group 1, Census Tract 901, Suffolk County, Massachusetts","540","132","103","63","44","62","66","58","68","54","12","18","78","68","42","50","0","13","13","19","33","32","24","37","37","43","0","13","16","27","4","7","0","13",
"1500000US250250901002","Block Group 2, Census Tract 901, Suffolk County, Massachusetts","275","94","30","48","50","45","0","13","0","13","17","16","16","25","17","21","0","13","18","29","17","28","10","15","35","34","53","53","12","18","0","13","0","13",
"1500000US250250901003","Block Group 3, Census Tract 901, Suffolk County, Massachusetts","265","85","13","16","17","15","0","13","13","18","18","15","17","25","0","13","0","13","22","35","35","33","62","59","19","20","28","33","0","13","21","33","0","13",
"1500000US250250901004","Block Group 4, Census Tract 901, Suffolk County, Massachusetts","672","273","230","275","9","14","54","60","76","95","15","23","78","86","19","29","0","13","9","15","36","46","0","13","75","69","47","51","24","39","0","13","0","13",
"1500000US250250901005","Block Group 5, Census Tract 901, Suffolk County, Massachusetts","250","90","0","13","3","4","19","33","0","13","35","42","66","56","0","13","0","13","0","13","19","29","47","56","10","18","28","31","4","6","7","13","12","18",
"1500000US250250902001","Block Group 1, Census Tract 902, Suffolk County, Massachusetts","175","69","25","25","17","22","8","15","17","21","35","40","11","18","3","14","0","13","9","13","5","11","27","41","12","14","0","13","6","9","0","13","0","13",
"1500000US250250902002","Block Group 2, Census Tract 902, Suffolk County, Massachusetts","191","66","48","34","21","23","0","13","18","20","2","12","34","39","0","13","14","21","5","9","0","13","31","30","15","24","0","13","0","13","0","13","3","16",
"1500000US250250902003","Block Group 3, Census Tract 902, Suffolk County, Massachusetts","364","96","108","62","34","37","21","21","12","18","7","11","12","19","30","37","13","20","0","13","42","47","26","34","22","22","37","32","0","13","0","13","0","13",
"1500000US250250903001","Block Group 1, Census Tract 903, Suffolk County, Massachusetts","313","112","25","34","36","44","15","25","6","11","9","15","81","65","6","13","18","21","2","3","56","67","20","33","20","24","0","13","19","30","0","13","0","13",
"1500000US250250903002","Block Group 2, Census Tract 903, Suffolk County, Massachusetts","517","121","120","73","21","24","23","38","0","13","18","30","70","58","0","13","0","13","0","13","58","57","84","51","39","45","12","17","0","13","72","95","0","13",
"1500000US250250903003","Block Group 3, Census Tract 903, Suffolk County, Massachusetts","305","112","42","55","49","46","24","34","17","31","25","42","40","49","28","31","13","20","0","13","0","13","0","13","0","13","33","42","21","34","13","18","0","13",
"1500000US250250904001","Block Group 1, Census Tract 904, Suffolk County, Massachusetts","334","136","0","13","18","29","94","87","0","13","22","37","0","13","0","13","0","13","19","30","20","21","0","13","55","66","13","21","62","47","14","19","17","26",
"1500000US250250904002","Block Group 2, Census Tract 904, Suffolk County, Massachusetts","470","129","39","49","49","56","8","14","97","80","59","55","0","13","0","13","0","13","9","14","68","59","0","13","42","52","7","11","11","17","19","22","62","66",
"1500000US250250904003","Block Group 3, Census Tract 904, Suffolk County, Massachusetts","344","151","0","13","94","114","71","67","0","13","17","28","27","43","0","13","11","18","5","13","0","13","82","83","0","13","27","42","10","15","0","13","0","13",
"1500000US250250904004","Block Group 4, Census Tract 904, Suffolk County, Massachusetts","240","83","13","24","0","13","13","21","22","38","0","13","0","13","34","51","0","13","0","13","0","13","46","45","76","58","36","44","0","13","0","13","0","13",
"1500000US250250906001","Block Group 1, Census Tract 906, Suffolk County, Massachusetts","388","90","42","32","37","53","42","33","39","38","10","16","0","13","0","13","18","25","27","24","63","38","24","28","36","29","16","19","7","12","8","12","19","29",
"1500000US250250906002","Block Group 2, Census Tract 906, Suffolk County, Massachusetts","464","124","41","32","56","87","9","16","5","7","9","13","18","27","22","23","82","68","0","13","32","26","30","26","39","29","31","26","13","14","47","31","30","27",
"1500000US250250907001","Block Group 1, Census Tract 907, Suffolk County, Massachusetts","352","87","15","15","9","14","0","13","0","13","0","13","0","13","29","49","0","13","7","12","33","30","21","22","27","31","15","21","8","13","110","59","78","58",
"1500000US250250907002","Block Group 2, Census Tract 907, Suffolk County, Massachusetts","605","131","91","81","34","43","18","29","17","15","6","10","0","13","0","13","0","13","35","41","36","39","51","40","66","54","32","37","56","41","54","44","109","73",
"1500000US250250907003","Block Group 3, Census Tract 907, Suffolk County, Massachusetts","406","107","0","13","78","67","34","33","12","18","25","34","24","28","0","13","0","13","0","13","9","14","36","39","27","30","10","17","9","13","32","38","110","62",
"1500000US250250907004","Block Group 4, Census Tract 907, Suffolk County, Massachusetts","269","111","9","15","61","89","0","13","10","18","0","13","0","13","0","13","0","13","0","13","0","13","27","32","10","15","13","20","3","6","106","72","30","26",
"1500000US250250909011","Block Group 1, Census Tract 909.01, Suffolk County, Massachusetts","605","115","92","54","65","48","105","59","12","15","39","46","46","41","17","21","14","22","36","39","14","17","20","16","41","36","42","50","14","19","48","49","0","13",
"1500000US250250909012","Block Group 2, Census Tract 909.01, Suffolk County, Massachusetts","721","120","272","89","73","46","9","15","18","30","27","27","34","31","20","23","46","40","0","13","61","45","32","29","49","35","30","27","13","17","24","27","13","20",
"1500000US250250910011","Block Group 1, Census Tract 910.01, Suffolk County, Massachusetts","297","112","0","13","10","11","0","13","0","13","0","13","0","13","0","13","137","118","0","13","0","13","0","13","7","11","28","31","39","37","31","33","45","49",
"1500000US250250910012","Block Group 2, Census Tract 910.01, Suffolk County, Massachusetts","229","100","0","13","60","63","0","13","12","21","0","13","0","13","27","36","0","13","0","13","8","12","0","13","17","22","0","13","5","7","100","75","0","13",
"1500000US250250910013","Block Group 3, Census Tract 910.01, Suffolk County, Massachusetts","302","87","0","13","0","13","0","13","0","13","0","13","0","13","0","13","12","18","0","13","13","18","17","19","33","33","65","46","55","57","54","42","53","46",
"1500000US250250910014","Block Group 4, Census Tract 910.01, Suffolk County, Massachusetts","526","192","17","31","4","6","34","33","18","29","23","25","11","13","0","13","23","25","8","12","12","19","23","30","112","137","67","63","133","114","7","11","34","30",
"1500000US250250911001","Block Group 1, Census Tract 911, Suffolk County, Massachusetts","668","146","6","11","19","29","10","16","0","13","19","31","27","40","8","12","42","34","0","13","7","12","60","50","116","74","69","44","52","47","94","103","139","71",
"1500000US250250911002","Block Group 2, Census Tract 911, Suffolk County, Massachusetts","625","187","97","128","0","13","99","118","30","28","21","34","20","22","0","13","5","9","29","36","21","24","10","17","50","44","67","58","97","74","67","53","12","20",
"1500000US250250911003","Block Group 3, Census Tract 911, Suffolk County, Massachusetts","240","93","0","13","0","13","21","33","34","54","25","27","21","28","0","13","8","15","34","43","7","11","0","13","28","31","29","25","0","13","33","33","0","13",
"1500000US250250911004","Block Group 4, Census Tract 911, Suffolk County, Massachusetts","294","66","0","13","0","13","7","11","0","13","0","13","15","23","9","14","8","13","0","13","42","47","27","30","11","17","74","56","0","13","61","50","40","33",
"1500000US250250911005","Block Group 5, Census Tract 911, Suffolk County, Massachusetts","136","57","27","41","7","12","0","13","0","13","0","13","14","21","0","13","0","13","0","13","0","13","7","11","28","28","13","14","1","8","21","24","18","28",
"1500000US250250912001","Block Group 1, Census Tract 912, Suffolk County, Massachusetts","413","90","66","52","5","8","20","22","0","13","35","31","0","13","19","27","0","13","0","13","19","24","40","27","20","24","46","45","55","45","33","23","55","48",
"1500000US250250912002","Block Group 2, Census Tract 912, Suffolk County, Massachusetts","632","174","72","64","31","36","0","13","53","48","0","13","8","14","0","13","40","51","0","13","13","18","48","59","16","17","54","57","106","133","85","55","106","50",
"1500000US250250912003","Block Group 3, Census Tract 912, Suffolk County, Massachusetts","196","104","0","13","54","83","0","13","0","13","12","16","0","13","0","13","0","13","0","13","0","13","0","13","19","22","53","34","36","41","0","13","22","18",
"1500000US250250913001","Block Group 1, Census Tract 913, Suffolk County, Massachusetts","464","87","52","46","47","30","20","19","13","14","0","13","33","32","19","21","55","45","10","15","19","22","31","28","49","31","3","6","32","27","42","52","39","30",
"1500000US250250913002","Block Group 2, Census Tract 913, Suffolk County, Massachusetts","379","90","57","42","40","46","50","53","16","20","0","13","18","22","8","10","46","36","15","20","17","19","22","25","64","39","0","13","11","17","15","20","0","13",
"1500000US250250914001","Block Group 1, Census Tract 914, Suffolk County, Massachusetts","615","90","62","40","97","56","17","17","14","16","22","25","41","30","43","36","4","7","31","26","55","62","73","47","20","22","30","33","30","26","36","24","40","29",
"1500000US250250914002","Block Group 2, Census Tract 914, Suffolk County, Massachusetts","472","144","27","27","70","69","8","13","59","50","26","32","3","9","0","13","47","35","0","13","11","12","63","52","72","112","10","13","30","31","32","28","14","11",
"1500000US250250915001","Block Group 1, Census Tract 915, Suffolk County, Massachusetts","756","137","82","67","61","59","23","34","45","35","30","33","0","13","0","13","53","52","12","19","90","77","91","91","55","44","46","38","30","31","87","55","51","37",
"1500000US250250915002","Block Group 2, Census Tract 915, Suffolk County, Massachusetts","639","135","153","89","15","23","74","56","25","43","20","36","0","13","35","40","11","16","0","13","0","13","118","66","75","59","29","26","26","32","0","13","58","54",
"1500000US250250915003","Block Group 3, Census Tract 915, Suffolk County, Massachusetts","216","81","19","19","16","27","12","18","0","13","46","44","12","21","3","11","0","13","0","13","42","43","7","11","23","35","0","13","0","13","28","32","8","13",
"1500000US250250916001","Block Group 1, Census Tract 916, Suffolk County, Massachusetts","579","132","16","33","16","29","30","41","7","24","17","42","0","13","11","30","14","23","58","60","0","13","115","104","132","78","53","45","6","10","69","102","35","49",
"1500000US250250916002","Block Group 2, Census Tract 916, Suffolk County, Massachusetts","252","71","0","13","16","27","74","72","44","48","9","14","7","14","0","13","0","13","0","13","5","8","36","43","35","53","9","11","0","13","13","21","4","7",
"1500000US250250916003","Block Group 3, Census Tract 916, Suffolk County, Massachusetts","203","89","37","43","44","41","42","40","0","13","19","25","0","13","0","13","11","20","0","13","0","13","0","13","30","41","5","8","0","13","15","34","0","13",
"1500000US250250917001","Block Group 1, Census Tract 917, Suffolk County, Massachusetts","530","123","9","15","45","32","8","12","7","12","14","23","31","33","0","13","12","19","10","12","90","76","80","93","88","54","44","58","33","24","25","24","34","31",
"1500000US250250917002","Block Group 2, Census Tract 917, Suffolk County, Massachusetts","319","80","31","30","16","24","41","40","0","13","0","13","15","20","6","9","28","31","0","13","71","50","10","18","34","30","15","19","38","34","0","13","14","23",
"1500000US250250917003","Block Group 3, Census Tract 917, Suffolk County, Massachusetts","130","48","12","17","0","13","0","13","12","18","0","13","20","24","13","21","0","13","0","13","28","24","8","12","0","13","29","23","0","13","0","13","8","12",
"1500000US250250918001","Block Group 1, Census Tract 918, Suffolk County, Massachusetts","591","137","147","106","52","47","64","73","26","37","13","22","0","13","69","57","0","13","0","13","3","6","54","59","64","49","36","42","15","23","37","63","11","17",
"1500000US250250918002","Block Group 2, Census Tract 918, Suffolk County, Massachusetts","343","121","60","71","7","13","11","17","54","49","0","13","16","25","15","30","40","46","13","24","0","13","0","13","54","59","42","44","28","46","0","13","3","9",
"1500000US250250918003","Block Group 3, Census Tract 918, Suffolk County, Massachusetts","341","114","49","42","16","24","35","30","33","43","21","26","0","13","0","13","0","13","0","13","0","13","74","83","62","55","20","20","31","37","0","13","0","13",
"1500000US250250919001","Block Group 1, Census Tract 919, Suffolk County, Massachusetts","241","85","0","13","55","56","39","47","0","13","0","13","37","40","0","13","0","13","0","13","44","48","0","13","0","13","18","26","0","13","13","21","35","42",
"1500000US250250919002","Block Group 2, Census Tract 919, Suffolk County, Massachusetts","258","90","46","45","0","13","31","34","15","22","15","21","0","13","13","20","25","40","25","35","0","13","14","21","22","35","20","26","21","32","0","13","11","20",
"1500000US250250919003","Block Group 3, Census Tract 919, Suffolk County, Massachusetts","528","135","65","58","45","53","0","13","0","13","60","77","0","13","0","13","28","45","27","34","111","95","0","13","79","58","12","21","31","51","54","54","16","21",
"1500000US250250919004","Block Group 4, Census Tract 919, Suffolk County, Massachusetts","328","112","0","13","27","41","0","13","0","13","51","63","0","13","0","13","0","13","14","21","29","42","71","59","19","23","9","17","24","28","17","27","67","82",
"1500000US250250920001","Block Group 1, Census Tract 920, Suffolk County, Massachusetts","544","138","9","15","108","77","31","34","19","21","22","40","0","13","0","13","0","13","76","57","24","29","0","13","103","67","22","26","36","36","31","34","63","91",
"1500000US250250920002","Block Group 2, Census Tract 920, Suffolk County, Massachusetts","668","149","38","30","51","39","44","42","11","16","0","13","22","36","24","30","0","13","92","127","39","46","104","56","26","30","44","40","97","74","54","47","22","26",
"1500000US250250920003","Block Group 3, Census Tract 920, Suffolk County, Massachusetts","230","64","21","25","0","13","0","13","0","13","15","23","7","15","0","13","0","13","24","35","13","24","19","23","34","36","50","47","43","44","4","11","0","13",
"1500000US250250920004","Block Group 4, Census Tract 920, Suffolk County, Massachusetts","332","82","29","42","31","41","24","25","0","13","0","13","0","13","34","37","10","16","58","55","42","39","24","26","27","30","16","18","0","13","13","17","24","39",
"1500000US250250921011","Block Group 1, Census Tract 921.01, Suffolk County, Massachusetts","717","290","0","13","329","282","55","65","0","13","0","13","0","13","37","60","0","13","33","40","0","13","26","44","58","53","60","84","51","80","54","48","14","22",
"1500000US250250921012","Block Group 2, Census Tract 921.01, Suffolk County, Massachusetts","299","104","16","24","37","53","14","26","0","13","0","13","42","69","0","13","0","13","0","13","0","13","0","13","76","76","9","15","25","39","80","74","0","13",
"1500000US250250921013","Block Group 3, Census Tract 921.01, Suffolk County, Massachusetts","216","100","0","13","14","24","64","86","0","13","0","13","0","13","0","13","0","13","0","13","0","13","13","22","23","26","16","26","14","24","0","13","72","60",
"1500000US250250921014","Block Group 4, Census Tract 921.01, Suffolk County, Massachusetts","352","123","0","13","28","46","38","60","55","66","37","47","0","13","0","13","34","56","0","13","97","74","0","13","27","44","0","13","13","22","13","22","10","19",
"1500000US250250921015","Block Group 5, Census Tract 921.01, Suffolk County, Massachusetts","1171","314","39","45","0","13","77","83","178","196","81","83","0","13","42","68","0","13","49","58","128","130","26","39","198","179","136","97","46","61","53","54","118","97",
"1500000US250250922001","Block Group 1, Census Tract 922, Suffolk County, Massachusetts","282","88","10","16","10","17","9","14","0","13","0","13","9","17","0","13","0","13","0","13","0","13","38","37","48","51","69","55","8","12","24","22","57","50",
"1500000US250250922002","Block Group 2, Census Tract 922, Suffolk County, Massachusetts","286","122","0","13","0","13","0","13","9","15","0","13","13","22","0","13","10","16","42","46","8","12","8","13","0","13","59","39","35","30","73","102","29","32",
"1500000US250250922003","Block Group 3, Census Tract 922, Suffolk County, Massachusetts","297","81","12","19","0","13","9","16","21","34","0","13","11","17","27","43","0","13","0","13","52","44","38","40","15","25","52","44","35","33","17","21","8","12",
"1500000US250250922004","Block Group 4, Census Tract 922, Suffolk County, Massachusetts","261","85","72","47","0","13","31","38","0","13","10","19","13","20","26","39","0","13","0","13","33","31","11","20","34","42","0","13","0","13","12","20","19","26",
"1500000US250250923001","Block Group 1, Census Tract 923, Suffolk County, Massachusetts","306","96","31","30","9","11","23","26","0","13","14","22","0","13","0","13","1","3","0","13","8","12","52","42","93","64","46","58","0","13","26","28","3","5",
"1500000US250250923002","Block Group 2, Census Tract 923, Suffolk County, Massachusetts","199","56","35","33","5","9","17","26","16","25","13","20","0","13","0","13","0","13","8","11","11","18","0","13","40","39","17","19","5","7","2","3","30","25",
"1500000US250250923003","Block Group 3, Census Tract 923, Suffolk County, Massachusetts","398","96","6","9","21","27","25","27","28","29","30","50","53","43","14","15","0","13","17","27","12","13","0","13","57","42","37","35","15","22","83","40","0","13",
"1500000US250250923004","Block Group 4, Census Tract 923, Suffolk County, Massachusetts","164","66","15","14","0","13","0","13","24","29","0","13","8","12","0","13","0","13","0","13","8","12","32","36","61","48","6","9","0","13","10","15","0","13",
"1500000US250250924001","Block Group 1, Census Tract 924, Suffolk County, Massachusetts","214","95","0","13","20","34","0","13","0","13","0","13","56","76","0","13","0","13","0","13","29","44","0","13","26","43","0","13","0","13","51","68","32","52",
"1500000US250250924002","Block Group 2, Census Tract 924, Suffolk County, Massachusetts","225","119","0","13","17","28","77","71","29","60","29","47","42","68","0","13","0","13","0","13","0","13","0","13","0","13","0","13","19","29","12","22","0","13",
"1500000US250250924003","Block Group 3, Census Tract 924, Suffolk County, Massachusetts","812","270","49","75","57","62","133","127","82","92","0","13","0","13","57","65","0","13","83","93","38","42","42","49","25","46","108","169","97","104","0","13","41","59",
"1500000US250250924004","Block Group 4, Census Tract 924, Suffolk County, Massachusetts","561","162","92","85","80","72","53","64","64","76","28","47","31","51","0","13","0","13","41","63","0","13","22","35","64","81","82","92","0","13","4","25","0","13",
"1500000US250250924005","Block Group 5, Census Tract 924, Suffolk County, Massachusetts","287","132","59","68","23","39","38","61","21","35","0","13","0","13","26","43","0","13","52","80","39","48","0","13","29","50","0","13","0","13","0","13","0","13",
"1500000US250251001001","Block Group 1, Census Tract 1001, Suffolk County, Massachusetts","233","131","73","101","55","54","0","13","49","82","0","13","0","13","0","13","0","13","0","13","0","13","0","13","42","46","14","23","0","13","0","13","0","13",
"1500000US250251001002","Block Group 2, Census Tract 1001, Suffolk County, Massachusetts","265","154","15","23","27","33","0","13","81","111","0","13","0","13","56","66","0","13","0","13","0","13","42","61","0","13","0","13","44","50","0","13","0","13",
"1500000US250251001003","Block Group 3, Census Tract 1001, Suffolk County, Massachusetts","410","146","0","13","13","21","31","38","9","15","48","53","47","44","46","53","13","21","23","37","0","13","6","9","53","54","99","110","0","13","0","13","22","38",
"1500000US250251001004","Block Group 4, Census Tract 1001, Suffolk County, Massachusetts","254","127","0","13","20","31","0","13","0","13","0","13","22","37","0","13","0","13","26","46","71","78","0","13","0","13","0","13","43","61","15","24","57","65",
"1500000US250251001005","Block Group 5, Census Tract 1001, Suffolk County, Massachusetts","200","100","49","65","0","13","0","13","10","16","77","70","10","16","0","13","0","13","19","31","0","13","1","3","0","13","16","26","18","28","0","13","0","13",
"1500000US250251001006","Block Group 6, Census Tract 1001, Suffolk County, Massachusetts","469","178","104","85","44","51","51","59","30","38","113","128","0","13","41","48","0","13","0","13","20","33","46","58","20","32","0","13","0","13","0","13","0","13",
"1500000US250251001007","Block Group 7, Census Tract 1001, Suffolk County, Massachusetts","269","104","81","67","37","41","12","19","0","13","0","13","0","13","0","13","10","16","0","13","24","39","0","13","43","57","0","13","19","30","43","50","0","13",
"1500000US250251002001","Block Group 1, Census Tract 1002, Suffolk County, Massachusetts","441","103","17","19","7","12","19","21","31","30","12","19","0","13","6","9","6","9","37","31","39","32","115","90","36","32","26","20","46","35","44","40","0","13",
"1500000US250251002002","Block Group 2, Census Tract 1002, Suffolk County, Massachusetts","178","57","33","30","19","22","0","13","0","13","0","13","0","13","12","19","36","35","0","13","23","26","22","26","12","19","21","24","0","13","0","13","0","13",
"1500000US250251002003","Block Group 3, Census Tract 1002, Suffolk County, Massachusetts","449","121","13","14","48","34","30","25","0","13","7","10","22","24","0","13","68","42","0","13","28","25","30","27","69","61","30","31","65","105","23","27","16","18",
"1500000US250251003001","Block Group 1, Census Tract 1003, Suffolk County, Massachusetts","535","158","59","46","30","33","17","30","18","29","28","44","47","54","25","41","9","13","0","13","0","13","111","147","95","57","29","35","16","20","0","13","51","43",
"1500000US250251003002","Block Group 2, Census Tract 1003, Suffolk County, Massachusetts","201","67","21","32","0","13","0","13","0","13","23","39","30","26","10","15","0","13","0","13","19","22","34","40","27","28","31","34","6","10","0","13","0","13",
"1500000US250251003003","Block Group 3, Census Tract 1003, Suffolk County, Massachusetts","307","95","56","52","0","13","20","31","30","39","10","18","0","13","0","13","10","20","0","13","0","13","29","32","49","42","7","11","43","43","28","41","25","29",
"1500000US250251003004","Block Group 4, Census Tract 1003, Suffolk County, Massachusetts","300","105","36","32","24","36","0","13","17","28","29","35","17","27","0","13","25","38","8","13","0","13","9","17","70","94","0","13","65","51","0","13","0","13",
"1500000US250251004001","Block Group 1, Census Tract 1004, Suffolk County, Massachusetts","668","140","164","100","59","81","81","75","10","18","0","13","12","19","1","3","0","13","0","13","0","13","0","13","92","78","112","92","70","60","29","30","38","35",
"1500000US250251004002","Block Group 2, Census Tract 1004, Suffolk County, Massachusetts","362","126","4","6","16","24","70","85","0","13","16","25","10","15","0","13","12","18","0","13","10","18","0","13","40","46","16","23","118","91","36","47","14","17",
"1500000US250251004003","Block Group 3, Census Tract 1004, Suffolk County, Massachusetts","468","224","83","134","0","13","9","14","0","13","34","36","0","13","0","13","1","2","7","12","45","49","23","28","13","16","60","72","0","13","156","190","37","39",
"1500000US250251004004","Block Group 4, Census Tract 1004, Suffolk County, Massachusetts","435","147","34","37","8","14","0","13","20","30","7","12","54","62","41","45","0","13","18","29","0","13","37","45","63","59","80","82","46","67","18","31","9","12",
"1500000US250251005001","Block Group 1, Census Tract 1005, Suffolk County, Massachusetts","646","369","101","112","270","339","21","47","0","13","0","13","108","110","14","22","0","13","0","13","9","15","23","39","0","13","16","27","21","32","43","44","20","33",
"1500000US250251005002","Block Group 2, Census Tract 1005, Suffolk County, Massachusetts","445","143","0","13","0","13","0","13","47","70","21","37","0","13","0","13","18","31","19","33","30","44","34","38","35","41","30","35","0","13","142","134","69","56",
"1500000US250251005003","Block Group 3, Census Tract 1005, Suffolk County, Massachusetts","549","150","125","104","74","62","19","30","71","79","0","13","4","8","0","13","0","13","30","47","0","13","51","58","89","65","36","45","21","33","17","25","12","20",
"1500000US250251005004","Block Group 4, Census Tract 1005, Suffolk County, Massachusetts","416","149","85","92","0","13","85","95","19","31","0","13","0","13","0","13","0","13","0","13","32","29","65","76","20","33","0","13","24","40","35","55","51","59",
"1500000US250251005005","Block Group 5, Census Tract 1005, Suffolk County, Massachusetts","504","139","65","64","35","56","0","13","38","59","0","13","0","13","103","118","0","13","44","73","0","13","0","13","67","60","34","55","35","55","83","71","0","13",
"1500000US250251006011","Block Group 1, Census Tract 1006.01, Suffolk County, Massachusetts","374","176","21","34","0","13","31","40","32","56","10","16","0","13","0","13","0","13","0","13","30","46","31","49","48","43","107","126","11","18","42","56","11","17",
"1500000US250251006012","Block Group 2, Census Tract 1006.01, Suffolk County, Massachusetts","332","127","0","13","0","13","0","13","0","13","26","42","13","21","17","30","66","64","0","13","22","35","12","36","61","73","80","103","0","13","10","18","25","30",
"1500000US250251006013","Block Group 3, Census Tract 1006.01, Suffolk County, Massachusetts","503","123","0","13","0","13","0","13","0","13","0","13","24","40","88","96","17","39","0","13","26","40","79","95","60","70","65","61","101","107","31","40","12","21",
"1500000US250251006014","Block Group 4, Census Tract 1006.01, Suffolk County, Massachusetts","878","238","33","53","18","36","47","70","78","84","0","13","6","12","9","16","0","13","0","13","0","13","53","83","241","189","22","25","98","79","129","125","144","87",
"1500000US250251006031","Block Group 1, Census Tract 1006.03, Suffolk County, Massachusetts","646","111","0","13","7","10","0","13","0","13","12","12","7","13","25","33","23","30","8","12","37","34","59","36","149","64","76","71","77","51","109","49","57","36",
"1500000US250251006032","Block Group 2, Census Tract 1006.03, Suffolk County, Massachusetts","208","55","27","25","4","7","0","13","0","13","21","32","15","20","6","10","0","13","0","13","13","14","17","15","17","24","0","13","13","19","24","19","51","32",
"1500000US250251007001","Block Group 1, Census Tract 1007, Suffolk County, Massachusetts","441","117","10","15","0","13","0","13","0","13","11","16","51","67","0","13","24","28","4","8","0","13","35","44","37","30","81","58","79","64","59","45","50","43",
"1500000US250251007002","Block Group 2, Census Tract 1007, Suffolk County, Massachusetts","527","120","53","41","34","25","37","48","0","13","53","44","28","44","0","13","23","38","0","13","9","15","7","11","38","48","0","13","29","34","24","28","192","90",
"1500000US250251007003","Block Group 3, Census Tract 1007, Suffolk County, Massachusetts","332","86","10","16","0","13","0","13","0","13","0","13","0","13","0","13","0","13","6","10","20","23","0","13","48","44","31","34","87","51","46","52","84","52",
"1500000US250251007004","Block Group 4, Census Tract 1007, Suffolk County, Massachusetts","248","78","4","8","0","13","34","36","0","13","0","13","0","13","0","13","0","13","0","13","22","25","46","33","25","39","33","34","11","15","55","40","18","19",
"1500000US250251007005","Block Group 5, Census Tract 1007, Suffolk County, Massachusetts","244","94","0","13","0","13","0","13","9","15","0","13","12","20","0","13","0","13","10","15","0","13","35","57","16","19","75","66","24","24","20","32","43","32",
"1500000US250251008001","Block Group 1, Census Tract 1008, Suffolk County, Massachusetts","236","108","31","35","0","13","0","13","0","13","0","13","60","97","0","13","0","13","0","13","12","20","37","42","15","25","0","13","12","19","59","49","10","19",
"1500000US250251008002","Block Group 2, Census Tract 1008, Suffolk County, Massachusetts","598","178","0","13","16","25","0","13","0","13","28","44","0","13","0","13","88","75","0","13","0","13","84","132","94","83","64","56","28","44","52","58","144","104",
"1500000US250251008003","Block Group 3, Census Tract 1008, Suffolk County, Massachusetts","549","187","66","71","0","13","52","80","0","13","70","111","0","13","15","25","41","62","0","13","13","20","0","13","27","34","114","80","50","57","75","74","26","44",
"1500000US250251008004","Block Group 4, Census Tract 1008, Suffolk County, Massachusetts","667","177","64","79","63","75","0","13","13","22","34","41","27","33","41","66","0","13","20","32","0","13","37","54","92","81","104","72","50","44","39","42","83","110",
"1500000US250251008005","Block Group 5, Census Tract 1008, Suffolk County, Massachusetts","516","148","61","70","53","82","0","13","0","13","0","13","18","31","0","13","58","98","0","13","17","28","70","91","0","13","0","13","72","72","123","101","44","39",
"1500000US250251008006","Block Group 6, Census Tract 1008, Suffolk County, Massachusetts","288","146","0","13","11","20","0","13","18","31","8","14","0","13","0","13","98","139","0","13","0","13","38","36","9","17","58","44","13","22","0","13","35","51",
"1500000US250251009001","Block Group 1, Census Tract 1009, Suffolk County, Massachusetts","300","80","0","13","29","46","0","13","0","13","0","13","0","13","48","49","19","26","0","13","0","13","54","43","83","69","9","15","0","13","23","28","35","32",
"1500000US250251009002","Block Group 2, Census Tract 1009, Suffolk County, Massachusetts","247","123","0","13","0","13","20","34","0","13","0","13","49","52","0","13","0","13","13","20","0","13","24","36","88","103","9","15","6","9","38","34","0","13",
"1500000US250251009003","Block Group 3, Census Tract 1009, Suffolk County, Massachusetts","417","124","56","49","0","13","0","13","17","24","0","13","0","13","0","13","0","13","0","13","0","13","0","13","72","46","61","49","45","50","78","96","88","57",
"1500000US250251009004","Block Group 4, Census Tract 1009, Suffolk County, Massachusetts","705","135","6","10","10","16","0","13","7","12","24","26","6","11","34","34","21","18","10","16","31","33","72","48","167","114","136","85","45","36","65","47","71","54",
"1500000US250251010011","Block Group 1, Census Tract 1010.01, Suffolk County, Massachusetts","195","118","12","32","0","13","0","13","0","13","19","38","0","13","0","13","0","13","0","13","0","13","29","43","28","39","0","13","25","31","11","34","71","88",
"1500000US250251010012","Block Group 2, Census Tract 1010.01, Suffolk County, Massachusetts","208","171","0","13","14","25","0","13","0","13","0","13","85","137","0","13","0","13","0","13","22","36","0","13","63","78","24","38","0","13","0","13","0","13",
"1500000US250251010013","Block Group 3, Census Tract 1010.01, Suffolk County, Massachusetts","444","157","108","111","0","13","0","13","0","13","0","13","25","42","22","35","42","55","0","13","21","36","53","86","123","115","27","33","23","36","0","13","0","13",
"1500000US250251010014","Block Group 4, Census Tract 1010.01, Suffolk County, Massachusetts","350","164","47","74","74","90","0","13","23","37","0","13","100","124","0","13","0","13","0","13","0","13","37","61","26","44","0","13","29","27","14","27","0","13",
"1500000US250251010015","Block Group 5, Census Tract 1010.01, Suffolk County, Massachusetts","478","208","13","22","97","140","0","13","31","43","0","13","41","68","0","13","0","13","0","13","19","31","0","13","166","105","32","37","0","13","0","13","79","101",
"1500000US250251010016","Block Group 6, Census Tract 1010.01, Suffolk County, Massachusetts","594","206","43","67","0","13","18","26","0","13","0","13","35","42","0","13","76","83","0","13","0","13","23","37","80","70","176","143","86","89","0","13","57","87",
"1500000US250251010021","Block Group 1, Census Tract 1010.02, Suffolk County, Massachusetts","315","128","19","31","66","72","45","55","57","48","0","13","0","13","0","13","0","13","0","13","0","13","0","13","22","34","70","94","36","45","0","13","0","13",
"1500000US250251010022","Block Group 2, Census Tract 1010.02, Suffolk County, Massachusetts","1096","306","94","84","63","67","56","69","93","105","41","42","79","95","19","31","236","245","104","100","0","13","103","93","77","80","25","40","35","30","0","13","71","59",
"1500000US250251010023","Block Group 3, Census Tract 1010.02, Suffolk County, Massachusetts","917","157","71","70","42","63","20","31","42","46","47","74","69","79","0","13","13","21","11","19","229","122","59","68","168","118","76","78","12","20","58","63","0","13",
"1500000US250251011011","Block Group 1, Census Tract 1011.01, Suffolk County, Massachusetts","377","89","0","13","0","13","0","13","34","39","42","40","0","13","48","55","22","35","3","6","95","75","19","30","77","51","0","13","29","35","8","13","0","13",
"1500000US250251011012","Block Group 2, Census Tract 1011.01, Suffolk County, Massachusetts","422","118","18","21","15","23","5","9","11","17","38","44","23","38","63","61","35","32","0","13","40","42","13","18","45","46","0","13","36","42","63","65","17","27",
"1500000US250251011013","Block Group 3, Census Tract 1011.01, Suffolk County, Massachusetts","401","143","32","36","34","45","21","35","46","46","24","36","34","56","23","25","0","13","15","25","33","47","6","9","73","64","16","20","11","19","0","13","33","47",
"1500000US250251011021","Block Group 1, Census Tract 1011.02, Suffolk County, Massachusetts","293","109","83","72","0","13","0","13","0","13","0","13","41","49","0","13","0","13","0","13","24","42","26","31","63","61","16","26","0","13","11","18","29","35",
"1500000US250251011022","Block Group 2, Census Tract 1011.02, Suffolk County, Massachusetts","510","133","0","13","26","31","64","65","9","13","21","31","17","27","0","13","43","48","41","46","55","56","83","67","78","73","30","34","43","38","0","13","0","13",
"1500000US250251011023","Block Group 3, Census Tract 1011.02, Suffolk County, Massachusetts","444","133","55","75","34","39","0","13","0","13","0","13","41","29","0","13","27","45","45","49","53","41","54","85","31","30","17","30","26","37","61","70","0","13",
"1500000US250251011024","Block Group 4, Census Tract 1011.02, Suffolk County, Massachusetts","496","119","90","77","52","59","10","16","71","54","27","38","0","13","24","30","82","63","0","13","0","13","0","13","40","50","10","17","44","48","21","35","25","34",
"1500000US250251101041","Block Group 1, Census Tract 1101.04, Suffolk County, Massachusetts","202","92","0","13","0","13","0","13","19","37","0","13","0","13","12","23","0","13","88","47","0","13","0","13","46","51","0","13","0","13","37","30","0","13",
"1500000US250251101042","Block Group 2, Census Tract 1101.04, Suffolk County, Massachusetts","407","155","46","62","9","31","0","13","60","52","40","66","46","59","0","13","0","13","0","13","75","28","21","42","0","13","15","22","0","13","51","52","44","50",
"1500000US250251101051","Block Group 1, Census Tract 1101.05, Suffolk County, Massachusetts","1172","227","71","62","18","30","0","13","0","13","0","13","6","10","18","27","38","44","0","13","0","13","112","105","190","97","145","104","108","77","246","174","220","134",
"1500000US250251101061","Block Group 1, Census Tract 1101.06, Suffolk County, Massachusetts","243","106","16","28","0","13","15","23","0","13","0","13","0","13","0","13","0","13","28","40","58","56","0","13","33","35","27","30","23","52","6","17","37","53",
"1500000US250251101062","Block Group 2, Census Tract 1101.06, Suffolk County, Massachusetts","584","341","0","13","0","13","24","40","0","13","0","13","0","13","0","13","238","341","0","13","16","26","0","13","105","77","33","36","68","45","50","53","50","53",
"1500000US250251102011","Block Group 1, Census Tract 1102.01, Suffolk County, Massachusetts","905","110","58","36","117","65","29","26","19","26","41","42","36","33","77","50","35","36","25","30","58","40","79","43","150","95","55","29","42","35","37","34","47","28",
"1500000US250251103011","Block Group 1, Census Tract 1103.01, Suffolk County, Massachusetts","480","97","9","13","5","8","0","13","0","13","33","35","50","32","24","17","5","8","16","24","32","32","113","57","86","69","57","36","19","18","18","16","13","20",
"1500000US250251103012","Block Group 2, Census Tract 1103.01, Suffolk County, Massachusetts","525","89","45","44","15","16","7","10","0","13","7","11","21","30","6","9","11","12","13","14","21","25","75","58","34","28","53","27","19","17","104","53","94","38",
"1500000US250251104011","Block Group 1, Census Tract 1104.01, Suffolk County, Massachusetts","801","117","40","41","62","63","87","71","23","38","34","31","22","28","0","13","0","13","0","13","83","57","142","85","106","56","58","44","26","32","95","59","23","26",
"1500000US250251104012","Block Group 2, Census Tract 1104.01, Suffolk County, Massachusetts","688","158","9","16","17","28","11","17","9","18","16","34","31","35","12","21","0","13","0","13","88","61","88","75","36","30","28","23","55","47","124","77","164","116",
"1500000US250251104031","Block Group 1, Census Tract 1104.03, Suffolk County, Massachusetts","550","148","16","21","122","113","0","13","51","68","0","13","0","13","0","13","62","65","22","25","12","19","44","33","31","48","5","8","75","61","24","24","86","88",
"1500000US250251104032","Block Group 2, Census Tract 1104.03, Suffolk County, Massachusetts","354","95","0","13","0","13","0","13","46","55","9","14","0","13","0","13","36","54","9","14","0","13","20","18","30","32","37","29","55","49","51","38","61","62",
"1500000US250251104033","Block Group 3, Census Tract 1104.03, Suffolk County, Massachusetts","213","70","11","18","31","40","17","27","0","13","0","13","0","13","0","13","0","13","0","13","6","11","18","27","13","21","15","24","58","60","44","39","0","13",
"1500000US250251104034","Block Group 4, Census Tract 1104.03, Suffolk County, Massachusetts","395","91","0","13","0","13","13","20","4","7","6","9","27","36","0","13","0","13","0","13","19","24","0","13","57","41","56","40","19","22","110","65","84","70",
"1500000US250251104035","Block Group 5, Census Tract 1104.03, Suffolk County, Massachusetts","415","124","16","28","0","13","0","13","0","13","0","13","0","13","20","22","0","13","12","18","12","19","10","17","94","83","66","53","60","55","90","85","35","31",
"1500000US250251105011","Block Group 1, Census Tract 1105.01, Suffolk County, Massachusetts","364","94","0","13","24","26","0","13","12","19","28","40","0","13","8","14","0","13","0","13","44","59","24","25","35","35","84","64","63","44","15","18","27","38",
"1500000US250251105012","Block Group 2, Census Tract 1105.01, Suffolk County, Massachusetts","668","150","21","31","21","25","0","13","12","19","10","17","0","13","28","32","16","26","104","111","0","13","76","58","61","50","49","37","37","29","107","89","126","61",
"1500000US250251105013","Block Group 3, Census Tract 1105.01, Suffolk County, Massachusetts","357","84","12","18","0","13","0","13","0","13","0","13","32","45","0","13","10","15","0","13","24","31","18","26","42","37","44","38","33","31","70","47","72","58",
"1500000US250251105021","Block Group 1, Census Tract 1105.02, Suffolk County, Massachusetts","609","130","14","23","0","13","0","13","0","13","28","41","0","13","38","56","18","30","12","18","12","21","11","19","76","49","101","65","60","66","106","83","133","76",
"1500000US250251105022","Block Group 2, Census Tract 1105.02, Suffolk County, Massachusetts","910","240","0","13","102","84","0","13","78","64","0","13","55","47","73","65","0","13","19","15","60","91","38","34","65","56","68","53","66","46","220","201","66","47",
"1500000US250251105023","Block Group 3, Census Tract 1105.02, Suffolk County, Massachusetts","268","74","0","13","0","13","31","29","12","19","0","13","25","41","12","18","35","30","9","14","15","27","0","13","0","13","14","21","52","46","63","40","0","13",
"1500000US250251106011","Block Group 1, Census Tract 1106.01, Suffolk County, Massachusetts","970","188","10","15","16","18","25","29","0","13","16","17","23","20","68","43","22","34","32","36","27","30","76","71","150","132","73","60","50","38","84","45","298","131",
"1500000US250251106012","Block Group 2, Census Tract 1106.01, Suffolk County, Massachusetts","457","76","38","49","28","45","0","13","6","11","15","19","8","12","0","13","7","12","0","13","37","29","12","19","9","13","51","35","38","30","86","62","122","71",
"1500000US250251106071","Block Group 1, Census Tract 1106.07, Suffolk County, Massachusetts","472","153","0","13","0","13","0","13","0","13","0","13","0","13","14","24","64","79","0","13","12","20","19","33","52","58","32","39","41","46","131","138","107","67",
"1500000US250251106072","Block Group 2, Census Tract 1106.07, Suffolk County, Massachusetts","675","167","3","12","0","13","35","52","15","26","0","13","0","13","0","13","48","53","0","13","0","13","61","82","83","61","90","51","171","110","143","105","26","29",
"1500000US250251106073","Block Group 3, Census Tract 1106.07, Suffolk County, Massachusetts","634","147","0","13","0","13","0","13","10","16","0","13","27","45","0","13","14","22","33","51","0","13","18","27","179","97","43","41","183","115","29","35","98","69",
"1500000US250251106074","Block Group 4, Census Tract 1106.07, Suffolk County, Massachusetts","218","77","0","13","0","13","0","13","0","13","0","13","0","13","0","13","0","13","0","13","42","39","18","28","49","47","56","54","6","13","35","54","12","21",
"1500000US250251201031","Block Group 1, Census Tract 1201.03, Suffolk County, Massachusetts","740","46","0","13","16","17","8","12","15","16","6","8","5","9","0","13","15","18","0","13","37","35","30","35","45","30","98","44","32","23","97","42","336","66",
"1500000US250251201041","Block Group 1, Census Tract 1201.04, Suffolk County, Massachusetts","474","106","9","16","0","13","0","13","17","21","0","13","0","13","0","13","0","13","35","31","47","36","26","28","21","33","126","93","53","37","50","45","90","56",
"1500000US250251201042","Block Group 2, Census Tract 1201.04, Suffolk County, Massachusetts","599","88","24","27","0","13","54","47","0","13","0","13","33","52","0","13","0","13","0","13","30","28","45","42","109","59","61","47","53","39","77","47","113","65",
"1500000US250251201051","Block Group 1, Census Tract 1201.05, Suffolk County, Massachusetts","278","60","0","13","0","13","29","45","0","13","0","13","10","11","0","13","0","13","0","13","20","24","21","16","5","8","12","12","12","15","29","15","140","41",
"1500000US250251201052","Block Group 2, Census Tract 1201.05, Suffolk County, Massachusetts","390","58","16","26","12","12","0","13","20","26","0","13","30","24","5","8","11","11","0","13","23","28","7","9","16","14","10","11","28","26","59","30","153","49",
"1500000US250251201053","Block Group 3, Census Tract 1201.05, Suffolk County, Massachusetts","313","65","0","13","10","15","0","13","24","28","14","11","0","13","0","13","5","9","0","13","0","13","23","17","40","41","26","17","21","17","69","40","81","44",
"1500000US250251202011","Block Group 1, Census Tract 1202.01, Suffolk County, Massachusetts","730","142","35","32","42","22","0","13","10","16","7","11","34","52","19","22","16","24","0","13","38","33","46","42","164","125","103","75","68","47","40","26","108","68",
"1500000US250251202012","Block Group 2, Census Tract 1202.01, Suffolk County, Massachusetts","907","261","207","232","30","46","28","25","14","17","0","13","0","13","120","81","0","13","11","19","41","44","68","72","74","44","68","44","84","62","53","35","109","42",
"1500000US250251202013","Block Group 3, Census Tract 1202.01, Suffolk County, Massachusetts","373","108","54","45","0","13","0","13","20","26","0","13","0","13","0","13","7","13","0","13","0","13","42","55","28","28","37","28","53","56","26","21","106","72",
"1500000US250251203011","Block Group 1, Census Tract 1203.01, Suffolk County, Massachusetts","369","90","0","13","16","24","6","11","0","13","0","13","16","27","0","13","5","8","0","13","31","41","8","14","19","19","55","64","84","60","83","56","46","42",
"1500000US250251203012","Block Group 2, Census Tract 1203.01, Suffolk County, Massachusetts","401","153","22","26","43","68","0","13","15","23","0","13","0","13","0","13","55","74","0","13","47","56","61","79","0","13","62","49","75","70","0","13","21","34",
"1500000US250251203013","Block Group 3, Census Tract 1203.01, Suffolk County, Massachusetts","647","164","35","39","35","45","39","42","12","20","0","13","20","24","0","13","0","13","0","13","23","22","18","21","103","67","96","60","85","62","31","32","150","132",
"1500000US250251203014","Block Group 4, Census Tract 1203.01, Suffolk County, Massachusetts","644","136","22","26","0","13","0","13","29","34","0","13","0","13","0","13","5","8","25","42","93","65","82","83","91","73","61","44","117","94","12","15","107","58",
"1500000US250251204001","Block Group 1, Census Tract 1204, Suffolk County, Massachusetts","369","123","16","26","0","13","0","13","0","13","0","13","25","41","19","31","31","46","0","13","0","13","0","13","54","44","135","92","16","27","7","14","66","80",
"1500000US250251204002","Block Group 2, Census Tract 1204, Suffolk County, Massachusetts","393","183","0","13","0","13","0","13","0","13","0","13","18","29","0","13","0","13","15","23","0","13","0","13","96","69","5","17","26","31","30","34","203","186",
"1500000US250251204003","Block Group 3, Census Tract 1204, Suffolk County, Massachusetts","446","128","0","13","0","13","61","77","0","13","0","13","0","13","0","13","0","13","17","28","39","59","14","22","64","81","0","13","90","58","97","72","64","52",
"1500000US250251204004","Block Group 4, Census Tract 1204, Suffolk County, Massachusetts","934","187","15","24","35","42","0","13","0","13","15","24","0","13","0","13","0","13","21","32","14","23","141","122","102","87","164","118","44","42","152","93","231","120",
"1500000US250251204005","Block Group 5, Census Tract 1204, Suffolk County, Massachusetts","858","222","50","44","59","67","70","82","15","25","51","80","51","47","13","21","0","13","0","13","30","36","34","38","57","47","30","36","60","45","117","112","221","168",
"1500000US250251205001","Block Group 1, Census Tract 1205, Suffolk County, Massachusetts","379","61","88","44","6","9","0","13","0","13","10","16","0","13","14","15","0","13","0","13","5","7","29","24","50","42","46","25","20","22","49","32","62","28",
"1500000US250251205002","Block Group 2, Census Tract 1205, Suffolk County, Massachusetts","481","252","24","27","5","9","0","13","0","13","12","20","0","13","0","13","11","16","0","13","5","8","21","20","29","31","28","24","19","32","37","27","290","251",
"1500000US250251205003","Block Group 3, Census Tract 1205, Suffolk County, Massachusetts","285","62","39","38","6","8","18","19","24","28","0","13","6","8","0","13","0","13","0","13","15","16","36","33","42","33","38","34","6","9","22","15","33","26",
"1500000US250251206001","Block Group 1, Census Tract 1206, Suffolk County, Massachusetts","421","147","0","13","0","13","4","8","0","13","0","13","0","13","12","15","0","13","0","13","0","13","48","30","32","25","69","54","54","59","40","27","162","136",
"1500000US250251206002","Block Group 2, Census Tract 1206, Suffolk County, Massachusetts","392","139","0","13","0","13","0","13","19","21","23","35","0","13","23","39","0","13","9","14","0","13","35","42","32","29","151","138","0","13","40","25","60","35",
"1500000US250251206003","Block Group 3, Census Tract 1206, Suffolk County, Massachusetts","323","86","0","13","0","13","0","13","0","13","15","17","0","13","17","18","19","30","0","13","0","13","0","13","36","47","39","31","29","31","18","20","150","78",
"1500000US250251207001","Block Group 1, Census Tract 1207, Suffolk County, Massachusetts","346","60","2","3","7","12","0","13","19","30","0","13","6","9","7","11","0","13","0","13","20","22","41","38","71","43","41","21","55","35","26","26","51","35",
"1500000US250251207002","Block Group 2, Census Tract 1207, Suffolk County, Massachusetts","622","106","11","12","6","10","0","13","16","27","4","7","0","13","9","13","4","8","5","9","72","34","55","36","122","58","48","27","97","106","43","28","130","47",
"1500000US250251301011","Block Group 1, Census Tract 1301.01, Suffolk County, Massachusetts","870","157","22","36","0","13","19","29","0","13","55","54","0","13","0","13","20","31","0","13","151","88","49","47","50","52","275","126","130","102","18","29","81","62",
"1500000US250251301012","Block Group 2, Census Tract 1301.01, Suffolk County, Massachusetts","302","85","0","13","0","13","0","13","0","13","0","13","0","13","0","13","39","56","0","13","0","13","0","13","28","31","33","39","23","36","95","69","84","57",
"1500000US250251301013","Block Group 3, Census Tract 1301.01, Suffolk County, Massachusetts","664","368","11","19","0","13","0","13","16","27","0","13","0","13","0","13","0","13","0","13","0","13","0","13","14","22","108","87","48","54","425","346","42","45",
"1500000US250251301014","Block Group 4, Census Tract 1301.01, Suffolk County, Massachusetts","297","90","0","13","0","13","0","13","15","25","0","13","0","13","0","13","0","13","0","13","45","44","56","66","0","13","35","40","0","13","51","47","95","50",
"1500000US250251301015","Block Group 5, Census Tract 1301.01, Suffolk County, Massachusetts","307","103","0","13","0","13","15","24","0","13","0","13","0","13","0","13","14","24","0","13","18","29","33","37","0","13","62","60","34","42","67","54","64","54",
"1500000US250251301016","Block Group 6, Census Tract 1301.01, Suffolk County, Massachusetts","353","93","0","13","0","13","17","27","0","13","16","24","0","13","0","13","0","13","12","21","12","21","0","13","55","50","60","49","51","38","79","72","51","51",
"1500000US250251302001","Block Group 1, Census Tract 1302, Suffolk County, Massachusetts","314","82","0","13","28","38","27","25","0","13","0","13","10","16","0","13","0","13","0","13","10","15","28","43","34","32","24","22","21","23","78","66","54","35",
"1500000US250251302002","Block Group 2, Census Tract 1302, Suffolk County, Massachusetts","327","125","17","22","0","13","0","13","19","21","7","13","22","24","0","13","0","13","0","13","0","13","9","14","7","11","68","49","36","29","43","46","99","108",
"1500000US250251302003","Block Group 3, Census Tract 1302, Suffolk County, Massachusetts","746","171","97","135","0","13","0","13","0","13","0","13","0","13","0","13","7","12","41","62","60","50","46","47","60","35","89","47","39","31","74","55","233","77",
"1500000US250251302004","Block Group 4, Census Tract 1302, Suffolk County, Massachusetts","220","57","0","13","0","13","0","13","0","13","0","13","0","13","0","13","0","13","0","13","0","13","9","14","0","13","9","14","82","52","54","40","66","42",
"1500000US250251302005","Block Group 5, Census Tract 1302, Suffolk County, Massachusetts","358","73","8","14","31","49","9","13","0","13","0","13","11","18","0","13","0","13","0","13","29","26","7","11","60","41","63","46","59","39","46","35","35","29",
"1500000US250251303001","Block Group 1, Census Tract 1303, Suffolk County, Massachusetts","275","72","0","13","0","13","0","13","0","13","0","13","8","13","0","13","33","41","0","13","0","13","24","18","8","12","24","37","10","17","46","37","122","60",
"1500000US250251303002","Block Group 2, Census Tract 1303, Suffolk County, Massachusetts","430","126","0","13","35","51","0","13","0","13","8","14","45","44","0","13","7","12","0","13","0","13","10","18","29","28","28","26","143","85","17","16","108","54",
"1500000US250251303003","Block Group 3, Census Tract 1303, Suffolk County, Massachusetts","334","106","7","12","12","21","0","13","0","13","8","12","8","13","0","13","10","15","0","13","0","13","37","47","0","13","20","17","25","25","107","94","100","44",
"1500000US250251303004","Block Group 4, Census Tract 1303, Suffolk County, Massachusetts","365","101","10","17","0","13","8","13","0","13","0","13","46","53","0","13","43","50","15","16","0","13","8","13","73","58","33","27","31","30","12","19","86","64",
"1500000US250251303005","Block Group 5, Census Tract 1303, Suffolk County, Massachusetts","321","112","0","13","0","13","0","13","4","7","0","13","9","14","8","13","0","13","0","13","8","12","9","15","39","30","92","106","0","13","62","50","90","59",
"1500000US250251304021","Block Group 1, Census Tract 1304.02, Suffolk County, Massachusetts","510","136","21","33","62","75","0","13","18","28","32","37","0","13","33","49","25","39","14","24","38","57","57","48","14","24","20","35","108","76","51","79","17","29",
"1500000US250251304022","Block Group 2, Census Tract 1304.02, Suffolk County, Massachusetts","459","250","0","13","0","13","15","23","0","13","0","13","0","13","5","16","0","13","0","13","9","15","12","20","38","38","13","21","27","29","4","11","336","255",
"1500000US250251304023","Block Group 3, Census Tract 1304.02, Suffolk County, Massachusetts","272","105","0","13","0","13","0","13","0","13","0","13","0","13","14","22","14","21","0","13","0","13","44","69","27","32","24","28","22","36","74","48","53","79",
"1500000US250251304024","Block Group 4, Census Tract 1304.02, Suffolk County, Massachusetts","1016","205","0","13","86","92","138","118","30","36","61","46","10","19","82","71","20","33","105","110","29","34","18","31","78","89","20","33","129","108","127","74","83","73",
"1500000US250251304041","Block Group 1, Census Tract 1304.04, Suffolk County, Massachusetts","934","137","95","92","59","41","59","53","71","67","9","15","9","14","20","22","25","23","18","21","114","77","49","37","92","64","100","61","61","61","84","69","69","49",
"1500000US250251304042","Block Group 2, Census Tract 1304.04, Suffolk County, Massachusetts","399","82","21","23","0","13","5","8","0","13","18","20","17","22","0","13","11","17","0","13","11","17","54","40","20","21","87","64","70","36","20","17","65","38",
"1500000US250251304061","Block Group 1, Census Tract 1304.06, Suffolk County, Massachusetts","987","281","59","56","63","83","120","185","0","13","45","49","52","79","88","105","98","128","92","107","15","34","103","120","158","113","41","57","0","13","53","69","0","13",
"1500000US250251304062","Block Group 2, Census Tract 1304.06, Suffolk County, Massachusetts","1151","206","23","29","153","106","8","16","87","99","62","72","72","98","21","36","19","29","22","37","39","70","258","185","72","56","72","61","111","67","62","61","70","70",
"1500000US250251304063","Block Group 3, Census Tract 1304.06, Suffolk County, Massachusetts","230","97","0","13","15","24","56","84","24","31","0","13","22","37","0","13","0","13","0","13","0","13","35","45","59","53","0","13","11","26","8","13","0","13",
"1500000US250251401021","Block Group 1, Census Tract 1401.02, Suffolk County, Massachusetts","479","134","12","18","35","49","55","74","0","13","0","13","36","53","6","11","0","13","17","19","0","13","41","49","32","36","28","33","15","17","98","67","104","66",
"1500000US250251401022","Block Group 2, Census Tract 1401.02, Suffolk County, Massachusetts","507","95","23","22","42","42","26","40","13","20","8","13","0","13","32","44","22","34","0","13","23","26","48","60","91","42","78","55","30","29","35","32","36","32",
"1500000US250251401023","Block Group 3, Census Tract 1401.02, Suffolk County, Massachusetts","340","91","11","18","0","13","0","13","0","13","25","37","0","13","0","13","7","10","40","53","0","13","0","13","80","67","9","14","93","64","31","29","44","45",
"1500000US250251401024","Block Group 4, Census Tract 1401.02, Suffolk County, Massachusetts","523","183","0","13","22","21","0","13","0","13","0","13","0","13","10","15","34","44","9","13","23","33","34","30","41","31","188","172","36","33","88","40","38","24",
"1500000US250251401051","Block Group 1, Census Tract 1401.05, Suffolk County, Massachusetts","851","134","68","61","28","42","22","35","40","33","0","13","41","30","20","21","9","14","9","14","90","54","67","57","153","89","92","60","53","44","86","57","73","51",
"1500000US250251401052","Block Group 2, Census Tract 1401.05, Suffolk County, Massachusetts","467","139","106","83","0","13","9","15","0","13","31","33","25","28","0","13","8","15","0","13","0","13","0","13","57","92","112","84","48","45","47","45","24","38",
"1500000US250251401061","Block Group 1, Census Tract 1401.06, Suffolk County, Massachusetts","696","143","56","40","77","49","42","24","60","40","31","27","12","19","10","15","20","26","11","16","61","51","22","19","83","49","100","98","8","13","38","25","65","38",
"1500000US250251401062","Block Group 2, Census Tract 1401.06, Suffolk County, Massachusetts","344","105","54","72","88","63","37","29","17","27","17","20","10","17","23","30","0","13","36","36","0","13","45","39","15","16","0","13","0","13","0","13","2","5",
"1500000US250251401071","Block Group 1, Census Tract 1401.07, Suffolk County, Massachusetts","809","164","95","46","56","43","0","13","6","9","12","13","0","13","0","13","20","21","40","40","3","5","82","43","178","136","58","28","38","27","118","73","103","47",
"1500000US250251401072","Block Group 2, Census Tract 1401.07, Suffolk County, Massachusetts","295","56","13","20","0","13","0","13","20","17","21","25","7","10","7","10","0","13","14","22","46","38","16","20","27","31","27","24","13","16","66","43","18","12",
"1500000US250251402011","Block Group 1, Census Tract 1402.01, Suffolk County, Massachusetts","476","113","23","20","12","15","29","29","5","9","10","12","21","21","38","32","30","29","35","34","4","6","43","25","140","101","45","32","17","20","17","21","7","10",
"1500000US250251402012","Block Group 2, Census Tract 1402.01, Suffolk County, Massachusetts","494","124","0","13","0","13","5","7","12","14","4","10","20","28","4","6","0","13","0","13","41","40","20","19","104","65","129","111","49","30","26","28","80","41",
"1500000US250251402021","Block Group 1, Census Tract 1402.02, Suffolk County, Massachusetts","338","103","10","15","9","15","0","13","0","13","0","13","0","13","0","13","0","13","0","13","42","51","36","28","89","66","0","13","56","61","27","25","69","59",
"1500000US250251402022","Block Group 2, Census Tract 1402.02, Suffolk County, Massachusetts","553","133","31","39","82","62","49","58","0","13","0","13","63","69","13","20","49","70","10","15","27","44","50","30","33","43","52","52","0","13","45","60","49","59",
"1500000US250251402023","Block Group 3, Census Tract 1402.02, Suffolk County, Massachusetts","363","99","0","13","0","13","27","25","9","14","7","11","29","34","21","25","14","20","0","13","24","32","30","29","19","25","43","34","25","39","12","18","103","69",
"1500000US250251402024","Block Group 4, Census Tract 1402.02, Suffolk County, Massachusetts","628","169","18","20","34","29","0","13","36","55","0","13","31","34","0","13","13","21","65","58","16","13","53","37","49","61","39","28","101","88","95","69","78","99",
"1500000US250251402025","Block Group 5, Census Tract 1402.02, Suffolk County, Massachusetts","279","99","0","13","0","13","0","13","0","13","25","40","0","13","0","13","0","13","9","15","0","13","18","19","16","20","66","71","22","26","49","35","74","57",
"1500000US250251403001","Block Group 1, Census Tract 1403, Suffolk County, Massachusetts","502","274","0","13","109","156","0","13","0","13","0","13","51","61","9","25","0","13","0","13","23","38","0","13","250","312","38","67","22","36","0","13","0","13",
"1500000US250251403002","Block Group 2, Census Tract 1403, Suffolk County, Massachusetts","317","142","0","13","0","13","0","13","0","13","0","13","56","70","0","13","0","13","0","13","29","49","54","68","29","44","91","112","27","49","31","47","0","13",
"1500000US250251403003","Block Group 3, Census Tract 1403, Suffolk County, Massachusetts","825","288","125","111","25","39","67","68","122","151","0","13","0","13","0","13","0","13","48","57","14","28","192","180","51","82","31","39","0","13","150","167","0","13",
"1500000US250251403004","Block Group 4, Census Tract 1403, Suffolk County, Massachusetts","209","138","0","13","0","13","0","13","0","13","0","13","25","40","0","13","0","13","0","13","0","13","39","56","50","70","12","20","0","13","83","97","0","13",
"1500000US250251403005","Block Group 5, Census Tract 1403, Suffolk County, Massachusetts","540","225","45","58","0","13","36","48","74","80","0","13","0","13","87","131","0","13","0","13","0","13","44","64","39","54","166","145","9","22","0","13","40","66",
"1500000US250251403006","Block Group 6, Census Tract 1403, Suffolk County, Massachusetts","377","163","100","78","0","13","0","13","0","13","0","13","0","13","0","13","0","13","0","13","77","122","116","116","28","65","56","64","0","13","0","13","0","13",
"1500000US250251404001","Block Group 1, Census Tract 1404, Suffolk County, Massachusetts","402","149","45","75","49","57","148","129","0","13","16","27","0","13","0","13","0","13","43","69","0","13","0","13","55","90","46","76","0","13","0","13","0","13",
"1500000US250251404002","Block Group 2, Census Tract 1404, Suffolk County, Massachusetts","260","130","0","13","0","13","4","8","0","13","0","13","0","13","0","13","24","39","35","58","0","13","104","90","14","23","0","13","0","13","29","32","50","78",
"1500000US250251404003","Block Group 3, Census Tract 1404, Suffolk County, Massachusetts","256","113","99","96","0","13","0","13","0","13","0","13","55","68","0","13","0","13","0","13","0","13","0","13","0","13","39","63","14","24","21","34","28","32",
"1500000US250251404004","Block Group 4, Census Tract 1404, Suffolk County, Massachusetts","244","126","24","40","18","30","42","67","0","13","0","13","57","72","0","13","41","65","0","13","14","22","0","13","0","13","0","13","0","13","48","69","0","13",
"1500000US250251404005","Block Group 5, Census Tract 1404, Suffolk County, Massachusetts","404","136","0","13","0","13","0","13","25","42","0","13","0","13","0","13","0","13","24","38","70","81","69","77","86","82","58","67","9","15","51","55","12","21",
"1500000US250251404006","Block Group 6, Census Tract 1404, Suffolk County, Massachusetts","1001","310","118","127","44","54","0","13","60","80","28","32","8","13","82","92","0","13","34","58","101","95","0","13","264","237","66","73","63","79","88","85","45","45",
"1500000US250251404007","Block Group 7, Census Tract 1404, Suffolk County, Massachusetts","524","196","43","67","0","13","36","44","0","13","18","28","29","47","0","13","20","33","0","13","0","13","112","93","170","163","20","33","62","84","0","13","14","23",
"1500000US250251601021","Block Group 1, Census Tract 1601.02, Suffolk County, Massachusetts","421","199","30","45","25","33","0","13","0","13","17","30","65","66","0","13","0","13","0","13","108","178","32","46","76","80","20","35","0","13","48","63","0","13",
"1500000US250251601022","Block Group 2, Census Tract 1601.02, Suffolk County, Massachusetts","318","134","22","38","0","13","0","13","0","13","17","27","0","13","0","13","31","45","0","13","70","80","56","56","10","17","24","39","0","13","76","103","12","24",
"1500000US250251601023","Block Group 3, Census Tract 1601.02, Suffolk County, Massachusetts","349","123","67","63","0","13","0","13","0","13","39","46","38","63","0","13","0","13","0","13","0","13","0","13","134","117","9","16","20","36","23","37","19","31",
"1500000US250251601024","Block Group 4, Census Tract 1601.02, Suffolk County, Massachusetts","135","79","0","13","46","53","0","13","15","26","36","58","10","16","18","32","10","20","0","13","0","13","0","13","0","13","0","13","0","13","0","13","0","13",
"1500000US250251601031","Block Group 1, Census Tract 1601.03, Suffolk County, Massachusetts","373","165","112","111","0","13","57","94","0","13","0","13","18","27","0","13","51","74","0","13","15","24","0","13","23","40","9","17","34","57","54","52","0","13",
"1500000US250251601032","Block Group 2, Census Tract 1601.03, Suffolk County, Massachusetts","252","166","0","13","0","13","0","13","0","13","31","51","0","13","5","10","0","13","0","13","15","27","118","113","68","100","0","13","0","13","0","13","15","24",
"1500000US250251601033","Block Group 3, Census Tract 1601.03, Suffolk County, Massachusetts","326","100","0","13","24","41","0","13","38","43","0","13","17","28","32","49","0","13","21","31","22","37","26","40","60","51","25","41","0","13","0","13","61","66",
"1500000US250251601034","Block Group 4, Census Tract 1601.03, Suffolk County, Massachusetts","226","137","0","13","0","13","0","13","36","60","20","32","0","13","0","13","0","13","0","13","2","18","35","56","0","13","14","25","0","13","30","47","89","99",
"1500000US250251602001","Block Group 1, Census Tract 1602, Suffolk County, Massachusetts","359","110","15","19","0","13","0","13","0","13","46","54","9","17","12","19","27","42","10","17","37","42","128","97","16","27","37","42","0","13","22","23","0","13",
"1500000US250251602002","Block Group 2, Census Tract 1602, Suffolk County, Massachusetts","273","77","28","34","18","22","5","9","6","10","7","11","0","13","16","25","34","44","11","14","14","17","17","20","71","70","40","46","6","9","0","13","0","13",
"1500000US250251602003","Block Group 3, Census Tract 1602, Suffolk County, Massachusetts","283","104","0","13","15","23","0","13","5","8","63","59","26","40","0","13","0","13","0","13","43","45","66","89","42","51","23","39","0","13","0","13","0","13",
"1500000US250251602004","Block Group 4, Census Tract 1602, Suffolk County, Massachusetts","282","91","18","21","0","13","45","39","0","13","21","33","19","23","0","13","0","13","0","13","74","54","15","21","20","17","45","59","16","18","9","13","0","13",
"1500000US250251603001","Block Group 1, Census Tract 1603, Suffolk County, Massachusetts","331","90","24","27","45","51","0","13","0","13","0","13","0","13","24","35","0","13","10","16","0","13","51","60","57","47","66","54","37","35","17","28","0","13",
"1500000US250251603002","Block Group 2, Census Tract 1603, Suffolk County, Massachusetts","936","182","148","151","40","35","55","43","50","36","37","40","81","58","0","13","53","45","0","13","7","12","41","30","112","48","81","49","63","38","109","56","59","35",
"1500000US250251604001","Block Group 1, Census Tract 1604, Suffolk County, Massachusetts","353","89","32","35","37","41","7","13","27","32","0","13","0","13","21","24","32","32","22","24","14","19","101","69","13","21","0","13","18","15","29","23","0","13",
"1500000US250251604002","Block Group 2, Census Tract 1604, Suffolk County, Massachusetts","276","72","52","42","20","22","22","24","12","20","12","18","19","30","36","37","0","13","9","13","0","13","11","18","37","38","11","17","25","21","10","17","0","13",
"1500000US250251604003","Block Group 3, Census Tract 1604, Suffolk County, Massachusetts","439","87","51","43","0","13","0","13","0","13","0","13","11","18","0","13","0","13","0","13","4","7","20","19","106","60","79","35","59","45","63","43","46","39",
"1500000US250251604004","Block Group 4, Census Tract 1604, Suffolk County, Massachusetts","389","121","106","97","37","32","12","19","39","42","10","17","33","34","0","13","25","27","0","13","0","13","0","13","49","50","59","40","0","13","0","13","19","31",
"1500000US250251605011","Block Group 1, Census Tract 1605.01, Suffolk County, Massachusetts","517","102","19","28","0","13","5","10","0","13","23","35","0","13","0","13","32","45","48","59","65","65","66","58","63","44","90","72","60","65","36","37","10","15",
"1500000US250251605012","Block Group 2, Census Tract 1605.01, Suffolk County, Massachusetts","328","108","21","23","27","25","0","13","35","56","20","32","25","42","0","13","8","13","42","52","24","38","0","13","41","46","38","48","10","17","37","41","0","13",
"1500000US250251605013","Block Group 3, Census Tract 1605.01, Suffolk County, Massachusetts","320","161","19","30","0","13","10","15","0","13","0","13","0","13","0","13","0","13","0","13","0","13","18","28","92","80","39","47","9","14","90","141","43","44",
"1500000US250251605014","Block Group 4, Census Tract 1605.01, Suffolk County, Massachusetts","464","158","202","144","65","45","48","41","27","25","0","13","0","13","0","13","33","53","40","40","0","13","0","13","34","43","0","13","9","17","0","13","6","10",
"1500000US250251605015","Block Group 5, Census Tract 1605.01, Suffolk County, Massachusetts","277","94","57","46","31","53","0","13","0","13","22","32","0","13","0","13","17","19","13","18","47","51","0","13","58","52","13","17","0","13","8","13","11","17",
"1500000US250251605021","Block Group 1, Census Tract 1605.02, Suffolk County, Massachusetts","472","148","82","72","72","56","9","13","44","52","87","111","36","38","0","13","49","56","7","11","0","13","0","13","8","13","51","52","8","12","7","12","12","19",
"1500000US250251605022","Block Group 2, Census Tract 1605.02, Suffolk County, Massachusetts","0","13","0","13","0","13","0","13","0","13","0","13","0","13","0","13","0","13","0","13","0","13","0","13","0","13","0","13","0","13","0","13","0","13",
"1500000US250251605023","Block Group 3, Census Tract 1605.02, Suffolk County, Massachusetts","504","142","22","39","63","55","56","66","0","13","55","62","0","13","19","34","0","13","0","13","28","32","120","104","24","41","49","69","0","13","22","26","46","59",
"1500000US250251605024","Block Group 4, Census Tract 1605.02, Suffolk County, Massachusetts","488","140","38","39","0","13","0","13","25","40","84","79","27","34","17","27","0","13","7","13","103","91","45","51","82","73","9","14","17","20","16","24","18","36",
"1500000US250251605025","Block Group 5, Census Tract 1605.02, Suffolk County, Massachusetts","363","130","0","13","0","13","36","59","5","14","33","40","0","13","26","40","9","14","0","13","27","43","97","82","41","67","39","35","37","35","4","10","9","14",
"1500000US250251606011","Block Group 1, Census Tract 1606.01, Suffolk County, Massachusetts","0","13","0","13","0","13","0","13","0","13","0","13","0","13","0","13","0","13","0","13","0","13","0","13","0","13","0","13","0","13","0","13","0","13",
"1500000US250251606012","Block Group 2, Census Tract 1606.01, Suffolk County, Massachusetts","631","121","92","52","0","13","49","41","44","55","59","53","0","13","13","22","0","13","40","43","10","16","108","67","67","51","49","35","20","22","80","65","0","13",
"1500000US250251606013","Block Group 3, Census Tract 1606.01, Suffolk County, Massachusetts","593","144","0","13","24","37","25","28","8","13","35","46","31","26","22","32","29","26","0","13","49","47","65","49","66","69","156","130","17","20","37","34","29","28",
"1500000US250251606014","Block Group 4, Census Tract 1606.01, Suffolk County, Massachusetts","292","78","0","13","10","16","29","48","0","13","0","13","6","11","10","17","0","13","8","14","6","11","30","29","30","24","34","35","56","47","60","50","13","20",
"1500000US250251606021","Block Group 1, Census Tract 1606.02, Suffolk County, Massachusetts","489","114","13","24","20","33","0","13","0","13","11","17","21","33","0","13","44","48","7","10","128","84","72","54","52","32","71","56","6","10","44","52","0","13",
"1500000US250251606022","Block Group 2, Census Tract 1606.02, Suffolk County, Massachusetts","252","104","46","51","0","13","0","13","0","13","23","26","0","13","8","13","61","85","0","13","0","13","10","17","29","23","20","21","9","13","16","18","30","26",
"1500000US250251606023","Block Group 3, Census Tract 1606.02, Suffolk County, Massachusetts","318","102","3","7","0","13","8","12","0","13","16","17","0","13","20","22","0","13","29","46","0","13","26","30","67","61","73","63","42","33","9","14","25","45",
"1500000US250251606024","Block Group 4, Census Tract 1606.02, Suffolk County, Massachusetts","201","80","18","22","55","49","0","13","28","30","0","13","29","51","27","42","13","21","0","13","12","18","8","12","0","13","0","13","0","13","0","13","11","17",
"1500000US250251606025","Block Group 5, Census Tract 1606.02, Suffolk County, Massachusetts","344","111","0","13","0","13","0","13","17","20","0","13","50","65","0","13","14","22","7","11","43","51","74","51","57","47","21","34","61","46","0","13","0","13",
"1500000US250251701011","Block Group 1, Census Tract 1701.01, Suffolk County, Massachusetts","477","154","39","44","49","79","17","28","52","74","16","27","0","13","0","13","32","50","24","37","0","13","53","62","83","66","0","13","31","36","56","75","25","38",
"1500000US250251701012","Block Group 2, Census Tract 1701.01, Suffolk County, Massachusetts","287","114","0","13","0","13","0","13","0","13","0","13","0","13","0","13","49","76","40","62","24","26","23","27","0","13","45","49","8","15","90","75","8","15",
"1500000US250251701013","Block Group 3, Census Tract 1701.01, Suffolk County, Massachusetts","257","114","0","13","0","13","13","22","17","27","0","13","15","26","0","13","0","13","0","13","3","10","22","27","47","53","0","13","32","50","108","96","0","13",
"1500000US250251701021","Block Group 1, Census Tract 1701.02, Suffolk County, Massachusetts","340","110","0","13","16","30","0","13","0","13","0","13","0","13","0","13","6","11","0","13","0","13","56","52","63","52","43","70","122","120","8","15","26","31",
"1500000US250251701022","Block Group 2, Census Tract 1701.02, Suffolk County, Massachusetts","319","104","0","13","0","13","13","22","0","13","0","13","17","25","14","22","0","13","0","13","8","12","14","24","140","87","49","63","20","31","44","48","0","13",
"1500000US250251701023","Block Group 3, Census Tract 1701.02, Suffolk County, Massachusetts","281","112","0","13","0","13","15","25","0","13","13","20","0","13","0","13","40","39","17","29","28","35","15","20","113","108","28","35","12","27","0","13","0","13",
"1500000US250251701024","Block Group 4, Census Tract 1701.02, Suffolk County, Massachusetts","402","144","52","53","3","4","82","80","34","53","0","13","0","13","0","13","17","29","0","13","12","21","0","13","131","90","17","31","22","29","15","25","17","31",
"1500000US250251702001","Block Group 1, Census Tract 1702, Suffolk County, Massachusetts","547","183","158","176","64","68","30","29","46","48","0","13","61","57","0","13","22","28","20","31","9","14","7","12","63","50","42","53","0","13","6","9","19","21",
"1500000US250251702002","Block Group 2, Census Tract 1702, Suffolk County, Massachusetts","515","145","47","76","50","53","17","20","43","53","10","15","16","25","37","34","0","13","27","37","15","16","64","54","37","31","42","45","80","106","22","21","8","12",
"1500000US250251702003","Block Group 3, Census Tract 1702, Suffolk County, Massachusetts","261","91","0","13","18","21","0","13","0","13","7","12","0","13","39","58","25","40","57","67","50","56","6","9","16","18","28","43","0","13","0","13","15","25",
"1500000US250251702004","Block Group 4, Census Tract 1702, Suffolk County, Massachusetts","421","122","8","13","37","44","3","5","32","42","9","16","7","12","34","42","80","80","9","14","34","42","9","14","27","25","17","19","31","24","48","46","36","29",
"1500000US250251703011","Block Group 1, Census Tract 1703.01, Suffolk County, Massachusetts","717","196","0","13","13","21","15","24","0","13","13","20","33","52","49","59","12","20","0","13","0","13","44","47","139","128","235","161","24","28","37","29","103","105",
"1500000US250251703012","Block Group 2, Census Tract 1703.01, Suffolk County, Massachusetts","481","116","38","62","13","21","0","13","0","13","7","12","0","13","12","21","12","20","12","19","12","20","125","100","104","98","35","28","44","59","27","30","40","37",
"1500000US250251703013","Block Group 3, Census Tract 1703.01, Suffolk County, Massachusetts","597","239","24","40","0","13","13","20","73","93","0","13","0","13","61","66","51","62","47","59","12","20","36","51","51","66","197","222","0","13","32","46","0","13",
"1500000US250251703014","Block Group 4, Census Tract 1703.01, Suffolk County, Massachusetts","155","75","12","20","0","13","0","13","0","13","26","29","0","13","0","13","0","13","0","13","0","13","0","13","24","28","13","21","13","21","0","13","67","66",
"1500000US250251703021","Block Group 1, Census Tract 1703.02, Suffolk County, Massachusetts","300","142","0","13","0","13","11","17","14","23","0","13","9","16","15","25","0","13","0","13","0","13","30","36","24","36","89","71","9","18","71","106","28","41",
"1500000US250251703022","Block Group 2, Census Tract 1703.02, Suffolk County, Massachusetts","512","151","221","132","0","13","0","13","0","13","3","6","0","13","0","13","0","13","15","24","16","22","0","13","65","36","53","63","40","52","35","36","64","82",
"1500000US250251703023","Block Group 3, Census Tract 1703.02, Suffolk County, Massachusetts","535","195","26","29","0","13","0","13","0","13","60","61","15","24","64","72","14","28","0","13","26","31","45","39","193","179","50","46","0","13","14","24","28","36",
"1500000US250251704001","Block Group 1, Census Tract 1704, Suffolk County, Massachusetts","290","113","0","13","30","46","0","13","44","45","10","17","0","13","11","20","0","13","20","27","21","32","42","53","36","35","47","63","16","23","13","21","0","13",
"1500000US250251704002","Block Group 2, Census Tract 1704, Suffolk County, Massachusetts","384","127","30","48","59","51","56","64","10","16","28","46","16","37","16","23","0","13","0","13","15","24","0","13","80","60","52","64","16","28","6","9","0","13",
"1500000US250251704003","Block Group 3, Census Tract 1704, Suffolk County, Massachusetts","395","114","37","60","100","97","0","13","0","13","0","13","15","24","0","13","0","13","32","36","35","38","0","13","17","31","70","53","19","36","49","70","21","33",
"1500000US250251704004","Block Group 4, Census Tract 1704, Suffolk County, Massachusetts","144","93","34","52","0","13","0","13","43","65","18","22","0","13","0","13","0","13","0","13","0","13","35","42","0","13","14","23","0","13","0","13","0","13",
"1500000US250251704005","Block Group 5, Census Tract 1704, Suffolk County, Massachusetts","464","146","19","31","16","25","15","25","0","13","0","13","0","13","15","24","0","13","0","13","14","22","94","94","27","33","140","69","71","62","0","13","53","63",
"1500000US250251705021","Block Group 1, Census Tract 1705.02, Suffolk County, Massachusetts","443","109","0","13","0","13","51","58","7","10","8","13","4","9","0","13","0","13","0","13","18","21","20","22","92","68","23","23","92","57","38","28","90","76",
"1500000US250251705022","Block Group 2, Census Tract 1705.02, Suffolk County, Massachusetts","613","131","52","32","39","28","99","57","53","59","96","57","24","34","0","13","18","26","26","29","32","37","42","26","70","67","37","32","11","12","9","16","5","9",
"1500000US250251705023","Block Group 3, Census Tract 1705.02, Suffolk County, Massachusetts","267","68","40","38","41","54","21","34","34","38","4","7","0","13","0","13","6","12","0","13","0","13","30","29","22","19","34","30","0","13","4","8","31","25",
"1500000US250251705031","Block Group 1, Census Tract 1705.03, Suffolk County, Massachusetts","621","40","44","47","58","48","92","68","0","13","0","13","18","21","27","27","29","26","10","15","20","22","58","54","77","49","83","48","53","33","30","46","22","25",
"1500000US250251705041","Block Group 1, Census Tract 1705.04, Suffolk County, Massachusetts","641","134","110","76","15","15","0","13","7","12","9","15","76","57","0","13","35","38","7","11","0","13","17","19","97","54","114","81","80","62","27","22","47","36",
"1500000US250251705042","Block Group 2, Census Tract 1705.04, Suffolk County, Massachusetts","304","78","21","33","8","11","0","13","0","13","0","13","0","13","6","10","9","15","54","52","17","20","20","23","56","51","44","46","35","29","15","23","19","29",
"1500000US250251706011","Block Group 1, Census Tract 1706.01, Suffolk County, Massachusetts","442","124","37","37","7","11","24","39","49","45","10","16","33","32","0","13","2","7","13","22","47","43","63","60","49","41","33","52","32","29","29","34","14","24",
"1500000US250251706012","Block Group 2, Census Tract 1706.01, Suffolk County, Massachusetts","426","125","11","17","29","34","0","13","0","13","0","13","15","22","27","23","15","17","0","13","16","19","31","28","26","24","70","68","56","51","40","46","90","69",
"1500000US250251706013","Block Group 3, Census Tract 1706.01, Suffolk County, Massachusetts","366","82","0","13","0","13","0","13","6","11","5","8","9","15","21","35","31","38","0","13","39","45","52","39","54","43","39","24","21","24","38","39","51","39",
"1500000US250251706014","Block Group 4, Census Tract 1706.01, Suffolk County, Massachusetts","365","92","14","16","0","13","0","13","40","43","25","29","0","13","0","13","7","11","91","47","40","37","20","30","9","15","20","21","40","37","36","42","23","35",
"1500000US250251707011","Block Group 1, Census Tract 1707.01, Suffolk County, Massachusetts","299","57","5","9","76","53","6","9","28","29","0","13","41","33","23","27","16","18","8","13","16","17","3","5","33","21","14","17","20","23","10","15","0","13",
"1500000US250251707012","Block Group 2, Census Tract 1707.01, Suffolk County, Massachusetts","497","78","30","34","20","17","41","37","2","8","16","19","28","30","7","10","5","7","25","26","56","38","47","43","110","50","24","21","13","13","57","40","16","15",
"1500000US250251707021","Block Group 1, Census Tract 1707.02, Suffolk County, Massachusetts","233","112","80","99","0","13","29","46","0","13","9","17","88","62","0","13","0","13","0","13","0","13","0","13","16","27","0","13","0","13","11","19","0","13",
"1500000US250251707022","Block Group 2, Census Tract 1707.02, Suffolk County, Massachusetts","419","128","29","46","71","81","0","13","0","13","0","13","44","51","0","13","0","13","29","40","56","52","42","49","35","48","14","23","0","13","47","53","52","81",
"1500000US250251707023","Block Group 3, Census Tract 1707.02, Suffolk County, Massachusetts","351","121","20","31","0","13","10","18","0","13","0","13","0","13","30","40","33","51","105","79","0","13","44","69","18","29","3","25","55","76","33","47","0","13",
"1500000US250251707024","Block Group 4, Census Tract 1707.02, Suffolk County, Massachusetts","480","160","0","13","58","52","0","13","0","13","0","13","0","13","0","13","132","119","0","13","33","40","144","122","0","13","67","83","0","13","46","75","0","13",
"1500000US250251707025","Block Group 5, Census Tract 1707.02, Suffolk County, Massachusetts","555","188","33","26","27","31","37","61","26","41","0","13","146","149","27","27","0","13","0","13","0","13","98","83","99","77","47","57","0","13","15","23","0","13",
"1500000US250251708001","Block Group 1, Census Tract 1708, Suffolk County, Massachusetts","782","229","0","13","142","170","39","48","17","27","15","24","23","38","61","70","90","114","0","13","0","13","62","46","39","61","51","50","134","114","88","70","21","33",
"1500000US250251708002","Block Group 2, Census Tract 1708, Suffolk County, Massachusetts","741","231","32","55","108","147","55","67","0","13","0","13","44","49","22","35","0","13","31","44","171","140","30","46","31","33","0","13","50","60","156","114","11","16",
"1500000US250251708003","Block Group 3, Census Tract 1708, Suffolk County, Massachusetts","335","164","94","92","0","13","13","19","12","20","60","87","0","13","11","20","0","13","0","13","10","15","20","33","0","13","44","71","26","31","23","38","22","35",
"1500000US250251708004","Block Group 4, Census Tract 1708, Suffolk County, Massachusetts","294","83","17","30","31","26","12","19","17","30","0","13","0","13","0","13","19","31","0","13","0","13","36","44","36","47","40","42","35","53","21","34","30","43",
"1500000US250251801011","Block Group 1, Census Tract 1801.01, Suffolk County, Massachusetts","455","125","0","13","85","74","36","41","10","17","19","31","18","27","0","13","0","13","5","23","69","69","43","49","16","28","37","46","28","32","14","24","75","64",
"1500000US250251801012","Block Group 2, Census Tract 1801.01, Suffolk County, Massachusetts","961","197","41","44","35","29","41","49","16","26","17","28","86","74","17","27","63","71","48","75","0","13","137","106","98","88","77","97","0","13","77","63","208","127",
"1500000US250251801013","Block Group 3, Census Tract 1801.01, Suffolk County, Massachusetts","371","136","17","29","96","77","49","76","36","40","0","13","0","13","16","26","0","13","0","13","0","13","66","62","66","94","0","13","0","13","25","31","0","13",
"1500000US250251801014","Block Group 4, Census Tract 1801.01, Suffolk County, Massachusetts","634","182","0","13","22","40","77","99","1","23","0","13","0","13","0","13","74","101","35","39","20","33","27","42","262","183","29","34","58","62","10","18","19","31",
"1500000US250251802001","Block Group 1, Census Tract 1802, Suffolk County, Massachusetts","499","113","0","13","0","13","11","18","14","26","31","23","0","13","0","13","0","13","0","13","48","33","87","71","76","81","14","22","6","12","134","61","78","48",
"1500000US250251802002","Block Group 2, Census Tract 1802, Suffolk County, Massachusetts","252","81","32","43","0","13","0","13","10","16","36","42","0","13","20","30","18","22","0","13","33","31","35","31","9","16","12","19","0","13","13","17","34","38",
"1500000US250251802003","Block Group 3, Census Tract 1802, Suffolk County, Massachusetts","337","105","16","19","8","12","40","60","0","13","54","47","4","10","0","13","6","11","10","16","43","44","27","43","31","30","10","17","10","16","64","68","14","22",
"1500000US250251802004","Block Group 4, Census Tract 1802, Suffolk County, Massachusetts","618","154","23","29","37","47","91","124","9","16","10","16","16","17","0","13","9","16","10","16","0","13","112","83","69","52","47","39","34","25","50","33","101","65",
"1500000US250251803011","Block Group 1, Census Tract 1803.01, Suffolk County, Massachusetts","244","74","0","13","0","13","51","51","10","15","10","16","0","13","0","13","0","13","0","13","0","13","16","17","9","13","32","38","36","23","14","23","66","46",
"1500000US250251803012","Block Group 2, Census Tract 1803.01, Suffolk County, Massachusetts","310","97","25","40","0","13","0","13","0","13","9","16","38","43","0","13","39","62","19","22","0","13","28","25","57","34","33","41","27","25","26","20","9","15",
"1500000US250251803013","Block Group 3, Census Tract 1803.01, Suffolk County, Massachusetts","296","71","0","13","30","46","8","14","0","13","9","14","0","13","0","13","0","13","10","15","0","13","18","19","36","28","101","69","20","23","25","29","39","32",
"1500000US250251803014","Block Group 4, Census Tract 1803.01, Suffolk County, Massachusetts","310","89","0","13","0","13","0","13","8","14","0","13","0","13","34","55","0","13","21","33","24","38","31","29","28","31","26","29","15","17","29","27","94","70",
"1500000US250251804001","Block Group 1, Census Tract 1804, Suffolk County, Massachusetts","509","77","5","8","34","35","34","34","15","22","11","12","22","37","20","23","10","10","6","9","64","49","36","33","57","28","45","29","19","16","61","38","70","52",
"1500000US250251804002","Block Group 2, Census Tract 1804, Suffolk County, Massachusetts","306","59","0","13","5","9","5","9","5","8","6","8","0","13","0","13","2","4","0","13","30","34","39","26","30","27","24","27","52","29","46","23","62","47",
"1500000US250251805001","Block Group 1, Census Tract 1805, Suffolk County, Massachusetts","679","159","43","49","12","20","39","32","12","18","9","15","15","25","78","110","53","56","0","13","46","34","67","55","109","68","51","37","53","52","21","23","71","59",
"1500000US250251805002","Block Group 2, Census Tract 1805, Suffolk County, Massachusetts","293","151","6","11","32","44","0","13","0","13","0","13","10","16","12","19","0","13","0","13","0","13","0","13","32","35","0","13","122","142","34","38","45","37",
"1500000US250251805003","Block Group 3, Census Tract 1805, Suffolk County, Massachusetts","469","102","10","16","27","44","0","13","29","26","22","25","0","13","32","42","26","43","0","13","35","44","74","56","42","29","49","44","86","54","6","10","31","28",
"1500000US250251805004","Block Group 4, Census Tract 1805, Suffolk County, Massachusetts","518","121","43","56","10","16","0","13","0","13","10","17","19","21","0","13","0","13","0","13","30","22","52","32","53","43","89","57","52","41","70","39","90","92",
"1500000US250259801011","Block Group 1, Census Tract 9801.01, Suffolk County, Massachusetts","0","13","0","13","0","13","0","13","0","13","0","13","0","13","0","13","0","13","0","13","0","13","0","13","0","13","0","13","0","13","0","13","0","13",
"1500000US250259803001","Block Group 1, Census Tract 9803, Suffolk County, Massachusetts","0","13","0","13","0","13","0","13","0","13","0","13","0","13","0","13","0","13","0","13","0","13","0","13","0","13","0","13","0","13","0","13","0","13",
"1500000US250259807001","Block Group 1, Census Tract 9807, Suffolk County, Massachusetts","0","13","0","13","0","13","0","13","0","13","0","13","0","13","0","13","0","13","0","13","0","13","0","13","0","13","0","13","0","13","0","13","0","13",
"1500000US250259809001","Block Group 1, Census Tract 9809, Suffolk County, Massachusetts","0","13","0","13","0","13","0","13","0","13","0","13","0","13","0","13","0","13","0","13","0","13","0","13","0","13","0","13","0","13","0","13","0","13",
"1500000US250259810001","Block Group 1, Census Tract 9810, Suffolk County, Massachusetts","0","13","0","13","0","13","0","13","0","13","0","13","0","13","0","13","0","13","0","13","0","13","0","13","0","13","0","13","0","13","0","13","0","13",
"1500000US250259811001","Block Group 1, Census Tract 9811, Suffolk County, Massachusetts","0","13","0","13","0","13","0","13","0","13","0","13","0","13","0","13","0","13","0","13","0","13","0","13","0","13","0","13","0","13","0","13","0","13",
"1500000US250259811002","Block Group 2, Census Tract 9811, Suffolk County, Massachusetts","5","7","0","13","0","13","0","13","0","13","0","13","0","13","0","13","0","13","0","13","0","13","5","7","0","13","0","13","0","13","0","13","0","13",
"1500000US250259811003","Block Group 3, Census Tract 9811, Suffolk County, Massachusetts","0","13","0","13","0","13","0","13","0","13","0","13","0","13","0","13","0","13","0","13","0","13","0","13","0","13","0","13","0","13","0","13","0","13",
"1500000US250259811004","Block Group 4, Census Tract 9811, Suffolk County, Massachusetts","0","13","0","13","0","13","0","13","0","13","0","13","0","13","0","13","0","13","0","13","0","13","0","13","0","13","0","13","0","13","0","13","0","13",
"1500000US250259812011","Block Group 1, Census Tract 9812.01, Suffolk County, Massachusetts","0","13","0","13","0","13","0","13","0","13","0","13","0","13","0","13","0","13","0","13","0","13","0","13","0","13","0","13","0","13","0","13","0","13",
"1500000US250259812021","Block Group 1, Census Tract 9812.02, Suffolk County, Massachusetts","0","13","0","13","0","13","0","13","0","13","0","13","0","13","0","13","0","13","0","13","0","13","0","13","0","13","0","13","0","13","0","13","0","13",
"1500000US250259812022","Block Group 2, Census Tract 9812.02, Suffolk County, Massachusetts","0","13","0","13","0","13","0","13","0","13","0","13","0","13","0","13","0","13","0","13","0","13","0","13","0","13","0","13","0","13","0","13","0","13",
"1500000US250259813001","Block Group 1, Census Tract 9813, Suffolk County, Massachusetts","5","7","0","13","0","13","0","13","0","13","0","13","0","13","0","13","0","13","0","13","0","13","0","13","0","13","0","13","0","13","5","7","0","13",
"1500000US250259815011","Block Group 1, Census Tract 9815.01, Suffolk County, Massachusetts","0","13","0","13","0","13","0","13","0","13","0","13","0","13","0","13","0","13","0","13","0","13","0","13","0","13","0","13","0","13","0","13","0","13",
"1500000US250259815021","Block Group 1, Census Tract 9815.02, Suffolk County, Massachusetts","0","13","0","13","0","13","0","13","0","13","0","13","0","13","0","13","0","13","0","13","0","13","0","13","0","13","0","13","0","13","0","13","0","13",
"1500000US250259816001","Block Group 1, Census Tract 9816, Suffolk County, Massachusetts","0","13","0","13","0","13","0","13","0","13","0","13","0","13","0","13","0","13","0","13","0","13","0","13","0","13","0","13","0","13","0","13","0","13",
"1500000US250259817001","Block Group 1, Census Tract 9817, Suffolk County, Massachusetts","0","13","0","13","0","13","0","13","0","13","0","13","0","13","0","13","0","13","0","13","0","13","0","13","0","13","0","13","0","13","0","13","0","13",
"1500000US250259818001","Block Group 1, Census Tract 9818, Suffolk County, Massachusetts","15","16","0","13","0","13","0","13","0","13","0","13","0","13","0","13","0","13","0","13","11","16","4","5","0","13","0","13","0","13","0","13","0","13",
"1500000US250259819001","Block Group 1, Census Tract 9819, Suffolk County, Massachusetts","0","13","0","13","0","13","0","13","0","13","0","13","0","13","0","13","0","13","0","13","0","13","0","13","0","13","0","13","0","13","0","13","0","13",
"1500000US250259901010","Block Group 0, Census Tract 9901.01, Suffolk County, Massachusetts","0","13","0","13","0","13","0","13","0","13","0","13","0","13","0","13","0","13","0","13","0","13","0","13","0","13","0","13","0","13","0","13","0","13",
"1500000US330150033011","Block Group 1, Census Tract 33.01, Rockingham County, New Hampshire","856","112","63","67","0","12","8","14","9","14","0","12","10","16","0","12","8","12","10","16","9","14","125","81","75","48","153","68","69","42","128","65","189","69",
"1500000US330150033012","Block Group 2, Census Tract 33.01, Rockingham County, New Hampshire","523","93","0","12","0","12","0","12","0","12","23","37","10","15","37","44","20","22","18","22","16","18","47","44","44","29","109","64","84","46","58","44","57","41",
"1500000US330150033021","Block Group 1, Census Tract 33.02, Rockingham County, New Hampshire","1308","256","65","53","75","83","9","15","0","12","9","14","81","52","37","34","109","120","19","21","165","169","184","67","152","70","98","58","189","129","51","37","65","54",
"1500000US330150033022","Block Group 2, Census Tract 33.02, Rockingham County, New Hampshire","225","85","0","12","0","12","0","12","0","12","0","12","0","12","0","12","8","14","29","28","0","12","19","31","45","47","21","23","35","57","23","22","45","36",
"1500000US330150033023","Block Group 3, Census Tract 33.02, Rockingham County, New Hampshire","445","91","0","12","0","12","11","17","0","12","12","19","16","26","0","12","13","20","0","12","19","20","99","57","72","64","53","37","56","40","62","49","32","30",
"1500000US330150034001","Block Group 1, Census Tract 34, Rockingham County, New Hampshire","888","190","92","83","28","32","24","29","24","34","52","54","81","95","83","77","53","63","0","12","12","19","96","82","0","12","221","151","14","23","108","80","0","12",
"1500000US330150034002","Block Group 2, Census Tract 34, Rockingham County, New Hampshire","336","111","0","12","0","12","0","12","0","12","7","17","21","32","0","12","0","12","0","12","31","33","12","20","71","73","105","85","11","18","31","37","47","74",
"1500000US330150034003","Block Group 3, Census Tract 34, Rockingham County, New Hampshire","724","202","10","17","197","151","0","12","66","87","0","12","16","30","17","21","20","31","119","99","0","12","88","85","128","90","47","49","16","28","0","12","0","12",
"1500000US330150034004","Block Group 4, Census Tract 34, Rockingham County, New Hampshire","445","262","86","90","0","12","12","23","8","19","0","12","0","12","0","12","160","226","42","45","0","12","19","31","28","30","64","98","0","12","26","43","0","12",
"1500000US330150035001","Block Group 1, Census Tract 35, Rockingham County, New Hampshire","136","85","0","12","0","12","0","12","0","12","0","12","15","24","0","12","0","12","10","16","0","12","13","21","57","74","15","24","0","12","5","8","21","33",
"1500000US330150035002","Block Group 2, Census Tract 35, Rockingham County, New Hampshire","825","246","99","78","0","12","15","20","44","53","47","73","0","12","51","43","10","18","12","20","13","21","254","227","128","84","61","49","91","94","0","12","0","12",
"1500000US330150035003","Block Group 3, Census Tract 35, Rockingham County, New Hampshire","1121","218","43","40","26","31","13","21","99","114","16","26","0","12","43","42","72","50","16","25","79","90","208","109","209","113","198","157","62","46","14","23","23","35",
"1500000US330150035004","Block Group 4, Census Tract 35, Rockingham County, New Hampshire","453","131","0","12","20","34","41","38","21","27","52","62","0","12","39","46","57","71","23","20","21","28","71","68","56","69","36","51","16","27","0","12","0","12",
"1500000US330150036011","Block Group 1, Census Tract 36.01, Rockingham County, New Hampshire","253","91","0","12","7","12","0","12","0","12","24","39","0","12","0","12","16","26","25","40","17","26","0","12","51","50","21","33","64","54","12","19","16","27",
"1500000US330150036012","Block Group 2, Census Tract 36.01, Rockingham County, New Hampshire","1064","230","47","76","26","30","19","32","67","62","29","35","0","12","39","44","24","36","0","12","128","125","189","112","63","51","168","97","105","63","160","192","0","12",
"1500000US330150036013","Block Group 3, Census Tract 36.01, Rockingham County, New Hampshire","231","74","0","12","0","12","0","12","16","27","0","12","17","28","5","9","7","13","0","12","42","46","0","12","35","33","26","31","0","12","83","55","0","12",
"1500000US330150036014","Block Group 4, Census Tract 36.01, Rockingham County, New Hampshire","700","135","13","34","0","12","0","12","0","12","19","33","0","12","0","12","16","27","7","11","84","84","85","80","133","121","108","90","65","66","75","56","95","67",
"1500000US330150036021","Block Group 1, Census Tract 36.02, Rockingham County, New Hampshire","546","116","0","12","0","12","0","12","0","12","0","12","0","12","0","12","14","23","0","12","70","51","21","24","76","56","31","26","45","57","170","83","119","71",
"1500000US330150036022","Block Group 2, Census Tract 36.02, Rockingham County, New Hampshire","857","280","21","22","0","12","0","12","0","12","10","16","0","12","0","12","0","12","222","272","68","53","70","35","61","52","127","79","27","26","92","58","159","120",
"1500000US330150036023","Block Group 3, Census Tract 36.02, Rockingham County, New Hampshire","772","135","9","14","0","12","11","18","8","14","0","12","0","12","0","12","9","14","36","37","9","14","49","44","28","26","149","84","158","71","87","46","219","112",
"1500000US330150037011","Block Group 1, Census Tract 37.01, Rockingham County, New Hampshire","709","96","29","30","25","28","14","21","23","27","25","29","24","27","13","20","15","18","55","52","118","62","45","40","103","62","86","50","16","20","65","41","53","48",
"1500000US330150037012","Block Group 2, Census Tract 37.01, Rockingham County, New Hampshire","885","147","0","12","0","12","9","16","0","12","0","12","11","14","0","12","34","50","62","62","44","41","108","82","94","51","137","98","92","68","137","87","157","82",
"1500000US330150037031","Block Group 1, Census Tract 37.03, Rockingham County, New Hampshire","1097","264","7","10","0","12","0","12","0","12","115","102","0","12","18","27","171","252","0","12","34","47","112","83","110","60","71","55","74","56","204","88","181","94",
"1500000US330150037032","Block Group 2, Census Tract 37.03, Rockingham County, New Hampshire","481","123","0","12","0","12","19","30","0","12","0","12","0","12","14","23","0","12","0","12","46","43","35","39","53","53","146","82","13","22","13","22","142","103",
"1500000US330150037033","Block Group 3, Census Tract 37.03, Rockingham County, New Hampshire","566","102","24","28","0","12","9","14","18","28","0","12","27","44","31","35","16","23","0","12","40","38","52","55","115","68","86","70","14","23","52","41","82","49",
"1500000US330150038011","Block Group 1, Census Tract 38.01, Rockingham County, New Hampshire","622","136","0","12","0","12","0","12","0","12","0","12","9","15","8","12","0","12","0","12","34","29","76","71","73","52","80","53","164","121","87","53","91","49",
"1500000US330150038012","Block Group 2, Census Tract 38.01, Rockingham County, New Hampshire","395","79","0","12","0","12","0","12","0","12","10","18","9","15","0","12","7","13","0","12","0","12","0","12","31","23","9","14","121","53","68","48","140","66",
"1500000US330150038013","Block Group 3, Census Tract 38.01, Rockingham County, New Hampshire","226","51","9","14","0","12","0","12","0","12","26","37","0","12","0","12","10","15","0","12","0","12","10","16","9","16","43","25","22","23","26","25","71","38",
"1500000US330150038021","Block Group 1, Census Tract 38.02, Rockingham County, New Hampshire","831","173","9","13","0","12","0","12","14","16","14","17","13","15","10","16","0","12","30","30","28","25","104","137","48","47","101","55","131","57","171","77","158","70",
"1500000US330150038022","Block Group 2, Census Tract 38.02, Rockingham County, New Hampshire","888","308","13","21","6","10","226","303","3","5","0","12","0","12","43","40","0","12","0","12","34","33","31","26","146","62","64","34","35","28","78","35","209","131",
"1500000US330150039011","Block Group 1, Census Tract 39.01, Rockingham County, New Hampshire","1211","144","19","22","7","11","51","43","25","40","55","43","88","53","49","39","19","21","28","25","96","60","99","60","125","70","164","79","105","55","191","94","90","78",
"1500000US330150039012","Block Group 2, Census Tract 39.01, Rockingham County, New Hampshire","447","99","0","12","30","46","11","17","0","12","6","10","6","11","0","12","0","12","0","12","11","16","56","38","60","38","60","38","69","64","47","37","91","68",
"1500000US330150039021","Block Group 1, Census Tract 39.02, Rockingham County, New Hampshire","854","125","0","12","7","13","19","29","0","12","7","11","28","25","26","34","0","12","22","21","23","20","83","78","112","61","125","69","79","70","129","55","194","76",
"1500000US330150039022","Block Group 2, Census Tract 39.02, Rockingham County, New Hampshire","357","79","6","11","0","12","0","12","0","12","43","39","0","12","0","12","0","12","0","12","31","29","23","24","34","34","69","51","70","43","32","30","49","32",
"1500000US330150040001","Block Group 1, Census Tract 40, Rockingham County, New Hampshire","605","95","11","17","0","12","0","12","0","12","0","12","13","21","0","12","20","24","0","12","78","60","20","16","96","64","132","82","87","53","104","48","44","34",
"1500000US330150040002","Block Group 2, Census Tract 40, Rockingham County, New Hampshire","806","160","0","12","0","12","0","12","20","23","0","12","0","12","28","30","12","18","21","23","80","93","27","24","75","55","167","118","99","90","202","84","75","56",
"1500000US330150040003","Block Group 3, Census Tract 40, Rockingham County, New Hampshire","512","104","0","12","0","12","0","12","13","20","0","12","7","11","10","16","0","12","16","18","13","20","20","23","140","82","114","66","10","17","39","32","130","57",
"1500000US330150500001","Block Group 1, Census Tract 500, Rockingham County, New Hampshire","424","98","0","12","0","12","0","12","28","42","0","12","11","17","32","35","0","12","12","18","32","25","42","50","40","32","67","58","19","22","106","46","35","29",
"1500000US330150500002","Block Group 2, Census Tract 500, Rockingham County, New Hampshire","1054","100","53","61","21","24","55","41","9","15","0","12","27","43","27","28","95","66","10","16","54","41","61","39","133","50","144","68","68","39","136","56","161","64",
"1500000US330150510001","Block Group 1, Census Tract 510, Rockingham County, New Hampshire","997","123","9","15","0","12","10","17","0","12","0","12","79","74","22","24","30","29","0","12","5","9","116","57","62","39","123","64","76","49","236","82","229","91",
"1500000US330150510002","Block Group 2, Census Tract 510, Rockingham County, New Hampshire","747","148","0","12","0","12","0","12","14","20","12","19","0","12","8","13","13","19","5","8","0","12","37","33","142","77","156","116","55","39","208","113","97","60",
"1500000US330150520001","Block Group 1, Census Tract 520, Rockingham County, New Hampshire","922","230","0","12","184","258","0","12","0","12","18","29","0","12","47","70","14","23","9","19","88","80","7","18","117","99","27","33","102","77","201","123","108","72",
"1500000US330150520002","Block Group 2, Census Tract 520, Rockingham County, New Hampshire","688","147","0","12","0","12","0","12","0","12","0","12","58","55","28","32","10","16","11","17","42","44","70","68","52","43","94","81","100","69","175","95","48","43",
"1500000US330150520003","Block Group 3, Census Tract 520, Rockingham County, New Hampshire","651","151","0","12","18","29","0","12","15","25","9","16","12","19","40","44","16","27","0","12","45","45","46","67","56","46","138","87","64","49","111","99","81","97",
"1500000US330150530001","Block Group 1, Census Tract 530, Rockingham County, New Hampshire","874","180","44","66","0","12","134","161","52","56","38","48","59","55","0","12","30","34","0","12","50","48","44","41","83","64","98","37","52","35","81","58","109","57",
"1500000US330150530002","Block Group 2, Census Tract 530, Rockingham County, New Hampshire","843","184","9","15","0","12","11","17","0","12","37","37","21","25","18","22","42","48","0","12","44","41","86","59","121","62","82","47","58","44","233","163","81","44",
"1500000US330150540001","Block Group 1, Census Tract 540, Rockingham County, New Hampshire","901","145","0","12","7","12","18","30","0","12","16","18","18","15","0","12","16","18","38","32","30","26","96","49","112","56","209","73","153","93","129","61","59","52",
"1500000US330150540002","Block Group 2, Census Tract 540, Rockingham County, New Hampshire","785","131","0","12","16","19","7","11","32","42","0","12","0","12","9","14","38","47","14","17","22","22","93","58","108","54","229","180","114","66","60","49","43","30",
"1500000US330150550011","Block Group 1, Census Tract 550.01, Rockingham County, New Hampshire","716","164","0","12","29","47","19","30","13","22","9","16","0","12","66","73","38","44","88","94","94","72","48","60","36","40","116","95","58","56","70","67","32","36",
"1500000US330150550012","Block Group 2, Census Tract 550.01, Rockingham County, New Hampshire","485","121","0","12","44","54","0","12","0","12","0","12","0","12","0","12","0","12","22","34","0","12","9","16","79","71","111","74","158","95","62","66","0","12",
"1500000US330150550013","Block Group 3, Census Tract 550.01, Rockingham County, New Hampshire","568","156","0","12","0","12","0","12","17","30","0","12","18","28","0","12","17","27","0","12","19","32","93","55","114","111","96","73","91","63","13","22","90","82",
"1500000US330150550014","Block Group 4, Census Tract 550.01, Rockingham County, New Hampshire","635","195","0","12","74","62","0","12","44","46","0","12","153","171","12","21","20","25","11","19","101","75","17","21","78","70","51","36","54","51","20","28","0","12",
"1500000US330150550021","Block Group 1, Census Tract 550.02, Rockingham County, New Hampshire","684","138","28","44","116","83","0","12","36","27","10","17","48","40","65","67","0","12","11","18","71","104","41","41","75","53","90","71","40","31","43","36","10","16",
"1500000US330150550022","Block Group 2, Census Tract 550.02, Rockingham County, New Hampshire","433","77","0","12","13","17","28","28","29","24","0","12","0","12","0","12","66","47","12","15","21","23","109","66","53","37","53","36","43","28","5","9","1","9",
"1500000US330150550023","Block Group 3, Census Tract 550.02, Rockingham County, New Hampshire","594","124","0","12","0","12","20","24","0","12","20","19","34","36","12","19","13","19","20","22","16","19","59","51","119","73","139","92","69","66","57","39","16","20",
"1500000US330150560001","Block Group 1, Census Tract 560, Rockingham County, New Hampshire","592","113","43","44","22","25","5","8","0","12","64","73","22","29","5","8","0","12","24","26","32","31","70","58","53","50","119","65","30","25","41","34","62","46",
"1500000US330150560002","Block Group 2, Census Tract 560, Rockingham County, New Hampshire","596","100","0","12","22","25","7","10","0","12","30","25","20","30","6","10","34","36","5","8","18","22","11","17","94","46","52","38","131","68","81","57","85","49",
"1500000US330150560003","Block Group 3, Census Tract 560, Rockingham County, New Hampshire","465","101","6","9","0","12","0","12","0","12","0","12","9","13","6","11","32","44","8","12","13","14","8","14","42","27","97","82","29","28","130","77","85","49",
"1500000US330150570001","Block Group 1, Census Tract 570, Rockingham County, New Hampshire","769","189","41","44","0","12","43","43","19","21","0","12","10","15","26","25","46","48","9","15","139","85","77","52","98","51","159","190","27","26","23","29","52","45",
"1500000US330150570002","Block Group 2, Census Tract 570, Rockingham County, New Hampshire","583","119","0","12","0","12","29","42","0","12","21","23","9","13","0","12","14","22","9","13","20","22","26","24","72","44","104","64","159","124","56","39","64","38",
"1500000US330150570003","Block Group 3, Census Tract 570, Rockingham County, New Hampshire","339","97","9","14","0","12","0","12","11","18","0","12","10","16","33","41","10","15","10","16","8","12","44","37","55","41","57","49","44","33","24","23","24","27",
"1500000US330150580001","Block Group 1, Census Tract 580, Rockingham County, New Hampshire","292","80","0","12","0","12","9","14","38","45","16","27","8","12","0","12","9","14","0","12","30","46","78","56","55","49","30","28","0","12","8","13","11","19",
"1500000US330150580002","Block Group 2, Census Tract 580, Rockingham County, New Hampshire","614","112","0","12","0","12","0","12","44","47","33","43","28","40","6","10","7","11","0","12","79","61","52","39","63","53","116","59","74","56","85","52","27","24",
"1500000US330150580003","Block Group 3, Census Tract 580, Rockingham County, New Hampshire","1061","139","24","27","0","12","9","14","9","15","20","23","0","12","32","52","6","11","34","34","17","18","211","93","314","176","55","36","124","59","92","43","114","59",
"1500000US330150590001","Block Group 1, Census Tract 590, Rockingham County, New Hampshire","558","158","13","21","0","12","11","19","0","12","15","24","17","27","0","12","63","74","11","18","82","58","22","35","79","53","39","38","19","31","147","96","40","47",
"1500000US330150590002","Block Group 2, Census Tract 590, Rockingham County, New Hampshire","1047","209","0","12","0","12","59","67","58","60","11","19","26","38","27","32","0","12","11","18","42","39","223","123","89","61","134","135","117","78","218","189","32","37",
"1500000US330150590003","Block Group 3, Census Tract 590, Rockingham County, New Hampshire","1125","209","17","29","42","42","0","12","65","71","62","67","0","12","0","12","60","78","10","17","68","66","126","91","303","206","162","93","105","62","65","51","40","40",
"1500000US330150600001","Block Group 1, Census Tract 600, Rockingham County, New Hampshire","741","172","0","12","0","12","24","37","8","13","19","21","16","20","8","12","8","13","0","12","36","42","86","48","39","32","98","64","149","180","99","62","151","56",
"1500000US330150600002","Block Group 2, Census Tract 600, Rockingham County, New Hampshire","800","123","10","19","21","21","11","17","13","21","0","12","0","12","10","15","7","12","0","12","35","30","80","61","17","17","122","61","32","28","166","76","276","94",
"1500000US330150610011","Block Group 1, Census Tract 610.01, Rockingham County, New Hampshire","962","168","45","42","85","106","51","48","10","15","60","65","0","12","19","30","38","31","96","98","53","40","74","57","46","44","52","47","56","50","92","56","185","81",
"1500000US330150610012","Block Group 2, Census Tract 610.01, Rockingham County, New Hampshire","887","181","15","24","34","40","18","28","17","27","17","28","0","12","39","62","39","44","30","35","34","38","170","137","120","91","101","62","37","42","111","87","105","80",
"1500000US330150610013","Block Group 3, Census Tract 610.01, Rockingham County, New Hampshire","793","178","0","12","0","12","0","12","18","29","0","12","86","79","0","12","0","12","35","55","55","43","93","73","55","67","85","74","88","64","44","37","234","144",
"1500000US330150620001","Block Group 1, Census Tract 620, Rockingham County, New Hampshire","812","103","18","15","29","24","70","89","8","12","23","15","28","24","10","11","50","30","13","21","35","19","71","31","65","34","73","27","48","26","137","46","134","72",
"1500000US330150625001","Block Group 1, Census Tract 625, Rockingham County, New Hampshire","332","64","14","11","2","3","4","4","0","12","2","3","3","3","11","13","17","13","6","5","21","13","11","12","21","12","45","33","32","17","98","44","45","18",
"1500000US330150625002","Block Group 2, Census Tract 625, Rockingham County, New Hampshire","723","68","21","15","7","7","14","16","7","6","11","11","30","28","23","21","4","6","14","9","59","37","78","30","89","28","79","26","68","25","71","21","148","30",
"1500000US330150630011","Block Group 1, Census Tract 630.01, Rockingham County, New Hampshire","874","145","40","30","9","14","65","58","22","32","34","21","48","37","18","20","51","38","26","20","67","45","61","48","94","64","56","42","124","82","58","54","101","94",
"1500000US330150630012","Block Group 2, Census Tract 630.01, Rockingham County, New Hampshire","792","180","9","14","0","12","53","53","8","14","8","12","23","21","20","23","17","17","0","12","72","64","94","61","92","55","160","79","44","61","47","58","145","184",
"1500000US330150630031","Block Group 1, Census Tract 630.03, Rockingham County, New Hampshire","920","229","0","12","0","12","177","139","47","71","41","58","15","25","13","23","40","40","53","67","33","31","49","58","338","185","27","32","27","35","60","83","0","12",
"1500000US330150630032","Block Group 2, Census Tract 630.03, Rockingham County, New Hampshire","280","74","0","12","4","10","47","38","0","12","0","12","15","25","13","22","22","27","37","44","13","26","0","12","81","63","13","21","21","35","14","25","0","12",
"1500000US330150630033","Block Group 3, Census Tract 630.03, Rockingham County, New Hampshire","637","146","41","64","0","12","28","31","0","12","24","38","13","22","62","55","0","12","40","58","47","47","113","69","73","77","38","49","40","39","84","79","34","42",
"1500000US330150630041","Block Group 1, Census Tract 630.04, Rockingham County, New Hampshire","367","91","24","28","12","20","0","12","0","12","0","12","0","12","0","12","0","12","13","23","0","12","0","12","67","59","49","39","48","53","30","31","124","67",
"1500000US330150640001","Block Group 1, Census Tract 640, Rockingham County, New Hampshire","829","104","16","25","0","12","11","11","3","5","9","12","31","28","5","8","5","7","8","10","58","36","15","11","108","55","56","22","134","49","133","45","237","82",
"1500000US330150650051","Block Group 1, Census Tract 650.05, Rockingham County, New Hampshire","897","111","27","39","2","3","29","26","26","25","16","23","107","78","0","12","30","28","7","12","11","14","147","94","156","79","90","53","90","60","95","46","64","63",
"1500000US330150650052","Block Group 2, Census Tract 650.05, Rockingham County, New Hampshire","313","79","9","14","17","20","33","30","0","12","11","14","0","12","0","12","31","47","8","13","13","19","85","54","44","34","0","12","7","12","6","8","49","54",
"1500000US330150650061","Block Group 1, Census Tract 650.06, Rockingham County, New Hampshire","576","281","8","10","4","6","14","13","4","6","0","12","0","12","6","8","39","40","15","13","0","12","19","15","259","263","119","135","16","15","16","17","57","43",
"1500000US330150650062","Block Group 2, Census Tract 650.06, Rockingham County, New Hampshire","418","77","8","10","4","7","13","13","0","12","5","8","18","15","10","10","4","6","22","22","15","13","36","20","61","38","42","25","26","19","22","16","132","52",
"1500000US330150650071","Block Group 1, Census Tract 650.07, Rockingham County, New Hampshire","494","88","25","38","0","12","15","23","24","18","15","13","10","11","34","31","12","12","6","6","20","17","62","48","86","39","29","25","20","16","51","20","85","41",
"1500000US330150650072","Block Group 2, Census Tract 650.07, Rockingham County, New Hampshire","299","105","0","12","0","12","62","84","5","8","30","30","11","11","11","11","8","10","2","4","26","27","11","13","17","14","17","24","29","15","23","18","47","25",
"1500000US330150650081","Block Group 1, Census Tract 650.08, Rockingham County, New Hampshire","456","78","22","23","0","12","4","8","9","11","0","12","38","25","6","10","5","8","67","58","34","36","55","37","92","48","0","12","60","39","9","12","55","35",
"1500000US330150650082","Block Group 2, Census Tract 650.08, Rockingham County, New Hampshire","178","83","5","7","13","20","1","2","43","60","17","21","19","22","5","7","5","7","0","12","11","11","0","12","24","29","3","5","13","21","0","12","19","16",
"1500000US330150650083","Block Group 3, Census Tract 650.08, Rockingham County, New Hampshire","253","80","5","8","1","3","10","9","13","22","42","39","25","29","4","7","4","7","5","8","50","40","52","43","0","12","0","12","18","20","24","16","0","12",
"1500000US330150650091","Block Group 1, Census Tract 650.09, Rockingham County, New Hampshire","765","117","0","12","41","48","34","36","12","19","12","20","0","12","29","44","12","19","49","36","50","47","58","44","82","55","168","84","67","54","78","56","73","59",
"1500000US330150650092","Block Group 2, Census Tract 650.09, Rockingham County, New Hampshire","366","102","35","40","0","12","15","23","10","17","37","40","0","12","18","27","0","12","6","11","106","85","36","45","31","35","38","44","15","23","9","18","10","19",
"1500000US330150650093","Block Group 3, Census Tract 650.09, Rockingham County, New Hampshire","145","59","0","12","12","20","0","12","0","12","0","12","0","12","15","24","10","17","0","12","12","19","9","14","11","18","15","25","15","27","46","50","0","12",
"1500000US330150650101","Block Group 1, Census Tract 650.10, Rockingham County, New Hampshire","486","151","0","12","12","21","29","33","0","12","14","25","0","12","0","12","28","45","0","12","36","42","58","68","156","135","35","55","15","27","13","22","90","60",
"1500000US330150650102","Block Group 2, Census Tract 650.10, Rockingham County, New Hampshire","830","171","27","29","0","12","17","27","0","12","0","12","13","22","16","27","31","37","42","64","26","29","117","100","136","90","189","116","30","34","81","59","105","63",
"1500000US330150650103","Block Group 3, Census Tract 650.10, Rockingham County, New Hampshire","582","137","20","30","0","12","0","12","0","12","0","12","0","12","17","28","0","12","0","12","14","24","101","95","127","87","26","31","59","53","50","45","168","87",
"1500000US330150660001","Block Group 1, Census Tract 660, Rockingham County, New Hampshire","369","84","25","23","0","12","10","15","9","14","8","12","0","12","0","12","10","16","0","12","44","38","46","53","22","35","24","21","0","12","58","31","113","54",
"1500000US330150660002","Block Group 2, Census Tract 660, Rockingham County, New Hampshire","643","157","10","16","13","22","9","14","19","20","25","38","31","37","52","71","32","28","74","62","51","74","69","42","62","37","40","36","17","16","27","27","112","65",
"1500000US330150660003","Block Group 3, Census Tract 660, Rockingham County, New Hampshire","894","137","16","21","18","20","9","15","0","12","30","28","7","12","9","14","10","16","7","12","36","44","39","35","122","81","117","92","88","58","91","44","295","139",
"1500000US330150670001","Block Group 1, Census Tract 670, Rockingham County, New Hampshire","339","98","20","34","0","12","0","12","0","12","0","12","41","45","0","12","14","21","0","12","12","19","12","20","0","12","16","26","105","74","49","48","70","60",
"1500000US330150670002","Block Group 2, Census Tract 670, Rockingham County, New Hampshire","860","150","57","58","0","12","0","12","29","45","11","18","0","12","13","23","15","27","27","30","39","43","57","39","123","67","74","62","141","88","85","62","189","109",
"1500000US330150670003","Block Group 3, Census Tract 670, Rockingham County, New Hampshire","628","147","0","12","0","12","0","12","0","12","50","60","14","22","0","12","29","35","48","55","10","16","16","27","116","78","60","52","38","39","104","64","143","114",
"1500000US330150670004","Block Group 4, Census Tract 670, Rockingham County, New Hampshire","1059","216","48","62","0","12","0","12","16","26","0","12","0","12","13","20","20","33","29","35","23","33","137","113","162","152","69","55","38","44","75","62","429","240",
"1500000US330150675021","Block Group 1, Census Tract 675.02, Rockingham County, New Hampshire","533","100","19","29","0","12","0","12","0","12","11","18","12","18","20","31","18","21","68","62","85","57","104","75","56","39","69","50","22","20","39","32","10","17",
"1500000US330150675022","Block Group 2, Census Tract 675.02, Rockingham County, New Hampshire","705","106","17","26","47","52","40","33","21","22","28","25","12","19","36","31","0","12","61","71","52","50","74","60","110","64","31","22","73","50","85","64","18","19",
"1500000US330150675023","Block Group 3, Census Tract 675.02, Rockingham County, New Hampshire","428","91","4","7","0","12","8","12","14","13","0","12","0","12","43","49","25","23","2","4","9","15","37","31","26","25","46","37","32","25","76","69","106","58",
"1500000US330150675031","Block Group 1, Census Tract 675.03, Rockingham County, New Hampshire","331","129","0","12","29","48","0","12","0","12","40","59","15","25","0","12","80","109","0","12","11","17","17","29","83","61","47","42","9","15","0","12","0","12",
"1500000US330150675032","Block Group 2, Census Tract 675.03, Rockingham County, New Hampshire","949","127","79","82","0","12","45","45","80","78","29","44","14","23","75","73","15","24","0","12","82","75","104","83","93","55","151","68","111","60","47","51","24","33",
"1500000US330150675041","Block Group 1, Census Tract 675.04, Rockingham County, New Hampshire","580","112","15","26","15","25","43","62","16","25","0","12","14","24","0","12","14","26","3","11","53","73","53","58","60","67","34","45","27","41","150","78","83","56",
"1500000US330150675042","Block Group 2, Census Tract 675.04, Rockingham County, New Hampshire","540","119","16","26","0","12","8","14","10","18","14","24","29","37","17","26","15","23","0","12","0","12","89","85","148","103","34","38","52","53","0","12","108","85",
"1500000US330150675051","Block Group 1, Census Tract 675.05, Rockingham County, New Hampshire","617","85","0","12","3","4","4","5","0","12","7","9","3","4","3","4","5","7","7","10","25","10","32","16","60","25","47","20","53","19","171","74","197","46",
"1500000US330150691001","Block Group 1, Census Tract 691, Rockingham County, New Hampshire","572","147","15","26","0","12","0","12","40","58","0","12","15","25","30","34","0","12","0","12","10","17","91","73","36","55","126","84","43","41","68","56","98","55",
"1500000US330150691002","Block Group 2, Census Tract 691, Rockingham County, New Hampshire","601","138","0","12","44","68","0","12","32","38","15","24","16","26","0","12","0","12","13","22","33","36","119","95","102","71","10","15","56","53","68","55","93","46",
"1500000US330150691003","Block Group 3, Census Tract 691, Rockingham County, New Hampshire","618","193","0","12","99","159","18","28","21","34","21","33","18","29","46","69","28","44","35","40","38","53","0","12","111","92","78","79","17","28","0","12","88","53",
"1500000US330150691004","Block Group 4, Census Tract 691, Rockingham County, New Hampshire","434","94","81","58","39","38","13","22","0","12","70","84","0","12","12","19","0","12","0","12","15","25","0","12","0","12","31","36","39","52","36","34","98","43",
"1500000US330150692001","Block Group 1, Census Tract 692, Rockingham County, New Hampshire","431","81","0","12","0","12","0","12","20","33","0","12","22","20","0","12","31","39","0","12","15","12","29","23","36","38","58","51","56","47","61","52","103","50",
"1500000US330150692002","Block Group 2, Census Tract 692, Rockingham County, New Hampshire","408","142","0","12","0","12","0","12","8","12","0","12","0","12","0","12","74","113","26","31","35","32","140","58","15","16","12","15","23","23","46","31","29","22",
"1500000US330150692003","Block Group 3, Census Tract 692, Rockingham County, New Hampshire","576","128","9","13","7","12","33","33","15","16","8","13","21","34","0","12","72","93","34","36","32","37","66","45","69","48","76","50","7","11","82","53","45","31",
"1500000US330150693001","Block Group 1, Census Tract 693, Rockingham County, New Hampshire","518","88","0","12","14","21","9","17","22","34","8","13","10","16","15","17","0","12","0","12","43","35","76","43","47","34","64","46","0","12","131","64","79","49",
"1500000US330150693002","Block Group 2, Census Tract 693, Rockingham County, New Hampshire","549","181","44","36","0","12","82","119","13","20","9","14","9","15","6","11","36","43","8","13","27","32","0","12","86","112","49","35","44","28","22","19","114","57",
"1500000US330150697001","Block Group 1, Census Tract 697, Rockingham County, New Hampshire","208","56","0","12","0","12","15","17","6","9","6","9","0","12","0","12","0","12","0","12","17","18","22","21","25","19","39","52","7","12","40","30","31","28",
"1500000US330150697002","Block Group 2, Census Tract 697, Rockingham County, New Hampshire","834","309","17","18","9","14","6","8","24","35","34","24","15","22","0","12","15","16","38","40","17","18","87","45","277","302","113","59","85","41","14","15","83","36",
"1500000US330150697003","Block Group 3, Census Tract 697, Rockingham County, New Hampshire","418","87","0","12","0","12","6","7","15","18","11","18","24","24","10","14","3","6","0","12","13","16","24","19","57","42","23","16","9","13","37","26","186","56",
"1500000US330150710011","Block Group 1, Census Tract 710.01, Rockingham County, New Hampshire","552","150","39","62","0","12","0","12","27","33","33","41","14","23","27","32","0","12","13","21","46","48","13","20","56","43","51","65","17","27","47","47","169","94",
"1500000US330150710012","Block Group 2, Census Tract 710.01, Rockingham County, New Hampshire","825","157","0","12","0","12","0","12","14","21","59","71","25","28","0","12","0","12","46","72","24","28","87","79","178","106","12","19","0","12","204","92","176","138",
"1500000US330150710021","Block Group 1, Census Tract 710.02, Rockingham County, New Hampshire","288","101","0","12","0","12","0","12","0","12","0","12","0","12","0","12","19","30","0","12","0","12","37","42","82","101","25","26","15","26","34","38","76","52",
"1500000US330150710022","Block Group 2, Census Tract 710.02, Rockingham County, New Hampshire","639","145","18","28","0","12","7","11","50","62","0","12","10","18","19","30","0","12","0","12","37","46","0","12","99","77","111","72","9","14","32","37","247","131",
"1500000US330151001001","Block Group 1, Census Tract 1001, Rockingham County, New Hampshire","912","183","0","12","23","37","20","31","21","33","19","33","27","34","8","19","71","78","22","37","9","15","82","94","85","71","81","84","113","61","145","74","186","84",
"1500000US330151001002","Block Group 2, Census Tract 1001, Rockingham County, New Hampshire","974","236","51","76","0","12","0","12","0","12","123","177","81","113","14","22","64","68","0","12","129","116","77","57","87","90","32","32","39","41","39","40","238","114",
"1500000US330151001003","Block Group 3, Census Tract 1001, Rockingham County, New Hampshire","751","186","49","72","0","12","11","19","66","81","17","27","40","43","0","12","0","12","0","12","37","47","36","38","54","48","165","181","35","44","134","99","107","74",
"1500000US330151002001","Block Group 1, Census Tract 1002, Rockingham County, New Hampshire","647","149","19","29","0","12","36","60","0","12","0","12","0","12","18","30","35","41","0","12","34","42","13","23","108","63","14","22","170","111","19","31","181","114",
"1500000US330151002002","Block Group 2, Census Tract 1002, Rockingham County, New Hampshire","538","205","4","10","0","12","13","22","20","26","13","21","0","12","0","12","0","12","0","12","13","22","181","208","44","43","31","36","50","46","64","74","105","84",
"1500000US330151002003","Block Group 3, Census Tract 1002, Rockingham County, New Hampshire","511","181","26","52","0","12","0","12","0","12","36","32","7","15","0","12","38","54","0","12","0","12","58","63","102","84","0","12","105","73","54","85","85","87",
"1500000US330151002004","Block Group 4, Census Tract 1002, Rockingham County, New Hampshire","583","131","65","58","0","12","32","38","18","29","0","12","0","12","14","24","15","24","70","76","12","20","33","41","36","58","176","119","72","63","40","37","0","12",
"1500000US330151003011","Block Group 1, Census Tract 1003.01, Rockingham County, New Hampshire","853","171","9","15","10","17","10","17","89","119","0","12","26","42","27","24","7","11","16","18","39","40","79","58","135","56","112","89","69","47","137","72","88","52",
"1500000US330151003012","Block Group 2, Census Tract 1003.01, Rockingham County, New Hampshire","425","173","0","12","0","12","0","12","9","14","0","12","8","14","15","23","0","12","0","12","27","42","38","35","64","46","114","152","30","34","37","47","83","60",
"1500000US330151003013","Block Group 3, Census Tract 1003.01, Rockingham County, New Hampshire","589","114","0","12","26","45","0","12","0","12","0","12","37","39","0","12","12","19","31","36","18","19","61","43","154","83","44","35","55","37","134","73","17","13",
"1500000US330151003021","Block Group 1, Census Tract 1003.02, Rockingham County, New Hampshire","966","184","13","16","19","22","20","21","87","64","11","18","42","62","33","47","96","63","32","39","108","88","173","104","114","88","56","47","103","109","25","32","34","34",
"1500000US330151003022","Block Group 2, Census Tract 1003.02, Rockingham County, New Hampshire","1004","139","12","20","0","12","16","18","19","21","8","13","8","12","15","17","40","33","37","45","13","15","66","55","292","131","167","71","100","49","85","41","126","61",
"1500000US330151004011","Block Group 1, Census Tract 1004.01, Rockingham County, New Hampshire","491","114","14","23","31","36","0","12","0","12","17","28","17","26","21","27","0","12","33","36","32","35","35","38","34","31","111","107","66","50","14","22","66","63",
"1500000US330151004012","Block Group 2, Census Tract 1004.01, Rockingham County, New Hampshire","746","186","0","12","48","55","40","44","60","73","14","22","16","26","57","60","42","65","0","12","17","24","65","66","164","131","65","62","107","92","9","15","42","44",
"1500000US330151004013","Block Group 3, Census Tract 1004.01, Rockingham County, New Hampshire","817","140","32","35","14","23","79","87","111","98","45","43","29","34","29","33","28","32","49","52","84","81","12","18","102","74","89","62","36","42","45","38","33","37",
"1500000US330151004021","Block Group 1, Census Tract 1004.02, Rockingham County, New Hampshire","810","146","18","30","0","12","0","12","0","12","0","12","0","12","40","46","1","14","0","12","46","49","97","64","159","89","30","37","170","157","154","98","95","73",
"1500000US330151004022","Block Group 2, Census Tract 1004.02, Rockingham County, New Hampshire","268","93","0","12","0","12","21","33","0","12","0","12","9","17","0","12","0","12","0","12","0","12","28","33","31","27","0","12","19","31","39","33","121","89",
"1500000US330151011011","Block Group 1, Census Tract 1011.01, Rockingham County, New Hampshire","582","133","0","12","20","33","0","12","0","12","0","12","6","14","0","12","39","51","0","12","56","65","128","104","64","56","48","54","107","85","85","95","29","36",
"1500000US330151011012","Block Group 2, Census Tract 1011.01, Rockingham County, New Hampshire","1135","191","46","57","0","12","0","12","30","48","0","12","12","20","36","44","0","12","0","12","52","62","273","152","135","89","246","175","120","65","68","53","117","80",
"1500000US330151011013","Block Group 3, Census Tract 1011.01, Rockingham County, New Hampshire","343","111","0","12","26","30","0","12","0","12","0","12","0","12","52","50","21","39","24","38","2","20","65","55","74","102","18","21","10","17","0","12","51","47",
"1500000US330151011021","Block Group 1, Census Tract 1011.02, Rockingham County, New Hampshire","455","146","48","74","0","12","0","12","0","12","0","12","47","70","36","57","19","31","0","12","18","29","59","58","39","63","0","12","108","114","61","52","20","31",
"1500000US330151011022","Block Group 2, Census Tract 1011.02, Rockingham County, New Hampshire","796","119","0","12","48","41","0","12","16","23","87","102","0","12","96","69","18","29","0","12","21","33","108","75","160","99","61","79","44","50","137","84","0","12",
"1500000US330151021001","Block Group 1, Census Tract 1021, Rockingham County, New Hampshire","576","118","9","13","20","31","5","8","0","12","10","17","9","14","15","16","8","13","0","12","35","37","9","13","35","26","166","71","97","121","82","72","76","55",
"1500000US330151021002","Block Group 2, Census Tract 1021, Rockingham County, New Hampshire","457","109","8","12","39","37","33","39","7","11","8","11","8","14","7","11","0","12","11","17","8","13","26","23","48","43","22","21","97","54","135","89","0","12",
"1500000US330151021003","Block Group 3, Census Tract 1021, Rockingham County, New Hampshire","730","111","0","12","0","12","56","55","0","12","0","12","0","12","0","12","20","23","2","3","18","18","26","18","146","86","90","51","114","75","138","54","120","70",
"1500000US330151031001","Block Group 1, Census Tract 1031, Rockingham County, New Hampshire","396","125","0","12","0","12","0","12","0","12","0","12","0","12","0","12","45","69","12","20","0","12","41","40","45","42","68","55","70","52","74","76","41","41",
"1500000US330151031002","Block Group 2, Census Tract 1031, Rockingham County, New Hampshire","1032","221","41","42","39","58","0","12","17","30","0","12","14","23","0","12","55","90","26","31","85","78","54","47","111","87","68","48","99","63","250","115","173","120",
"1500000US330151031003","Block Group 3, Census Tract 1031, Rockingham County, New Hampshire","1128","317","0","12","0","12","13","22","31","50","0","12","0","12","11","19","26","30","12","20","12","19","12","19","440","388","198","111","66","52","71","50","236","106",
"1500000US330151031004","Block Group 4, Census Tract 1031, Rockingham County, New Hampshire","282","94","12","20","0","12","0","12","15","23","0","12","13","21","0","12","0","12","35","55","25","20","35","38","17","28","15","25","23","34","0","12","92","50",
"1500000US330151041011","Block Group 1, Census Tract 1041.01, Rockingham County, New Hampshire","1032","166","46","59","0","12","11","19","63","65","72","97","55","58","32","50","39","52","70","70","131","97","40","35","30","25","110","70","54","45","73","42","206","63",
"1500000US330151041012","Block Group 2, Census Tract 1041.01, Rockingham County, New Hampshire","923","163","11","19","0","12","67","81","6","10","21","36","53","77","52","85","54","71","32","50","68","64","136","92","42","36","155","107","100","68","74","58","52","40",
"1500000US330151041021","Block Group 1, Census Tract 1041.02, Rockingham County, New Hampshire","450","93","60","50","0","12","0","12","0","12","0","12","11","17","0","12","11","17","48","57","28","34","38","33","28","23","21","20","0","12","61","38","144","62",
"1500000US330151041022","Block Group 2, Census Tract 1041.02, Rockingham County, New Hampshire","501","202","0","12","0","12","0","12","23","35","34","50","0","12","6","10","21","23","0","12","0","12","145","190","56","54","39","43","52","34","74","39","51","29",
"1500000US330151041023","Block Group 3, Census Tract 1041.02, Rockingham County, New Hampshire","653","113","0","12","0","12","31","46","13","20","4","10","6","10","0","12","10","18","12","19","32","31","44","53","117","74","201","108","25","22","83","43","75","48",
"1500000US330151051001","Block Group 1, Census Tract 1051, Rockingham County, New Hampshire","832","363","16","26","16","26","362","398","0","12","25","40","8","13","28","32","35","40","25","41","0","12","24","30","74","61","33","38","108","87","55","75","23","38",
"1500000US330151051002","Block Group 2, Census Tract 1051, Rockingham County, New Hampshire","631","159","0","12","8","13","0","12","62","84","0","12","67","76","37","46","0","12","16","26","0","12","77","76","96","101","96","75","45","67","52","47","75","50",
"1500000US330151051003","Block Group 3, Census Tract 1051, Rockingham County, New Hampshire","552","135","24","38","9","15","0","12","0","12","9","13","0","12","37","51","31","41","0","12","84","80","86","76","86","96","17","30","16","28","83","68","70","76",
"1500000US330151051004","Block Group 4, Census Tract 1051, Rockingham County, New Hampshire","732","214","0","12","44","70","0","12","30","35","0","12","52","81","0","12","24","31","0","12","7","13","120","108","142","98","68","61","86","129","89","72","70","64",
"1500000US330151061011","Block Group 1, Census Tract 1061.01, Rockingham County, New Hampshire","1002","178","0","12","42","49","19","31","59","53","0","12","16","25","0","12","74","79","18","30","1","2","109","83","0","12","63","64","139","109","127","74","335","117",
"1500000US330151061012","Block Group 2, Census Tract 1061.01, Rockingham County, New Hampshire","669","142","0","12","46","52","0","12","16","26","0","12","0","12","19","30","0","12","0","12","18","31","119","86","60","88","44","43","55","47","34","42","258","85",
"1500000US330151061013","Block Group 3, Census Tract 1061.01, Rockingham County, New Hampshire","437","125","0","12","0","12","0","12","0","12","0","12","0","12","13","20","0","12","0","12","0","12","8","13","23","33","12","21","58","57","152","113","171","89",
"1500000US330151061014","Block Group 4, Census Tract 1061.01, Rockingham County, New Hampshire","385","118","0","12","0","12","0","12","0","12","8","14","0","12","0","12","0","12","0","12","0","12","0","12","0","12","69","58","71","60","101","97","136","103",
"1500000US330151061021","Block Group 1, Census Tract 1061.02, Rockingham County, New Hampshire","1182","199","0","12","0","12","45","75","25","29","0","12","14","23","13","21","11","20","0","12","37","59","184","138","92","56","94","87","26","29","347","128","294","97",
"1500000US330151061022","Block Group 2, Census Tract 1061.02, Rockingham County, New Hampshire","721","136","12","21","0","12","0","12","0","12","0","12","34","39","0","12","27","32","0","12","0","12","38","32","44","37","34","32","53","48","171","103","308","121",
"1500000US330151061023","Block Group 3, Census Tract 1061.02, Rockingham County, New Hampshire","628","196","0","12","0","12","27","32","0","12","0","12","0","12","18","27","0","12","0","12","0","12","44","44","166","106","38","36","186","186","51","49","98","73",
"1500000US330151062001","Block Group 1, Census Tract 1062, Rockingham County, New Hampshire","732","126","35","26","55","51","56","46","9","14","49","45","43","44","39","39","26","24","20","21","144","79","57","44","162","82","0","12","0","12","0","12","37","39",
"1500000US330151062002","Block Group 2, Census Tract 1062, Rockingham County, New Hampshire","286","93","0","12","6","14","0","12","8","13","0","12","9","15","11","19","0","12","0","12","0","12","11","17","42","41","0","12","92","88","19","21","88","53",
"1500000US330151062003","Block Group 3, Census Tract 1062, Rockingham County, New Hampshire","392","152","8","12","12","19","7","11","49","50","0","12","9","14","89","133","21","24","14","23","37","32","18","21","45","46","18","21","0","12","20","20","45","34",
"1500000US330151062004","Block Group 4, Census Tract 1062, Rockingham County, New Hampshire","484","112","29","33","12","18","12","19","72","63","45","34","0","12","73","67","8","12","25","40","28","26","29","27","71","58","26","24","35","29","11","14","8","13",
"1500000US330151064001","Block Group 1, Census Tract 1064, Rockingham County, New Hampshire","704","207","10","18","0","12","0","12","165","184","31","34","28","28","18","27","16","26","0","12","65","70","25","28","81","52","61","82","26","32","87","53","91","66",
"1500000US330151064002","Block Group 2, Census Tract 1064, Rockingham County, New Hampshire","1061","221","55","74","12","19","0","12","12","20","9","13","38","29","0","12","82","88","0","12","163","91","94","81","127","65","91","55","61","50","79","46","238","169",
"1500000US330151064003","Block Group 3, Census Tract 1064, Rockingham County, New Hampshire","392","110","0","12","9","13","0","12","11","16","25","38","35","32","0","12","0","12","0","12","15","23","80","103","46","37","8","12","70","59","41","37","52","40",
"1500000US330151071001","Block Group 1, Census Tract 1071, Rockingham County, New Hampshire","576","152","69","82","61","86","32","26","0","12","9","13","0","12","0","12","29","36","48","40","95","63","40","33","57","41","118","91","0","12","9","14","9","15",
"1500000US330151071002","Block Group 2, Census Tract 1071, Rockingham County, New Hampshire","190","53","0","12","0","12","0","12","0","12","0","12","0","12","17","18","0","12","9","13","10","16","25","24","23","23","17","18","9","13","58","42","22","16",
"1500000US330151071003","Block Group 3, Census Tract 1071, Rockingham County, New Hampshire","419","67","98","61","41","42","39","37","8","13","25","38","16","18","0","12","23","36","0","12","0","12","31","31","61","50","28","36","8","12","25","20","16","25",
"1500000US330151072001","Block Group 1, Census Tract 1072, Rockingham County, New Hampshire","470","109","20","31","17","26","13","20","27","45","0","12","9","15","23","28","0","12","36","58","28","32","71","54","76","61","55","66","27","32","9","15","59","41",
"1500000US330151072002","Block Group 2, Census Tract 1072, Rockingham County, New Hampshire","599","128","41","42","19","31","0","12","0","12","0","12","23","28","11","20","14","22","0","12","19","29","107","67","101","65","60","41","39","60","40","34","125","104",
"1500000US330151072003","Block Group 3, Census Tract 1072, Rockingham County, New Hampshire","460","74","0","12","14","22","0","12","0","12","0","12","0","12","13","20","10","17","0","12","13","22","28","35","105","55","117","75","64","56","58","49","38","43",
"1500000US330151072004","Block Group 4, Census Tract 1072, Rockingham County, New Hampshire","466","111","0","12","0","12","67","71","20","24","0","12","20","32","17","24","18","28","22","36","12","20","90","67","91","85","86","79","14","24","9","16","0","12",
"1500000US330151072005","Block Group 5, Census Tract 1072, Rockingham County, New Hampshire","746","197","37","59","0","12","46","44","0","12","0","12","17","28","0","12","0","12","0","12","31","36","182","142","75","51","83","61","73","50","25","29","177","143",
"1500000US330151074001","Block Group 1, Census Tract 1074, Rockingham County, New Hampshire","184","54","0","12","4","8","0","12","4","6","11","12","8","10","0","12","6","9","0","12","4","7","16","18","16","13","20","17","24","17","11","11","60","44",
"1500000US330151074002","Block Group 2, Census Tract 1074, Rockingham County, New Hampshire","238","40","0","12","24","22","0","12","0","12","5","8","4","7","0","12","0","12","4","7","31","22","30","21","25","17","26","20","13","12","48","26","28","24",
"1500000US330151075001","Block Group 1, Census Tract 1075, Rockingham County, New Hampshire","423","103","6","7","10","8","2","4","3","5","0","12","4","5","8","8","18","30","4","5","22","14","38","22","31","18","29","16","77","75","42","19","129","76",
"1500000US330151075002","Block Group 2, Census Tract 1075, Rockingham County, New Hampshire","870","95","45","45","53","66","0","12","0","12","18","26","29","27","25","22","33","40","15","17","7","11","16","18","62","36","176","70","56","32","160","65","175","75",
"1500000US330151075003","Block Group 3, Census Tract 1075, Rockingham County, New Hampshire","706","120","16","25","8","12","9","14","11","17","0","12","29","26","14","15","17","25","0","12","18","18","83","69","94","53","56","35","33","26","109","66","209","81",
"1500000US330159800111","Block Group 1, Census Tract 9800.11, Rockingham County, New Hampshire","0","12","0","12","0","12","0","12","0","12","0","12","0","12","0","12","0","12","0","12","0","12","0","12","0","12","0","12","0","12","0","12","0","12",
"1500000US330159900000","Block Group 0, Census Tract 9900, Rockingham County, New Hampshire","0","12","0","12","0","12","0","12","0","12","0","12","0","12","0","12","0","12","0","12","0","12","0","12","0","12","0","12","0","12","0","12","0","12",
"1500000US330170801001","Block Group 1, Census Tract 801, Strafford County, New Hampshire","465","112","44","58","8","12","0","12","0","12","11","17","0","12","8","13","0","12","16","20","0","12","19","19","42","25","87","45","77","49","63","50","90","46",
"1500000US330170801002","Block Group 2, Census Tract 801, Strafford County, New Hampshire","500","83","11","17","0","12","0","12","0","12","30","37","8","13","8","12","25","23","0","12","26","23","38","42","38","23","49","31","52","29","137","48","78","44",
"1500000US330170802021","Block Group 1, Census Tract 802.02, Strafford County, New Hampshire","657","112","127","88","36","36","37","37","0","12","36","44","19","22","0","12","7","13","25","39","31","26","32","22","39","40","47","39","31","27","34","30","156","76",
"1500000US330170802022","Block Group 2, Census Tract 802.02, Strafford County, New Hampshire","399","131","16","19","0","12","0","12","12","20","0","12","10","17","0","12","10","17","83","121","8","14","43","62","16","18","15","16","26","25","18","13","142","77",
"1500000US330170802031","Block Group 1, Census Tract 802.03, Strafford County, New Hampshire","309","91","67","44","4","7","38","30","1","3","16","12","9","10","70","73","21","24","31","29","29","35","6","9","5","7","0","17","8","12","4","6","0","17",
"1500000US330170802032","Block Group 2, Census Tract 802.03, Strafford County, New Hampshire","355","94","29","33","11","10","0","12","21","26","11","11","9","11","3","5","0","12","5","7","20","26","45","27","36","29","4","6","24","18","99","74","38","20",
"1500000US330170802041","Block Group 1, Census Tract 802.04, Strafford County, New Hampshire","521","105","93","56","83","75","4","8","7","13","17","20","42","42","26","31","12","19","0","17","17","28","23","30","40","31","13","20","63","37","32","23","49","29",
"1500000US330170805001","Block Group 1, Census Tract 805, Strafford County, New Hampshire","714","71","13","12","3","4","1","4","5","6","2","4","8","7","12","11","9","7","9","8","40","23","66","44","79","38","72","37","57","33","158","72","180","49",
"1500000US330170805002","Block Group 2, Census Tract 805, Strafford County, New Hampshire","500","181","46","74","0","12","0","12","0","12","0","12","0","12","22","32","0","12","84","120","46","44","0","12","132","116","108","105","45","50","0","12","17","27",
"1500000US330170805003","Block Group 3, Census Tract 805, Strafford County, New Hampshire","552","129","0","12","0","12","28","42","0","12","0","12","21","31","0","12","16","25","0","12","52","57","14","22","198","115","101","74","40","38","31","39","51","52",
"1500000US330170805004","Block Group 4, Census Tract 805, Strafford County, New Hampshire","831","153","0","12","0","12","0","12","25","30","63","70","0","12","58","68","18","28","0","12","0","12","108","102","15","24","86","57","24","36","176","90","258","103",
"1500000US330170811011","Block Group 1, Census Tract 811.01, Strafford County, New Hampshire","627","115","14","22","19","35","76","54","0","12","0","12","14","24","51","54","31","44","0","12","70","61","101","79","140","100","94","69","17","22","0","12","0","12",
"1500000US330170811012","Block Group 2, Census Tract 811.01, Strafford County, New Hampshire","1052","163","54","42","0","12","17","27","30","35","69","68","69","71","20","31","26","41","140","111","87","72","22","25","103","62","118","79","98","73","67","58","132","105",
"1500000US330170811013","Block Group 3, Census Tract 811.01, Strafford County, New Hampshire","274","99","0","12","0","12","15","24","0","12","58","60","0","12","22","27","51","55","0","12","0","12","13","22","37","44","23","27","17","27","23","28","15","24",
"1500000US330170811021","Block Group 1, Census Tract 811.02, Strafford County, New Hampshire","811","73","0","12","61","47","51","47","0","12","0","12","28","34","84","78","5","8","27","28","34","34","50","42","124","61","54","54","121","84","69","48","103","59",
"1500000US330170812001","Block Group 1, Census Tract 812, Strafford County, New Hampshire","614","198","84","95","49","84","10","17","0","12","107","130","0","12","19","32","6","11","19","31","24","34","8","16","25","41","104","90","17","27","73","72","69","57",
"1500000US330170812002","Block Group 2, Census Tract 812, Strafford County, New Hampshire","286","86","0","12","0","12","12","20","0","12","0","12","0","12","0","12","0","12","0","12","41","43","18","31","103","66","0","12","45","69","51","63","16","23",
"1500000US330170812003","Block Group 3, Census Tract 812, Strafford County, New Hampshire","1008","272","17","28","0","12","0","12","16","26","37","42","138","168","46","50","17","27","78","111","30","40","132","99","262","184","60","50","91","61","42","47","42","40",
"1500000US330170812004","Block Group 4, Census Tract 812, Strafford County, New Hampshire","351","109","0","12","8","13","0","12","0","12","18","29","0","12","0","12","0","12","0","12","9","15","49","73","6","17","32","32","9","16","129","75","91","69",
"1500000US330170813001","Block Group 1, Census Tract 813, Strafford County, New Hampshire","1244","245","146","93","97","71","18","29","81","73","44","49","68","70","49","76","42","50","27","31","144","96","146","105","189","113","55","45","43","64","61","66","34","43",
"1500000US330170813002","Block Group 2, Census Tract 813, Strafford County, New Hampshire","652","162","13","22","46","57","0","12","19","30","0","12","36","41","20","32","6","14","40","50","95","99","99","86","90","70","65","61","0","12","123","100","0","12",
"1500000US330170813003","Block Group 3, Census Tract 813, Strafford County, New Hampshire","538","163","0","12","18","29","9","16","0","12","78","104","31","48","0","12","0","12","0","12","113","71","16","26","34","42","98","102","93","108","35","35","13","21",
"1500000US330170814001","Block Group 1, Census Tract 814, Strafford County, New Hampshire","436","86","0","12","0","12","16","19","21","32","7","12","6","9","16","21","27","34","6","11","46","36","63","47","61","45","9","14","44","40","32","24","82","40",
"1500000US330170814002","Block Group 2, Census Tract 814, Strafford County, New Hampshire","667","120","12","14","32","24","7","10","0","12","27","28","33","41","52","58","26","22","25","32","115","76","80","57","134","57","32","27","33","31","26","23","33","35",
"1500000US330170815001","Block Group 1, Census Tract 815, Strafford County, New Hampshire","939","180","14","24","42","43","15","24","59","92","15","25","18","30","31","37","0","12","18","30","102","88","122","84","236","119","52","48","109","86","23","29","83","107",
"1500000US330170815002","Block Group 2, Census Tract 815, Strafford County, New Hampshire","567","182","21","34","22","36","0","12","0","12","18","28","96","103","17","27","0","12","33","39","0","12","152","159","59","59","90","59","35","33","0","12","24","36",
"1500000US330170815003","Block Group 3, Census Tract 815, Strafford County, New Hampshire","420","106","0","12","0","12","61","69","31","48","0","12","0","12","71","69","13","22","37","42","38","53","15","25","34","41","68","49","17","28","35","44","0","12",
"1500000US330170815004","Block Group 4, Census Tract 815, Strafford County, New Hampshire","908","250","44","70","18","28","50","71","63","62","0","12","0","12","0","12","32","37","41","65","66","53","98","77","147","141","97","133","35","38","193","206","24","27",
"1500000US330170816001","Block Group 1, Census Tract 816, Strafford County, New Hampshire","905","168","0","12","22","26","17","29","15","24","21","25","69","83","42","62","16","28","0","12","27","29","67","59","144","84","48","43","76","65","158","76","183","150",
"1500000US330170816002","Block Group 2, Census Tract 816, Strafford County, New Hampshire","453","98","0","12","14","22","44","41","0","12","0","12","0","12","0","12","0","12","0","12","15","24","65","53","30","34","78","65","11","18","121","81","75","64",
"1500000US330170816003","Block Group 3, Census Tract 816, Strafford County, New Hampshire","483","162","46","48","0","12","0","12","134","138","0","12","0","12","15","25","41","47","43","62","23","28","0","12","90","65","81","67","10","17","0","12","0","12",
"1500000US330170816004","Block Group 4, Census Tract 816, Strafford County, New Hampshire","625","126","0","12","36","49","0","12","0","12","15","25","15","24","0","12","0","12","0","12","37","29","113","62","117","74","35","59","51","44","137","77","69","45",
"1500000US330170820001","Block Group 1, Census Tract 820, Strafford County, New Hampshire","576","85","32","31","12","15","16","15","17","19","18","32","19","15","4","7","13","18","14","16","67","35","86","43","95","46","73","33","47","27","41","24","22","15",
"1500000US330170820002","Block Group 2, Census Tract 820, Strafford County, New Hampshire","460","100","15","20","5","7","57","84","16","15","21","26","0","12","4","7","15","12","8","10","37","23","95","74","29","24","26","21","33","23","61","29","38","24",
"1500000US330170830011","Block Group 1, Census Tract 830.01, Strafford County, New Hampshire","564","184","45","42","16","26","0","12","36","48","51","57","21","34","12","20","105","109","13","22","29","34","55","81","110","111","71","70","0","12","0","12","0","12",
"1500000US330170830012","Block Group 2, Census Tract 830.01, Strafford County, New Hampshire","1167","266","222","164","67","89","195","217","0","12","22","36","49","71","17","28","0","12","18","30","62","51","94","81","249","145","133","121","0","12","19","32","20","31",
"1500000US330170830013","Block Group 3, Census Tract 830.01, Strafford County, New Hampshire","436","137","0","12","35","57","0","12","0","12","0","12","0","12","34","39","17","26","17","28","17","28","48","44","72","48","73","74","56","55","55","49","12","27",
"1500000US330170830014","Block Group 4, Census Tract 830.01, Strafford County, New Hampshire","404","142","0","12","0","12","0","12","13","22","18","29","0","12","58","57","39","39","16","26","38","44","0","12","150","125","51","67","21","35","0","12","0","12",
"1500000US330170830015","Block Group 5, Census Tract 830.01, Strafford County, New Hampshire","291","124","0","12","0","12","0","12","17","26","0","12","0","12","0","12","0","12","21","34","12","21","53","45","61","65","66","66","0","12","61","93","0","12",
"1500000US330170830021","Block Group 1, Census Tract 830.02, Strafford County, New Hampshire","502","154","0","12","0","12","0","12","19","30","17","28","18","27","45","54","37","31","22","31","94","89","65","89","30","40","54","54","62","58","11","16","28","37",
"1500000US330170830022","Block Group 2, Census Tract 830.02, Strafford County, New Hampshire","848","278","33","49","22","35","0","12","0","12","0","12","42","40","89","63","0","12","0","12","114","172","340","265","80","48","81","76","47","48","0","12","0","12",
"1500000US330170830023","Block Group 3, Census Tract 830.02, Strafford County, New Hampshire","413","133","0","12","0","12","0","12","0","12","0","12","0","12","14","23","21","37","0","12","25","26","88","80","96","82","32","37","22","37","115","74","0","12",
"1500000US330170830024","Block Group 4, Census Tract 830.02, Strafford County, New Hampshire","339","117","0","12","0","12","15","23","17","27","0","12","16","26","23","34","37","43","41","49","120","107","2","18","52","43","0","12","0","12","0","12","16","25",
"1500000US330170830025","Block Group 5, Census Tract 830.02, Strafford County, New Hampshire","282","95","0","12","0","12","49","53","18","30","13","22","0","12","0","12","0","12","23","38","0","12","37","46","0","12","50","51","28","31","55","80","9","16",
"1500000US330170841001","Block Group 1, Census Tract 841, Strafford County, New Hampshire","473","137","15","24","15","24","0","12","0","12","27","43","15","24","0","12","42","49","0","12","99","87","52","48","63","60","44","53","32","38","52","57","17","29",
"1500000US330170841002","Block Group 2, Census Tract 841, Strafford County, New Hampshire","455","118","0","12","0","12","0","12","0","12","22","31","0","12","0","12","17","29","0","12","16","25","127","109","138","80","33","46","17","28","23","39","62","51",
"1500000US330170841003","Block Group 3, Census Tract 841, Strafford County, New Hampshire","704","160","47","53","14","22","0","12","51","61","79","57","88","82","13","21","14","24","26","30","36","49","150","93","60","58","17","27","82","111","14","24","13","21",
"1500000US330170841004","Block Group 4, Census Tract 841, Strafford County, New Hampshire","460","120","0","12","46","63","16","26","0","12","16","26","0","12","72","72","0","12","0","12","35","43","88","73","44","48","95","104","0","12","18","34","30","55",
"1500000US330170842011","Block Group 1, Census Tract 842.01, Strafford County, New Hampshire","561","152","0","12","30","34","0","12","69","46","0","12","0","12","73","80","0","12","0","12","30","38","67","63","78","80","21","35","60","84","76","78","57","61",
"1500000US330170842012","Block Group 2, Census Tract 842.01, Strafford County, New Hampshire","551","117","73","68","28","28","26","45","30","35","17","29","0","12","0","12","10","19","17","28","132","76","47","47","46","44","51","43","61","76","13","22","0","12",
"1500000US330170842013","Block Group 3, Census Tract 842.01, Strafford County, New Hampshire","700","208","0","12","0","12","18","29","17","29","14","23","48","64","0","12","31","39","20","33","47","48","59","47","103","66","79","84","146","154","93","95","25","41",
"1500000US330170842021","Block Group 1, Census Tract 842.02, Strafford County, New Hampshire","542","158","87","125","49","51","25","28","20","30","21","33","44","42","0","12","47","51","11","17","47","52","29","33","43","35","49","54","23","38","47","43","0","12",
"1500000US330170842022","Block Group 2, Census Tract 842.02, Strafford County, New Hampshire","361","110","0","12","0","12","0","12","88","90","45","75","0","12","0","12","0","12","0","12","11","21","28","36","54","66","67","61","12","19","49","40","7","16",
"1500000US330170842023","Block Group 3, Census Tract 842.02, Strafford County, New Hampshire","588","164","36","52","14","24","14","22","0","12","82","77","55","51","0","12","0","12","118","152","28","35","55","40","121","67","13","19","39","52","0","12","13","26",
"1500000US330170843011","Block Group 1, Census Tract 843.01, Strafford County, New Hampshire","224","85","0","12","0","12","0","12","15","26","0","12","0","12","0","12","40","55","11","20","0","12","16","25","22","27","17","43","0","12","52","70","51","38",
"1500000US330170843012","Block Group 2, Census Tract 843.01, Strafford County, New Hampshire","259","93","0","12","0","12","0","12","29","33","10","17","0","12","13","23","27","45","15","25","0","12","0","12","135","89","0","12","13","22","0","12","17","27",
"1500000US330170843013","Block Group 3, Census Tract 843.01, Strafford County, New Hampshire","705","204","102","80","12","19","73","79","44","64","0","12","19","30","91","142","9","15","17","28","145","88","123","104","40","44","0","12","0","12","30","43","0","12",
"1500000US330170843021","Block Group 1, Census Tract 843.02, Strafford County, New Hampshire","729","173","18","31","43","35","0","12","39","45","57","53","16","32","19","30","102","107","0","12","16","25","168","137","128","64","97","67","9","16","17","30","0","12",
"1500000US330170843022","Block Group 2, Census Tract 843.02, Strafford County, New Hampshire","440","127","10","19","103","94","15","24","16","25","0","12","0","12","35","40","16","27","0","12","50","35","0","12","65","84","29","31","101","74","0","12","0","12",
"1500000US330170843023","Block Group 3, Census Tract 843.02, Strafford County, New Hampshire","565","203","147","167","15","24","0","12","15","24","63","95","12","19","52","49","0","12","74","62","15","24","43","52","22","36","107","72","0","12","0","12","0","12",
"1500000US330170844001","Block Group 1, Census Tract 844, Strafford County, New Hampshire","567","123","0","12","7","12","25","36","19","23","26","24","39","41","8","12","32","25","30","37","88","59","50","36","85","61","62","47","6","9","52","80","38","43",
"1500000US330170844002","Block Group 2, Census Tract 844, Strafford County, New Hampshire","351","109","8","13","33","49","0","12","17","19","30","28","28","31","0","12","0","12","15","24","49","42","82","96","50","40","26","31","13","20","0","12","0","12",
"1500000US330170844003","Block Group 3, Census Tract 844, Strafford County, New Hampshire","670","249","7","11","28","25","0","12","0","12","206","238","15","19","24","29","15","18","24","40","22","20","94","52","146","72","7","12","9","14","35","38","38","47",
"1500000US330170844004","Block Group 4, Census Tract 844, Strafford County, New Hampshire","238","75","35","39","0","12","8","13","16","28","27","39","0","12","0","12","12","19","0","12","16","16","36","32","67","60","9","14","12","18","0","12","0","12",
"1500000US330170845001","Block Group 1, Census Tract 845, Strafford County, New Hampshire","444","125","0","12","12","19","42","43","26","27","0","12","12","19","16","21","48","60","8","12","100","68","35","45","51","39","78","50","8","15","8","13","0","12",
"1500000US330170845002","Block Group 2, Census Tract 845, Strafford County, New Hampshire","1205","187","6","11","49","57","17","19","52","58","50","44","63","51","40","46","6","10","28","34","30","34","163","110","232","96","121","61","212","146","136","87","0","12",
"1500000US330170846001","Block Group 1, Census Tract 846, Strafford County, New Hampshire","1359","229","66","44","116","154","28","26","76","62","28","41","14","17","39","30","65","46","44","50","53","41","197","158","223","88","210","87","50","37","115","58","35","35",
"1500000US330170850011","Block Group 1, Census Tract 850.01, Strafford County, New Hampshire","663","150","0","12","10","17","0","12","0","12","21","27","0","12","17","28","10","21","5","8","15","26","67","59","126","76","129","81","101","104","162","95","0","12",
"1500000US330170850012","Block Group 2, Census Tract 850.01, Strafford County, New Hampshire","600","123","0","12","0","12","0","12","0","12","88","92","44","67","0","12","0","12","0","12","29","43","82","61","32","50","31","37","38","54","117","77","139","90",
"1500000US330170850021","Block Group 1, Census Tract 850.02, Strafford County, New Hampshire","438","157","52","84","0","12","13","21","0","12","12","20","0","12","4","6","0","12","0","12","50","59","63","79","61","59","40","41","44","52","50","61","49","66",
"1500000US330170850022","Block Group 2, Census Tract 850.02, Strafford County, New Hampshire","884","197","0","12","0","12","19","30","0","12","68","88","22","33","50","79","0","12","0","12","20","35","30","34","83","82","80","76","86","79","55","55","371","175",
"1500000US330170850023","Block Group 3, Census Tract 850.02, Strafford County, New Hampshire","705","200","12","19","84","107","0","12","62","93","127","115","39","62","0","12","108","90","14","23","0","12","49","52","106","75","29","35","12","22","28","33","35","47",
"1500000US330170860001","Block Group 1, Census Tract 860, Strafford County, New Hampshire","659","114","7","11","5","7","0","12","1","4","14","15","0","12","32","25","15","16","8","12","79","46","64","53","108","70","100","59","52","38","111","71","63","43",
"1500000US330170860002","Block Group 2, Census Tract 860, Strafford County, New Hampshire","727","102","23","19","0","12","5","8","0","12","27","30","9","12","9","16","18","20","9","14","52","38","79","60","53","39","130","54","54","34","176","114","83","40",
"1500000US330170870011","Block Group 1, Census Tract 870.01, Strafford County, New Hampshire","544","164","27","35","49","59","0","12","39","61","19","30","0","12","93","94","0","12","0","12","0","12","0","12","157","112","121","109","0","12","39","48","0","12",
"1500000US330170870012","Block Group 2, Census Tract 870.01, Strafford County, New Hampshire","493","133","37","40","0","12","19","31","0","12","28","40","38","42","21","34","138","118","0","12","22","37","12","21","55","58","116","91","1","3","6","12","0","12",
"1500000US330170870013","Block Group 3, Census Tract 870.01, Strafford County, New Hampshire","661","280","46","51","9","15","21","35","64","63","68","79","25","42","197","262","41","45","0","12","55","61","39","43","88","67","0","12","0","12","8","17","0","12",
"1500000US330170870021","Block Group 1, Census Tract 870.02, Strafford County, New Hampshire","662","168","26","40","44","69","0","12","0","12","0","12","23","40","0","12","73","69","17","26","0","12","78","64","168","127","69","84","92","80","56","58","16","25",
"1500000US330170870022","Block Group 2, Census Tract 870.02, Strafford County, New Hampshire","455","133","0","12","0","12","0","12","0","12","0","12","0","12","0","12","0","12","84","81","45","64","39","48","105","95","50","61","33","42","45","52","54","77",
"1500000US330170880001","Block Group 1, Census Tract 880, Strafford County, New Hampshire","334","94","26","40","0","12","0","12","8","13","30","49","14","22","0","12","7","12","8","13","66","38","23","22","9","12","40","41","62","44","20","26","21","26",
"1500000US330170880002","Block Group 2, Census Tract 880, Strafford County, New Hampshire","534","119","0","12","0","12","62","50","12","20","0","12","9","14","7","12","20","19","23","36","124","103","39","39","8","13","178","75","27","22","25","27","0","12",
"1500000US330170880003","Block Group 3, Census Tract 880, Strafford County, New Hampshire","839","156","0","12","66","63","28","38","23","35","0","12","20","31","16","16","9","14","33","41","63","49","120","71","89","45","130","67","52","41","158","87","32","30",
"1500000US330170885001","Block Group 1, Census Tract 885, Strafford County, New Hampshire","554","81","14","10","16","14","9","8","20","15","22","17","3","5","17","15","46","24","21","13","25","17","79","29","102","30","73","31","30","17","27","16","50","24",
"1500000US330170885002","Block Group 2, Census Tract 885, Strafford County, New Hampshire","428","83","14","16","29","33","4","6","5","7","0","12","30","28","6","9","6","8","26","29","12","11","47","32","55","24","57","33","34","28","89","65","14","12",
"1500000US330170885003","Block Group 3, Census Tract 885, Strafford County, New Hampshire","555","101","18","21","0","12","9","12","23","17","16","21","37","29","12","12","6","8","14","18","73","64","102","56","46","30","51","32","25","18","53","25","70","40",
"310M600US14460","Boston-Cambridge-Newton, MA-NH Metro Area","1852755","3076","87606","2485","68800","2029","55796","1980","53952","1708","47772","1738","52869","1898","49430","1733","53577","1976","47605","1734","97713","2330","145203","2949","218817","3202","191628","3116","150882","2980","214037","3486","317068","4075",
